customer_id,customer_name,gender,age,city,state,signup_date
10001,Meera Malhotra,Male,21,Pune,Maharashtra,2024-12-08
10002,Vivaan Verma,Male,45,Dehradun,Uttarakhand,2025-02-03
10003,Kavya Arora,Male,54,Surat,Gujarat,2025-03-29
10004,Rohan Kapoor,Female,30,Lucknow,Uttar Pradesh,2025-11-29
10005,Ankit Arora,Female,20,Ahmedabad,Gujarat,2024-05-22
10006,Ankit Kapoor,Female,54,Pune,Maharashtra,2025-01-31
10007,Karan Reddy,Male,36,Coimbatore,Tamil Nadu,2025-06-19
10008,Aarav Malhotra,Female,45,Lucknow,Uttar Pradesh,2024-05-20
10009,Aisha Iyer,Female,36,Lucknow,Uttar Pradesh,2024-08-27
10010,Rahul Kumar,Male,34,Hyderabad,Telangana,2024-10-18
10011,Ankit Malhotra,Male,35,Ahmedabad,Gujarat,2024-03-22
10012,Isha Nair,Female,35,Bengaluru,Karnataka,2025-07-13
10013,Kabir Kumar,Male,40,Mumbai,Maharashtra,2024-06-19
10014,Meera Nair,Male,57,Kochi,Kerala,2025-08-02
10015,Aisha Das,Male,26,Kolkata,West Bengal,2025-06-09
10016,Kavya Sharma,Male,46,Mumbai,Maharashtra,2025-06-25
10017,Riya Patel,Male,59,Delhi,Delhi,2024-04-19
10018,Priya Kapoor,Male,46,Kochi,Kerala,2024-07-30
10019,Rahul Nair,Female,19,Kochi,Kerala,2025-03-13
10020,Meera Kumar,Male,34,Patna,Bihar,2024-11-17
10021,Vivaan Bansal,Female,48,Chandigarh,Chandigarh,2025-12-14
10022,Vivaan Nair,Male,45,Nagpur,Maharashtra,2024-03-24
10023,Ananya Shah,Female,60,Surat,Gujarat,2025-01-10
10024,Karan Patel,Female,56,Surat,Gujarat,2024-02-22
10025,Rahul Agarwal,Female,47,Coimbatore,Tamil Nadu,2025-05-10
10026,Ananya Gupta,Female,52,Kochi,Kerala,2024-09-12
10027,Rahul Shah,Female,37,Dehradun,Uttarakhand,2025-08-08
10028,Ankit Kapoor,Female,33,Bengaluru,Karnataka,2024-08-07
10029,Vivaan Sharma,Male,51,Chennai,Tamil Nadu,2025-10-16
10030,Meera Shah,Male,31,Coimbatore,Tamil Nadu,2024-04-09
10031,Kavya Agarwal,Female,43,Pune,Maharashtra,2024-05-08
10032,Ishaan Chopra,Male,37,Jaipur,Rajasthan,2024-08-06
10033,Vivaan Sethi,Female,59,Pune,Maharashtra,2025-04-21
10034,Aarav Joshi,Female,41,Bhubaneswar,Odisha,2025-04-02
10035,Sneha Agarwal,Male,60,Hyderabad,Telangana,2024-01-22
10036,Arjun Kumar,Female,35,Bhopal,Madhya Pradesh,2025-11-20
10037,Vivaan Mehta,Male,60,Bhubaneswar,Odisha,2025-07-13
10038,Diya Kapoor,Male,26,Jaipur,Rajasthan,2025-09-20
10039,Vivaan Das,Female,36,Mumbai,Maharashtra,2024-11-24
10040,Isha Kumar,Male,37,Dehradun,Uttarakhand,2025-11-21
10041,Ananya Verma,Female,59,Surat,Gujarat,2025-04-24
10042,Kabir Iyer,Female,47,Pune,Maharashtra,2024-12-04
10043,Kavya Sethi,Male,43,Kochi,Kerala,2024-06-27
10044,Ishaan Nair,Female,48,Ahmedabad,Gujarat,2025-02-24
10045,Ankit Agarwal,Female,52,Surat,Gujarat,2025-04-26
10046,Diya Kapoor,Male,20,Bengaluru,Karnataka,2024-02-18
10047,Diya Reddy,Male,57,Bhopal,Madhya Pradesh,2024-01-30
10048,Kabir Sethi,Female,46,Patna,Bihar,2024-03-25
10049,Riya Kumar,Female,23,Hyderabad,Telangana,2025-05-16
10050,Diya Das,Male,18,Bhubaneswar,Odisha,2025-06-29
10051,Vivaan Verma,Male,41,Ahmedabad,Gujarat,2024-11-24
10052,Ananya Mehta,Female,55,Hyderabad,Telangana,2025-09-01
10053,Rohan Malhotra,Female,51,Mumbai,Maharashtra,2025-03-09
10054,Arjun Das,Male,24,Kolkata,West Bengal,2025-08-10
10055,Aisha Nair,Female,28,Chandigarh,Chandigarh,2025-11-17
10056,Arjun Nair,Male,28,Hyderabad,Telangana,2024-09-05
10057,Diya Iyer,Female,53,Bhubaneswar,Odisha,2024-05-13
10058,Meera Agarwal,Male,37,Kochi,Kerala,2025-11-20
10059,Arjun Mehta,Male,33,Mumbai,Maharashtra,2024-12-30
10060,Aarav Malhotra,Male,22,Chandigarh,Chandigarh,2025-07-28
10061,Aisha Kumar,Female,41,Hyderabad,Telangana,2025-02-28
10062,Arjun Bansal,Female,47,Bhopal,Madhya Pradesh,2025-02-18
10063,Kavya Kumar,Female,47,Nagpur,Maharashtra,2025-10-17
10064,Riya Das,Female,56,Surat,Gujarat,2025-05-26
10065,Rohan Verma,Male,54,Ahmedabad,Gujarat,2025-01-19
10066,Aditya Malhotra,Female,50,Bhopal,Madhya Pradesh,2025-01-22
10067,Aisha Chopra,Male,37,Ahmedabad,Gujarat,2025-03-24
10068,Meera Verma,Female,39,Nagpur,Maharashtra,2025-07-17
10069,Kabir Patel,Male,58,Indore,Madhya Pradesh,2024-10-29
10070,Arjun Singh,Male,38,Bhubaneswar,Odisha,2024-04-08
10071,Karan Singh,Female,54,Surat,Gujarat,2024-11-01
10072,Sneha Shah,Female,44,Indore,Madhya Pradesh,2025-07-10
10073,Diya Singh,Female,55,Jaipur,Rajasthan,2024-02-11
10074,Ishaan Kumar,Female,52,Surat,Gujarat,2025-04-12
10075,Diya Malhotra,Male,55,Indore,Madhya Pradesh,2025-03-15
10076,Rohan Kapoor,Female,57,Delhi,Delhi,2024-11-22
10077,Ananya Nair,Male,23,Pune,Maharashtra,2025-07-22
10078,Meera Kapoor,Female,49,Jaipur,Rajasthan,2024-02-02
10079,Neha Kapoor,Female,33,Delhi,Delhi,2025-02-15
10080,Aisha Das,Male,45,Kochi,Kerala,2025-09-17
10081,Diya Kapoor,Male,33,Ahmedabad,Gujarat,2024-04-23
10082,Ishaan Patel,Male,44,Lucknow,Uttar Pradesh,2025-05-22
10083,Diya Reddy,Male,20,Coimbatore,Tamil Nadu,2024-02-25
10084,Isha Singh,Male,38,Patna,Bihar,2025-07-09
10085,Ananya Patel,Male,55,Ahmedabad,Gujarat,2025-12-24
10086,Neha Arora,Male,55,Bengaluru,Karnataka,2024-12-17
10087,Rahul Das,Female,47,Bengaluru,Karnataka,2024-11-24
10088,Isha Iyer,Female,39,Delhi,Delhi,2025-06-29
10089,Ananya Kumar,Male,36,Chennai,Tamil Nadu,2024-09-26
10090,Vivaan Joshi,Male,48,Chandigarh,Chandigarh,2024-07-14
10091,Kabir Nair,Male,37,Pune,Maharashtra,2025-02-16
10092,Aisha Das,Female,36,Jaipur,Rajasthan,2025-09-28
10093,Kavya Shah,Female,19,Pune,Maharashtra,2024-03-19
10094,Karan Gupta,Female,57,Jaipur,Rajasthan,2025-10-18
10095,Diya Kapoor,Female,56,Ahmedabad,Gujarat,2024-03-23
10096,Isha Verma,Female,44,Kochi,Kerala,2024-05-16
10097,Priya Kumar,Female,25,Mumbai,Maharashtra,2025-06-22
10098,Aarav Patel,Male,44,Delhi,Delhi,2025-11-19
10099,Aditya Agarwal,Female,32,Nagpur,Maharashtra,2025-12-19
10100,Neha Sethi,Female,29,Chennai,Tamil Nadu,2024-11-01
10101,Sneha Nair,Female,31,Bengaluru,Karnataka,2024-11-06
10102,Diya Das,Female,24,Kochi,Kerala,2025-01-22
10103,Karan Verma,Male,34,Ahmedabad,Gujarat,2025-12-25
10104,Aisha Reddy,Female,43,Bengaluru,Karnataka,2025-07-02
10105,Kavya Malhotra,Male,54,Delhi,Delhi,2025-05-20
10106,Aditya Reddy,Male,37,Bengaluru,Karnataka,2025-01-22
10107,Kabir Arora,Male,27,Chennai,Tamil Nadu,2024-10-19
10108,Rahul Mehta,Female,36,Surat,Gujarat,2024-06-27
10109,Rohan Das,Female,35,Bhopal,Madhya Pradesh,2025-11-02
10110,Vivaan Gupta,Female,47,Bengaluru,Karnataka,2025-03-04
10111,Aisha Sharma,Female,47,Delhi,Delhi,2025-06-07
10112,Kabir Kumar,Male,42,Chennai,Tamil Nadu,2025-11-11
10113,Karan Iyer,Female,41,Bhopal,Madhya Pradesh,2024-11-07
10114,Aarav Joshi,Female,27,Pune,Maharashtra,2024-03-20
10115,Kavya Das,Female,19,Jaipur,Rajasthan,2024-01-14
10116,Ananya Patel,Male,55,Surat,Gujarat,2024-02-23
10117,Priya Sharma,Female,49,Surat,Gujarat,2025-03-22
10118,Ishaan Joshi,Female,52,Chandigarh,Chandigarh,2024-03-05
10119,Isha Sharma,Female,54,Indore,Madhya Pradesh,2025-01-06
10120,Priya Das,Female,24,Coimbatore,Tamil Nadu,2025-05-17
10121,Meera Agarwal,Female,24,Pune,Maharashtra,2025-07-23
10122,Aditya Arora,Female,44,Patna,Bihar,2024-04-05
10123,Kavya Agarwal,Female,27,Dehradun,Uttarakhand,2025-06-16
10124,Diya Das,Female,50,Hyderabad,Telangana,2024-09-16
10125,Aditya Kapoor,Male,60,Chennai,Tamil Nadu,2025-08-07
10126,Aarav Chopra,Female,24,Pune,Maharashtra,2024-09-04
10127,Isha Sharma,Female,23,Indore,Madhya Pradesh,2024-05-06
10128,Aarav Mehta,Female,23,Surat,Gujarat,2025-05-13
10129,Neha Reddy,Female,30,Lucknow,Uttar Pradesh,2024-02-15
10130,Vivaan Kapoor,Male,30,Hyderabad,Telangana,2024-09-24
10131,Kavya Patel,Male,19,Indore,Madhya Pradesh,2025-10-01
10132,Rohan Reddy,Female,36,Pune,Maharashtra,2025-06-25
10133,Karan Iyer,Female,36,Coimbatore,Tamil Nadu,2024-04-03
10134,Meera Singh,Male,55,Mumbai,Maharashtra,2024-11-11
10135,Sneha Iyer,Male,19,Chandigarh,Chandigarh,2025-09-03
10136,Aarav Reddy,Male,43,Indore,Madhya Pradesh,2024-03-11
10137,Aditya Nair,Male,23,Kolkata,West Bengal,2025-08-15
10138,Aditya Joshi,Male,37,Kochi,Kerala,2025-03-24
10139,Kabir Bansal,Male,40,Kochi,Kerala,2025-01-01
10140,Ananya Nair,Male,32,Dehradun,Uttarakhand,2025-09-11
10141,Ananya Agarwal,Male,23,Lucknow,Uttar Pradesh,2025-09-05
10142,Kavya Patel,Male,45,Pune,Maharashtra,2025-02-13
10143,Aisha Gupta,Female,52,Delhi,Delhi,2024-03-31
10144,Kavya Sharma,Male,28,Delhi,Delhi,2025-05-23
10145,Rahul Iyer,Male,25,Dehradun,Uttarakhand,2025-06-11
10146,Ishaan Singh,Male,41,Indore,Madhya Pradesh,2024-04-19
10147,Arjun Bansal,Male,38,Jaipur,Rajasthan,2025-11-02
10148,Sneha Kapoor,Male,53,Bengaluru,Karnataka,2024-03-29
10149,Sneha Singh,Male,24,Pune,Maharashtra,2025-08-29
10150,Rohan Sethi,Female,22,Kolkata,West Bengal,2024-09-28
10151,Aisha Reddy,Female,46,Ahmedabad,Gujarat,2024-09-03
10152,Priya Sharma,Female,33,Jaipur,Rajasthan,2024-12-26
10153,Aisha Verma,Female,23,Chennai,Tamil Nadu,2025-01-12
10154,Aisha Mehta,Male,31,Delhi,Delhi,2024-07-24
10155,Kavya Kapoor,Female,19,Coimbatore,Tamil Nadu,2024-12-10
10156,Isha Shah,Male,42,Chandigarh,Chandigarh,2025-03-30
10157,Aisha Mehta,Female,48,Kochi,Kerala,2024-03-07
10158,Priya Nair,Male,30,Surat,Gujarat,2025-07-11
10159,Sneha Singh,Female,35,Jaipur,Rajasthan,2024-02-12
10160,Karan Chopra,Female,34,Dehradun,Uttarakhand,2024-08-16
10161,Kavya Reddy,Male,45,Patna,Bihar,2025-03-19
10162,Karan Nair,Female,29,Patna,Bihar,2024-08-21
10163,Ankit Shah,Male,52,Dehradun,Uttarakhand,2024-07-17
10164,Meera Nair,Female,39,Kochi,Kerala,2025-05-11
10165,Sneha Das,Female,56,Pune,Maharashtra,2024-02-01
10166,Priya Arora,Male,18,Mumbai,Maharashtra,2024-09-20
10167,Aisha Chopra,Male,54,Bengaluru,Karnataka,2024-04-22
10168,Rahul Kapoor,Male,38,Patna,Bihar,2025-04-03
10169,Kavya Verma,Female,18,Chennai,Tamil Nadu,2024-10-02
10170,Sneha Mehta,Male,21,Patna,Bihar,2024-05-25
10171,Meera Bansal,Female,49,Patna,Bihar,2024-12-22
10172,Ishaan Gupta,Female,18,Patna,Bihar,2024-01-06
10173,Sneha Arora,Male,30,Mumbai,Maharashtra,2024-12-05
10174,Ananya Sharma,Other,34,Mumbai,Maharashtra,2025-05-08
10175,Isha Gupta,Female,29,Chennai,Tamil Nadu,2024-04-17
10176,Diya Kapoor,Male,24,Delhi,Delhi,2024-03-11
10177,Priya Arora,Male,20,Delhi,Delhi,2024-12-05
10178,Ankit Patel,Female,43,Coimbatore,Tamil Nadu,2025-11-04
10179,Priya Shah,Male,48,Mumbai,Maharashtra,2024-04-09
10180,Rohan Arora,Male,53,Kochi,Kerala,2024-11-22
10181,Vivaan Mehta,Male,43,Kolkata,West Bengal,2024-02-02
10182,Priya Singh,Female,20,Hyderabad,Telangana,2024-05-22
10183,Sneha Kumar,Female,45,Lucknow,Uttar Pradesh,2024-08-31
10184,Rohan Iyer,Female,34,Patna,Bihar,2025-12-26
10185,Diya Gupta,Male,55,Kolkata,West Bengal,2025-09-23
10186,Kavya Reddy,Female,47,Chennai,Tamil Nadu,2025-11-10
10187,Rohan Iyer,Female,19,Dehradun,Uttarakhand,2024-08-04
10188,Neha Iyer,Male,25,Mumbai,Maharashtra,2025-03-09
10189,Ankit Verma,Male,31,Kolkata,West Bengal,2025-12-29
10190,Aarav Bansal,Female,54,Lucknow,Uttar Pradesh,2024-02-23
10191,Aditya Arora,Female,52,Nagpur,Maharashtra,2025-12-20
10192,Karan Singh,Female,59,Nagpur,Maharashtra,2025-08-14
10193,Karan Gupta,Female,56,Delhi,Delhi,2024-05-30
10194,Kavya Singh,Female,28,Jaipur,Rajasthan,2024-02-24
10195,Isha Singh,Male,32,Kolkata,West Bengal,2025-05-31
10196,Ishaan Singh,Female,19,Nagpur,Maharashtra,2025-03-23
10197,Priya Gupta,Female,54,Bengaluru,Karnataka,2024-02-04
10198,Ishaan Gupta,Other,60,Dehradun,Uttarakhand,2024-04-28
10199,Arjun Shah,Male,49,Hyderabad,Telangana,2024-07-15
10200,Ananya Iyer,Female,57,Coimbatore,Tamil Nadu,2025-07-19
10201,Rohan Shah,Female,30,Bengaluru,Karnataka,2025-05-28
10202,Diya Kumar,Male,60,Coimbatore,Tamil Nadu,2025-08-16
10203,Ananya Sharma,Male,34,Dehradun,Uttarakhand,2025-02-25
10204,Priya Nair,Female,32,Pune,Maharashtra,2025-05-31
10205,Sneha Joshi,Male,50,Dehradun,Uttarakhand,2025-11-16
10206,Kabir Reddy,Female,33,Jaipur,Rajasthan,2024-05-18
10207,Diya Joshi,Female,30,Delhi,Delhi,2025-12-05
10208,Meera Mehta,Male,39,Ahmedabad,Gujarat,2025-10-11
10209,Aisha Joshi,Other,40,Pune,Maharashtra,2025-09-19
10210,Kavya Chopra,Female,53,Bhubaneswar,Odisha,2024-02-13
10211,Arjun Nair,Female,60,Ahmedabad,Gujarat,2024-08-06
10212,Priya Chopra,Male,27,Delhi,Delhi,2025-07-21
10213,Neha Das,Female,34,Lucknow,Uttar Pradesh,2024-09-14
10214,Ishaan Kapoor,Male,47,Bhubaneswar,Odisha,2025-05-27
10215,Diya Mehta,Male,30,Chandigarh,Chandigarh,2025-01-11
10216,Priya Chopra,Male,47,Bengaluru,Karnataka,2024-10-15
10217,Rahul Shah,Male,47,Pune,Maharashtra,2025-04-14
10218,Aisha Singh,Male,24,Nagpur,Maharashtra,2024-04-12
10219,Riya Nair,Other,27,Nagpur,Maharashtra,2024-05-28
10220,Priya Malhotra,Female,52,Dehradun,Uttarakhand,2024-03-24
10221,Isha Mehta,Male,19,Patna,Bihar,2024-01-26
10222,Sneha Shah,Male,47,Mumbai,Maharashtra,2024-06-23
10223,Aarav Sethi,Female,36,Delhi,Delhi,2025-10-02
10224,Arjun Agarwal,Male,56,Nagpur,Maharashtra,2025-02-25
10225,Diya Mehta,Female,54,Kochi,Kerala,2025-10-15
10226,Diya Kapoor,Female,20,Chennai,Tamil Nadu,2024-12-11
10227,Aditya Malhotra,Female,42,Chennai,Tamil Nadu,2024-10-28
10228,Neha Kumar,Male,51,Jaipur,Rajasthan,2024-10-24
10229,Aditya Nair,Male,39,Jaipur,Rajasthan,2024-05-14
10230,Meera Kapoor,Male,55,Bengaluru,Karnataka,2024-02-24
10231,Diya Das,Male,31,Coimbatore,Tamil Nadu,2024-02-25
10232,Kavya Reddy,Male,56,Nagpur,Maharashtra,2025-01-08
10233,Aisha Malhotra,Female,19,Nagpur,Maharashtra,2025-08-10
10234,Isha Bansal,Female,49,Bengaluru,Karnataka,2024-12-04
10235,Diya Sharma,Female,60,Dehradun,Uttarakhand,2025-04-01
10236,Sneha Verma,Female,20,Delhi,Delhi,2024-12-20
10237,Rohan Bansal,Male,58,Dehradun,Uttarakhand,2024-05-11
10238,Ankit Malhotra,Female,25,Lucknow,Uttar Pradesh,2025-05-07
10239,Isha Mehta,Male,43,Patna,Bihar,2025-07-07
10240,Kavya Nair,Male,49,Ahmedabad,Gujarat,2024-04-19
10241,Rohan Das,Female,28,Hyderabad,Telangana,2025-08-04
10242,Ankit Mehta,Female,18,Kolkata,West Bengal,2024-05-05
10243,Ishaan Patel,Female,32,Ahmedabad,Gujarat,2024-10-22
10244,Neha Iyer,Male,21,Dehradun,Uttarakhand,2024-06-27
10245,Riya Das,Male,21,Bengaluru,Karnataka,2024-07-15
10246,Neha Agarwal,Male,45,Nagpur,Maharashtra,2024-04-10
10247,Rahul Chopra,Male,27,Bengaluru,Karnataka,2025-07-26
10248,Ankit Kapoor,Male,28,Bhubaneswar,Odisha,2024-07-01
10249,Ankit Bansal,Female,40,Bhopal,Madhya Pradesh,2024-01-09
10250,Ishaan Chopra,Female,20,Bhubaneswar,Odisha,2025-02-16
10251,Meera Kapoor,Male,56,Mumbai,Maharashtra,2025-12-18
10252,Riya Shah,Female,56,Bengaluru,Karnataka,2025-07-19
10253,Rohan Iyer,Male,34,Nagpur,Maharashtra,2025-11-22
10254,Kavya Kumar,Female,39,Jaipur,Rajasthan,2024-04-13
10255,Aarav Singh,Male,44,Hyderabad,Telangana,2024-05-05
10256,Aarav Singh,Female,33,Delhi,Delhi,2025-06-29
10257,Ananya Chopra,Female,33,Hyderabad,Telangana,2025-11-07
10258,Vivaan Gupta,Female,57,Delhi,Delhi,2024-09-26
10259,Arjun Joshi,Male,20,Bhopal,Madhya Pradesh,2025-04-10
10260,Neha Verma,Female,50,Nagpur,Maharashtra,2024-04-27
10261,Arjun Iyer,Male,59,Dehradun,Uttarakhand,2024-04-01
10262,Priya Malhotra,Male,19,Ahmedabad,Gujarat,2025-09-03
10263,Arjun Bansal,Male,56,Pune,Maharashtra,2025-04-29
10264,Aarav Mehta,Female,44,Bengaluru,Karnataka,2024-03-27
10265,Ishaan Kapoor,Female,32,Patna,Bihar,2024-08-21
10266,Riya Malhotra,Male,24,Delhi,Delhi,2024-05-03
10267,Rahul Arora,Female,59,Nagpur,Maharashtra,2024-07-21
10268,Aditya Singh,Female,26,Kochi,Kerala,2024-02-01
10269,Karan Chopra,Female,58,Coimbatore,Tamil Nadu,2024-12-22
10270,Sneha Sharma,Male,23,Bhopal,Madhya Pradesh,2025-04-07
10271,Arjun Chopra,Male,29,Kolkata,West Bengal,2025-07-04
10272,Riya Patel,Female,47,Kolkata,West Bengal,2024-04-03
10273,Kavya Das,Male,37,Indore,Madhya Pradesh,2025-06-05
10274,Priya Das,Female,37,Coimbatore,Tamil Nadu,2025-12-27
10275,Diya Nair,Male,44,Ahmedabad,Gujarat,2025-02-11
10276,Riya Das,Male,37,Mumbai,Maharashtra,2024-04-09
10277,Meera Gupta,Male,24,Delhi,Delhi,2024-08-31
10278,Aditya Kapoor,Male,57,Surat,Gujarat,2024-02-27
10279,Isha Iyer,Female,57,Delhi,Delhi,2024-12-22
10280,Arjun Bansal,Male,47,Chennai,Tamil Nadu,2025-05-05
10281,Kabir Iyer,Female,25,Nagpur,Maharashtra,2024-11-15
10282,Neha Gupta,Male,19,Coimbatore,Tamil Nadu,2024-01-19
10283,Ishaan Gupta,Female,31,Hyderabad,Telangana,2024-12-22
10284,Meera Chopra,Female,27,Bengaluru,Karnataka,2024-04-26
10285,Diya Shah,Female,35,Patna,Bihar,2024-05-15
10286,Meera Mehta,Female,35,Patna,Bihar,2024-10-22
10287,Ishaan Joshi,Female,33,Kochi,Kerala,2025-06-08
10288,Rahul Malhotra,Male,22,Bhopal,Madhya Pradesh,2024-04-10
10289,Arjun Sethi,Female,48,Kolkata,West Bengal,2025-01-14
10290,Priya Singh,Female,54,Bengaluru,Karnataka,2024-06-03
10291,Vivaan Das,Female,37,Jaipur,Rajasthan,2025-08-16
10292,Ananya Nair,Female,40,Chennai,Tamil Nadu,2025-08-22
10293,Ananya Chopra,Female,49,Patna,Bihar,2024-04-14
10294,Arjun Kumar,Male,59,Bhopal,Madhya Pradesh,2025-10-03
10295,Riya Joshi,Female,34,Bengaluru,Karnataka,2025-06-09
10296,Ishaan Mehta,Male,30,Delhi,Delhi,2024-05-07
10297,Aarav Arora,Male,30,Dehradun,Uttarakhand,2025-02-04
10298,Aisha Patel,Female,34,Delhi,Delhi,2025-07-25
10299,Rohan Singh,Male,32,Bengaluru,Karnataka,2025-06-12
10300,Rohan Sethi,Male,43,Bhubaneswar,Odisha,2025-07-10
10301,Ananya Bansal,Female,45,Chandigarh,Chandigarh,2025-07-03
10302,Karan Kapoor,Female,59,Bengaluru,Karnataka,2024-05-03
10303,Sneha Iyer,Female,47,Ahmedabad,Gujarat,2024-12-25
10304,Kabir Kumar,Female,60,Bhopal,Madhya Pradesh,2024-03-04
10305,Riya Joshi,Female,52,Bhubaneswar,Odisha,2025-09-15
10306,Kabir Agarwal,Male,39,Surat,Gujarat,2024-04-11
10307,Ankit Reddy,Female,27,Mumbai,Maharashtra,2025-07-14
10308,Aarav Iyer,Male,28,Chandigarh,Chandigarh,2024-10-03
10309,Ankit Agarwal,Male,55,Mumbai,Maharashtra,2024-08-14
10310,Kabir Nair,Female,50,Patna,Bihar,2024-01-23
10311,Ananya Chopra,Female,23,Ahmedabad,Gujarat,2025-11-27
10312,Ishaan Bansal,Male,54,Delhi,Delhi,2024-03-04
10313,Rahul Nair,Male,24,Jaipur,Rajasthan,2024-06-05
10314,Ananya Sharma,Female,29,Lucknow,Uttar Pradesh,2025-01-24
10315,Aarav Nair,Female,24,Nagpur,Maharashtra,2024-05-28
10316,Priya Arora,Female,19,Pune,Maharashtra,2024-12-28
10317,Isha Patel,Male,18,Chandigarh,Chandigarh,2025-11-11
10318,Vivaan Chopra,Female,40,Bengaluru,Karnataka,2025-04-08
10319,Kavya Joshi,Male,42,Bhubaneswar,Odisha,2025-10-06
10320,Ishaan Mehta,Male,35,Indore,Madhya Pradesh,2025-02-02
10321,Ananya Verma,Female,24,Pune,Maharashtra,2025-02-08
10322,Riya Chopra,Female,20,Hyderabad,Telangana,2024-05-11
10323,Aditya Sethi,Male,46,Indore,Madhya Pradesh,2024-07-15
10324,Ishaan Nair,Male,27,Dehradun,Uttarakhand,2025-10-08
10325,Priya Agarwal,Female,60,Delhi,Delhi,2024-02-04
10326,Riya Shah,Male,22,Ahmedabad,Gujarat,2025-02-23
10327,Ananya Malhotra,Male,51,Bhopal,Madhya Pradesh,2025-01-11
10328,Rohan Kapoor,Male,25,Nagpur,Maharashtra,2025-02-02
10329,Kabir Reddy,Male,31,Bhopal,Madhya Pradesh,2024-08-07
10330,Aarav Chopra,Male,57,Kochi,Kerala,2025-11-27
10331,Ananya Patel,Female,23,Coimbatore,Tamil Nadu,2025-05-31
10332,Priya Das,Female,18,Surat,Gujarat,2025-08-05
10333,Arjun Agarwal,Female,50,Mumbai,Maharashtra,2024-12-07
10334,Riya Malhotra,Female,57,Mumbai,Maharashtra,2025-02-19
10335,Arjun Patel,Female,28,Coimbatore,Tamil Nadu,2025-03-31
10336,Neha Nair,Female,41,Patna,Bihar,2024-10-23
10337,Vivaan Shah,Female,27,Dehradun,Uttarakhand,2024-11-26
10338,Vivaan Nair,Male,40,Chandigarh,Chandigarh,2025-12-05
10339,Ananya Patel,Female,33,Kolkata,West Bengal,2025-11-10
10340,Rohan Singh,Male,54,Surat,Gujarat,2024-12-04
10341,Ankit Kumar,Female,33,Lucknow,Uttar Pradesh,2024-10-24
10342,Meera Verma,Female,48,Chennai,Tamil Nadu,2025-11-07
10343,Diya Patel,Female,23,Delhi,Delhi,2024-11-07
10344,Ishaan Malhotra,Female,47,Ahmedabad,Gujarat,2025-08-05
10345,Sneha Reddy,Male,54,Kochi,Kerala,2024-02-24
10346,Neha Sethi,Male,18,Kochi,Kerala,2025-11-24
10347,Rahul Mehta,Male,59,Chennai,Tamil Nadu,2025-06-17
10348,Aisha Das,Male,42,Pune,Maharashtra,2024-04-14
10349,Kabir Sharma,Male,38,Hyderabad,Telangana,2024-06-23
10350,Kabir Shah,Male,52,Kolkata,West Bengal,2024-10-20
10351,Ankit Arora,Male,55,Indore,Madhya Pradesh,2025-07-04
10352,Ankit Iyer,Female,22,Dehradun,Uttarakhand,2025-01-09
10353,Ishaan Gupta,Male,29,Surat,Gujarat,2025-03-25
10354,Isha Iyer,Male,22,Bengaluru,Karnataka,2025-03-20
10355,Ishaan Verma,Male,26,Ahmedabad,Gujarat,2024-02-29
10356,Isha Kapoor,Female,26,Dehradun,Uttarakhand,2025-01-26
10357,Aditya Agarwal,Male,52,Nagpur,Maharashtra,2025-01-24
10358,Sneha Gupta,Female,18,Indore,Madhya Pradesh,2024-07-30
10359,Ankit Mehta,Male,27,Bhubaneswar,Odisha,2025-10-28
10360,Isha Joshi,Female,56,Chandigarh,Chandigarh,2025-11-15
10361,Aditya Das,Female,53,Coimbatore,Tamil Nadu,2025-06-18
10362,Rohan Iyer,Male,54,Patna,Bihar,2024-08-27
10363,Ananya Bansal,Male,52,Coimbatore,Tamil Nadu,2025-05-02
10364,Isha Bansal,Male,34,Chennai,Tamil Nadu,2025-12-21
10365,Rohan Das,Female,30,Jaipur,Rajasthan,2024-05-01
10366,Aisha Chopra,Male,23,Kochi,Kerala,2024-09-09
10367,Sneha Reddy,Female,54,Delhi,Delhi,2024-05-20
10368,Aditya Chopra,Female,49,Delhi,Delhi,2025-03-27
10369,Karan Bansal,Female,28,Surat,Gujarat,2024-06-01
10370,Karan Chopra,Male,34,Mumbai,Maharashtra,2025-12-26
10371,Kavya Das,Male,22,Nagpur,Maharashtra,2024-11-03
10372,Isha Sethi,Female,23,Ahmedabad,Gujarat,2025-07-13
10373,Arjun Mehta,Female,27,Indore,Madhya Pradesh,2024-11-12
10374,Sneha Bansal,Female,50,Delhi,Delhi,2025-06-12
10375,Aditya Patel,Female,47,Nagpur,Maharashtra,2024-10-22
10376,Aisha Das,Female,38,Pune,Maharashtra,2024-12-10
10377,Karan Das,Female,59,Chennai,Tamil Nadu,2025-08-03
10378,Meera Kumar,Female,34,Bengaluru,Karnataka,2025-08-19
10379,Aisha Das,Male,44,Kochi,Kerala,2024-10-08
10380,Aditya Malhotra,Female,20,Nagpur,Maharashtra,2024-07-26
10381,Meera Nair,Male,46,Coimbatore,Tamil Nadu,2025-07-05
10382,Rahul Kumar,Male,19,Chennai,Tamil Nadu,2024-04-05
10383,Diya Patel,Female,46,Bhopal,Madhya Pradesh,2025-03-27
10384,Aisha Joshi,Male,53,Chennai,Tamil Nadu,2025-01-07
10385,Ishaan Nair,Male,51,Surat,Gujarat,2025-10-09
10386,Isha Singh,Male,54,Patna,Bihar,2024-03-13
10387,Ishaan Kapoor,Female,59,Bhopal,Madhya Pradesh,2025-11-11
10388,Rohan Bansal,Female,18,Dehradun,Uttarakhand,2024-11-28
10389,Vivaan Sethi,Female,43,Chennai,Tamil Nadu,2025-01-27
10390,Rahul Mehta,Male,18,Kochi,Kerala,2025-12-10
10391,Neha Shah,Male,21,Nagpur,Maharashtra,2024-04-15
10392,Kabir Patel,Male,56,Nagpur,Maharashtra,2024-04-10
10393,Ananya Mehta,Male,31,Pune,Maharashtra,2024-12-24
10394,Aarav Singh,Female,35,Hyderabad,Telangana,2024-11-24
10395,Ankit Iyer,Male,51,Delhi,Delhi,2025-09-09
10396,Priya Chopra,Male,18,Chennai,Tamil Nadu,2025-01-29
10397,Meera Patel,Male,39,Chandigarh,Chandigarh,2024-02-04
10398,Diya Sharma,Male,33,Chennai,Tamil Nadu,2024-06-05
10399,Karan Kumar,Male,39,Hyderabad,Telangana,2024-09-29
10400,Neha Das,Female,33,Mumbai,Maharashtra,2025-01-30
10401,Riya Chopra,Female,45,Dehradun,Uttarakhand,2024-07-25
10402,Ananya Arora,Female,45,Chandigarh,Chandigarh,2025-08-27
10403,Neha Gupta,Female,39,Coimbatore,Tamil Nadu,2025-09-12
10404,Diya Shah,Male,23,Delhi,Delhi,2024-11-01
10405,Meera Joshi,Female,42,Chennai,Tamil Nadu,2025-09-17
10406,Diya Agarwal,Female,59,Indore,Madhya Pradesh,2025-06-19
10407,Rahul Nair,Male,19,Hyderabad,Telangana,2025-04-06
10408,Arjun Malhotra,Female,24,Nagpur,Maharashtra,2024-09-08
10409,Priya Gupta,Female,34,Nagpur,Maharashtra,2024-09-23
10410,Rohan Singh,Male,52,Mumbai,Maharashtra,2024-07-27
10411,Isha Shah,Female,37,Patna,Bihar,2025-07-20
10412,Kabir Sethi,Female,19,Dehradun,Uttarakhand,2025-06-22
10413,Priya Arora,Female,24,Kochi,Kerala,2025-05-17
10414,Riya Patel,Female,49,Bhubaneswar,Odisha,2025-05-28
10415,Aisha Kumar,Male,36,Bengaluru,Karnataka,2025-08-02
10416,Priya Joshi,Male,29,Delhi,Delhi,2024-05-27
10417,Diya Das,Female,26,Delhi,Delhi,2025-10-03
10418,Riya Singh,Female,44,Coimbatore,Tamil Nadu,2024-03-23
10419,Sneha Bansal,Female,31,Lucknow,Uttar Pradesh,2024-02-11
10420,Isha Nair,Male,19,Chennai,Tamil Nadu,2024-06-04
10421,Rahul Sharma,Male,38,Kochi,Kerala,2025-10-30
10422,Karan Bansal,Male,21,Bengaluru,Karnataka,2025-03-28
10423,Kavya Agarwal,Male,38,Delhi,Delhi,2025-09-10
10424,Aarav Joshi,Male,39,Delhi,Delhi,2024-10-10
10425,Arjun Joshi,Male,19,Ahmedabad,Gujarat,2024-07-06
10426,Diya Sethi,Male,34,Chandigarh,Chandigarh,2025-09-08
10427,Vivaan Bansal,Male,36,Lucknow,Uttar Pradesh,2025-09-15
10428,Meera Gupta,Male,57,Kochi,Kerala,2025-04-18
10429,Aditya Kumar,Other,41,Indore,Madhya Pradesh,2025-05-21
10430,Karan Shah,Female,37,Kochi,Kerala,2024-05-12
10431,Rohan Arora,Male,55,Bhopal,Madhya Pradesh,2024-09-27
10432,Meera Arora,Female,29,Mumbai,Maharashtra,2025-09-13
10433,Meera Bansal,Female,42,Coimbatore,Tamil Nadu,2024-03-13
10434,Ishaan Malhotra,Female,40,Bhubaneswar,Odisha,2025-03-11
10435,Aisha Kapoor,Male,51,Bengaluru,Karnataka,2024-10-19
10436,Aisha Chopra,Male,49,Patna,Bihar,2025-10-16
10437,Kabir Sethi,Female,41,Ahmedabad,Gujarat,2025-03-12
10438,Kavya Sharma,Male,59,Chandigarh,Chandigarh,2025-10-28
10439,Riya Sethi,Female,42,Mumbai,Maharashtra,2025-10-22
10440,Isha Sethi,Female,20,Coimbatore,Tamil Nadu,2024-02-29
10441,Riya Joshi,Other,42,Jaipur,Rajasthan,2025-08-20
10442,Vivaan Nair,Male,45,Pune,Maharashtra,2025-12-04
10443,Ankit Sethi,Male,29,Hyderabad,Telangana,2024-11-22
10444,Aisha Sharma,Male,43,Bhubaneswar,Odisha,2024-06-30
10445,Riya Nair,Female,25,Indore,Madhya Pradesh,2025-03-09
10446,Isha Iyer,Male,22,Lucknow,Uttar Pradesh,2025-06-02
10447,Ananya Mehta,Female,28,Hyderabad,Telangana,2025-09-29
10448,Isha Arora,Male,59,Hyderabad,Telangana,2024-03-23
10449,Aisha Reddy,Male,52,Chandigarh,Chandigarh,2024-01-28
10450,Riya Das,Male,44,Chennai,Tamil Nadu,2024-09-22
10451,Isha Bansal,Female,58,Jaipur,Rajasthan,2024-10-09
10452,Priya Malhotra,Female,55,Bengaluru,Karnataka,2025-01-31
10453,Sneha Arora,Male,36,Patna,Bihar,2025-11-30
10454,Aditya Gupta,Female,49,Bengaluru,Karnataka,2025-01-17
10455,Ishaan Sharma,Female,45,Nagpur,Maharashtra,2025-08-03
10456,Diya Nair,Female,53,Hyderabad,Telangana,2024-11-14
10457,Diya Joshi,Female,35,Bhubaneswar,Odisha,2025-09-02
10458,Aisha Bansal,Male,27,Patna,Bihar,2024-07-11
10459,Ananya Joshi,Male,49,Pune,Maharashtra,2024-08-14
10460,Rahul Reddy,Female,35,Chennai,Tamil Nadu,2025-03-26
10461,Aarav Sethi,Male,29,Kochi,Kerala,2024-06-30
10462,Sneha Mehta,Male,25,Patna,Bihar,2024-11-22
10463,Priya Arora,Male,50,Indore,Madhya Pradesh,2025-08-27
10464,Sneha Nair,Female,55,Bengaluru,Karnataka,2025-10-16
10465,Riya Das,Male,31,Jaipur,Rajasthan,2024-07-21
10466,Ananya Patel,Female,19,Patna,Bihar,2025-02-05
10467,Aarav Sharma,Male,26,Patna,Bihar,2025-10-05
10468,Sneha Chopra,Other,22,Dehradun,Uttarakhand,2025-04-16
10469,Kavya Iyer,Male,51,Nagpur,Maharashtra,2025-10-07
10470,Neha Nair,Female,36,Indore,Madhya Pradesh,2024-06-27
10471,Kabir Chopra,Female,24,Coimbatore,Tamil Nadu,2025-11-28
10472,Aditya Shah,Female,56,Patna,Bihar,2024-01-18
10473,Vivaan Bansal,Male,59,Hyderabad,Telangana,2025-04-07
10474,Aditya Joshi,Female,34,Kochi,Kerala,2025-08-31
10475,Karan Sharma,Male,43,Jaipur,Rajasthan,2025-06-29
10476,Meera Mehta,Male,44,Coimbatore,Tamil Nadu,2025-02-06
10477,Rohan Arora,Female,60,Kochi,Kerala,2025-01-27
10478,Aisha Bansal,Female,45,Jaipur,Rajasthan,2024-10-26
10479,Meera Bansal,Female,37,Pune,Maharashtra,2024-12-16
10480,Meera Malhotra,Female,23,Bhopal,Madhya Pradesh,2024-07-05
10481,Aditya Arora,Male,25,Dehradun,Uttarakhand,2024-12-12
10482,Aisha Kumar,Female,49,Coimbatore,Tamil Nadu,2025-09-14
10483,Diya Bansal,Male,36,Surat,Gujarat,2025-02-12
10484,Karan Chopra,Female,49,Nagpur,Maharashtra,2024-03-11
10485,Ananya Singh,Female,36,Chennai,Tamil Nadu,2024-11-22
10486,Karan Mehta,Female,41,Bengaluru,Karnataka,2024-07-30
10487,Rahul Joshi,Male,41,Kochi,Kerala,2024-11-04
10488,Aarav Singh,Female,34,Dehradun,Uttarakhand,2024-04-17
10489,Rohan Malhotra,Male,35,Hyderabad,Telangana,2024-06-25
10490,Sneha Sethi,Male,29,Nagpur,Maharashtra,2025-03-02
10491,Priya Chopra,Male,58,Pune,Maharashtra,2025-06-14
10492,Priya Kumar,Female,40,Indore,Madhya Pradesh,2025-02-21
10493,Aisha Shah,Male,35,Chandigarh,Chandigarh,2024-09-04
10494,Priya Joshi,Male,33,Pune,Maharashtra,2024-07-27
10495,Riya Reddy,Male,33,Bhopal,Madhya Pradesh,2024-08-03
10496,Isha Joshi,Male,53,Chennai,Tamil Nadu,2025-12-13
10497,Aarav Sharma,Female,40,Bengaluru,Karnataka,2025-03-13
10498,Ishaan Shah,Female,39,Lucknow,Uttar Pradesh,2025-09-09
10499,Aisha Verma,Male,56,Lucknow,Uttar Pradesh,2024-11-06
10500,Ananya Kumar,Female,50,Bhubaneswar,Odisha,2025-01-17
10501,Riya Sharma,Female,41,Surat,Gujarat,2024-09-27
10502,Sneha Mehta,Female,37,Kochi,Kerala,2024-04-30
10503,Isha Sharma,Female,50,Jaipur,Rajasthan,2025-02-10
10504,Karan Malhotra,Male,48,Chandigarh,Chandigarh,2024-09-01
10505,Sneha Gupta,Male,57,Kochi,Kerala,2024-03-06
10506,Ankit Chopra,Male,25,Patna,Bihar,2024-08-15
10507,Ishaan Das,Male,27,Kolkata,West Bengal,2024-05-16
10508,Riya Arora,Female,18,Pune,Maharashtra,2024-07-12
10509,Meera Nair,Female,38,Bhopal,Madhya Pradesh,2025-12-06
10510,Kavya Kapoor,Male,42,Indore,Madhya Pradesh,2025-10-19
10511,Rohan Patel,Male,49,Ahmedabad,Gujarat,2025-10-18
10512,Rahul Reddy,Female,27,Chandigarh,Chandigarh,2025-05-03
10513,Aisha Reddy,Female,26,Jaipur,Rajasthan,2025-08-06
10514,Karan Das,Female,37,Bhubaneswar,Odisha,2024-12-19
10515,Meera Iyer,Male,37,Mumbai,Maharashtra,2025-12-04
10516,Aisha Agarwal,Female,57,Chennai,Tamil Nadu,2025-07-09
10517,Aisha Mehta,Male,24,Chennai,Tamil Nadu,2024-06-05
10518,Neha Kapoor,Male,28,Kolkata,West Bengal,2025-04-20
10519,Kavya Mehta,Male,38,Coimbatore,Tamil Nadu,2024-01-16
10520,Kabir Singh,Female,55,Ahmedabad,Gujarat,2024-03-18
10521,Neha Chopra,Female,36,Nagpur,Maharashtra,2024-02-21
10522,Rahul Nair,Female,32,Indore,Madhya Pradesh,2025-05-28
10523,Vivaan Iyer,Female,23,Delhi,Delhi,2025-05-18
10524,Riya Gupta,Male,27,Dehradun,Uttarakhand,2024-03-01
10525,Rahul Shah,Male,33,Patna,Bihar,2024-05-11
10526,Rohan Arora,Male,28,Pune,Maharashtra,2025-01-16
10527,Priya Singh,Female,52,Indore,Madhya Pradesh,2025-07-17
10528,Rohan Bansal,Female,25,Hyderabad,Telangana,2025-11-22
10529,Rohan Das,Other,45,Hyderabad,Telangana,2025-06-26
10530,Aisha Chopra,Female,20,Kolkata,West Bengal,2025-02-13
10531,Priya Singh,Female,19,Coimbatore,Tamil Nadu,2024-06-03
10532,Diya Patel,Female,31,Kochi,Kerala,2025-09-24
10533,Vivaan Mehta,Female,46,Pune,Maharashtra,2024-02-20
10534,Karan Kapoor,Female,20,Chandigarh,Chandigarh,2024-04-04
10535,Aditya Nair,Female,18,Coimbatore,Tamil Nadu,2025-11-18
10536,Aditya Joshi,Female,32,Pune,Maharashtra,2025-06-06
10537,Aarav Malhotra,Female,37,Bengaluru,Karnataka,2025-06-07
10538,Sneha Kumar,Male,39,Indore,Madhya Pradesh,2024-12-20
10539,Riya Joshi,Male,51,Indore,Madhya Pradesh,2024-02-14
10540,Neha Mehta,Male,50,Bhubaneswar,Odisha,2024-07-23
10541,Kavya Arora,Male,26,Dehradun,Uttarakhand,2025-12-31
10542,Aisha Gupta,Female,20,Ahmedabad,Gujarat,2025-03-06
10543,Aditya Reddy,Male,19,Jaipur,Rajasthan,2024-09-12
10544,Aarav Agarwal,Male,21,Pune,Maharashtra,2024-09-04
10545,Arjun Malhotra,Male,33,Delhi,Delhi,2025-06-16
10546,Aisha Singh,Female,50,Bengaluru,Karnataka,2024-02-10
10547,Neha Kapoor,Male,26,Indore,Madhya Pradesh,2025-04-03
10548,Priya Arora,Male,57,Patna,Bihar,2024-10-03
10549,Vivaan Sethi,Male,55,Delhi,Delhi,2024-07-13
10550,Meera Kumar,Male,35,Kolkata,West Bengal,2024-03-11
10551,Vivaan Shah,Female,33,Kolkata,West Bengal,2024-09-26
10552,Sneha Verma,Male,25,Kochi,Kerala,2024-11-30
10553,Sneha Chopra,Female,40,Indore,Madhya Pradesh,2025-08-07
10554,Meera Sharma,Female,53,Indore,Madhya Pradesh,2024-11-03
10555,Sneha Shah,Female,20,Surat,Gujarat,2025-03-02
10556,Rahul Singh,Male,32,Nagpur,Maharashtra,2024-07-17
10557,Aarav Patel,Male,55,Lucknow,Uttar Pradesh,2024-03-16
10558,Ankit Agarwal,Male,50,Chennai,Tamil Nadu,2025-10-19
10559,Sneha Joshi,Male,35,Hyderabad,Telangana,2025-06-08
10560,Aarav Mehta,Female,40,Bengaluru,Karnataka,2025-10-02
10561,Vivaan Kumar,Male,60,Coimbatore,Tamil Nadu,2024-08-17
10562,Meera Patel,Male,20,Dehradun,Uttarakhand,2024-03-25
10563,Ananya Nair,Female,47,Bhubaneswar,Odisha,2024-06-10
10564,Karan Shah,Female,34,Surat,Gujarat,2025-01-31
10565,Riya Arora,Male,49,Jaipur,Rajasthan,2025-01-05
10566,Vivaan Sethi,Male,24,Patna,Bihar,2025-07-16
10567,Aisha Chopra,Male,56,Bhopal,Madhya Pradesh,2024-08-02
10568,Rohan Chopra,Female,31,Surat,Gujarat,2024-01-01
10569,Rohan Nair,Female,32,Delhi,Delhi,2025-01-11
10570,Rahul Arora,Female,29,Bengaluru,Karnataka,2025-02-15
10571,Meera Bansal,Female,25,Nagpur,Maharashtra,2025-09-26
10572,Priya Agarwal,Female,33,Lucknow,Uttar Pradesh,2024-07-18
10573,Ishaan Reddy,Male,58,Kochi,Kerala,2024-07-01
10574,Ankit Arora,Male,51,Chandigarh,Chandigarh,2025-02-13
10575,Ankit Sethi,Female,41,Nagpur,Maharashtra,2025-02-01
10576,Kavya Kapoor,Female,46,Ahmedabad,Gujarat,2024-08-03
10577,Riya Chopra,Male,33,Kolkata,West Bengal,2024-12-14
10578,Kavya Nair,Female,22,Kochi,Kerala,2025-08-02
10579,Rahul Arora,Female,22,Ahmedabad,Gujarat,2025-08-16
10580,Isha Kapoor,Male,47,Hyderabad,Telangana,2025-10-15
10581,Arjun Kumar,Female,22,Ahmedabad,Gujarat,2024-02-10
10582,Karan Malhotra,Male,60,Bhubaneswar,Odisha,2024-01-03
10583,Rahul Shah,Male,30,Chennai,Tamil Nadu,2024-04-03
10584,Aisha Malhotra,Male,52,Jaipur,Rajasthan,2024-02-28
10585,Rahul Shah,Female,42,Hyderabad,Telangana,2025-02-10
10586,Arjun Agarwal,Female,31,Patna,Bihar,2024-01-18
10587,Neha Agarwal,Male,43,Jaipur,Rajasthan,2025-05-08
10588,Meera Mehta,Female,35,Delhi,Delhi,2025-05-22
10589,Isha Kapoor,Female,37,Dehradun,Uttarakhand,2025-08-08
10590,Aditya Kumar,Female,51,Indore,Madhya Pradesh,2024-11-27
10591,Kavya Singh,Male,24,Nagpur,Maharashtra,2024-06-17
10592,Kabir Singh,Female,27,Indore,Madhya Pradesh,2025-11-02
10593,Kabir Agarwal,Male,32,Bhopal,Madhya Pradesh,2025-11-11
10594,Kavya Malhotra,Male,34,Bengaluru,Karnataka,2024-07-24
10595,Isha Nair,Male,28,Kolkata,West Bengal,2025-06-04
10596,Riya Malhotra,Male,51,Bhubaneswar,Odisha,2025-05-19
10597,Isha Kumar,Female,44,Coimbatore,Tamil Nadu,2024-12-11
10598,Vivaan Verma,Male,38,Chennai,Tamil Nadu,2024-10-30
10599,Aisha Sethi,Male,48,Surat,Gujarat,2024-04-24
10600,Arjun Gupta,Female,21,Mumbai,Maharashtra,2025-10-25
10601,Ankit Iyer,Female,58,Chandigarh,Chandigarh,2024-03-27
10602,Aisha Patel,Female,34,Bhubaneswar,Odisha,2024-04-04
10603,Ankit Agarwal,Male,37,Indore,Madhya Pradesh,2025-03-03
10604,Rahul Iyer,Female,42,Chennai,Tamil Nadu,2025-11-28
10605,Karan Chopra,Male,57,Delhi,Delhi,2025-03-25
10606,Aditya Singh,Other,40,Delhi,Delhi,2025-09-17
10607,Meera Malhotra,Female,32,Bhubaneswar,Odisha,2025-06-24
10608,Diya Shah,Female,50,Surat,Gujarat,2025-12-15
10609,Rahul Iyer,Male,36,Patna,Bihar,2024-01-02
10610,Priya Das,Male,32,Lucknow,Uttar Pradesh,2024-03-18
10611,Aditya Gupta,Male,58,Patna,Bihar,2024-11-19
10612,Kabir Malhotra,Male,22,Indore,Madhya Pradesh,2024-04-07
10613,Ankit Kumar,Male,33,Delhi,Delhi,2025-09-20
10614,Aisha Reddy,Female,49,Mumbai,Maharashtra,2024-04-19
10615,Arjun Reddy,Male,39,Jaipur,Rajasthan,2025-11-09
10616,Aisha Verma,Female,60,Bengaluru,Karnataka,2025-04-01
10617,Ananya Malhotra,Male,49,Delhi,Delhi,2025-05-02
10618,Kabir Malhotra,Male,30,Nagpur,Maharashtra,2025-01-05
10619,Ankit Singh,Female,55,Kolkata,West Bengal,2024-12-02
10620,Rahul Arora,Female,43,Patna,Bihar,2025-08-21
10621,Kavya Arora,Male,34,Chennai,Tamil Nadu,2024-01-22
10622,Ishaan Gupta,Male,22,Chennai,Tamil Nadu,2025-12-22
10623,Vivaan Das,Female,50,Kolkata,West Bengal,2024-10-31
10624,Ishaan Gupta,Male,44,Bengaluru,Karnataka,2024-09-28
10625,Karan Patel,Male,22,Chennai,Tamil Nadu,2025-05-04
10626,Ishaan Kumar,Female,54,Chennai,Tamil Nadu,2025-03-21
10627,Diya Bansal,Male,24,Chandigarh,Chandigarh,2024-10-04
10628,Sneha Bansal,Male,35,Chandigarh,Chandigarh,2025-10-12
10629,Kabir Agarwal,Female,48,Coimbatore,Tamil Nadu,2025-01-11
10630,Riya Singh,Female,23,Patna,Bihar,2024-08-19
10631,Kavya Sharma,Male,19,Bhopal,Madhya Pradesh,2025-08-14
10632,Ananya Malhotra,Female,30,Jaipur,Rajasthan,2025-03-01
10633,Neha Reddy,Male,59,Bhopal,Madhya Pradesh,2024-02-24
10634,Aisha Sharma,Female,28,Delhi,Delhi,2025-03-16
10635,Vivaan Gupta,Female,43,Coimbatore,Tamil Nadu,2024-02-03
10636,Aisha Arora,Male,38,Indore,Madhya Pradesh,2024-11-24
10637,Ishaan Kapoor,Male,19,Indore,Madhya Pradesh,2025-03-29
10638,Ankit Joshi,Male,57,Hyderabad,Telangana,2025-01-22
10639,Rohan Chopra,Female,37,Delhi,Delhi,2025-03-05
10640,Aditya Arora,Female,34,Patna,Bihar,2025-04-20
10641,Aditya Malhotra,Male,33,Ahmedabad,Gujarat,2024-05-04
10642,Riya Kapoor,Male,59,Mumbai,Maharashtra,2025-06-06
10643,Priya Shah,Male,22,Ahmedabad,Gujarat,2025-04-26
10644,Kavya Malhotra,Male,31,Pune,Maharashtra,2024-11-12
10645,Kabir Arora,Male,41,Mumbai,Maharashtra,2024-05-01
10646,Sneha Sharma,Female,21,Bengaluru,Karnataka,2025-06-30
10647,Sneha Verma,Female,41,Bhubaneswar,Odisha,2025-08-03
10648,Isha Das,Female,26,Kochi,Kerala,2024-11-08
10649,Meera Sethi,Female,20,Delhi,Delhi,2025-05-01
10650,Rahul Joshi,Female,26,Kochi,Kerala,2025-10-12
10651,Arjun Patel,Female,35,Chennai,Tamil Nadu,2024-01-12
10652,Isha Chopra,Female,53,Patna,Bihar,2024-05-04
10653,Ananya Arora,Male,36,Nagpur,Maharashtra,2025-10-20
10654,Aditya Sethi,Male,41,Surat,Gujarat,2024-03-17
10655,Diya Sharma,Male,21,Surat,Gujarat,2025-08-02
10656,Neha Agarwal,Female,26,Chennai,Tamil Nadu,2025-12-18
10657,Sneha Gupta,Female,50,Bhopal,Madhya Pradesh,2024-08-23
10658,Rohan Das,Male,18,Mumbai,Maharashtra,2025-07-24
10659,Arjun Iyer,Female,52,Lucknow,Uttar Pradesh,2024-09-10
10660,Ishaan Shah,Female,27,Coimbatore,Tamil Nadu,2025-02-09
10661,Sneha Verma,Male,29,Pune,Maharashtra,2024-08-30
10662,Neha Mehta,Male,35,Kolkata,West Bengal,2025-04-05
10663,Meera Joshi,Male,31,Mumbai,Maharashtra,2024-10-03
10664,Isha Das,Male,27,Kolkata,West Bengal,2025-04-13
10665,Karan Arora,Female,27,Bhubaneswar,Odisha,2024-08-07
10666,Sneha Kapoor,Female,35,Mumbai,Maharashtra,2024-08-12
10667,Karan Sharma,Female,41,Bhubaneswar,Odisha,2024-04-10
10668,Riya Patel,Female,18,Surat,Gujarat,2025-09-25
10669,Meera Bansal,Female,47,Coimbatore,Tamil Nadu,2025-12-30
10670,Kavya Sethi,Female,32,Mumbai,Maharashtra,2025-05-21
10671,Sneha Gupta,Female,25,Dehradun,Uttarakhand,2025-08-09
10672,Ankit Agarwal,Female,52,Kolkata,West Bengal,2024-11-26
10673,Neha Gupta,Female,35,Delhi,Delhi,2024-08-24
10674,Aisha Das,Male,58,Surat,Gujarat,2024-12-04
10675,Aisha Kapoor,Female,33,Chandigarh,Chandigarh,2025-05-20
10676,Ishaan Arora,Male,38,Coimbatore,Tamil Nadu,2024-06-13
10677,Ankit Agarwal,Female,32,Patna,Bihar,2025-10-30
10678,Vivaan Arora,Male,22,Chennai,Tamil Nadu,2025-12-23
10679,Arjun Bansal,Male,24,Hyderabad,Telangana,2025-12-28
10680,Rohan Singh,Female,24,Chandigarh,Chandigarh,2024-08-05
10681,Riya Kumar,Male,44,Patna,Bihar,2025-01-10
10682,Rohan Bansal,Male,42,Chandigarh,Chandigarh,2024-01-12
10683,Neha Malhotra,Male,39,Patna,Bihar,2025-03-07
10684,Diya Reddy,Female,30,Dehradun,Uttarakhand,2024-03-23
10685,Priya Verma,Female,34,Chennai,Tamil Nadu,2025-03-06
10686,Sneha Singh,Female,58,Mumbai,Maharashtra,2025-09-16
10687,Vivaan Nair,Female,30,Kolkata,West Bengal,2025-04-22
10688,Aditya Mehta,Male,43,Mumbai,Maharashtra,2025-12-07
10689,Priya Sharma,Male,26,Indore,Madhya Pradesh,2025-01-03
10690,Rohan Chopra,Male,22,Lucknow,Uttar Pradesh,2025-10-14
10691,Diya Agarwal,Female,56,Lucknow,Uttar Pradesh,2025-09-27
10692,Sneha Chopra,Female,50,Nagpur,Maharashtra,2024-05-20
10693,Meera Das,Male,21,Lucknow,Uttar Pradesh,2025-12-20
10694,Ishaan Chopra,Male,45,Coimbatore,Tamil Nadu,2025-09-18
10695,Karan Chopra,Male,43,Surat,Gujarat,2025-12-18
10696,Sneha Sethi,Female,21,Nagpur,Maharashtra,2025-03-31
10697,Kavya Verma,Male,33,Lucknow,Uttar Pradesh,2025-05-16
10698,Meera Verma,Male,54,Nagpur,Maharashtra,2025-02-06
10699,Ishaan Kumar,Male,39,Ahmedabad,Gujarat,2024-10-14
10700,Rahul Shah,Female,53,Hyderabad,Telangana,2024-12-20
10701,Aisha Nair,Female,55,Ahmedabad,Gujarat,2024-12-08
10702,Aarav Kapoor,Male,52,Hyderabad,Telangana,2024-05-28
10703,Karan Bansal,Female,42,Bengaluru,Karnataka,2024-07-28
10704,Arjun Verma,Female,25,Bengaluru,Karnataka,2024-04-21
10705,Aditya Gupta,Female,34,Bhubaneswar,Odisha,2025-10-15
10706,Aditya Das,Male,35,Coimbatore,Tamil Nadu,2025-06-19
10707,Aisha Patel,Female,29,Coimbatore,Tamil Nadu,2024-02-18
10708,Karan Das,Female,50,Chennai,Tamil Nadu,2024-11-26
10709,Ishaan Shah,Male,40,Bhubaneswar,Odisha,2024-12-30
10710,Aarav Das,Female,29,Chandigarh,Chandigarh,2024-01-11
10711,Meera Joshi,Male,28,Kolkata,West Bengal,2024-07-06
10712,Rohan Sethi,Male,30,Delhi,Delhi,2025-05-23
10713,Ishaan Kapoor,Male,52,Chennai,Tamil Nadu,2025-08-02
10714,Ananya Gupta,Male,44,Jaipur,Rajasthan,2025-03-20
10715,Rahul Patel,Male,42,Kochi,Kerala,2024-03-30
10716,Priya Arora,Male,57,Bhopal,Madhya Pradesh,2025-09-13
10717,Ankit Iyer,Female,20,Mumbai,Maharashtra,2025-11-06
10718,Aarav Sethi,Female,42,Patna,Bihar,2025-03-23
10719,Riya Das,Male,27,Bhopal,Madhya Pradesh,2025-12-18
10720,Arjun Kapoor,Female,34,Indore,Madhya Pradesh,2024-02-01
10721,Kabir Arora,Female,20,Jaipur,Rajasthan,2024-11-22
10722,Rahul Kumar,Male,39,Surat,Gujarat,2024-03-14
10723,Neha Verma,Male,55,Surat,Gujarat,2024-09-07
10724,Aditya Gupta,Female,31,Lucknow,Uttar Pradesh,2025-03-25
10725,Meera Mehta,Female,44,Nagpur,Maharashtra,2024-12-20
10726,Kabir Nair,Male,59,Patna,Bihar,2025-06-16
10727,Meera Kapoor,Male,37,Hyderabad,Telangana,2024-10-22
10728,Aditya Das,Female,35,Delhi,Delhi,2024-10-24
10729,Kavya Reddy,Other,30,Ahmedabad,Gujarat,2024-11-23
10730,Isha Das,Male,59,Patna,Bihar,2024-10-28
10731,Aditya Singh,Other,23,Bengaluru,Karnataka,2025-05-26
10732,Kavya Shah,Male,27,Dehradun,Uttarakhand,2024-12-03
10733,Diya Bansal,Male,54,Surat,Gujarat,2025-08-07
10734,Meera Bansal,Male,46,Surat,Gujarat,2025-01-08
10735,Neha Agarwal,Female,23,Bhopal,Madhya Pradesh,2025-07-06
10736,Kavya Agarwal,Male,56,Bhopal,Madhya Pradesh,2024-04-03
10737,Riya Nair,Male,28,Mumbai,Maharashtra,2024-05-11
10738,Riya Arora,Female,42,Indore,Madhya Pradesh,2025-09-02
10739,Diya Reddy,Other,47,Bhopal,Madhya Pradesh,2024-02-22
10740,Riya Iyer,Male,37,Coimbatore,Tamil Nadu,2025-05-10
10741,Isha Das,Male,54,Pune,Maharashtra,2024-08-16
10742,Isha Kumar,Female,33,Bengaluru,Karnataka,2025-10-01
10743,Rohan Singh,Female,48,Surat,Gujarat,2024-07-30
10744,Isha Mehta,Male,46,Bhopal,Madhya Pradesh,2025-05-18
10745,Riya Verma,Female,23,Lucknow,Uttar Pradesh,2025-05-09
10746,Arjun Sharma,Male,46,Surat,Gujarat,2025-11-01
10747,Karan Chopra,Female,49,Indore,Madhya Pradesh,2024-08-20
10748,Isha Kapoor,Male,26,Bhubaneswar,Odisha,2024-03-11
10749,Aditya Joshi,Female,54,Kolkata,West Bengal,2025-12-17
10750,Isha Sharma,Male,40,Bengaluru,Karnataka,2024-07-07
10751,Aisha Chopra,Female,33,Coimbatore,Tamil Nadu,2025-10-24
10752,Rahul Verma,Female,35,Surat,Gujarat,2024-01-08
10753,Vivaan Kapoor,Male,36,Chennai,Tamil Nadu,2024-11-27
10754,Karan Reddy,Female,19,Chandigarh,Chandigarh,2025-09-03
10755,Kavya Gupta,Male,27,Pune,Maharashtra,2024-01-16
10756,Neha Mehta,Female,29,Patna,Bihar,2025-10-27
10757,Aisha Chopra,Female,35,Pune,Maharashtra,2025-10-30
10758,Aarav Joshi,Female,36,Kochi,Kerala,2024-04-02
10759,Vivaan Shah,Female,55,Patna,Bihar,2024-09-18
10760,Isha Chopra,Female,54,Indore,Madhya Pradesh,2025-07-02
10761,Ananya Gupta,Male,44,Dehradun,Uttarakhand,2024-06-09
10762,Diya Reddy,Male,31,Hyderabad,Telangana,2024-12-16
10763,Vivaan Malhotra,Female,51,Chandigarh,Chandigarh,2024-06-22
10764,Riya Kapoor,Female,19,Bengaluru,Karnataka,2024-11-12
10765,Ishaan Patel,Female,50,Jaipur,Rajasthan,2024-01-18
10766,Rohan Sharma,Female,36,Indore,Madhya Pradesh,2025-04-30
10767,Diya Chopra,Male,44,Bhubaneswar,Odisha,2025-01-01
10768,Karan Singh,Male,47,Surat,Gujarat,2024-12-16
10769,Vivaan Bansal,Male,24,Hyderabad,Telangana,2025-06-11
10770,Neha Arora,Female,44,Surat,Gujarat,2025-03-10
10771,Kabir Agarwal,Male,38,Mumbai,Maharashtra,2024-09-26
10772,Diya Joshi,Male,24,Surat,Gujarat,2024-03-08
10773,Kavya Singh,Female,42,Ahmedabad,Gujarat,2024-01-30
10774,Aditya Verma,Female,55,Ahmedabad,Gujarat,2024-11-11
10775,Kabir Chopra,Female,35,Patna,Bihar,2024-06-12
10776,Meera Verma,Female,50,Kochi,Kerala,2024-11-15
10777,Riya Nair,Female,50,Coimbatore,Tamil Nadu,2024-01-14
10778,Neha Gupta,Male,49,Chandigarh,Chandigarh,2024-10-05
10779,Priya Kapoor,Female,42,Jaipur,Rajasthan,2025-03-07
10780,Neha Das,Male,31,Chennai,Tamil Nadu,2025-10-29
10781,Meera Joshi,Female,55,Kolkata,West Bengal,2025-09-25
10782,Vivaan Mehta,Female,55,Dehradun,Uttarakhand,2024-09-19
10783,Arjun Sharma,Female,21,Mumbai,Maharashtra,2025-11-12
10784,Ishaan Chopra,Male,35,Indore,Madhya Pradesh,2025-06-05
10785,Vivaan Singh,Male,27,Kolkata,West Bengal,2024-06-20
10786,Rohan Nair,Female,52,Chennai,Tamil Nadu,2024-12-23
10787,Neha Kumar,Male,52,Delhi,Delhi,2024-01-13
10788,Ishaan Reddy,Female,57,Kolkata,West Bengal,2025-12-25
10789,Kabir Verma,Female,40,Kolkata,West Bengal,2025-11-03
10790,Kabir Chopra,Female,42,Nagpur,Maharashtra,2024-08-19
10791,Kavya Sharma,Female,18,Hyderabad,Telangana,2025-04-20
10792,Meera Chopra,Female,35,Lucknow,Uttar Pradesh,2025-04-15
10793,Sneha Chopra,Male,32,Jaipur,Rajasthan,2024-06-08
10794,Rahul Chopra,Male,42,Bengaluru,Karnataka,2025-09-30
10795,Kabir Das,Female,49,Coimbatore,Tamil Nadu,2025-07-13
10796,Karan Reddy,Female,37,Ahmedabad,Gujarat,2024-09-17
10797,Rahul Shah,Female,34,Chennai,Tamil Nadu,2025-07-26
10798,Kabir Agarwal,Female,28,Hyderabad,Telangana,2025-09-25
10799,Ankit Bansal,Male,30,Kolkata,West Bengal,2025-08-24
10800,Vivaan Joshi,Male,42,Mumbai,Maharashtra,2024-12-24
10801,Rahul Kapoor,Male,37,Dehradun,Uttarakhand,2024-09-11
10802,Priya Joshi,Female,42,Lucknow,Uttar Pradesh,2025-08-24
10803,Arjun Shah,Male,59,Hyderabad,Telangana,2025-05-29
10804,Vivaan Joshi,Male,48,Surat,Gujarat,2024-10-06
10805,Rohan Malhotra,Female,18,Kolkata,West Bengal,2024-04-26
10806,Diya Mehta,Male,33,Patna,Bihar,2025-09-01
10807,Aarav Sethi,Female,45,Kolkata,West Bengal,2024-06-10
10808,Riya Verma,Male,38,Coimbatore,Tamil Nadu,2024-10-24
10809,Ishaan Agarwal,Male,47,Mumbai,Maharashtra,2024-10-23
10810,Aarav Joshi,Male,20,Surat,Gujarat,2025-08-16
10811,Aarav Bansal,Female,51,Lucknow,Uttar Pradesh,2024-12-23
10812,Aarav Arora,Male,23,Ahmedabad,Gujarat,2025-10-21
10813,Arjun Gupta,Male,60,Coimbatore,Tamil Nadu,2025-06-01
10814,Arjun Sethi,Male,46,Indore,Madhya Pradesh,2025-01-12
10815,Riya Arora,Male,20,Kochi,Kerala,2025-11-27
10816,Priya Verma,Female,50,Chennai,Tamil Nadu,2025-03-01
10817,Aarav Das,Male,28,Kolkata,West Bengal,2025-06-20
10818,Ankit Chopra,Female,22,Hyderabad,Telangana,2025-07-06
10819,Rahul Shah,Male,49,Coimbatore,Tamil Nadu,2024-06-17
10820,Arjun Kumar,Female,35,Dehradun,Uttarakhand,2025-05-29
10821,Rohan Gupta,Female,37,Delhi,Delhi,2024-12-29
10822,Meera Singh,Female,56,Dehradun,Uttarakhand,2025-11-13
10823,Vivaan Gupta,Female,57,Patna,Bihar,2025-03-05
10824,Riya Arora,Male,45,Kochi,Kerala,2025-07-22
10825,Ankit Das,Female,30,Surat,Gujarat,2024-03-23
10826,Neha Verma,Male,43,Delhi,Delhi,2024-11-25
10827,Aisha Chopra,Male,33,Bhopal,Madhya Pradesh,2025-11-21
10828,Riya Singh,Female,42,Kolkata,West Bengal,2024-05-12
10829,Aisha Reddy,Male,27,Chennai,Tamil Nadu,2025-08-20
10830,Neha Sethi,Female,46,Lucknow,Uttar Pradesh,2025-04-01
10831,Kabir Kapoor,Male,55,Hyderabad,Telangana,2024-12-18
10832,Priya Gupta,Female,37,Indore,Madhya Pradesh,2024-12-09
10833,Ishaan Kumar,Female,43,Lucknow,Uttar Pradesh,2024-04-03
10834,Ankit Patel,Female,49,Bengaluru,Karnataka,2025-01-16
10835,Neha Nair,Female,56,Delhi,Delhi,2024-10-21
10836,Isha Mehta,Female,55,Kolkata,West Bengal,2024-07-16
10837,Riya Arora,Female,41,Bhubaneswar,Odisha,2024-03-19
10838,Sneha Shah,Male,48,Chandigarh,Chandigarh,2025-11-08
10839,Vivaan Agarwal,Female,57,Chennai,Tamil Nadu,2025-07-04
10840,Arjun Sharma,Male,29,Chandigarh,Chandigarh,2024-08-01
10841,Aditya Singh,Male,53,Kochi,Kerala,2025-10-04
10842,Ishaan Bansal,Male,27,Mumbai,Maharashtra,2025-10-30
10843,Riya Sethi,Male,23,Indore,Madhya Pradesh,2024-06-07
10844,Ankit Malhotra,Female,24,Ahmedabad,Gujarat,2025-07-10
10845,Ishaan Reddy,Female,48,Mumbai,Maharashtra,2024-07-19
10846,Karan Arora,Female,44,Dehradun,Uttarakhand,2024-01-22
10847,Rohan Mehta,Female,25,Delhi,Delhi,2024-12-04
10848,Aarav Chopra,Male,20,Chennai,Tamil Nadu,2024-08-29
10849,Arjun Patel,Male,57,Jaipur,Rajasthan,2024-08-25
10850,Diya Nair,Male,38,Patna,Bihar,2024-05-28
10851,Neha Singh,Female,18,Jaipur,Rajasthan,2025-08-01
10852,Kavya Malhotra,Male,32,Lucknow,Uttar Pradesh,2024-01-07
10853,Riya Sethi,Female,24,Surat,Gujarat,2024-08-20
10854,Priya Joshi,Female,32,Kolkata,West Bengal,2025-08-01
10855,Diya Sethi,Female,42,Bengaluru,Karnataka,2024-03-17
10856,Rahul Chopra,Female,20,Patna,Bihar,2025-05-03
10857,Isha Kapoor,Female,47,Chennai,Tamil Nadu,2024-03-27
10858,Ananya Shah,Male,31,Kochi,Kerala,2024-08-09
10859,Ankit Shah,Male,21,Bhubaneswar,Odisha,2025-02-16
10860,Sneha Bansal,Female,53,Bhopal,Madhya Pradesh,2025-08-06
10861,Sneha Das,Female,20,Lucknow,Uttar Pradesh,2024-07-20
10862,Rohan Arora,Female,22,Jaipur,Rajasthan,2025-07-24
10863,Kavya Joshi,Male,42,Mumbai,Maharashtra,2024-10-02
10864,Rohan Kapoor,Female,48,Kochi,Kerala,2024-08-08
10865,Karan Gupta,Male,28,Bengaluru,Karnataka,2024-06-05
10866,Aarav Gupta,Male,25,Bengaluru,Karnataka,2024-06-29
10867,Neha Singh,Male,43,Delhi,Delhi,2025-12-25
10868,Neha Nair,Male,19,Ahmedabad,Gujarat,2024-05-08
10869,Isha Reddy,Male,45,Ahmedabad,Gujarat,2024-08-30
10870,Ishaan Patel,Male,27,Lucknow,Uttar Pradesh,2024-06-20
10871,Sneha Shah,Female,56,Jaipur,Rajasthan,2025-05-17
10872,Aditya Shah,Female,54,Chennai,Tamil Nadu,2025-04-24
10873,Priya Nair,Female,56,Bhopal,Madhya Pradesh,2024-09-26
10874,Kavya Verma,Male,38,Bengaluru,Karnataka,2025-02-24
10875,Sneha Shah,Female,45,Chennai,Tamil Nadu,2024-06-11
10876,Rahul Arora,Male,55,Chennai,Tamil Nadu,2024-01-24
10877,Ankit Iyer,Male,50,Coimbatore,Tamil Nadu,2025-05-11
10878,Vivaan Sharma,Female,28,Bhopal,Madhya Pradesh,2024-07-11
10879,Aarav Das,Male,18,Hyderabad,Telangana,2025-01-24
10880,Meera Chopra,Female,50,Indore,Madhya Pradesh,2025-05-11
10881,Riya Joshi,Female,20,Chandigarh,Chandigarh,2024-05-08
10882,Neha Patel,Female,43,Bhubaneswar,Odisha,2025-07-06
10883,Rohan Chopra,Female,32,Ahmedabad,Gujarat,2025-06-26
10884,Diya Mehta,Female,58,Ahmedabad,Gujarat,2024-02-05
10885,Isha Iyer,Male,31,Pune,Maharashtra,2025-04-01
10886,Diya Sethi,Female,40,Ahmedabad,Gujarat,2024-12-26
10887,Aditya Joshi,Male,25,Bhopal,Madhya Pradesh,2024-08-02
10888,Sneha Shah,Female,53,Coimbatore,Tamil Nadu,2024-10-13
10889,Ananya Sethi,Female,37,Kolkata,West Bengal,2025-01-03
10890,Vivaan Singh,Male,23,Delhi,Delhi,2025-04-13
10891,Aditya Malhotra,Female,50,Surat,Gujarat,2024-07-04
10892,Riya Joshi,Male,45,Delhi,Delhi,2025-04-18
10893,Aarav Verma,Male,55,Patna,Bihar,2024-03-01
10894,Kavya Nair,Female,47,Delhi,Delhi,2024-09-18
10895,Rohan Bansal,Male,60,Surat,Gujarat,2024-04-20
10896,Kabir Mehta,Male,34,Mumbai,Maharashtra,2024-05-20
10897,Aarav Nair,Male,26,Bhopal,Madhya Pradesh,2025-06-18
10898,Sneha Mehta,Female,45,Ahmedabad,Gujarat,2024-03-19
10899,Aarav Sethi,Male,24,Ahmedabad,Gujarat,2025-05-08
10900,Meera Sethi,Male,45,Coimbatore,Tamil Nadu,2024-01-31
10901,Ananya Chopra,Female,34,Pune,Maharashtra,2025-05-30
10902,Karan Sharma,Male,57,Coimbatore,Tamil Nadu,2025-05-23
10903,Meera Sharma,Male,22,Kolkata,West Bengal,2025-09-21
10904,Aarav Chopra,Female,22,Kolkata,West Bengal,2024-03-06
10905,Arjun Shah,Female,31,Bengaluru,Karnataka,2025-05-24
10906,Ankit Arora,Female,23,Pune,Maharashtra,2025-01-05
10907,Priya Kumar,Male,24,Coimbatore,Tamil Nadu,2024-10-13
10908,Neha Mehta,Female,34,Ahmedabad,Gujarat,2024-06-24
10909,Ishaan Nair,Female,26,Chandigarh,Chandigarh,2024-05-02
10910,Ananya Gupta,Male,48,Dehradun,Uttarakhand,2024-08-18
10911,Ishaan Mehta,Male,39,Surat,Gujarat,2025-07-08
10912,Ananya Patel,Other,26,Surat,Gujarat,2024-01-04
10913,Isha Nair,Male,33,Delhi,Delhi,2025-12-02
10914,Vivaan Joshi,Female,53,Dehradun,Uttarakhand,2025-02-15
10915,Diya Patel,Female,51,Pune,Maharashtra,2024-09-06
10916,Aisha Kapoor,Female,30,Hyderabad,Telangana,2025-10-17
10917,Arjun Nair,Female,36,Kolkata,West Bengal,2025-05-01
10918,Diya Agarwal,Male,29,Delhi,Delhi,2024-12-10
10919,Diya Bansal,Male,53,Chennai,Tamil Nadu,2024-11-28
10920,Meera Patel,Female,27,Delhi,Delhi,2025-03-28
10921,Ishaan Sharma,Female,33,Hyderabad,Telangana,2024-06-06
10922,Sneha Das,Female,45,Mumbai,Maharashtra,2025-07-30
10923,Vivaan Chopra,Other,36,Chandigarh,Chandigarh,2024-09-26
10924,Ankit Patel,Female,57,Chennai,Tamil Nadu,2025-08-09
10925,Riya Iyer,Male,23,Chandigarh,Chandigarh,2025-02-21
10926,Neha Bansal,Female,21,Delhi,Delhi,2025-03-15
10927,Kabir Mehta,Male,47,Kolkata,West Bengal,2024-01-29
10928,Ananya Bansal,Male,56,Indore,Madhya Pradesh,2024-11-30
10929,Rohan Joshi,Male,48,Surat,Gujarat,2024-08-25
10930,Rahul Reddy,Female,44,Hyderabad,Telangana,2024-06-01
10931,Kavya Malhotra,Female,38,Indore,Madhya Pradesh,2025-08-28
10932,Aarav Shah,Male,54,Dehradun,Uttarakhand,2024-04-24
10933,Isha Bansal,Male,26,Surat,Gujarat,2025-12-31
10934,Rohan Verma,Female,52,Ahmedabad,Gujarat,2025-02-02
10935,Sneha Kumar,Female,59,Chennai,Tamil Nadu,2024-02-01
10936,Riya Verma,Female,38,Surat,Gujarat,2025-06-15
10937,Rohan Kumar,Female,34,Hyderabad,Telangana,2024-02-22
10938,Aisha Iyer,Female,41,Kochi,Kerala,2025-12-18
10939,Aarav Singh,Male,48,Indore,Madhya Pradesh,2025-12-31
10940,Aisha Das,Male,23,Mumbai,Maharashtra,2024-07-13
10941,Ishaan Kapoor,Male,52,Coimbatore,Tamil Nadu,2024-10-31
10942,Isha Iyer,Female,54,Coimbatore,Tamil Nadu,2025-12-07
10943,Ananya Kapoor,Male,30,Hyderabad,Telangana,2024-12-10
10944,Aarav Singh,Female,42,Hyderabad,Telangana,2024-03-22
10945,Isha Reddy,Male,49,Lucknow,Uttar Pradesh,2024-01-01
10946,Arjun Bansal,Male,18,Chennai,Tamil Nadu,2024-06-15
10947,Aisha Reddy,Male,52,Dehradun,Uttarakhand,2024-11-12
10948,Kabir Malhotra,Male,36,Lucknow,Uttar Pradesh,2024-07-01
10949,Vivaan Chopra,Male,29,Chandigarh,Chandigarh,2024-09-29
10950,Aarav Sethi,Female,57,Ahmedabad,Gujarat,2025-10-30
10951,Meera Sethi,Male,57,Kolkata,West Bengal,2025-01-07
10952,Rohan Joshi,Female,60,Kolkata,West Bengal,2024-12-27
10953,Meera Singh,Male,37,Ahmedabad,Gujarat,2024-07-19
10954,Diya Das,Female,50,Surat,Gujarat,2024-07-10
10955,Aditya Sethi,Female,46,Bhopal,Madhya Pradesh,2024-12-06
10956,Isha Malhotra,Female,33,Lucknow,Uttar Pradesh,2024-10-25
10957,Aditya Mehta,Male,31,Kochi,Kerala,2025-05-20
10958,Vivaan Joshi,Male,24,Indore,Madhya Pradesh,2025-08-10
10959,Aarav Sethi,Female,23,Ahmedabad,Gujarat,2024-05-19
10960,Rahul Sethi,Male,38,Bhubaneswar,Odisha,2024-11-01
10961,Rahul Agarwal,Female,53,Delhi,Delhi,2024-07-14
10962,Ishaan Sethi,Male,39,Surat,Gujarat,2024-03-01
10963,Aditya Joshi,Female,57,Ahmedabad,Gujarat,2024-12-25
10964,Riya Gupta,Male,36,Lucknow,Uttar Pradesh,2024-11-02
10965,Priya Iyer,Female,42,Kochi,Kerala,2025-04-24
10966,Ishaan Gupta,Female,20,Kochi,Kerala,2024-11-28
10967,Rahul Bansal,Male,53,Hyderabad,Telangana,2024-03-23
10968,Aarav Chopra,Male,51,Nagpur,Maharashtra,2024-11-29
10969,Diya Arora,Male,28,Hyderabad,Telangana,2025-05-31
10970,Kavya Iyer,Female,59,Chennai,Tamil Nadu,2025-12-31
10971,Rohan Singh,Male,44,Chennai,Tamil Nadu,2025-04-18
10972,Ishaan Mehta,Male,59,Ahmedabad,Gujarat,2025-01-28
10973,Ankit Agarwal,Female,19,Chandigarh,Chandigarh,2025-08-22
10974,Ishaan Agarwal,Male,23,Patna,Bihar,2025-12-21
10975,Vivaan Arora,Male,19,Jaipur,Rajasthan,2025-11-22
10976,Arjun Kapoor,Male,59,Coimbatore,Tamil Nadu,2025-12-20
10977,Neha Arora,Female,34,Bhopal,Madhya Pradesh,2025-07-30
10978,Aarav Bansal,Female,57,Ahmedabad,Gujarat,2025-01-14
10979,Ankit Sethi,Male,31,Jaipur,Rajasthan,2024-01-21
10980,Sneha Reddy,Female,27,Lucknow,Uttar Pradesh,2024-06-25
10981,Isha Bansal,Male,50,Delhi,Delhi,2024-12-28
10982,Ankit Kapoor,Male,59,Bhopal,Madhya Pradesh,2024-01-22
10983,Sneha Sharma,Female,29,Chennai,Tamil Nadu,2025-07-01
10984,Ananya Sharma,Male,49,Bhopal,Madhya Pradesh,2024-09-06
10985,Meera Arora,Female,41,Hyderabad,Telangana,2025-10-22
10986,Rahul Nair,Female,31,Delhi,Delhi,2024-03-13
10987,Isha Chopra,Female,22,Coimbatore,Tamil Nadu,2024-03-31
10988,Neha Patel,Male,22,Ahmedabad,Gujarat,2024-06-24
10989,Diya Patel,Male,49,Surat,Gujarat,2024-05-05
10990,Riya Chopra,Female,50,Surat,Gujarat,2024-07-22
10991,Vivaan Arora,Male,21,Jaipur,Rajasthan,2024-09-02
10992,Arjun Kumar,Female,47,Jaipur,Rajasthan,2025-09-02
10993,Riya Kumar,Male,58,Chandigarh,Chandigarh,2024-09-27
10994,Ishaan Verma,Male,34,Dehradun,Uttarakhand,2024-02-13
10995,Aisha Chopra,Male,20,Jaipur,Rajasthan,2025-08-31
10996,Isha Mehta,Female,30,Bengaluru,Karnataka,2025-07-01
10997,Aarav Shah,Female,53,Dehradun,Uttarakhand,2024-06-16
10998,Priya Malhotra,Male,35,Lucknow,Uttar Pradesh,2025-03-10
10999,Ankit Malhotra,Female,40,Kolkata,West Bengal,2024-01-30
11000,Kabir Joshi,Male,52,Mumbai,Maharashtra,2025-08-19
11001,Meera Sethi,Male,50,Pune,Maharashtra,2024-12-22
11002,Priya Sharma,Female,53,Bhubaneswar,Odisha,2025-05-05
11003,Rohan Chopra,Female,34,Mumbai,Maharashtra,2025-09-24
11004,Rahul Verma,Male,56,Patna,Bihar,2024-09-04
11005,Aisha Bansal,Male,51,Lucknow,Uttar Pradesh,2025-11-26
11006,Karan Kumar,Female,29,Kochi,Kerala,2024-09-09
11007,Diya Shah,Female,22,Coimbatore,Tamil Nadu,2025-12-21
11008,Aarav Iyer,Female,57,Pune,Maharashtra,2025-01-16
11009,Neha Das,Male,44,Dehradun,Uttarakhand,2025-06-19
11010,Kabir Nair,Female,57,Kolkata,West Bengal,2025-09-25
11011,Vivaan Sethi,Male,30,Delhi,Delhi,2025-02-22
11012,Rahul Joshi,Female,43,Patna,Bihar,2024-05-02
11013,Arjun Chopra,Male,31,Lucknow,Uttar Pradesh,2024-10-20
11014,Neha Malhotra,Male,49,Bhubaneswar,Odisha,2025-11-15
11015,Neha Patel,Male,28,Patna,Bihar,2024-05-22
11016,Riya Iyer,Female,55,Pune,Maharashtra,2025-05-25
11017,Meera Verma,Female,33,Patna,Bihar,2025-11-11
11018,Karan Joshi,Male,39,Dehradun,Uttarakhand,2024-02-26
11019,Priya Sethi,Female,33,Jaipur,Rajasthan,2024-02-11
11020,Riya Patel,Female,30,Patna,Bihar,2025-09-22
11021,Ankit Kapoor,Male,29,Dehradun,Uttarakhand,2024-04-30
11022,Aisha Joshi,Female,35,Ahmedabad,Gujarat,2024-12-08
11023,Neha Reddy,Female,46,Patna,Bihar,2024-11-27
11024,Riya Chopra,Male,35,Pune,Maharashtra,2025-03-31
11025,Ankit Reddy,Male,19,Delhi,Delhi,2025-03-12
11026,Meera Bansal,Male,19,Indore,Madhya Pradesh,2024-12-06
11027,Kavya Das,Male,20,Coimbatore,Tamil Nadu,2024-12-06
11028,Kabir Chopra,Male,46,Coimbatore,Tamil Nadu,2025-02-19
11029,Aisha Nair,Female,25,Patna,Bihar,2024-06-30
11030,Riya Singh,Female,28,Indore,Madhya Pradesh,2025-11-07
11031,Neha Nair,Male,29,Nagpur,Maharashtra,2024-09-20
11032,Rahul Patel,Female,49,Ahmedabad,Gujarat,2024-07-28
11033,Diya Agarwal,Female,21,Coimbatore,Tamil Nadu,2025-06-06
11034,Neha Reddy,Female,26,Bhubaneswar,Odisha,2024-06-30
11035,Arjun Sethi,Male,41,Delhi,Delhi,2025-03-19
11036,Riya Patel,Female,33,Bhopal,Madhya Pradesh,2024-09-07
11037,Kavya Agarwal,Female,34,Coimbatore,Tamil Nadu,2024-05-17
11038,Isha Chopra,Female,39,Surat,Gujarat,2024-08-05
11039,Priya Bansal,Male,24,Bhubaneswar,Odisha,2025-03-29
11040,Ananya Kumar,Male,27,Mumbai,Maharashtra,2024-03-27
11041,Rahul Mehta,Female,46,Patna,Bihar,2024-10-19
11042,Aisha Verma,Male,53,Bhubaneswar,Odisha,2024-04-01
11043,Isha Patel,Female,41,Kolkata,West Bengal,2024-07-26
11044,Isha Patel,Female,31,Coimbatore,Tamil Nadu,2024-07-22
11045,Kabir Iyer,Male,31,Hyderabad,Telangana,2024-07-04
11046,Sneha Shah,Female,42,Delhi,Delhi,2024-03-25
11047,Kavya Joshi,Male,39,Ahmedabad,Gujarat,2025-10-25
11048,Diya Joshi,Male,40,Pune,Maharashtra,2024-06-04
11049,Neha Joshi,Female,49,Bengaluru,Karnataka,2024-10-19
11050,Riya Joshi,Female,43,Chandigarh,Chandigarh,2025-06-16
11051,Aditya Sharma,Male,44,Chandigarh,Chandigarh,2024-06-09
11052,Vivaan Verma,Female,29,Coimbatore,Tamil Nadu,2025-01-20
11053,Aarav Chopra,Male,36,Bhopal,Madhya Pradesh,2025-04-29
11054,Ankit Arora,Male,36,Mumbai,Maharashtra,2025-05-17
11055,Sneha Kumar,Male,51,Delhi,Delhi,2024-06-04
11056,Neha Gupta,Male,49,Bhubaneswar,Odisha,2024-05-22
11057,Ananya Sethi,Female,46,Pune,Maharashtra,2025-09-10
11058,Aarav Joshi,Female,38,Ahmedabad,Gujarat,2024-10-10
11059,Ananya Bansal,Female,52,Delhi,Delhi,2025-07-15
11060,Neha Das,Female,59,Bengaluru,Karnataka,2024-02-04
11061,Aditya Singh,Male,22,Ahmedabad,Gujarat,2024-08-11
11062,Priya Bansal,Male,29,Surat,Gujarat,2025-10-29
11063,Neha Shah,Female,24,Chennai,Tamil Nadu,2025-01-27
11064,Aditya Sharma,Female,58,Bengaluru,Karnataka,2025-02-11
11065,Karan Nair,Female,19,Coimbatore,Tamil Nadu,2025-12-03
11066,Kavya Verma,Male,42,Delhi,Delhi,2025-01-22
11067,Arjun Mehta,Male,27,Surat,Gujarat,2025-11-26
11068,Ishaan Patel,Male,55,Ahmedabad,Gujarat,2024-10-23
11069,Diya Singh,Male,23,Mumbai,Maharashtra,2024-11-18
11070,Diya Kumar,Male,44,Bengaluru,Karnataka,2025-05-02
11071,Arjun Verma,Female,52,Bhopal,Madhya Pradesh,2025-07-23
11072,Meera Kapoor,Male,27,Bhopal,Madhya Pradesh,2024-02-08
11073,Aarav Singh,Female,26,Lucknow,Uttar Pradesh,2025-05-19
11074,Neha Iyer,Female,37,Nagpur,Maharashtra,2025-05-17
11075,Ankit Kapoor,Male,54,Hyderabad,Telangana,2025-06-20
11076,Meera Arora,Female,52,Dehradun,Uttarakhand,2024-11-11
11077,Meera Malhotra,Male,54,Chennai,Tamil Nadu,2025-05-10
11078,Karan Agarwal,Female,57,Bhopal,Madhya Pradesh,2024-04-26
11079,Ishaan Reddy,Female,25,Nagpur,Maharashtra,2024-12-07
11080,Rohan Malhotra,Female,48,Bhubaneswar,Odisha,2024-08-27
11081,Meera Nair,Female,60,Pune,Maharashtra,2025-11-17
11082,Kavya Patel,Male,33,Chandigarh,Chandigarh,2025-03-20
11083,Meera Agarwal,Female,45,Pune,Maharashtra,2025-05-01
11084,Ishaan Reddy,Female,23,Delhi,Delhi,2025-02-14
11085,Rahul Kumar,Female,49,Coimbatore,Tamil Nadu,2025-09-14
11086,Diya Arora,Female,45,Nagpur,Maharashtra,2024-10-24
11087,Priya Sharma,Female,28,Coimbatore,Tamil Nadu,2024-02-21
11088,Diya Shah,Female,59,Hyderabad,Telangana,2024-10-30
11089,Ishaan Sharma,Male,40,Bhubaneswar,Odisha,2024-10-14
11090,Aarav Malhotra,Male,47,Mumbai,Maharashtra,2025-10-25
11091,Aisha Chopra,Female,26,Delhi,Delhi,2024-04-27
11092,Kavya Kumar,Female,45,Surat,Gujarat,2025-02-27
11093,Aditya Bansal,Female,41,Chennai,Tamil Nadu,2025-10-08
11094,Kavya Mehta,Male,45,Dehradun,Uttarakhand,2024-07-27
11095,Arjun Joshi,Male,41,Lucknow,Uttar Pradesh,2024-05-06
11096,Priya Bansal,Female,32,Chandigarh,Chandigarh,2024-10-19
11097,Vivaan Agarwal,Female,56,Mumbai,Maharashtra,2025-06-02
11098,Diya Malhotra,Female,50,Bengaluru,Karnataka,2024-08-09
11099,Ananya Nair,Male,51,Kochi,Kerala,2024-03-17
11100,Neha Kapoor,Male,39,Dehradun,Uttarakhand,2024-12-03
11101,Ananya Agarwal,Male,46,Chennai,Tamil Nadu,2024-10-01
11102,Ananya Chopra,Male,51,Chennai,Tamil Nadu,2024-04-26
11103,Aarav Sethi,Other,59,Kolkata,West Bengal,2024-10-18
11104,Aisha Das,Male,27,Jaipur,Rajasthan,2024-09-27
11105,Diya Chopra,Male,47,Mumbai,Maharashtra,2025-03-22
11106,Vivaan Iyer,Male,28,Kochi,Kerala,2024-06-05
11107,Ananya Reddy,Male,51,Bengaluru,Karnataka,2025-07-25
11108,Meera Gupta,Female,38,Dehradun,Uttarakhand,2024-07-02
11109,Arjun Sharma,Male,30,Kochi,Kerala,2025-02-27
11110,Karan Das,Male,42,Patna,Bihar,2025-10-17
11111,Vivaan Kumar,Female,38,Chandigarh,Chandigarh,2025-11-03
11112,Ankit Nair,Male,18,Bhopal,Madhya Pradesh,2025-08-23
11113,Rahul Chopra,Female,22,Patna,Bihar,2024-01-16
11114,Isha Bansal,Male,39,Bhubaneswar,Odisha,2024-04-07
11115,Aisha Reddy,Female,24,Coimbatore,Tamil Nadu,2025-09-07
11116,Neha Joshi,Male,30,Patna,Bihar,2024-10-26
11117,Meera Bansal,Male,40,Bhopal,Madhya Pradesh,2025-02-25
11118,Vivaan Shah,Female,38,Jaipur,Rajasthan,2024-11-02
11119,Kavya Singh,Male,23,Ahmedabad,Gujarat,2024-09-30
11120,Kavya Iyer,Female,37,Mumbai,Maharashtra,2024-09-17
11121,Diya Arora,Male,29,Indore,Madhya Pradesh,2024-08-26
11122,Aditya Chopra,Female,57,Pune,Maharashtra,2024-11-27
11123,Ananya Reddy,Female,26,Jaipur,Rajasthan,2024-04-24
11124,Karan Arora,Male,45,Lucknow,Uttar Pradesh,2024-09-24
11125,Vivaan Verma,Male,28,Bhopal,Madhya Pradesh,2024-01-12
11126,Arjun Patel,Female,49,Hyderabad,Telangana,2024-03-13
11127,Diya Reddy,Female,28,Indore,Madhya Pradesh,2025-02-09
11128,Meera Nair,Male,41,Mumbai,Maharashtra,2024-06-26
11129,Sneha Reddy,Male,32,Chennai,Tamil Nadu,2024-09-15
11130,Vivaan Shah,Male,58,Lucknow,Uttar Pradesh,2025-02-03
11131,Ananya Malhotra,Male,52,Kolkata,West Bengal,2024-09-26
11132,Diya Singh,Female,34,Bhubaneswar,Odisha,2025-09-23
11133,Rohan Sharma,Female,42,Chandigarh,Chandigarh,2025-11-11
11134,Aisha Patel,Female,52,Hyderabad,Telangana,2025-04-30
11135,Arjun Sethi,Male,36,Jaipur,Rajasthan,2025-08-02
11136,Riya Reddy,Male,58,Kolkata,West Bengal,2024-02-28
11137,Ananya Das,Female,48,Mumbai,Maharashtra,2025-10-03
11138,Kavya Sharma,Male,34,Patna,Bihar,2024-09-22
11139,Sneha Sharma,Male,40,Chennai,Tamil Nadu,2024-03-15
11140,Karan Bansal,Male,18,Kolkata,West Bengal,2024-03-30
11141,Ishaan Sethi,Female,27,Kochi,Kerala,2025-05-19
11142,Meera Patel,Male,25,Chandigarh,Chandigarh,2024-12-22
11143,Sneha Patel,Male,59,Kolkata,West Bengal,2024-06-02
11144,Rohan Sharma,Female,43,Ahmedabad,Gujarat,2024-08-05
11145,Kavya Sethi,Female,51,Mumbai,Maharashtra,2025-04-30
11146,Priya Gupta,Male,36,Kochi,Kerala,2025-06-23
11147,Kabir Kapoor,Female,31,Indore,Madhya Pradesh,2024-05-09
11148,Meera Das,Male,25,Pune,Maharashtra,2024-03-06
11149,Ishaan Das,Male,18,Chandigarh,Chandigarh,2024-05-23
11150,Kabir Das,Female,42,Indore,Madhya Pradesh,2025-01-14
11151,Priya Kumar,Male,41,Patna,Bihar,2024-11-08
11152,Isha Shah,Male,37,Bhopal,Madhya Pradesh,2025-02-10
11153,Aditya Das,Female,47,Mumbai,Maharashtra,2025-02-10
11154,Kabir Kapoor,Female,22,Lucknow,Uttar Pradesh,2024-10-03
11155,Kabir Verma,Female,20,Delhi,Delhi,2025-09-06
11156,Rahul Kumar,Male,49,Coimbatore,Tamil Nadu,2025-02-12
11157,Isha Patel,Male,34,Hyderabad,Telangana,2024-11-09
11158,Aditya Mehta,Male,59,Coimbatore,Tamil Nadu,2025-07-02
11159,Rohan Nair,Male,22,Lucknow,Uttar Pradesh,2024-09-05
11160,Neha Mehta,Male,28,Ahmedabad,Gujarat,2025-04-05
11161,Karan Iyer,Female,55,Lucknow,Uttar Pradesh,2025-02-02
11162,Priya Shah,Male,21,Hyderabad,Telangana,2025-10-29
11163,Rohan Das,Male,56,Patna,Bihar,2025-03-26
11164,Karan Malhotra,Female,36,Pune,Maharashtra,2025-04-15
11165,Ankit Shah,Male,56,Ahmedabad,Gujarat,2025-10-05
11166,Aditya Kapoor,Other,40,Bengaluru,Karnataka,2025-07-12
11167,Diya Bansal,Male,34,Mumbai,Maharashtra,2025-03-09
11168,Diya Iyer,Female,30,Surat,Gujarat,2025-03-21
11169,Ankit Nair,Female,44,Chennai,Tamil Nadu,2025-12-07
11170,Ananya Reddy,Female,18,Delhi,Delhi,2024-04-12
11171,Rohan Bansal,Male,19,Hyderabad,Telangana,2024-11-23
11172,Ananya Chopra,Female,35,Surat,Gujarat,2025-11-13
11173,Diya Kapoor,Male,53,Dehradun,Uttarakhand,2025-08-23
11174,Vivaan Sharma,Male,50,Coimbatore,Tamil Nadu,2024-09-02
11175,Rahul Joshi,Male,53,Bengaluru,Karnataka,2024-02-27
11176,Ankit Iyer,Male,19,Dehradun,Uttarakhand,2024-04-14
11177,Neha Verma,Male,21,Lucknow,Uttar Pradesh,2025-11-22
11178,Neha Nair,Male,33,Patna,Bihar,2024-03-09
11179,Aditya Chopra,Male,21,Indore,Madhya Pradesh,2024-10-28
11180,Sneha Malhotra,Female,26,Lucknow,Uttar Pradesh,2024-06-01
11181,Aarav Gupta,Male,38,Mumbai,Maharashtra,2025-06-20
11182,Ananya Kumar,Female,40,Jaipur,Rajasthan,2024-02-04
11183,Ishaan Verma,Other,19,Mumbai,Maharashtra,2024-01-15
11184,Arjun Joshi,Male,20,Jaipur,Rajasthan,2024-04-15
11185,Ankit Kapoor,Female,40,Jaipur,Rajasthan,2025-12-30
11186,Aisha Nair,Female,43,Ahmedabad,Gujarat,2024-03-14
11187,Vivaan Agarwal,Male,24,Patna,Bihar,2024-10-11
11188,Ankit Iyer,Male,53,Delhi,Delhi,2025-07-03
11189,Arjun Sethi,Female,50,Lucknow,Uttar Pradesh,2024-07-15
11190,Riya Joshi,Female,53,Ahmedabad,Gujarat,2024-10-06
11191,Kabir Arora,Female,21,Chandigarh,Chandigarh,2025-11-16
11192,Sneha Reddy,Male,40,Pune,Maharashtra,2025-07-09
11193,Vivaan Iyer,Female,42,Bengaluru,Karnataka,2025-10-27
11194,Ananya Patel,Male,58,Bengaluru,Karnataka,2024-06-01
11195,Neha Sethi,Male,43,Bhubaneswar,Odisha,2024-10-17
11196,Ankit Gupta,Male,45,Chennai,Tamil Nadu,2024-05-21
11197,Vivaan Mehta,Male,45,Kochi,Kerala,2024-11-07
11198,Rohan Arora,Female,38,Kochi,Kerala,2025-10-07
11199,Karan Nair,Female,27,Coimbatore,Tamil Nadu,2024-02-01
11200,Sneha Nair,Female,44,Kolkata,West Bengal,2024-01-26
11201,Priya Joshi,Male,32,Mumbai,Maharashtra,2024-09-11
11202,Ananya Mehta,Female,34,Kochi,Kerala,2024-02-25
11203,Rahul Patel,Female,56,Coimbatore,Tamil Nadu,2024-10-19
11204,Vivaan Verma,Male,52,Chennai,Tamil Nadu,2025-09-28
11205,Karan Bansal,Female,22,Kochi,Kerala,2024-08-17
11206,Priya Chopra,Female,33,Patna,Bihar,2024-02-22
11207,Arjun Arora,Female,40,Patna,Bihar,2024-04-10
11208,Ankit Malhotra,Male,56,Chandigarh,Chandigarh,2025-04-11
11209,Kavya Verma,Female,26,Patna,Bihar,2024-09-23
11210,Meera Reddy,Female,50,Surat,Gujarat,2024-01-02
11211,Karan Singh,Male,52,Kochi,Kerala,2024-01-22
11212,Arjun Agarwal,Female,57,Nagpur,Maharashtra,2025-07-31
11213,Ankit Das,Male,41,Coimbatore,Tamil Nadu,2024-07-30
11214,Ananya Mehta,Female,41,Ahmedabad,Gujarat,2024-08-23
11215,Diya Verma,Female,41,Patna,Bihar,2025-06-12
11216,Meera Nair,Female,36,Chennai,Tamil Nadu,2025-01-22
11217,Riya Chopra,Female,56,Nagpur,Maharashtra,2024-01-14
11218,Ananya Arora,Male,42,Kolkata,West Bengal,2025-06-02
11219,Riya Sharma,Male,48,Ahmedabad,Gujarat,2024-08-09
11220,Ishaan Bansal,Female,55,Bhubaneswar,Odisha,2025-09-07
11221,Kavya Patel,Male,42,Kochi,Kerala,2025-02-06
11222,Ishaan Bansal,Male,44,Surat,Gujarat,2025-05-27
11223,Rahul Iyer,Male,49,Jaipur,Rajasthan,2024-10-13
11224,Aarav Gupta,Male,28,Indore,Madhya Pradesh,2025-01-18
11225,Rohan Sharma,Female,22,Surat,Gujarat,2024-09-03
11226,Rohan Arora,Female,50,Chandigarh,Chandigarh,2024-03-31
11227,Ananya Bansal,Male,36,Nagpur,Maharashtra,2024-11-07
11228,Ananya Singh,Male,60,Pune,Maharashtra,2025-03-12
11229,Ankit Bansal,Male,33,Patna,Bihar,2025-12-26
11230,Rohan Singh,Male,52,Pune,Maharashtra,2024-02-12
11231,Neha Das,Male,28,Bhopal,Madhya Pradesh,2024-03-14
11232,Sneha Iyer,Male,28,Surat,Gujarat,2025-07-14
11233,Riya Kapoor,Female,27,Pune,Maharashtra,2024-11-11
11234,Rohan Joshi,Female,51,Jaipur,Rajasthan,2024-05-23
11235,Sneha Arora,Male,22,Coimbatore,Tamil Nadu,2024-11-24
11236,Ankit Shah,Female,40,Nagpur,Maharashtra,2024-07-27
11237,Karan Kumar,Female,42,Ahmedabad,Gujarat,2024-04-08
11238,Rohan Verma,Male,46,Bhubaneswar,Odisha,2025-11-30
11239,Ishaan Patel,Male,57,Bhubaneswar,Odisha,2024-04-23
11240,Aarav Gupta,Female,30,Dehradun,Uttarakhand,2024-06-23
11241,Riya Mehta,Male,49,Pune,Maharashtra,2024-09-27
11242,Kavya Kapoor,Female,51,Bengaluru,Karnataka,2024-03-03
11243,Ananya Patel,Female,29,Bhubaneswar,Odisha,2025-02-07
11244,Meera Nair,Male,41,Chandigarh,Chandigarh,2024-08-12
11245,Ankit Verma,Female,57,Pune,Maharashtra,2024-06-09
11246,Ankit Reddy,Female,38,Patna,Bihar,2024-02-05
11247,Diya Bansal,Male,46,Bhopal,Madhya Pradesh,2025-01-15
11248,Kavya Sharma,Male,40,Bengaluru,Karnataka,2025-10-14
11249,Ankit Patel,Female,50,Kochi,Kerala,2024-11-13
11250,Ankit Singh,Female,25,Indore,Madhya Pradesh,2025-12-08
11251,Priya Bansal,Female,59,Mumbai,Maharashtra,2025-10-24
11252,Vivaan Iyer,Female,30,Bengaluru,Karnataka,2025-03-31
11253,Kavya Chopra,Male,22,Chennai,Tamil Nadu,2024-09-25
11254,Karan Mehta,Male,58,Lucknow,Uttar Pradesh,2024-12-09
11255,Ishaan Arora,Male,27,Ahmedabad,Gujarat,2024-02-09
11256,Karan Gupta,Male,31,Kochi,Kerala,2025-02-17
11257,Aarav Nair,Female,41,Pune,Maharashtra,2025-01-14
11258,Vivaan Sharma,Other,28,Surat,Gujarat,2024-08-09
11259,Riya Nair,Female,20,Patna,Bihar,2024-10-07
11260,Isha Chopra,Female,46,Hyderabad,Telangana,2024-08-12
11261,Aarav Das,Male,47,Indore,Madhya Pradesh,2025-04-01
11262,Kabir Joshi,Male,54,Bhubaneswar,Odisha,2024-06-02
11263,Vivaan Chopra,Male,24,Delhi,Delhi,2024-10-06
11264,Kavya Arora,Female,34,Nagpur,Maharashtra,2024-12-18
11265,Aditya Verma,Male,37,Indore,Madhya Pradesh,2024-02-08
11266,Sneha Reddy,Female,28,Chandigarh,Chandigarh,2025-12-29
11267,Riya Mehta,Female,42,Kochi,Kerala,2025-09-12
11268,Riya Bansal,Male,41,Mumbai,Maharashtra,2025-07-26
11269,Diya Sharma,Male,19,Bengaluru,Karnataka,2025-05-03
11270,Karan Patel,Female,44,Chandigarh,Chandigarh,2024-07-16
11271,Ananya Bansal,Male,36,Mumbai,Maharashtra,2024-10-02
11272,Ankit Agarwal,Female,46,Indore,Madhya Pradesh,2024-06-20
11273,Kavya Kapoor,Female,54,Indore,Madhya Pradesh,2025-05-22
11274,Neha Nair,Male,28,Bhubaneswar,Odisha,2025-02-08
11275,Priya Shah,Male,36,Bengaluru,Karnataka,2024-09-27
11276,Vivaan Reddy,Male,45,Pune,Maharashtra,2025-07-07
11277,Arjun Reddy,Female,56,Bhopal,Madhya Pradesh,2025-12-01
11278,Aarav Kumar,Male,38,Dehradun,Uttarakhand,2025-10-25
11279,Isha Singh,Female,43,Patna,Bihar,2024-05-10
11280,Aisha Sethi,Female,39,Kochi,Kerala,2025-09-17
11281,Karan Shah,Female,23,Nagpur,Maharashtra,2025-01-19
11282,Arjun Kapoor,Male,28,Kochi,Kerala,2025-01-31
11283,Ankit Sethi,Female,31,Surat,Gujarat,2025-07-19
11284,Sneha Sharma,Female,53,Chandigarh,Chandigarh,2024-10-22
11285,Riya Agarwal,Female,57,Pune,Maharashtra,2025-01-17
11286,Kabir Iyer,Female,58,Dehradun,Uttarakhand,2025-05-26
11287,Sneha Nair,Female,19,Chennai,Tamil Nadu,2025-01-29
11288,Meera Iyer,Female,60,Delhi,Delhi,2025-07-07
11289,Aarav Joshi,Male,37,Patna,Bihar,2025-08-27
11290,Ananya Kapoor,Female,39,Bengaluru,Karnataka,2024-09-16
11291,Vivaan Kapoor,Male,56,Indore,Madhya Pradesh,2024-10-07
11292,Karan Singh,Female,21,Bhopal,Madhya Pradesh,2024-12-21
11293,Riya Kapoor,Female,46,Bhubaneswar,Odisha,2025-02-23
11294,Meera Iyer,Male,41,Hyderabad,Telangana,2024-07-10
11295,Kabir Patel,Female,18,Bhubaneswar,Odisha,2025-09-28
11296,Aisha Gupta,Female,41,Chennai,Tamil Nadu,2025-03-03
11297,Sneha Joshi,Male,47,Nagpur,Maharashtra,2024-12-13
11298,Aditya Malhotra,Female,29,Delhi,Delhi,2025-03-04
11299,Karan Singh,Male,36,Bhopal,Madhya Pradesh,2025-01-26
11300,Ananya Verma,Female,54,Surat,Gujarat,2024-12-06
11301,Vivaan Verma,Female,57,Jaipur,Rajasthan,2025-06-30
11302,Priya Mehta,Female,60,Surat,Gujarat,2025-02-05
11303,Ananya Reddy,Female,21,Patna,Bihar,2024-02-16
11304,Riya Kapoor,Female,32,Hyderabad,Telangana,2025-10-26
11305,Aisha Chopra,Male,37,Kochi,Kerala,2025-02-28
11306,Kabir Verma,Male,37,Chennai,Tamil Nadu,2025-05-31
11307,Ananya Kapoor,Female,38,Chennai,Tamil Nadu,2025-09-28
11308,Vivaan Shah,Female,27,Lucknow,Uttar Pradesh,2024-11-23
11309,Kabir Sharma,Female,47,Kolkata,West Bengal,2024-03-27
11310,Ishaan Kumar,Female,41,Pune,Maharashtra,2025-05-29
11311,Ananya Bansal,Female,57,Bhopal,Madhya Pradesh,2024-06-13
11312,Meera Chopra,Male,57,Lucknow,Uttar Pradesh,2024-08-10
11313,Karan Agarwal,Female,55,Indore,Madhya Pradesh,2024-10-23
11314,Rahul Kapoor,Male,20,Mumbai,Maharashtra,2025-03-26
11315,Isha Arora,Male,46,Pune,Maharashtra,2024-12-08
11316,Kabir Singh,Female,25,Dehradun,Uttarakhand,2024-12-06
11317,Aisha Reddy,Female,46,Hyderabad,Telangana,2025-04-05
11318,Kabir Singh,Male,27,Ahmedabad,Gujarat,2025-01-26
11319,Priya Verma,Female,22,Dehradun,Uttarakhand,2025-06-20
11320,Ankit Malhotra,Female,28,Coimbatore,Tamil Nadu,2025-07-04
11321,Kavya Patel,Female,21,Indore,Madhya Pradesh,2025-02-24
11322,Aisha Iyer,Female,52,Bhopal,Madhya Pradesh,2025-01-15
11323,Rahul Sethi,Male,57,Chandigarh,Chandigarh,2025-09-08
11324,Diya Das,Female,29,Lucknow,Uttar Pradesh,2024-01-05
11325,Riya Sethi,Female,38,Mumbai,Maharashtra,2025-10-09
11326,Isha Joshi,Female,33,Jaipur,Rajasthan,2024-01-04
11327,Ankit Reddy,Female,31,Patna,Bihar,2025-11-11
11328,Ishaan Gupta,Male,38,Bengaluru,Karnataka,2024-11-11
11329,Karan Kapoor,Male,44,Kolkata,West Bengal,2024-03-18
11330,Aditya Reddy,Female,53,Chennai,Tamil Nadu,2025-06-14
11331,Isha Agarwal,Female,18,Chennai,Tamil Nadu,2025-12-17
11332,Meera Joshi,Female,18,Surat,Gujarat,2024-12-20
11333,Arjun Sharma,Male,39,Patna,Bihar,2024-02-02
11334,Rohan Bansal,Male,32,Jaipur,Rajasthan,2025-10-23
11335,Aarav Kumar,Male,37,Bengaluru,Karnataka,2025-12-05
11336,Arjun Mehta,Female,20,Dehradun,Uttarakhand,2024-05-18
11337,Priya Sethi,Male,31,Patna,Bihar,2024-09-28
11338,Ananya Singh,Female,26,Chandigarh,Chandigarh,2024-07-14
11339,Kabir Agarwal,Male,36,Bengaluru,Karnataka,2024-05-06
11340,Meera Reddy,Female,57,Bhubaneswar,Odisha,2024-12-14
11341,Aisha Singh,Male,51,Bhubaneswar,Odisha,2024-02-13
11342,Aisha Shah,Male,21,Patna,Bihar,2025-12-28
11343,Neha Gupta,Female,50,Bengaluru,Karnataka,2024-08-31
11344,Ishaan Singh,Female,60,Bengaluru,Karnataka,2024-01-09
11345,Karan Arora,Male,54,Kolkata,West Bengal,2025-12-12
11346,Aisha Das,Female,19,Indore,Madhya Pradesh,2024-03-19
11347,Meera Nair,Male,44,Surat,Gujarat,2024-07-08
11348,Arjun Joshi,Male,34,Jaipur,Rajasthan,2024-03-26
11349,Karan Bansal,Male,48,Hyderabad,Telangana,2025-04-29
11350,Meera Nair,Male,58,Bhopal,Madhya Pradesh,2024-09-27
11351,Ankit Gupta,Female,23,Chennai,Tamil Nadu,2025-05-27
11352,Ananya Sharma,Male,48,Mumbai,Maharashtra,2024-01-20
11353,Ananya Malhotra,Female,20,Lucknow,Uttar Pradesh,2025-05-03
11354,Kabir Malhotra,Male,57,Jaipur,Rajasthan,2024-05-09
11355,Meera Reddy,Female,20,Bengaluru,Karnataka,2025-10-04
11356,Aarav Verma,Male,50,Jaipur,Rajasthan,2024-01-07
11357,Rahul Malhotra,Male,30,Bengaluru,Karnataka,2025-12-04
11358,Ananya Das,Male,38,Mumbai,Maharashtra,2024-11-05
11359,Kabir Bansal,Female,54,Kochi,Kerala,2025-09-18
11360,Kavya Singh,Female,33,Chandigarh,Chandigarh,2025-04-17
11361,Aditya Malhotra,Female,38,Jaipur,Rajasthan,2024-04-11
11362,Kabir Bansal,Male,30,Surat,Gujarat,2024-12-03
11363,Vivaan Sharma,Female,21,Ahmedabad,Gujarat,2024-11-14
11364,Diya Arora,Female,48,Chennai,Tamil Nadu,2025-05-27
11365,Vivaan Kumar,Male,26,Lucknow,Uttar Pradesh,2024-01-25
11366,Aisha Kumar,Male,50,Mumbai,Maharashtra,2025-12-21
11367,Ishaan Shah,Female,54,Surat,Gujarat,2025-03-05
11368,Ankit Kapoor,Female,54,Kolkata,West Bengal,2024-05-22
11369,Aisha Patel,Male,41,Ahmedabad,Gujarat,2025-12-09
11370,Meera Chopra,Female,42,Chennai,Tamil Nadu,2025-10-18
11371,Diya Shah,Female,58,Nagpur,Maharashtra,2024-05-28
11372,Priya Nair,Female,46,Bhubaneswar,Odisha,2025-11-23
11373,Ankit Gupta,Male,57,Kolkata,West Bengal,2024-02-24
11374,Rohan Sethi,Female,53,Chennai,Tamil Nadu,2025-04-15
11375,Arjun Sharma,Male,32,Nagpur,Maharashtra,2024-12-28
11376,Aarav Kapoor,Male,35,Indore,Madhya Pradesh,2025-10-11
11377,Ishaan Arora,Female,37,Chennai,Tamil Nadu,2024-07-27
11378,Rahul Mehta,Male,22,Indore,Madhya Pradesh,2024-07-03
11379,Karan Kumar,Male,35,Patna,Bihar,2024-03-05
11380,Kabir Sethi,Male,57,Bhubaneswar,Odisha,2025-07-02
11381,Sneha Nair,Male,18,Ahmedabad,Gujarat,2024-04-21
11382,Ankit Sethi,Male,36,Indore,Madhya Pradesh,2024-09-19
11383,Priya Gupta,Male,40,Coimbatore,Tamil Nadu,2024-03-16
11384,Isha Reddy,Female,43,Bengaluru,Karnataka,2024-10-22
11385,Rohan Sethi,Male,46,Ahmedabad,Gujarat,2024-06-26
11386,Isha Iyer,Other,51,Mumbai,Maharashtra,2024-01-01
11387,Kabir Gupta,Male,36,Ahmedabad,Gujarat,2024-05-27
11388,Sneha Das,Male,35,Indore,Madhya Pradesh,2025-11-01
11389,Sneha Gupta,Female,19,Indore,Madhya Pradesh,2025-10-23
11390,Ankit Chopra,Male,44,Delhi,Delhi,2024-05-08
11391,Ananya Singh,Female,23,Kolkata,West Bengal,2025-09-29
11392,Arjun Kapoor,Female,56,Coimbatore,Tamil Nadu,2025-05-27
11393,Riya Malhotra,Male,23,Nagpur,Maharashtra,2025-09-20
11394,Meera Sharma,Female,23,Ahmedabad,Gujarat,2025-05-16
11395,Karan Bansal,Male,48,Delhi,Delhi,2024-05-28
11396,Arjun Gupta,Other,58,Nagpur,Maharashtra,2024-09-25
11397,Ananya Das,Female,57,Jaipur,Rajasthan,2025-12-01
11398,Vivaan Agarwal,Female,47,Indore,Madhya Pradesh,2025-10-14
11399,Arjun Nair,Male,38,Lucknow,Uttar Pradesh,2024-04-14
11400,Kabir Patel,Male,58,Indore,Madhya Pradesh,2025-04-10
11401,Aditya Gupta,Male,35,Chandigarh,Chandigarh,2024-10-07
11402,Rahul Das,Male,40,Hyderabad,Telangana,2025-02-10
11403,Riya Patel,Female,55,Kolkata,West Bengal,2025-09-04
11404,Priya Joshi,Female,40,Pune,Maharashtra,2024-12-23
11405,Aditya Bansal,Male,45,Chennai,Tamil Nadu,2025-11-05
11406,Vivaan Chopra,Female,53,Lucknow,Uttar Pradesh,2024-07-21
11407,Rahul Kapoor,Female,42,Indore,Madhya Pradesh,2025-09-03
11408,Diya Gupta,Female,24,Coimbatore,Tamil Nadu,2024-10-07
11409,Arjun Kumar,Male,35,Chandigarh,Chandigarh,2024-09-13
11410,Rahul Sharma,Male,37,Chandigarh,Chandigarh,2024-04-03
11411,Aisha Bansal,Female,22,Lucknow,Uttar Pradesh,2024-11-19
11412,Riya Kumar,Female,35,Pune,Maharashtra,2024-12-27
11413,Isha Agarwal,Female,59,Bhubaneswar,Odisha,2025-10-23
11414,Ankit Das,Female,57,Hyderabad,Telangana,2024-12-16
11415,Meera Agarwal,Male,50,Mumbai,Maharashtra,2024-03-02
11416,Ananya Chopra,Female,32,Bhopal,Madhya Pradesh,2025-10-02
11417,Kavya Agarwal,Male,52,Indore,Madhya Pradesh,2024-07-05
11418,Kabir Patel,Female,18,Kochi,Kerala,2025-08-02
11419,Vivaan Chopra,Female,38,Pune,Maharashtra,2025-06-25
11420,Ankit Malhotra,Female,25,Mumbai,Maharashtra,2024-10-30
11421,Aarav Kapoor,Female,24,Indore,Madhya Pradesh,2025-09-30
11422,Ishaan Gupta,Female,58,Bhopal,Madhya Pradesh,2025-03-11
11423,Neha Gupta,Male,57,Patna,Bihar,2024-07-31
11424,Meera Shah,Male,57,Jaipur,Rajasthan,2025-02-09
11425,Aditya Nair,Female,47,Patna,Bihar,2024-05-13
11426,Diya Gupta,Male,55,Ahmedabad,Gujarat,2024-08-06
11427,Ankit Kapoor,Male,52,Mumbai,Maharashtra,2025-02-24
11428,Ishaan Agarwal,Male,19,Indore,Madhya Pradesh,2024-11-14
11429,Neha Joshi,Female,25,Bengaluru,Karnataka,2024-06-05
11430,Rohan Patel,Male,55,Nagpur,Maharashtra,2024-07-06
11431,Arjun Shah,Female,21,Kolkata,West Bengal,2025-04-20
11432,Neha Agarwal,Female,54,Coimbatore,Tamil Nadu,2024-06-10
11433,Rahul Chopra,Female,38,Pune,Maharashtra,2024-05-08
11434,Arjun Nair,Male,30,Chandigarh,Chandigarh,2024-10-30
11435,Ishaan Iyer,Female,26,Jaipur,Rajasthan,2024-03-29
11436,Vivaan Bansal,Other,46,Mumbai,Maharashtra,2024-06-10
11437,Neha Gupta,Female,58,Surat,Gujarat,2024-02-05
11438,Karan Arora,Female,41,Chennai,Tamil Nadu,2024-08-14
11439,Isha Sethi,Female,33,Hyderabad,Telangana,2024-05-30
11440,Isha Iyer,Male,29,Dehradun,Uttarakhand,2025-08-15
11441,Karan Sethi,Female,19,Hyderabad,Telangana,2024-02-16
11442,Meera Singh,Male,36,Bhubaneswar,Odisha,2025-12-16
11443,Sneha Sethi,Male,47,Hyderabad,Telangana,2025-10-21
11444,Priya Joshi,Other,33,Patna,Bihar,2024-08-18
11445,Vivaan Arora,Male,41,Kochi,Kerala,2025-06-22
11446,Neha Arora,Male,30,Patna,Bihar,2025-12-01
11447,Meera Das,Female,22,Chandigarh,Chandigarh,2024-06-13
11448,Isha Shah,Other,40,Delhi,Delhi,2025-12-24
11449,Aisha Patel,Male,55,Bhubaneswar,Odisha,2025-08-09
11450,Isha Das,Female,48,Bhubaneswar,Odisha,2025-08-26
11451,Arjun Joshi,Male,34,Bhopal,Madhya Pradesh,2025-07-27
11452,Meera Patel,Male,20,Surat,Gujarat,2024-03-06
11453,Ananya Shah,Male,43,Kochi,Kerala,2024-03-20
11454,Arjun Arora,Male,30,Hyderabad,Telangana,2024-05-19
11455,Aditya Gupta,Male,55,Bengaluru,Karnataka,2025-02-03
11456,Neha Kapoor,Male,39,Dehradun,Uttarakhand,2024-05-09
11457,Riya Arora,Female,38,Kochi,Kerala,2025-03-21
11458,Riya Nair,Female,46,Pune,Maharashtra,2024-01-29
11459,Neha Reddy,Female,56,Lucknow,Uttar Pradesh,2024-07-20
11460,Ananya Das,Female,22,Delhi,Delhi,2024-08-24
11461,Arjun Agarwal,Male,31,Kolkata,West Bengal,2025-08-21
11462,Ananya Nair,Female,35,Surat,Gujarat,2025-08-30
11463,Kavya Singh,Female,21,Surat,Gujarat,2024-12-04
11464,Isha Singh,Male,50,Coimbatore,Tamil Nadu,2025-02-02
11465,Meera Sethi,Male,56,Lucknow,Uttar Pradesh,2025-03-14
11466,Kabir Iyer,Female,37,Mumbai,Maharashtra,2024-10-15
11467,Isha Joshi,Female,30,Bhopal,Madhya Pradesh,2024-09-08
11468,Neha Singh,Female,53,Mumbai,Maharashtra,2025-11-22
11469,Riya Mehta,Male,21,Hyderabad,Telangana,2024-04-09
11470,Kabir Nair,Male,52,Patna,Bihar,2025-08-07
11471,Aisha Sethi,Female,25,Bengaluru,Karnataka,2025-02-25
11472,Sneha Singh,Female,57,Indore,Madhya Pradesh,2025-10-04
11473,Aisha Malhotra,Male,53,Jaipur,Rajasthan,2025-11-24
11474,Riya Kumar,Male,23,Pune,Maharashtra,2025-12-06
11475,Diya Kumar,Female,39,Surat,Gujarat,2024-01-18
11476,Arjun Nair,Female,23,Lucknow,Uttar Pradesh,2025-04-15
11477,Arjun Reddy,Male,59,Dehradun,Uttarakhand,2025-09-29
11478,Kavya Arora,Male,53,Mumbai,Maharashtra,2025-12-23
11479,Kavya Kumar,Female,26,Surat,Gujarat,2024-01-07
11480,Sneha Patel,Female,33,Bhopal,Madhya Pradesh,2025-02-22
11481,Aisha Nair,Male,56,Dehradun,Uttarakhand,2025-01-14
11482,Ananya Kumar,Male,55,Lucknow,Uttar Pradesh,2025-05-22
11483,Ishaan Patel,Female,50,Bengaluru,Karnataka,2024-04-23
11484,Ananya Singh,Male,35,Patna,Bihar,2025-05-25
11485,Arjun Nair,Female,29,Kochi,Kerala,2025-08-18
11486,Vivaan Nair,Female,44,Surat,Gujarat,2025-09-05
11487,Vivaan Kapoor,Male,18,Nagpur,Maharashtra,2025-04-13
11488,Kabir Malhotra,Female,32,Chennai,Tamil Nadu,2024-04-02
11489,Ankit Kumar,Female,44,Dehradun,Uttarakhand,2025-05-06
11490,Ankit Sethi,Female,33,Kolkata,West Bengal,2024-04-11
11491,Rahul Kumar,Male,38,Coimbatore,Tamil Nadu,2025-05-07
11492,Aisha Chopra,Other,18,Chennai,Tamil Nadu,2025-06-19
11493,Ishaan Kapoor,Male,46,Bengaluru,Karnataka,2025-04-29
11494,Kabir Kumar,Female,20,Delhi,Delhi,2025-04-23
11495,Ankit Iyer,Female,29,Kolkata,West Bengal,2024-06-15
11496,Ankit Bansal,Male,45,Surat,Gujarat,2024-05-19
11497,Rohan Bansal,Female,56,Mumbai,Maharashtra,2024-04-03
11498,Sneha Sethi,Female,54,Bengaluru,Karnataka,2024-06-29
11499,Karan Iyer,Male,48,Patna,Bihar,2025-07-29
11500,Aarav Sharma,Male,48,Kochi,Kerala,2024-01-04
11501,Neha Nair,Female,50,Bhubaneswar,Odisha,2025-08-28
11502,Ishaan Arora,Male,50,Surat,Gujarat,2025-01-23
11503,Diya Singh,Male,57,Kochi,Kerala,2024-09-28
11504,Neha Patel,Female,28,Nagpur,Maharashtra,2024-05-11
11505,Rahul Patel,Female,46,Ahmedabad,Gujarat,2025-08-06
11506,Neha Gupta,Female,42,Bhopal,Madhya Pradesh,2025-08-15
11507,Kabir Nair,Male,30,Patna,Bihar,2025-05-26
11508,Kavya Chopra,Male,36,Ahmedabad,Gujarat,2025-11-16
11509,Karan Kumar,Male,53,Surat,Gujarat,2024-02-21
11510,Rohan Sharma,Female,45,Bhopal,Madhya Pradesh,2024-10-16
11511,Priya Kumar,Female,21,Bhubaneswar,Odisha,2025-03-21
11512,Sneha Sharma,Male,20,Dehradun,Uttarakhand,2024-08-24
11513,Arjun Joshi,Male,55,Pune,Maharashtra,2025-05-05
11514,Riya Singh,Female,54,Bengaluru,Karnataka,2024-10-06
11515,Aarav Verma,Female,60,Kochi,Kerala,2024-02-13
11516,Aisha Chopra,Male,42,Bengaluru,Karnataka,2024-12-24
11517,Diya Reddy,Female,58,Dehradun,Uttarakhand,2025-10-07
11518,Aarav Mehta,Male,52,Bhopal,Madhya Pradesh,2025-07-21
11519,Priya Agarwal,Female,46,Surat,Gujarat,2025-06-09
11520,Neha Kumar,Female,58,Bhopal,Madhya Pradesh,2025-11-20
11521,Arjun Singh,Female,46,Pune,Maharashtra,2025-04-06
11522,Ananya Patel,Male,29,Patna,Bihar,2024-04-10
11523,Ankit Agarwal,Male,52,Kochi,Kerala,2025-11-22
11524,Rohan Sharma,Female,37,Dehradun,Uttarakhand,2025-04-05
11525,Aarav Kapoor,Male,34,Hyderabad,Telangana,2024-09-24
11526,Ishaan Shah,Female,29,Jaipur,Rajasthan,2024-12-27
11527,Meera Agarwal,Other,53,Kolkata,West Bengal,2025-02-11
11528,Diya Reddy,Other,27,Nagpur,Maharashtra,2024-02-06
11529,Kavya Joshi,Female,35,Mumbai,Maharashtra,2025-04-12
11530,Kavya Bansal,Female,47,Ahmedabad,Gujarat,2025-12-16
11531,Rohan Shah,Other,25,Lucknow,Uttar Pradesh,2024-09-15
11532,Kabir Iyer,Male,58,Indore,Madhya Pradesh,2025-05-23
11533,Riya Nair,Male,30,Patna,Bihar,2025-10-28
11534,Isha Verma,Male,48,Ahmedabad,Gujarat,2024-11-04
11535,Rohan Singh,Male,23,Bhubaneswar,Odisha,2025-09-03
11536,Sneha Iyer,Female,24,Bhubaneswar,Odisha,2024-09-29
11537,Aarav Gupta,Female,38,Bhopal,Madhya Pradesh,2025-09-16
11538,Aarav Reddy,Female,55,Surat,Gujarat,2024-04-19
11539,Aisha Nair,Female,60,Kolkata,West Bengal,2025-10-16
11540,Aditya Patel,Female,45,Lucknow,Uttar Pradesh,2025-11-09
11541,Ankit Das,Female,38,Indore,Madhya Pradesh,2024-09-16
11542,Aditya Mehta,Male,38,Delhi,Delhi,2025-10-18
11543,Rahul Iyer,Female,41,Kolkata,West Bengal,2024-09-24
11544,Karan Sethi,Male,44,Jaipur,Rajasthan,2024-02-01
11545,Aditya Patel,Female,44,Ahmedabad,Gujarat,2025-12-31
11546,Aisha Joshi,Male,30,Lucknow,Uttar Pradesh,2024-06-25
11547,Rohan Arora,Female,46,Coimbatore,Tamil Nadu,2024-04-13
11548,Aisha Arora,Female,56,Jaipur,Rajasthan,2024-08-23
11549,Kavya Arora,Female,45,Patna,Bihar,2024-04-02
11550,Kavya Nair,Female,54,Kochi,Kerala,2024-07-19
11551,Ananya Sharma,Female,46,Bhopal,Madhya Pradesh,2025-08-19
11552,Aisha Agarwal,Male,39,Surat,Gujarat,2024-02-04
11553,Vivaan Singh,Male,53,Nagpur,Maharashtra,2024-04-26
11554,Meera Singh,Female,47,Dehradun,Uttarakhand,2025-11-18
11555,Rohan Patel,Male,45,Delhi,Delhi,2025-04-02
11556,Sneha Verma,Male,40,Chandigarh,Chandigarh,2025-04-15
11557,Aisha Patel,Female,50,Ahmedabad,Gujarat,2025-02-02
11558,Neha Sethi,Male,21,Bhubaneswar,Odisha,2025-08-19
11559,Rahul Agarwal,Male,20,Delhi,Delhi,2024-04-26
11560,Neha Kumar,Male,49,Mumbai,Maharashtra,2024-12-27
11561,Vivaan Malhotra,Male,21,Delhi,Delhi,2024-07-22
11562,Sneha Gupta,Female,18,Delhi,Delhi,2024-05-25
11563,Sneha Nair,Female,29,Jaipur,Rajasthan,2025-03-19
11564,Ishaan Agarwal,Female,30,Indore,Madhya Pradesh,2025-12-27
11565,Ankit Kumar,Male,51,Delhi,Delhi,2025-09-08
11566,Ankit Sharma,Female,46,Indore,Madhya Pradesh,2024-10-23
11567,Kavya Nair,Male,26,Dehradun,Uttarakhand,2025-08-03
11568,Rahul Das,Female,48,Pune,Maharashtra,2025-05-01
11569,Neha Nair,Female,24,Mumbai,Maharashtra,2024-08-18
11570,Isha Agarwal,Female,30,Kolkata,West Bengal,2024-07-21
11571,Vivaan Joshi,Female,19,Pune,Maharashtra,2024-12-27
11572,Arjun Sharma,Male,50,Bhopal,Madhya Pradesh,2025-01-29
11573,Sneha Malhotra,Male,24,Bhubaneswar,Odisha,2024-09-04
11574,Neha Chopra,Female,35,Surat,Gujarat,2025-03-15
11575,Kabir Joshi,Male,25,Mumbai,Maharashtra,2025-01-30
11576,Ishaan Reddy,Male,29,Chandigarh,Chandigarh,2025-10-17
11577,Riya Kapoor,Male,60,Kochi,Kerala,2024-12-21
11578,Ishaan Mehta,Male,47,Patna,Bihar,2025-02-04
11579,Neha Das,Female,26,Ahmedabad,Gujarat,2024-08-28
11580,Ishaan Patel,Female,45,Lucknow,Uttar Pradesh,2024-12-06
11581,Arjun Das,Male,21,Bengaluru,Karnataka,2024-08-16
11582,Karan Iyer,Male,56,Kolkata,West Bengal,2025-06-26
11583,Aisha Arora,Female,34,Jaipur,Rajasthan,2025-09-12
11584,Arjun Verma,Female,28,Kolkata,West Bengal,2025-06-22
11585,Rohan Sethi,Other,19,Jaipur,Rajasthan,2025-11-02
11586,Kabir Kapoor,Female,40,Pune,Maharashtra,2025-06-12
11587,Ananya Nair,Female,39,Jaipur,Rajasthan,2024-09-23
11588,Arjun Mehta,Female,43,Bhubaneswar,Odisha,2024-05-08
11589,Rahul Joshi,Female,29,Kochi,Kerala,2024-08-07
11590,Arjun Kapoor,Male,49,Ahmedabad,Gujarat,2024-03-22
11591,Sneha Arora,Female,26,Ahmedabad,Gujarat,2025-07-14
11592,Diya Joshi,Male,60,Bhubaneswar,Odisha,2025-07-06
11593,Kabir Bansal,Female,22,Dehradun,Uttarakhand,2024-01-20
11594,Riya Chopra,Male,43,Surat,Gujarat,2024-11-22
11595,Ankit Joshi,Female,24,Pune,Maharashtra,2024-02-06
11596,Sneha Arora,Male,46,Lucknow,Uttar Pradesh,2025-01-16
11597,Ananya Chopra,Female,50,Dehradun,Uttarakhand,2024-02-08
11598,Riya Agarwal,Male,41,Nagpur,Maharashtra,2024-04-18
11599,Neha Das,Male,42,Hyderabad,Telangana,2025-03-04
11600,Priya Sethi,Male,48,Kolkata,West Bengal,2024-03-04
11601,Aditya Iyer,Male,46,Bengaluru,Karnataka,2024-06-23
11602,Neha Bansal,Male,22,Jaipur,Rajasthan,2024-02-01
11603,Aarav Kumar,Male,55,Chandigarh,Chandigarh,2025-12-21
11604,Isha Reddy,Female,28,Bhopal,Madhya Pradesh,2025-06-14
11605,Rahul Das,Male,49,Lucknow,Uttar Pradesh,2024-04-15
11606,Isha Malhotra,Male,25,Bhubaneswar,Odisha,2025-04-26
11607,Aditya Mehta,Other,37,Kochi,Kerala,2024-07-24
11608,Sneha Sharma,Female,51,Kochi,Kerala,2024-09-03
11609,Aisha Mehta,Male,59,Indore,Madhya Pradesh,2025-11-09
11610,Ananya Mehta,Female,25,Indore,Madhya Pradesh,2024-03-29
11611,Kavya Shah,Female,19,Coimbatore,Tamil Nadu,2024-11-11
11612,Aarav Mehta,Male,38,Coimbatore,Tamil Nadu,2024-01-11
11613,Neha Joshi,Male,32,Bhopal,Madhya Pradesh,2024-02-18
11614,Aisha Nair,Female,23,Hyderabad,Telangana,2025-07-26
11615,Aarav Gupta,Male,22,Indore,Madhya Pradesh,2024-06-19
11616,Ankit Bansal,Female,20,Ahmedabad,Gujarat,2024-05-22
11617,Isha Kapoor,Male,60,Coimbatore,Tamil Nadu,2024-07-25
11618,Ishaan Iyer,Female,60,Kochi,Kerala,2025-04-07
11619,Riya Mehta,Female,33,Bhubaneswar,Odisha,2025-05-23
11620,Meera Singh,Male,52,Kolkata,West Bengal,2024-07-19
11621,Diya Mehta,Female,26,Bhubaneswar,Odisha,2024-01-05
11622,Riya Reddy,Female,52,Coimbatore,Tamil Nadu,2024-07-29
11623,Ishaan Kumar,Female,36,Chennai,Tamil Nadu,2024-01-29
11624,Neha Nair,Female,60,Jaipur,Rajasthan,2024-07-08
11625,Riya Das,Male,51,Bengaluru,Karnataka,2024-07-06
11626,Ananya Kapoor,Female,56,Chandigarh,Chandigarh,2024-05-29
11627,Karan Gupta,Male,27,Coimbatore,Tamil Nadu,2025-06-08
11628,Vivaan Gupta,Male,27,Bengaluru,Karnataka,2024-12-31
11629,Ishaan Reddy,Male,37,Surat,Gujarat,2024-06-05
11630,Arjun Kapoor,Male,18,Delhi,Delhi,2024-03-20
11631,Riya Reddy,Male,23,Pune,Maharashtra,2024-09-29
11632,Rohan Reddy,Female,19,Kochi,Kerala,2025-10-21
11633,Rahul Kumar,Female,55,Patna,Bihar,2025-12-18
11634,Rahul Patel,Male,50,Dehradun,Uttarakhand,2025-09-17
11635,Diya Chopra,Male,20,Chennai,Tamil Nadu,2025-06-01
11636,Karan Shah,Female,53,Hyderabad,Telangana,2024-08-19
11637,Sneha Reddy,Male,30,Kochi,Kerala,2025-10-10
11638,Aditya Reddy,Male,52,Dehradun,Uttarakhand,2024-06-08
11639,Riya Kapoor,Female,32,Bhubaneswar,Odisha,2024-12-09
11640,Kabir Mehta,Male,39,Patna,Bihar,2024-10-15
11641,Diya Nair,Male,60,Coimbatore,Tamil Nadu,2024-07-23
11642,Arjun Bansal,Female,21,Jaipur,Rajasthan,2024-10-31
11643,Ishaan Gupta,Female,34,Hyderabad,Telangana,2024-12-25
11644,Kavya Verma,Male,22,Mumbai,Maharashtra,2025-10-31
11645,Ananya Nair,Female,38,Hyderabad,Telangana,2025-02-03
11646,Vivaan Patel,Female,41,Mumbai,Maharashtra,2025-03-24
11647,Priya Patel,Male,48,Surat,Gujarat,2024-04-15
11648,Diya Bansal,Male,57,Mumbai,Maharashtra,2024-03-22
11649,Meera Mehta,Male,47,Hyderabad,Telangana,2024-12-07
11650,Kavya Singh,Male,59,Kolkata,West Bengal,2025-02-24
11651,Rohan Mehta,Male,24,Pune,Maharashtra,2024-02-18
11652,Arjun Verma,Male,24,Chandigarh,Chandigarh,2024-07-24
11653,Isha Reddy,Male,44,Coimbatore,Tamil Nadu,2024-08-05
11654,Aarav Bansal,Female,41,Coimbatore,Tamil Nadu,2025-11-06
11655,Ishaan Nair,Female,36,Kochi,Kerala,2025-03-11
11656,Ananya Shah,Female,58,Bengaluru,Karnataka,2024-11-17
11657,Ankit Verma,Female,51,Indore,Madhya Pradesh,2024-08-18
11658,Kabir Singh,Female,39,Bhubaneswar,Odisha,2025-12-11
11659,Ananya Iyer,Female,44,Ahmedabad,Gujarat,2025-05-01
11660,Riya Mehta,Male,23,Surat,Gujarat,2025-03-04
11661,Ankit Agarwal,Male,27,Delhi,Delhi,2025-12-26
11662,Rohan Agarwal,Female,48,Bengaluru,Karnataka,2024-10-10
11663,Ananya Reddy,Male,42,Ahmedabad,Gujarat,2025-04-30
11664,Ishaan Nair,Male,19,Hyderabad,Telangana,2024-10-02
11665,Riya Bansal,Female,27,Nagpur,Maharashtra,2025-03-08
11666,Vivaan Singh,Female,27,Chandigarh,Chandigarh,2024-07-03
11667,Ankit Shah,Female,43,Kochi,Kerala,2025-12-22
11668,Isha Nair,Male,22,Bhopal,Madhya Pradesh,2025-09-24
11669,Ananya Nair,Male,39,Bhopal,Madhya Pradesh,2024-08-03
11670,Neha Nair,Female,21,Mumbai,Maharashtra,2024-04-06
11671,Arjun Sethi,Male,51,Chennai,Tamil Nadu,2024-04-28
11672,Ishaan Patel,Male,24,Chennai,Tamil Nadu,2024-12-30
11673,Rahul Verma,Female,34,Kolkata,West Bengal,2025-02-06
11674,Sneha Sethi,Female,28,Indore,Madhya Pradesh,2025-09-09
11675,Ishaan Nair,Female,25,Jaipur,Rajasthan,2025-01-31
11676,Vivaan Shah,Female,45,Surat,Gujarat,2025-04-02
11677,Rohan Bansal,Male,50,Bhopal,Madhya Pradesh,2024-11-13
11678,Riya Arora,Male,42,Pune,Maharashtra,2025-01-16
11679,Rohan Chopra,Male,38,Dehradun,Uttarakhand,2024-05-21
11680,Aisha Malhotra,Female,29,Mumbai,Maharashtra,2025-04-01
11681,Sneha Iyer,Male,43,Pune,Maharashtra,2025-05-15
11682,Vivaan Sethi,Male,46,Kolkata,West Bengal,2024-11-18
11683,Ananya Shah,Female,55,Patna,Bihar,2024-09-24
11684,Isha Kumar,Male,52,Mumbai,Maharashtra,2025-05-01
11685,Diya Joshi,Female,54,Bengaluru,Karnataka,2025-11-09
11686,Rohan Joshi,Female,46,Chennai,Tamil Nadu,2024-06-08
11687,Riya Nair,Male,41,Chennai,Tamil Nadu,2024-01-14
11688,Kabir Kapoor,Male,32,Delhi,Delhi,2025-12-05
11689,Riya Reddy,Male,23,Ahmedabad,Gujarat,2024-06-03
11690,Aditya Sharma,Male,49,Kochi,Kerala,2024-04-10
11691,Aditya Iyer,Male,51,Hyderabad,Telangana,2025-07-25
11692,Ankit Kapoor,Female,53,Indore,Madhya Pradesh,2024-02-12
11693,Sneha Kumar,Male,37,Surat,Gujarat,2024-07-11
11694,Aditya Sharma,Female,29,Lucknow,Uttar Pradesh,2024-11-06
11695,Ananya Kumar,Male,52,Chandigarh,Chandigarh,2025-09-12
11696,Meera Kumar,Male,55,Bengaluru,Karnataka,2025-08-27
11697,Neha Kumar,Male,34,Bhopal,Madhya Pradesh,2025-12-28
11698,Ishaan Reddy,Female,44,Nagpur,Maharashtra,2025-04-09
11699,Aisha Malhotra,Male,34,Chandigarh,Chandigarh,2024-06-11
11700,Vivaan Das,Female,28,Chandigarh,Chandigarh,2024-12-16
11701,Arjun Bansal,Female,56,Kochi,Kerala,2024-08-21
11702,Ankit Kumar,Female,19,Jaipur,Rajasthan,2025-02-06
11703,Ishaan Singh,Female,19,Delhi,Delhi,2024-12-16
11704,Neha Bansal,Male,46,Chennai,Tamil Nadu,2024-06-15
11705,Kavya Nair,Female,41,Dehradun,Uttarakhand,2024-05-27
11706,Rohan Singh,Female,41,Ahmedabad,Gujarat,2024-01-28
11707,Sneha Joshi,Other,33,Lucknow,Uttar Pradesh,2024-09-15
11708,Kabir Nair,Male,48,Kochi,Kerala,2025-08-20
11709,Ankit Sharma,Female,60,Delhi,Delhi,2025-09-11
11710,Rahul Patel,Male,26,Dehradun,Uttarakhand,2025-03-17
11711,Aisha Agarwal,Male,44,Lucknow,Uttar Pradesh,2025-09-20
11712,Sneha Nair,Female,58,Chennai,Tamil Nadu,2025-06-10
11713,Rohan Singh,Female,31,Surat,Gujarat,2024-07-29
11714,Arjun Nair,Female,42,Chennai,Tamil Nadu,2025-06-26
11715,Aditya Mehta,Female,60,Kochi,Kerala,2025-03-20
11716,Aditya Das,Male,39,Chennai,Tamil Nadu,2025-03-28
11717,Arjun Sharma,Male,52,Patna,Bihar,2025-11-27
11718,Kabir Malhotra,Female,50,Patna,Bihar,2025-02-07
11719,Karan Iyer,Male,44,Kochi,Kerala,2024-03-06
11720,Meera Bansal,Female,57,Surat,Gujarat,2025-02-08
11721,Aditya Arora,Male,43,Surat,Gujarat,2025-07-28
11722,Ananya Gupta,Male,36,Kolkata,West Bengal,2025-03-10
11723,Karan Kapoor,Female,56,Kochi,Kerala,2024-08-15
11724,Aisha Malhotra,Male,43,Dehradun,Uttarakhand,2025-04-20
11725,Arjun Bansal,Female,23,Bhubaneswar,Odisha,2025-04-12
11726,Diya Nair,Male,20,Bhopal,Madhya Pradesh,2024-04-10
11727,Diya Gupta,Male,23,Mumbai,Maharashtra,2025-02-26
11728,Aisha Arora,Female,45,Jaipur,Rajasthan,2024-12-21
11729,Rohan Reddy,Male,20,Chennai,Tamil Nadu,2024-05-18
11730,Neha Sethi,Female,30,Dehradun,Uttarakhand,2025-09-22
11731,Arjun Mehta,Male,30,Delhi,Delhi,2025-07-22
11732,Karan Shah,Male,30,Bengaluru,Karnataka,2024-05-10
11733,Neha Nair,Female,18,Kolkata,West Bengal,2025-07-02
11734,Aditya Joshi,Female,57,Chennai,Tamil Nadu,2025-04-12
11735,Neha Kumar,Male,54,Chennai,Tamil Nadu,2025-04-24
11736,Rahul Shah,Female,48,Delhi,Delhi,2024-04-20
11737,Vivaan Arora,Female,34,Patna,Bihar,2024-06-01
11738,Aisha Singh,Male,26,Coimbatore,Tamil Nadu,2024-08-29
11739,Kavya Bansal,Male,30,Bhopal,Madhya Pradesh,2025-12-20
11740,Vivaan Patel,Female,54,Kochi,Kerala,2025-11-12
11741,Kavya Singh,Male,31,Chandigarh,Chandigarh,2024-10-05
11742,Priya Reddy,Male,28,Dehradun,Uttarakhand,2024-12-28
11743,Isha Mehta,Female,42,Bhubaneswar,Odisha,2025-09-16
11744,Priya Patel,Male,48,Lucknow,Uttar Pradesh,2025-02-11
11745,Aditya Verma,Female,31,Mumbai,Maharashtra,2024-06-23
11746,Aditya Agarwal,Female,24,Bhubaneswar,Odisha,2025-08-23
11747,Ananya Mehta,Female,41,Pune,Maharashtra,2024-05-14
11748,Kabir Joshi,Female,53,Surat,Gujarat,2025-05-20
11749,Kavya Singh,Male,59,Lucknow,Uttar Pradesh,2024-10-20
11750,Ishaan Iyer,Male,59,Bhubaneswar,Odisha,2025-05-09
11751,Ishaan Nair,Male,58,Kochi,Kerala,2025-02-22
11752,Aisha Sethi,Female,20,Kolkata,West Bengal,2024-07-24
11753,Rahul Chopra,Male,43,Dehradun,Uttarakhand,2024-11-13
11754,Aisha Reddy,Male,43,Indore,Madhya Pradesh,2024-03-13
11755,Ananya Singh,Female,18,Dehradun,Uttarakhand,2024-09-15
11756,Aisha Sethi,Other,32,Nagpur,Maharashtra,2024-12-23
11757,Ankit Patel,Male,28,Bhubaneswar,Odisha,2024-05-27
11758,Aarav Arora,Male,54,Chandigarh,Chandigarh,2024-08-12
11759,Karan Mehta,Female,24,Ahmedabad,Gujarat,2024-04-14
11760,Meera Sethi,Female,29,Bhubaneswar,Odisha,2025-07-09
11761,Aisha Iyer,Male,55,Delhi,Delhi,2024-12-21
11762,Aditya Sharma,Male,20,Ahmedabad,Gujarat,2025-06-21
11763,Aditya Patel,Female,59,Kolkata,West Bengal,2024-09-17
11764,Kabir Gupta,Female,43,Chennai,Tamil Nadu,2025-07-24
11765,Priya Singh,Female,47,Surat,Gujarat,2025-07-26
11766,Ishaan Chopra,Male,49,Surat,Gujarat,2024-03-10
11767,Ankit Agarwal,Male,53,Mumbai,Maharashtra,2025-03-22
11768,Ankit Bansal,Female,54,Delhi,Delhi,2025-03-22
11769,Kavya Nair,Male,35,Lucknow,Uttar Pradesh,2024-09-13
11770,Vivaan Iyer,Male,18,Chandigarh,Chandigarh,2025-09-28
11771,Aditya Reddy,Male,38,Bhubaneswar,Odisha,2025-06-14
11772,Karan Reddy,Female,45,Bhubaneswar,Odisha,2024-04-28
11773,Priya Agarwal,Female,33,Patna,Bihar,2024-03-06
11774,Aisha Shah,Female,45,Ahmedabad,Gujarat,2024-09-01
11775,Ishaan Kapoor,Female,39,Surat,Gujarat,2024-02-26
11776,Aisha Nair,Female,36,Ahmedabad,Gujarat,2024-02-13
11777,Vivaan Verma,Female,18,Patna,Bihar,2025-06-07
11778,Rohan Reddy,Male,48,Kochi,Kerala,2025-02-27
11779,Rahul Shah,Male,59,Ahmedabad,Gujarat,2025-06-19
11780,Kavya Kapoor,Female,51,Bhopal,Madhya Pradesh,2025-01-29
11781,Vivaan Bansal,Male,57,Hyderabad,Telangana,2025-03-25
11782,Riya Chopra,Female,23,Delhi,Delhi,2024-09-13
11783,Meera Arora,Male,45,Delhi,Delhi,2024-12-26
11784,Ananya Mehta,Male,20,Coimbatore,Tamil Nadu,2025-08-28
11785,Ishaan Bansal,Female,48,Nagpur,Maharashtra,2025-01-14
11786,Ishaan Chopra,Female,33,Bhopal,Madhya Pradesh,2025-03-18
11787,Neha Chopra,Female,34,Nagpur,Maharashtra,2025-06-17
11788,Aisha Verma,Female,44,Chennai,Tamil Nadu,2025-04-18
11789,Priya Singh,Male,41,Jaipur,Rajasthan,2024-06-05
11790,Rohan Verma,Male,37,Mumbai,Maharashtra,2024-03-29
11791,Diya Shah,Female,49,Bhubaneswar,Odisha,2024-07-20
11792,Rohan Bansal,Male,52,Kolkata,West Bengal,2025-04-06
11793,Rohan Gupta,Male,30,Jaipur,Rajasthan,2025-04-25
11794,Vivaan Agarwal,Male,60,Delhi,Delhi,2025-12-09
11795,Kavya Nair,Male,37,Jaipur,Rajasthan,2025-07-10
11796,Isha Sharma,Female,19,Nagpur,Maharashtra,2025-03-29
11797,Neha Das,Female,21,Indore,Madhya Pradesh,2025-04-14
11798,Karan Agarwal,Female,44,Jaipur,Rajasthan,2025-01-14
11799,Kabir Malhotra,Female,42,Indore,Madhya Pradesh,2025-02-04
11800,Neha Sethi,Male,21,Jaipur,Rajasthan,2024-03-19
11801,Kavya Malhotra,Male,49,Lucknow,Uttar Pradesh,2025-07-04
11802,Aarav Mehta,Male,34,Hyderabad,Telangana,2025-01-20
11803,Riya Nair,Male,18,Mumbai,Maharashtra,2025-10-28
11804,Isha Gupta,Male,50,Kolkata,West Bengal,2025-10-22
11805,Kabir Das,Male,47,Bhopal,Madhya Pradesh,2024-12-08
11806,Ishaan Kumar,Female,22,Hyderabad,Telangana,2025-03-20
11807,Riya Mehta,Female,29,Kolkata,West Bengal,2024-02-21
11808,Rohan Chopra,Female,55,Coimbatore,Tamil Nadu,2024-09-07
11809,Kabir Iyer,Female,49,Kolkata,West Bengal,2025-10-20
11810,Sneha Singh,Male,55,Mumbai,Maharashtra,2024-11-24
11811,Ankit Kapoor,Male,34,Bhubaneswar,Odisha,2025-05-08
11812,Isha Chopra,Male,57,Indore,Madhya Pradesh,2024-12-15
11813,Ankit Joshi,Male,49,Jaipur,Rajasthan,2025-04-03
11814,Meera Das,Male,41,Coimbatore,Tamil Nadu,2025-05-12
11815,Ananya Arora,Male,29,Indore,Madhya Pradesh,2024-05-04
11816,Riya Sharma,Female,48,Lucknow,Uttar Pradesh,2024-07-22
11817,Aarav Gupta,Female,36,Delhi,Delhi,2025-10-04
11818,Meera Iyer,Female,46,Pune,Maharashtra,2024-01-21
11819,Rohan Iyer,Male,38,Surat,Gujarat,2025-08-12
11820,Aditya Verma,Female,43,Delhi,Delhi,2025-07-16
11821,Vivaan Singh,Female,45,Kochi,Kerala,2024-12-27
11822,Vivaan Sharma,Female,34,Pune,Maharashtra,2024-12-26
11823,Aisha Kapoor,Male,26,Surat,Gujarat,2024-04-25
11824,Rahul Shah,Female,38,Coimbatore,Tamil Nadu,2024-02-24
11825,Meera Kapoor,Female,51,Delhi,Delhi,2024-10-18
11826,Kabir Singh,Male,28,Patna,Bihar,2024-02-20
11827,Ishaan Iyer,Male,37,Patna,Bihar,2024-09-10
11828,Aisha Arora,Male,56,Bengaluru,Karnataka,2025-05-06
11829,Kavya Shah,Female,33,Kochi,Kerala,2025-07-26
11830,Aisha Joshi,Female,46,Kolkata,West Bengal,2024-08-12
11831,Ishaan Reddy,Male,18,Lucknow,Uttar Pradesh,2025-04-13
11832,Ankit Chopra,Male,35,Bengaluru,Karnataka,2024-04-12
11833,Isha Chopra,Female,39,Ahmedabad,Gujarat,2024-02-17
11834,Rohan Sharma,Male,25,Bhopal,Madhya Pradesh,2024-12-07
11835,Kabir Kumar,Male,24,Bhopal,Madhya Pradesh,2024-08-20
11836,Vivaan Joshi,Male,42,Chandigarh,Chandigarh,2025-08-04
11837,Isha Sharma,Female,47,Mumbai,Maharashtra,2025-07-12
11838,Meera Arora,Female,51,Bhopal,Madhya Pradesh,2024-08-15
11839,Sneha Iyer,Male,58,Jaipur,Rajasthan,2025-06-05
11840,Rahul Sharma,Female,28,Bengaluru,Karnataka,2025-11-27
11841,Sneha Agarwal,Female,32,Ahmedabad,Gujarat,2025-08-14
11842,Ishaan Verma,Male,52,Nagpur,Maharashtra,2024-01-13
11843,Arjun Sharma,Female,40,Mumbai,Maharashtra,2025-05-13
11844,Aditya Chopra,Male,38,Kolkata,West Bengal,2025-03-20
11845,Kavya Nair,Female,45,Kochi,Kerala,2024-12-05
11846,Priya Kapoor,Male,30,Chennai,Tamil Nadu,2024-11-19
11847,Aarav Iyer,Female,51,Mumbai,Maharashtra,2025-08-18
11848,Rohan Arora,Male,55,Nagpur,Maharashtra,2025-08-20
11849,Priya Reddy,Female,23,Chennai,Tamil Nadu,2024-06-05
11850,Aarav Kapoor,Male,21,Surat,Gujarat,2025-10-17
11851,Ishaan Gupta,Female,22,Kochi,Kerala,2025-07-28
11852,Rohan Nair,Male,57,Hyderabad,Telangana,2025-03-06
11853,Diya Patel,Female,23,Surat,Gujarat,2025-07-08
11854,Vivaan Gupta,Female,38,Lucknow,Uttar Pradesh,2025-02-10
11855,Arjun Malhotra,Male,45,Nagpur,Maharashtra,2024-06-06
11856,Priya Agarwal,Female,20,Kolkata,West Bengal,2024-07-03
11857,Isha Bansal,Male,40,Bhopal,Madhya Pradesh,2025-05-05
11858,Riya Iyer,Female,25,Bhubaneswar,Odisha,2025-06-19
11859,Aarav Kumar,Female,36,Kochi,Kerala,2024-12-22
11860,Aditya Joshi,Male,28,Lucknow,Uttar Pradesh,2025-12-17
11861,Aditya Bansal,Female,27,Indore,Madhya Pradesh,2024-12-27
11862,Ishaan Kapoor,Male,45,Lucknow,Uttar Pradesh,2024-08-11
11863,Aarav Verma,Male,37,Nagpur,Maharashtra,2025-09-04
11864,Priya Joshi,Female,45,Surat,Gujarat,2024-07-22
11865,Rohan Patel,Female,46,Surat,Gujarat,2024-01-08
11866,Kavya Nair,Male,25,Hyderabad,Telangana,2025-04-16
11867,Aditya Iyer,Male,36,Lucknow,Uttar Pradesh,2024-06-20
11868,Sneha Reddy,Female,38,Coimbatore,Tamil Nadu,2025-12-20
11869,Vivaan Patel,Male,35,Surat,Gujarat,2024-04-05
11870,Riya Bansal,Female,26,Hyderabad,Telangana,2025-11-04
11871,Ananya Sethi,Female,21,Indore,Madhya Pradesh,2025-08-30
11872,Ankit Kapoor,Male,58,Coimbatore,Tamil Nadu,2024-11-01
11873,Kabir Agarwal,Male,42,Mumbai,Maharashtra,2025-10-18
11874,Rahul Bansal,Female,51,Bhopal,Madhya Pradesh,2024-09-14
11875,Vivaan Chopra,Male,26,Hyderabad,Telangana,2025-04-18
11876,Vivaan Malhotra,Female,26,Nagpur,Maharashtra,2024-10-26
11877,Rohan Kumar,Female,35,Dehradun,Uttarakhand,2025-04-09
11878,Ankit Mehta,Female,28,Bhopal,Madhya Pradesh,2025-09-05
11879,Riya Verma,Male,30,Surat,Gujarat,2025-11-19
11880,Ananya Mehta,Male,55,Bengaluru,Karnataka,2024-11-23
11881,Arjun Malhotra,Female,26,Ahmedabad,Gujarat,2024-04-19
11882,Neha Singh,Female,33,Nagpur,Maharashtra,2025-12-10
11883,Isha Arora,Female,21,Chandigarh,Chandigarh,2024-05-08
11884,Rohan Iyer,Male,51,Hyderabad,Telangana,2024-05-16
11885,Meera Kumar,Female,24,Bhubaneswar,Odisha,2025-06-22
11886,Neha Das,Male,32,Mumbai,Maharashtra,2025-10-10
11887,Aditya Shah,Female,55,Patna,Bihar,2024-06-12
11888,Ankit Mehta,Female,28,Indore,Madhya Pradesh,2024-12-14
11889,Kabir Joshi,Female,49,Hyderabad,Telangana,2025-04-07
11890,Diya Reddy,Male,44,Lucknow,Uttar Pradesh,2025-10-04
11891,Aisha Bansal,Female,47,Pune,Maharashtra,2025-05-18
11892,Rohan Agarwal,Male,34,Kochi,Kerala,2024-05-30
11893,Ananya Sharma,Female,53,Chandigarh,Chandigarh,2024-09-02
11894,Karan Verma,Male,36,Pune,Maharashtra,2024-04-19
11895,Kabir Reddy,Male,24,Indore,Madhya Pradesh,2025-08-07
11896,Isha Singh,Male,60,Pune,Maharashtra,2024-10-01
11897,Meera Patel,Female,38,Patna,Bihar,2024-03-07
11898,Aarav Mehta,Female,45,Chandigarh,Chandigarh,2024-02-19
11899,Meera Arora,Female,20,Chandigarh,Chandigarh,2025-05-29
11900,Kabir Das,Female,31,Hyderabad,Telangana,2024-08-13
11901,Aditya Nair,Female,19,Dehradun,Uttarakhand,2025-07-31
11902,Kavya Bansal,Male,46,Hyderabad,Telangana,2025-05-20
11903,Isha Singh,Female,35,Pune,Maharashtra,2024-06-03
11904,Aisha Gupta,Female,54,Delhi,Delhi,2025-04-24
11905,Meera Gupta,Male,41,Kochi,Kerala,2024-04-20
11906,Priya Das,Male,29,Indore,Madhya Pradesh,2025-04-27
11907,Vivaan Sethi,Male,49,Chandigarh,Chandigarh,2024-09-30
11908,Rohan Nair,Male,35,Surat,Gujarat,2024-06-03
11909,Rohan Reddy,Male,30,Indore,Madhya Pradesh,2025-10-12
11910,Diya Kumar,Male,21,Jaipur,Rajasthan,2024-06-15
11911,Priya Bansal,Female,40,Jaipur,Rajasthan,2024-01-19
11912,Karan Joshi,Male,27,Surat,Gujarat,2024-12-10
11913,Karan Das,Male,22,Chandigarh,Chandigarh,2025-07-22
11914,Aarav Singh,Female,57,Chandigarh,Chandigarh,2024-10-20
11915,Ishaan Verma,Female,31,Ahmedabad,Gujarat,2025-10-06
11916,Rohan Arora,Male,51,Nagpur,Maharashtra,2025-04-06
11917,Karan Verma,Female,45,Patna,Bihar,2024-12-03
11918,Sneha Agarwal,Male,25,Chennai,Tamil Nadu,2025-03-27
11919,Kavya Bansal,Male,33,Hyderabad,Telangana,2024-12-09
11920,Karan Kapoor,Male,48,Bhubaneswar,Odisha,2025-12-17
11921,Diya Gupta,Female,24,Coimbatore,Tamil Nadu,2025-09-22
11922,Riya Singh,Female,20,Hyderabad,Telangana,2024-03-25
11923,Meera Gupta,Female,46,Pune,Maharashtra,2025-11-27
11924,Rahul Patel,Other,53,Chandigarh,Chandigarh,2025-10-21
11925,Isha Bansal,Female,56,Bhubaneswar,Odisha,2025-01-23
11926,Ankit Kapoor,Female,21,Coimbatore,Tamil Nadu,2024-08-14
11927,Meera Das,Female,26,Hyderabad,Telangana,2024-10-12
11928,Arjun Joshi,Male,34,Chandigarh,Chandigarh,2024-10-10
11929,Kavya Iyer,Male,37,Delhi,Delhi,2025-11-23
11930,Aisha Gupta,Female,31,Bhubaneswar,Odisha,2024-04-18
11931,Kabir Reddy,Female,46,Chennai,Tamil Nadu,2024-05-14
11932,Ishaan Joshi,Female,30,Surat,Gujarat,2024-10-17
11933,Rahul Kapoor,Male,53,Patna,Bihar,2025-09-06
11934,Karan Verma,Female,34,Bengaluru,Karnataka,2025-12-13
11935,Meera Chopra,Female,60,Kochi,Kerala,2025-05-22
11936,Rohan Patel,Male,21,Mumbai,Maharashtra,2025-09-20
11937,Meera Verma,Female,37,Delhi,Delhi,2024-01-29
11938,Rohan Gupta,Female,28,Patna,Bihar,2025-01-28
11939,Diya Reddy,Female,59,Nagpur,Maharashtra,2024-01-27
11940,Aarav Mehta,Female,39,Chennai,Tamil Nadu,2025-04-11
11941,Rahul Singh,Male,25,Surat,Gujarat,2024-01-13
11942,Aisha Sharma,Male,45,Bengaluru,Karnataka,2025-07-07
11943,Sneha Joshi,Female,58,Pune,Maharashtra,2025-03-20
11944,Neha Chopra,Male,47,Lucknow,Uttar Pradesh,2024-08-11
11945,Priya Sethi,Male,50,Chandigarh,Chandigarh,2025-04-07
11946,Karan Nair,Male,50,Jaipur,Rajasthan,2024-01-21
11947,Kabir Kapoor,Male,53,Bhopal,Madhya Pradesh,2025-01-21
11948,Ankit Arora,Male,44,Indore,Madhya Pradesh,2025-10-09
11949,Ishaan Arora,Male,37,Mumbai,Maharashtra,2024-11-21
11950,Ankit Kapoor,Female,50,Bengaluru,Karnataka,2025-04-11
11951,Arjun Mehta,Female,42,Pune,Maharashtra,2025-10-18
11952,Rahul Gupta,Male,60,Bhubaneswar,Odisha,2025-06-05
11953,Diya Verma,Male,36,Bengaluru,Karnataka,2024-08-12
11954,Vivaan Patel,Male,38,Chandigarh,Chandigarh,2025-10-14
11955,Rahul Malhotra,Male,59,Pune,Maharashtra,2025-04-19
11956,Aarav Kapoor,Female,50,Jaipur,Rajasthan,2025-09-09
11957,Ankit Kumar,Female,20,Patna,Bihar,2025-12-06
11958,Ankit Gupta,Female,31,Lucknow,Uttar Pradesh,2025-04-02
11959,Kavya Malhotra,Male,32,Pune,Maharashtra,2025-10-01
11960,Aditya Reddy,Female,50,Bhopal,Madhya Pradesh,2024-07-31
11961,Rohan Sethi,Male,59,Coimbatore,Tamil Nadu,2025-10-24
11962,Rohan Kapoor,Female,39,Hyderabad,Telangana,2025-04-25
11963,Vivaan Bansal,Female,18,Kolkata,West Bengal,2024-06-28
11964,Riya Chopra,Female,48,Chandigarh,Chandigarh,2025-06-21
11965,Vivaan Sharma,Male,52,Pune,Maharashtra,2025-06-10
11966,Ananya Das,Male,37,Indore,Madhya Pradesh,2024-01-22
11967,Kabir Das,Female,49,Bhopal,Madhya Pradesh,2024-12-10
11968,Kavya Patel,Male,29,Hyderabad,Telangana,2025-07-30
11969,Ishaan Bansal,Male,33,Ahmedabad,Gujarat,2024-01-21
11970,Meera Das,Female,25,Chennai,Tamil Nadu,2025-02-11
11971,Kavya Bansal,Male,31,Delhi,Delhi,2025-05-01
11972,Aarav Kumar,Female,35,Hyderabad,Telangana,2025-06-11
11973,Aarav Verma,Male,47,Bengaluru,Karnataka,2025-02-19
11974,Neha Arora,Female,50,Jaipur,Rajasthan,2024-09-28
11975,Aarav Chopra,Male,51,Ahmedabad,Gujarat,2024-07-23
11976,Kavya Mehta,Female,51,Delhi,Delhi,2024-10-24
11977,Aisha Shah,Male,24,Kolkata,West Bengal,2025-11-02
11978,Rahul Iyer,Female,23,Jaipur,Rajasthan,2025-07-06
11979,Isha Bansal,Female,23,Pune,Maharashtra,2024-04-17
11980,Aditya Reddy,Male,39,Hyderabad,Telangana,2025-09-28
11981,Diya Kumar,Male,25,Indore,Madhya Pradesh,2024-05-31
11982,Priya Sethi,Male,54,Patna,Bihar,2024-01-13
11983,Ananya Shah,Male,32,Mumbai,Maharashtra,2025-12-15
11984,Aisha Bansal,Female,43,Chennai,Tamil Nadu,2024-03-19
11985,Aisha Gupta,Male,56,Kochi,Kerala,2025-07-07
11986,Aarav Iyer,Female,20,Ahmedabad,Gujarat,2024-06-17
11987,Ankit Sethi,Female,27,Kolkata,West Bengal,2024-09-05
11988,Aditya Arora,Male,20,Ahmedabad,Gujarat,2024-04-30
11989,Arjun Gupta,Female,47,Bhubaneswar,Odisha,2025-01-21
11990,Meera Sharma,Male,39,Bengaluru,Karnataka,2025-03-14
11991,Karan Reddy,Male,20,Kochi,Kerala,2024-09-28
11992,Meera Gupta,Male,18,Bengaluru,Karnataka,2024-10-26
11993,Neha Sethi,Female,50,Kolkata,West Bengal,2025-12-21
11994,Sneha Gupta,Male,36,Mumbai,Maharashtra,2025-04-17
11995,Isha Bansal,Female,53,Kochi,Kerala,2024-06-06
11996,Meera Arora,Male,51,Mumbai,Maharashtra,2025-09-24
11997,Isha Iyer,Female,48,Kolkata,West Bengal,2024-08-14
11998,Vivaan Sethi,Female,60,Patna,Bihar,2025-02-24
11999,Priya Gupta,Male,41,Bengaluru,Karnataka,2024-01-24
12000,Aarav Das,Female,29,Mumbai,Maharashtra,2025-06-21
12001,Isha Joshi,Female,30,Dehradun,Uttarakhand,2025-07-23
12002,Sneha Kumar,Male,33,Ahmedabad,Gujarat,2025-09-29
12003,Arjun Kumar,Male,33,Kochi,Kerala,2025-06-23
12004,Priya Das,Male,37,Hyderabad,Telangana,2024-05-07
12005,Kabir Agarwal,Female,58,Chennai,Tamil Nadu,2024-04-03
12006,Aditya Sharma,Female,44,Indore,Madhya Pradesh,2025-12-03
12007,Aisha Joshi,Male,56,Surat,Gujarat,2025-02-24
12008,Ankit Arora,Male,30,Nagpur,Maharashtra,2024-09-28
12009,Priya Sharma,Male,21,Chandigarh,Chandigarh,2025-04-28
12010,Riya Mehta,Female,49,Nagpur,Maharashtra,2024-01-05
12011,Vivaan Shah,Female,57,Kochi,Kerala,2024-06-05
12012,Ishaan Shah,Female,51,Patna,Bihar,2024-02-21
12013,Rahul Agarwal,Male,56,Nagpur,Maharashtra,2024-08-30
12014,Ankit Sethi,Male,60,Kochi,Kerala,2025-10-24
12015,Riya Nair,Male,34,Ahmedabad,Gujarat,2025-02-23
12016,Ishaan Sethi,Female,41,Dehradun,Uttarakhand,2025-02-28
12017,Ishaan Chopra,Male,46,Bengaluru,Karnataka,2024-03-20
12018,Aditya Reddy,Male,45,Nagpur,Maharashtra,2025-11-25
12019,Ananya Sethi,Female,39,Indore,Madhya Pradesh,2024-12-19
12020,Ishaan Kapoor,Male,45,Coimbatore,Tamil Nadu,2025-09-10
12021,Neha Sethi,Male,42,Ahmedabad,Gujarat,2025-10-27
12022,Aarav Iyer,Female,58,Chennai,Tamil Nadu,2024-10-19
12023,Kabir Malhotra,Male,20,Dehradun,Uttarakhand,2025-12-17
12024,Meera Reddy,Male,30,Ahmedabad,Gujarat,2024-04-25
12025,Isha Patel,Male,48,Kochi,Kerala,2025-06-12
12026,Vivaan Joshi,Male,30,Delhi,Delhi,2025-04-24
12027,Rahul Bansal,Male,58,Dehradun,Uttarakhand,2024-10-14
12028,Ishaan Iyer,Female,35,Kolkata,West Bengal,2025-10-29
12029,Arjun Singh,Male,54,Bhubaneswar,Odisha,2025-04-21
12030,Kavya Patel,Female,60,Ahmedabad,Gujarat,2024-01-25
12031,Riya Das,Male,51,Pune,Maharashtra,2025-03-06
12032,Arjun Kumar,Male,34,Delhi,Delhi,2024-10-04
12033,Aisha Mehta,Male,38,Nagpur,Maharashtra,2024-11-12
12034,Aarav Kumar,Male,53,Kochi,Kerala,2025-09-29
12035,Aditya Agarwal,Male,57,Kolkata,West Bengal,2024-12-23
12036,Meera Chopra,Male,36,Dehradun,Uttarakhand,2024-10-02
12037,Arjun Sethi,Female,29,Mumbai,Maharashtra,2025-11-20
12038,Meera Bansal,Male,45,Bhopal,Madhya Pradesh,2024-12-09
12039,Sneha Kapoor,Female,28,Hyderabad,Telangana,2025-03-06
12040,Aarav Iyer,Male,54,Delhi,Delhi,2025-07-12
12041,Kabir Nair,Male,45,Bhubaneswar,Odisha,2025-12-12
12042,Sneha Singh,Male,52,Indore,Madhya Pradesh,2025-07-16
12043,Priya Joshi,Female,32,Mumbai,Maharashtra,2025-03-14
12044,Aisha Sethi,Female,33,Jaipur,Rajasthan,2025-04-06
12045,Kavya Singh,Female,24,Mumbai,Maharashtra,2024-09-26
12046,Kabir Joshi,Male,20,Jaipur,Rajasthan,2025-12-09
12047,Arjun Patel,Male,48,Delhi,Delhi,2025-03-06
12048,Arjun Nair,Female,29,Lucknow,Uttar Pradesh,2024-01-21
12049,Arjun Kumar,Male,25,Bengaluru,Karnataka,2024-05-22
12050,Arjun Chopra,Male,42,Dehradun,Uttarakhand,2024-12-18
12051,Kavya Agarwal,Male,52,Hyderabad,Telangana,2025-04-09
12052,Riya Gupta,Male,29,Bhubaneswar,Odisha,2025-04-12
12053,Riya Chopra,Male,38,Kolkata,West Bengal,2025-05-27
12054,Meera Singh,Female,43,Bengaluru,Karnataka,2025-04-08
12055,Rahul Patel,Female,19,Lucknow,Uttar Pradesh,2025-01-28
12056,Riya Das,Female,31,Surat,Gujarat,2024-02-27
12057,Vivaan Iyer,Male,21,Chennai,Tamil Nadu,2024-05-05
12058,Arjun Nair,Female,34,Dehradun,Uttarakhand,2025-04-05
12059,Ananya Agarwal,Female,22,Chandigarh,Chandigarh,2024-02-21
12060,Ishaan Singh,Female,41,Kochi,Kerala,2024-09-25
12061,Isha Malhotra,Male,24,Surat,Gujarat,2024-04-05
12062,Ishaan Gupta,Female,40,Patna,Bihar,2024-09-29
12063,Neha Joshi,Male,34,Chandigarh,Chandigarh,2024-11-18
12064,Meera Patel,Female,29,Kolkata,West Bengal,2025-07-26
12065,Sneha Kumar,Male,28,Bhubaneswar,Odisha,2025-11-23
12066,Rahul Chopra,Male,28,Indore,Madhya Pradesh,2024-05-12
12067,Diya Chopra,Male,51,Bengaluru,Karnataka,2024-03-29
12068,Neha Nair,Female,54,Chandigarh,Chandigarh,2025-11-15
12069,Kabir Kapoor,Male,46,Bhopal,Madhya Pradesh,2024-01-05
12070,Vivaan Sethi,Female,53,Kolkata,West Bengal,2024-12-22
12071,Kavya Bansal,Female,44,Bengaluru,Karnataka,2024-12-08
12072,Meera Malhotra,Female,59,Nagpur,Maharashtra,2024-07-22
12073,Diya Mehta,Female,39,Pune,Maharashtra,2025-11-04
12074,Diya Chopra,Female,19,Dehradun,Uttarakhand,2025-07-26
12075,Aarav Singh,Female,53,Bhopal,Madhya Pradesh,2025-04-15
12076,Aditya Iyer,Male,47,Jaipur,Rajasthan,2025-04-08
12077,Ishaan Kumar,Female,24,Surat,Gujarat,2025-05-11
12078,Isha Verma,Female,29,Bengaluru,Karnataka,2025-12-02
12079,Sneha Gupta,Male,20,Mumbai,Maharashtra,2024-03-03
12080,Kavya Chopra,Female,34,Mumbai,Maharashtra,2025-07-09
12081,Vivaan Gupta,Male,58,Bengaluru,Karnataka,2024-08-26
12082,Sneha Kumar,Male,49,Bhubaneswar,Odisha,2025-06-23
12083,Rahul Patel,Male,25,Bhopal,Madhya Pradesh,2024-07-16
12084,Sneha Chopra,Male,40,Dehradun,Uttarakhand,2025-11-13
12085,Kabir Das,Female,55,Bhubaneswar,Odisha,2024-01-30
12086,Riya Kapoor,Female,47,Chandigarh,Chandigarh,2025-10-27
12087,Meera Sharma,Female,32,Mumbai,Maharashtra,2024-07-27
12088,Arjun Reddy,Female,27,Delhi,Delhi,2024-03-03
12089,Ananya Nair,Male,55,Hyderabad,Telangana,2024-02-26
12090,Ishaan Malhotra,Male,32,Bhopal,Madhya Pradesh,2025-12-20
12091,Diya Malhotra,Female,47,Delhi,Delhi,2025-03-08
12092,Ananya Malhotra,Female,43,Bhopal,Madhya Pradesh,2024-11-03
12093,Aditya Chopra,Male,31,Nagpur,Maharashtra,2025-07-28
12094,Kabir Malhotra,Other,20,Bhopal,Madhya Pradesh,2025-04-10
12095,Neha Arora,Female,53,Dehradun,Uttarakhand,2025-10-14
12096,Ankit Verma,Female,43,Bengaluru,Karnataka,2025-08-27
12097,Ankit Agarwal,Male,31,Bengaluru,Karnataka,2024-04-16
12098,Priya Agarwal,Male,48,Jaipur,Rajasthan,2025-08-22
12099,Neha Joshi,Female,31,Kolkata,West Bengal,2024-10-27
12100,Kabir Patel,Female,57,Indore,Madhya Pradesh,2025-09-11
12101,Aisha Shah,Male,27,Mumbai,Maharashtra,2024-02-15
12102,Ankit Mehta,Female,26,Ahmedabad,Gujarat,2024-03-17
12103,Rahul Gupta,Female,57,Mumbai,Maharashtra,2025-12-29
12104,Neha Joshi,Male,60,Hyderabad,Telangana,2024-06-17
12105,Aarav Iyer,Male,59,Surat,Gujarat,2024-05-08
12106,Arjun Reddy,Female,35,Hyderabad,Telangana,2025-12-13
12107,Arjun Agarwal,Male,53,Indore,Madhya Pradesh,2025-12-08
12108,Riya Verma,Female,53,Kochi,Kerala,2024-09-24
12109,Rahul Das,Male,29,Indore,Madhya Pradesh,2025-08-22
12110,Riya Mehta,Female,57,Bhopal,Madhya Pradesh,2025-08-07
12111,Diya Iyer,Female,20,Dehradun,Uttarakhand,2025-02-22
12112,Isha Joshi,Male,35,Bhubaneswar,Odisha,2024-06-09
12113,Rohan Sethi,Female,24,Kolkata,West Bengal,2024-02-27
12114,Ankit Mehta,Male,48,Lucknow,Uttar Pradesh,2025-01-18
12115,Isha Kumar,Male,18,Mumbai,Maharashtra,2025-05-24
12116,Arjun Reddy,Female,48,Coimbatore,Tamil Nadu,2025-03-05
12117,Riya Singh,Female,30,Coimbatore,Tamil Nadu,2024-12-05
12118,Riya Chopra,Male,46,Chennai,Tamil Nadu,2025-07-31
12119,Neha Malhotra,Male,20,Coimbatore,Tamil Nadu,2024-01-26
12120,Ananya Shah,Male,46,Mumbai,Maharashtra,2025-08-11
12121,Ishaan Bansal,Male,52,Chandigarh,Chandigarh,2025-01-06
12122,Meera Iyer,Male,32,Mumbai,Maharashtra,2024-02-05
12123,Priya Shah,Female,38,Lucknow,Uttar Pradesh,2025-06-14
12124,Diya Malhotra,Male,36,Bhubaneswar,Odisha,2024-09-23
12125,Aditya Kumar,Female,45,Surat,Gujarat,2025-03-07
12126,Sneha Joshi,Male,21,Jaipur,Rajasthan,2024-01-19
12127,Riya Sharma,Female,30,Coimbatore,Tamil Nadu,2024-12-04
12128,Ankit Reddy,Female,32,Jaipur,Rajasthan,2024-05-19
12129,Rohan Malhotra,Female,56,Bengaluru,Karnataka,2024-03-07
12130,Aisha Shah,Male,49,Jaipur,Rajasthan,2025-06-13
12131,Ankit Bansal,Female,20,Bhopal,Madhya Pradesh,2025-01-03
12132,Riya Verma,Female,47,Coimbatore,Tamil Nadu,2024-09-17
12133,Kavya Bansal,Female,37,Pune,Maharashtra,2025-09-15
12134,Meera Malhotra,Female,19,Nagpur,Maharashtra,2025-09-18
12135,Rohan Shah,Male,42,Nagpur,Maharashtra,2025-11-08
12136,Aisha Patel,Female,28,Delhi,Delhi,2025-08-01
12137,Arjun Sharma,Other,18,Hyderabad,Telangana,2025-08-04
12138,Diya Singh,Female,27,Hyderabad,Telangana,2024-07-21
12139,Aarav Gupta,Female,34,Pune,Maharashtra,2025-09-30
12140,Kavya Kumar,Female,47,Ahmedabad,Gujarat,2025-02-13
12141,Kabir Sharma,Female,52,Patna,Bihar,2024-03-20
12142,Karan Sethi,Female,36,Chennai,Tamil Nadu,2025-11-18
12143,Ananya Malhotra,Female,51,Pune,Maharashtra,2024-04-22
12144,Vivaan Kumar,Male,49,Dehradun,Uttarakhand,2025-09-14
12145,Ananya Iyer,Female,29,Dehradun,Uttarakhand,2024-05-16
12146,Kabir Sethi,Female,60,Hyderabad,Telangana,2025-10-06
12147,Kabir Kumar,Male,34,Kolkata,West Bengal,2024-07-07
12148,Aisha Kapoor,Male,23,Pune,Maharashtra,2024-10-03
12149,Rahul Gupta,Female,30,Bhubaneswar,Odisha,2024-04-12
12150,Ankit Mehta,Female,56,Chennai,Tamil Nadu,2024-04-16
12151,Aarav Kapoor,Male,39,Dehradun,Uttarakhand,2025-07-28
12152,Aditya Bansal,Female,28,Bengaluru,Karnataka,2024-06-21
12153,Riya Kumar,Female,24,Pune,Maharashtra,2024-11-26
12154,Ananya Iyer,Male,38,Bhopal,Madhya Pradesh,2025-12-22
12155,Aditya Agarwal,Male,18,Pune,Maharashtra,2024-07-09
12156,Rahul Kumar,Female,47,Chennai,Tamil Nadu,2025-10-31
12157,Vivaan Sethi,Female,36,Chennai,Tamil Nadu,2024-08-12
12158,Aditya Iyer,Male,46,Mumbai,Maharashtra,2025-11-14
12159,Diya Joshi,Male,52,Kolkata,West Bengal,2024-11-18
12160,Arjun Kapoor,Male,37,Surat,Gujarat,2025-05-22
12161,Sneha Singh,Female,53,Chandigarh,Chandigarh,2025-07-01
12162,Aisha Mehta,Male,56,Pune,Maharashtra,2024-05-13
12163,Ishaan Chopra,Female,18,Chennai,Tamil Nadu,2024-02-06
12164,Ananya Gupta,Male,40,Delhi,Delhi,2024-04-02
12165,Aditya Kumar,Female,48,Indore,Madhya Pradesh,2024-03-15
12166,Rahul Kapoor,Male,52,Bhubaneswar,Odisha,2024-07-01
12167,Vivaan Kumar,Female,39,Indore,Madhya Pradesh,2025-12-17
12168,Rahul Arora,Female,24,Bhubaneswar,Odisha,2025-04-03
12169,Ananya Kapoor,Male,50,Chennai,Tamil Nadu,2025-11-29
12170,Ananya Nair,Male,53,Indore,Madhya Pradesh,2025-11-08
12171,Isha Arora,Female,24,Hyderabad,Telangana,2025-09-18
12172,Vivaan Das,Male,44,Patna,Bihar,2025-02-12
12173,Riya Shah,Female,19,Bengaluru,Karnataka,2024-07-25
12174,Aisha Das,Male,34,Patna,Bihar,2024-09-01
12175,Diya Iyer,Male,18,Lucknow,Uttar Pradesh,2024-11-28
12176,Kabir Chopra,Female,47,Dehradun,Uttarakhand,2025-11-03
12177,Ankit Nair,Female,39,Hyderabad,Telangana,2025-06-08
12178,Ananya Sharma,Female,45,Mumbai,Maharashtra,2024-10-20
12179,Ankit Nair,Male,50,Dehradun,Uttarakhand,2024-09-29
12180,Priya Verma,Male,43,Nagpur,Maharashtra,2025-01-13
12181,Vivaan Arora,Female,52,Bhubaneswar,Odisha,2025-09-17
12182,Kabir Mehta,Male,28,Ahmedabad,Gujarat,2025-10-25
12183,Ishaan Sharma,Male,24,Bengaluru,Karnataka,2024-01-26
12184,Rohan Singh,Male,45,Jaipur,Rajasthan,2025-11-10
12185,Aditya Kapoor,Male,42,Dehradun,Uttarakhand,2025-06-27
12186,Aisha Kumar,Female,58,Kolkata,West Bengal,2025-12-18
12187,Aditya Sethi,Female,48,Chandigarh,Chandigarh,2025-09-01
12188,Rohan Bansal,Female,20,Chandigarh,Chandigarh,2024-03-31
12189,Priya Sharma,Female,50,Indore,Madhya Pradesh,2025-04-20
12190,Neha Nair,Female,51,Patna,Bihar,2025-12-26
12191,Ankit Malhotra,Female,38,Jaipur,Rajasthan,2024-07-06
12192,Ananya Nair,Female,54,Patna,Bihar,2025-07-22
12193,Neha Das,Male,36,Jaipur,Rajasthan,2025-09-10
12194,Arjun Arora,Male,54,Jaipur,Rajasthan,2024-07-13
12195,Vivaan Sethi,Female,38,Delhi,Delhi,2025-06-17
12196,Priya Shah,Male,31,Mumbai,Maharashtra,2025-11-28
12197,Ishaan Kapoor,Male,27,Nagpur,Maharashtra,2024-03-25
12198,Vivaan Chopra,Female,24,Delhi,Delhi,2025-08-14
12199,Riya Sharma,Female,46,Chandigarh,Chandigarh,2024-03-17
12200,Arjun Reddy,Female,57,Bhubaneswar,Odisha,2024-11-25
12201,Karan Malhotra,Male,25,Ahmedabad,Gujarat,2025-01-17
12202,Kavya Das,Female,56,Lucknow,Uttar Pradesh,2025-03-08
12203,Diya Iyer,Female,30,Mumbai,Maharashtra,2025-01-11
12204,Ananya Mehta,Female,36,Ahmedabad,Gujarat,2024-12-06
12205,Riya Malhotra,Male,28,Ahmedabad,Gujarat,2024-06-25
12206,Priya Chopra,Male,19,Patna,Bihar,2025-03-01
12207,Karan Mehta,Male,23,Surat,Gujarat,2025-02-27
12208,Vivaan Sethi,Male,46,Patna,Bihar,2024-06-22
12209,Isha Arora,Male,58,Indore,Madhya Pradesh,2025-02-09
12210,Rahul Arora,Male,22,Coimbatore,Tamil Nadu,2024-03-22
12211,Sneha Patel,Female,58,Chennai,Tamil Nadu,2024-01-21
12212,Kavya Sethi,Female,47,Kochi,Kerala,2025-11-21
12213,Karan Verma,Female,56,Delhi,Delhi,2025-02-01
12214,Sneha Joshi,Male,53,Chennai,Tamil Nadu,2024-11-25
12215,Kabir Bansal,Male,44,Ahmedabad,Gujarat,2024-08-12
12216,Priya Patel,Male,35,Indore,Madhya Pradesh,2025-02-05
12217,Isha Singh,Male,53,Ahmedabad,Gujarat,2025-03-13
12218,Karan Singh,Male,33,Lucknow,Uttar Pradesh,2024-09-28
12219,Sneha Sharma,Female,22,Delhi,Delhi,2024-10-06
12220,Karan Malhotra,Female,26,Indore,Madhya Pradesh,2024-08-10
12221,Sneha Patel,Female,51,Coimbatore,Tamil Nadu,2025-08-09
12222,Riya Shah,Female,51,Bengaluru,Karnataka,2025-10-24
12223,Ankit Mehta,Female,53,Patna,Bihar,2025-05-23
12224,Ishaan Malhotra,Female,48,Chennai,Tamil Nadu,2024-12-07
12225,Rahul Singh,Female,37,Dehradun,Uttarakhand,2025-09-08
12226,Aarav Sethi,Female,34,Ahmedabad,Gujarat,2024-02-11
12227,Sneha Singh,Female,37,Bhopal,Madhya Pradesh,2024-06-24
12228,Kabir Joshi,Female,45,Hyderabad,Telangana,2024-09-01
12229,Sneha Mehta,Male,38,Lucknow,Uttar Pradesh,2024-09-09
12230,Aarav Bansal,Female,36,Dehradun,Uttarakhand,2024-09-30
12231,Isha Bansal,Female,20,Surat,Gujarat,2024-11-29
12232,Meera Joshi,Female,47,Coimbatore,Tamil Nadu,2025-08-26
12233,Ishaan Agarwal,Male,22,Pune,Maharashtra,2024-01-11
12234,Ananya Iyer,Male,59,Coimbatore,Tamil Nadu,2024-05-31
12235,Karan Das,Female,23,Coimbatore,Tamil Nadu,2024-07-07
12236,Kabir Patel,Female,20,Lucknow,Uttar Pradesh,2025-11-06
12237,Ankit Verma,Male,59,Chennai,Tamil Nadu,2025-09-29
12238,Kabir Bansal,Female,41,Chennai,Tamil Nadu,2024-07-29
12239,Neha Agarwal,Female,18,Ahmedabad,Gujarat,2024-04-06
12240,Kabir Sharma,Male,53,Chandigarh,Chandigarh,2024-12-04
12241,Isha Verma,Female,32,Kolkata,West Bengal,2024-02-16
12242,Aisha Reddy,Male,58,Surat,Gujarat,2024-02-26
12243,Aarav Joshi,Female,55,Nagpur,Maharashtra,2024-03-15
12244,Priya Verma,Female,35,Patna,Bihar,2024-09-10
12245,Aarav Patel,Female,40,Ahmedabad,Gujarat,2025-10-24
12246,Priya Singh,Female,46,Ahmedabad,Gujarat,2025-07-24
12247,Riya Nair,Male,58,Jaipur,Rajasthan,2025-08-20
12248,Riya Joshi,Female,39,Mumbai,Maharashtra,2024-06-18
12249,Meera Das,Female,41,Surat,Gujarat,2024-05-25
12250,Aisha Nair,Female,30,Bhubaneswar,Odisha,2024-02-02
12251,Ishaan Bansal,Male,50,Bengaluru,Karnataka,2025-05-29
12252,Aarav Shah,Male,39,Patna,Bihar,2024-09-13
12253,Meera Mehta,Female,52,Hyderabad,Telangana,2024-05-05
12254,Aarav Nair,Female,34,Hyderabad,Telangana,2024-04-22
12255,Neha Nair,Male,39,Bhopal,Madhya Pradesh,2024-12-07
12256,Rohan Chopra,Other,22,Jaipur,Rajasthan,2024-02-17
12257,Vivaan Sethi,Female,42,Jaipur,Rajasthan,2024-12-29
12258,Neha Iyer,Female,23,Bhubaneswar,Odisha,2025-02-01
12259,Rohan Iyer,Female,34,Chandigarh,Chandigarh,2024-07-13
12260,Diya Nair,Female,48,Hyderabad,Telangana,2025-12-25
12261,Riya Shah,Female,34,Kochi,Kerala,2024-11-16
12262,Rohan Nair,Male,50,Ahmedabad,Gujarat,2024-05-17
12263,Ankit Bansal,Female,56,Mumbai,Maharashtra,2024-12-20
12264,Riya Malhotra,Female,54,Indore,Madhya Pradesh,2024-03-10
12265,Rahul Malhotra,Female,21,Nagpur,Maharashtra,2025-08-04
12266,Karan Bansal,Female,60,Mumbai,Maharashtra,2025-04-27
12267,Ankit Kumar,Male,31,Lucknow,Uttar Pradesh,2025-12-20
12268,Neha Malhotra,Male,30,Chandigarh,Chandigarh,2025-12-12
12269,Rohan Arora,Female,44,Surat,Gujarat,2024-02-28
12270,Diya Sethi,Male,41,Patna,Bihar,2025-01-23
12271,Rohan Das,Female,44,Ahmedabad,Gujarat,2024-12-16
12272,Ishaan Chopra,Male,25,Bhubaneswar,Odisha,2024-12-04
12273,Ananya Patel,Male,56,Jaipur,Rajasthan,2025-11-07
12274,Aditya Gupta,Male,38,Ahmedabad,Gujarat,2025-08-18
12275,Diya Shah,Female,58,Bhopal,Madhya Pradesh,2025-03-11
12276,Sneha Nair,Female,28,Bhubaneswar,Odisha,2025-03-25
12277,Meera Shah,Female,48,Dehradun,Uttarakhand,2025-01-11
12278,Ishaan Reddy,Female,44,Dehradun,Uttarakhand,2025-01-25
12279,Karan Nair,Male,59,Kochi,Kerala,2025-04-25
12280,Riya Patel,Male,44,Coimbatore,Tamil Nadu,2024-04-23
12281,Aisha Joshi,Female,25,Bhopal,Madhya Pradesh,2024-06-20
12282,Rahul Das,Female,50,Patna,Bihar,2024-01-18
12283,Ankit Verma,Male,29,Bengaluru,Karnataka,2024-08-22
12284,Rahul Sethi,Female,52,Pune,Maharashtra,2024-11-05
12285,Isha Chopra,Female,51,Patna,Bihar,2025-10-30
12286,Kavya Reddy,Male,33,Kochi,Kerala,2025-12-23
12287,Vivaan Arora,Male,53,Jaipur,Rajasthan,2024-10-07
12288,Aisha Iyer,Female,19,Surat,Gujarat,2024-07-14
12289,Vivaan Nair,Male,29,Bhubaneswar,Odisha,2024-04-24
12290,Sneha Bansal,Male,44,Indore,Madhya Pradesh,2025-01-31
12291,Vivaan Reddy,Female,34,Ahmedabad,Gujarat,2025-11-02
12292,Aditya Joshi,Male,37,Bhopal,Madhya Pradesh,2025-10-28
12293,Rohan Sharma,Female,38,Ahmedabad,Gujarat,2025-07-16
12294,Aditya Gupta,Male,47,Bhopal,Madhya Pradesh,2025-02-21
12295,Ankit Nair,Female,59,Pune,Maharashtra,2024-10-10
12296,Rohan Verma,Female,37,Kochi,Kerala,2025-08-07
12297,Meera Arora,Male,25,Lucknow,Uttar Pradesh,2024-11-23
12298,Neha Sharma,Male,35,Lucknow,Uttar Pradesh,2024-12-06
12299,Sneha Malhotra,Female,35,Indore,Madhya Pradesh,2025-09-13
12300,Aditya Nair,Female,35,Bhubaneswar,Odisha,2024-08-08
12301,Riya Kumar,Female,19,Mumbai,Maharashtra,2024-01-09
12302,Ishaan Chopra,Male,29,Surat,Gujarat,2024-03-22
12303,Rahul Sharma,Female,49,Dehradun,Uttarakhand,2024-10-20
12304,Kavya Sharma,Female,59,Bhubaneswar,Odisha,2025-01-09
12305,Ananya Mehta,Female,25,Surat,Gujarat,2025-06-17
12306,Kabir Iyer,Female,27,Coimbatore,Tamil Nadu,2025-02-18
12307,Aditya Arora,Male,28,Kochi,Kerala,2024-04-08
12308,Priya Bansal,Female,31,Indore,Madhya Pradesh,2025-11-12
12309,Arjun Nair,Male,43,Lucknow,Uttar Pradesh,2025-12-02
12310,Kabir Mehta,Male,47,Chennai,Tamil Nadu,2025-09-09
12311,Aarav Nair,Female,59,Delhi,Delhi,2025-01-16
12312,Riya Bansal,Other,21,Bengaluru,Karnataka,2025-05-18
12313,Ananya Sethi,Male,56,Coimbatore,Tamil Nadu,2025-03-22
12314,Aisha Reddy,Female,28,Pune,Maharashtra,2025-11-10
12315,Rahul Chopra,Male,41,Kochi,Kerala,2024-12-09
12316,Vivaan Shah,Female,39,Surat,Gujarat,2025-02-28
12317,Kabir Bansal,Female,20,Chennai,Tamil Nadu,2025-09-16
12318,Aisha Shah,Male,54,Surat,Gujarat,2024-11-01
12319,Meera Arora,Male,19,Ahmedabad,Gujarat,2024-05-27
12320,Meera Kumar,Male,29,Chandigarh,Chandigarh,2025-03-29
12321,Aditya Verma,Male,38,Nagpur,Maharashtra,2024-02-02
12322,Arjun Iyer,Male,22,Ahmedabad,Gujarat,2025-05-15
12323,Priya Verma,Female,24,Delhi,Delhi,2024-11-14
12324,Diya Arora,Male,21,Kochi,Kerala,2025-11-27
12325,Aditya Das,Female,60,Chennai,Tamil Nadu,2024-07-11
12326,Meera Arora,Male,58,Bengaluru,Karnataka,2024-06-28
12327,Isha Shah,Female,53,Delhi,Delhi,2025-06-01
12328,Ankit Kapoor,Male,39,Hyderabad,Telangana,2025-01-25
12329,Rahul Shah,Male,46,Ahmedabad,Gujarat,2025-06-04
12330,Priya Agarwal,Female,26,Bengaluru,Karnataka,2024-12-22
12331,Meera Kapoor,Male,43,Chandigarh,Chandigarh,2025-07-26
12332,Ankit Singh,Female,29,Mumbai,Maharashtra,2025-04-08
12333,Neha Malhotra,Female,18,Lucknow,Uttar Pradesh,2025-11-05
12334,Sneha Shah,Female,25,Chandigarh,Chandigarh,2024-04-08
12335,Vivaan Das,Male,50,Bhopal,Madhya Pradesh,2024-05-27
12336,Vivaan Bansal,Male,21,Pune,Maharashtra,2025-07-23
12337,Rohan Iyer,Female,31,Mumbai,Maharashtra,2025-12-27
12338,Sneha Reddy,Female,46,Jaipur,Rajasthan,2024-11-11
12339,Karan Patel,Male,31,Nagpur,Maharashtra,2024-06-30
12340,Aditya Kapoor,Male,26,Indore,Madhya Pradesh,2025-06-30
12341,Diya Verma,Male,26,Jaipur,Rajasthan,2024-10-29
12342,Meera Patel,Male,43,Dehradun,Uttarakhand,2025-07-11
12343,Aarav Bansal,Male,59,Hyderabad,Telangana,2025-08-21
12344,Aditya Iyer,Female,34,Chandigarh,Chandigarh,2024-01-04
12345,Riya Mehta,Male,58,Kochi,Kerala,2024-04-16
12346,Rahul Verma,Male,21,Patna,Bihar,2024-03-15
12347,Rohan Sethi,Male,20,Bhopal,Madhya Pradesh,2024-02-09
12348,Aarav Singh,Female,46,Bhopal,Madhya Pradesh,2025-09-30
12349,Ankit Iyer,Male,42,Mumbai,Maharashtra,2025-11-25
12350,Rohan Agarwal,Male,38,Dehradun,Uttarakhand,2024-04-28
12351,Ananya Kapoor,Male,29,Lucknow,Uttar Pradesh,2024-03-13
12352,Arjun Agarwal,Male,18,Nagpur,Maharashtra,2025-07-05
12353,Aisha Verma,Male,18,Coimbatore,Tamil Nadu,2024-07-22
12354,Neha Arora,Female,24,Kolkata,West Bengal,2024-04-05
12355,Karan Mehta,Female,27,Coimbatore,Tamil Nadu,2024-10-05
12356,Kavya Malhotra,Male,32,Chennai,Tamil Nadu,2024-05-22
12357,Aditya Singh,Female,57,Hyderabad,Telangana,2024-04-24
12358,Ananya Mehta,Male,28,Surat,Gujarat,2025-04-20
12359,Ishaan Shah,Male,40,Hyderabad,Telangana,2024-05-12
12360,Ananya Verma,Other,30,Dehradun,Uttarakhand,2024-06-16
12361,Vivaan Gupta,Female,44,Chandigarh,Chandigarh,2024-09-01
12362,Diya Verma,Other,58,Bengaluru,Karnataka,2024-10-03
12363,Kabir Das,Male,34,Chennai,Tamil Nadu,2024-09-15
12364,Rahul Kumar,Male,30,Kolkata,West Bengal,2024-02-15
12365,Priya Shah,Female,29,Ahmedabad,Gujarat,2024-12-11
12366,Kabir Mehta,Female,46,Pune,Maharashtra,2024-08-24
12367,Aditya Mehta,Male,38,Chandigarh,Chandigarh,2024-02-22
12368,Neha Reddy,Female,37,Kolkata,West Bengal,2024-05-27
12369,Vivaan Das,Female,37,Bhopal,Madhya Pradesh,2025-11-29
12370,Aarav Nair,Male,48,Hyderabad,Telangana,2025-06-16
12371,Ishaan Gupta,Female,25,Indore,Madhya Pradesh,2024-03-30
12372,Diya Arora,Female,41,Dehradun,Uttarakhand,2024-08-20
12373,Kabir Sethi,Male,28,Patna,Bihar,2025-12-27
12374,Sneha Arora,Other,56,Pune,Maharashtra,2024-02-20
12375,Priya Sethi,Male,50,Hyderabad,Telangana,2025-10-26
12376,Vivaan Mehta,Male,59,Bhopal,Madhya Pradesh,2025-09-19
12377,Karan Gupta,Female,32,Bengaluru,Karnataka,2025-01-28
12378,Rahul Reddy,Other,21,Chennai,Tamil Nadu,2024-08-01
12379,Aditya Kapoor,Female,18,Nagpur,Maharashtra,2025-03-26
12380,Vivaan Arora,Female,49,Dehradun,Uttarakhand,2024-12-04
12381,Ishaan Patel,Female,28,Hyderabad,Telangana,2024-12-16
12382,Kabir Reddy,Female,47,Mumbai,Maharashtra,2025-10-10
12383,Kabir Reddy,Male,54,Bhubaneswar,Odisha,2024-10-11
12384,Kavya Sethi,Female,36,Coimbatore,Tamil Nadu,2025-08-05
12385,Aisha Iyer,Female,53,Coimbatore,Tamil Nadu,2024-09-01
12386,Kavya Singh,Male,51,Patna,Bihar,2025-07-03
12387,Rohan Joshi,Female,24,Bhopal,Madhya Pradesh,2025-12-28
12388,Kavya Mehta,Female,37,Coimbatore,Tamil Nadu,2025-09-30
12389,Riya Kumar,Female,29,Indore,Madhya Pradesh,2025-08-06
12390,Vivaan Iyer,Male,49,Kochi,Kerala,2024-08-13
12391,Rohan Singh,Female,19,Kolkata,West Bengal,2025-03-16
12392,Rahul Nair,Male,39,Hyderabad,Telangana,2025-04-18
12393,Aditya Sethi,Male,58,Coimbatore,Tamil Nadu,2025-03-19
12394,Aarav Das,Female,57,Nagpur,Maharashtra,2025-02-15
12395,Aarav Sethi,Female,41,Indore,Madhya Pradesh,2024-09-02
12396,Sneha Malhotra,Male,48,Hyderabad,Telangana,2025-08-05
12397,Kabir Patel,Male,21,Patna,Bihar,2025-12-07
12398,Aisha Reddy,Female,41,Delhi,Delhi,2025-05-14
12399,Sneha Das,Other,60,Bhubaneswar,Odisha,2025-07-03
12400,Ananya Chopra,Female,34,Dehradun,Uttarakhand,2024-04-26
12401,Meera Kumar,Female,57,Patna,Bihar,2024-12-29
12402,Sneha Nair,Male,36,Surat,Gujarat,2024-07-22
12403,Aditya Agarwal,Male,57,Lucknow,Uttar Pradesh,2024-12-16
12404,Ananya Kumar,Male,55,Indore,Madhya Pradesh,2024-11-14
12405,Kabir Reddy,Male,51,Delhi,Delhi,2024-12-24
12406,Vivaan Joshi,Male,50,Patna,Bihar,2025-05-31
12407,Ishaan Sethi,Male,23,Kolkata,West Bengal,2025-05-03
12408,Aisha Verma,Female,53,Hyderabad,Telangana,2025-10-30
12409,Isha Agarwal,Male,30,Dehradun,Uttarakhand,2024-04-16
12410,Aditya Agarwal,Female,26,Nagpur,Maharashtra,2025-10-15
12411,Kavya Patel,Female,52,Surat,Gujarat,2024-06-20
12412,Kabir Sethi,Female,51,Surat,Gujarat,2025-10-19
12413,Karan Kapoor,Female,33,Kolkata,West Bengal,2025-06-02
12414,Aarav Joshi,Female,35,Surat,Gujarat,2025-06-11
12415,Karan Mehta,Male,35,Bhopal,Madhya Pradesh,2024-11-15
12416,Riya Joshi,Male,55,Lucknow,Uttar Pradesh,2024-02-06
12417,Kavya Joshi,Male,60,Pune,Maharashtra,2025-05-13
12418,Meera Verma,Male,49,Jaipur,Rajasthan,2025-10-26
12419,Riya Nair,Female,24,Nagpur,Maharashtra,2024-09-21
12420,Kavya Malhotra,Female,40,Chennai,Tamil Nadu,2025-11-25
12421,Ananya Bansal,Female,40,Dehradun,Uttarakhand,2025-10-29
12422,Aisha Chopra,Male,35,Chandigarh,Chandigarh,2025-10-10
12423,Aisha Reddy,Other,24,Bhubaneswar,Odisha,2025-02-05
12424,Ankit Verma,Male,59,Bengaluru,Karnataka,2025-08-24
12425,Ishaan Bansal,Female,57,Indore,Madhya Pradesh,2024-08-05
12426,Diya Sharma,Male,41,Lucknow,Uttar Pradesh,2024-11-25
12427,Meera Das,Male,31,Patna,Bihar,2024-07-04
12428,Isha Agarwal,Male,22,Indore,Madhya Pradesh,2025-01-15
12429,Ananya Singh,Female,39,Kolkata,West Bengal,2024-07-27
12430,Rahul Sharma,Male,39,Patna,Bihar,2025-07-16
12431,Karan Shah,Male,27,Indore,Madhya Pradesh,2024-10-14
12432,Riya Bansal,Female,43,Coimbatore,Tamil Nadu,2024-03-28
12433,Riya Joshi,Female,32,Coimbatore,Tamil Nadu,2024-05-15
12434,Aisha Patel,Male,55,Chandigarh,Chandigarh,2024-06-06
12435,Riya Reddy,Female,58,Bengaluru,Karnataka,2024-06-03
12436,Isha Chopra,Male,59,Bhopal,Madhya Pradesh,2025-04-07
12437,Arjun Sharma,Male,18,Coimbatore,Tamil Nadu,2024-08-07
12438,Neha Gupta,Male,31,Chennai,Tamil Nadu,2025-04-03
12439,Kabir Sethi,Male,53,Chennai,Tamil Nadu,2024-06-15
12440,Meera Joshi,Female,48,Dehradun,Uttarakhand,2024-11-17
12441,Rahul Agarwal,Female,45,Patna,Bihar,2025-11-21
12442,Ankit Sethi,Male,51,Chandigarh,Chandigarh,2025-07-15
12443,Riya Joshi,Female,52,Chennai,Tamil Nadu,2025-05-26
12444,Neha Gupta,Female,56,Hyderabad,Telangana,2024-03-27
12445,Riya Mehta,Male,40,Kolkata,West Bengal,2025-06-28
12446,Ishaan Das,Male,36,Hyderabad,Telangana,2024-10-01
12447,Arjun Kumar,Female,35,Pune,Maharashtra,2024-05-20
12448,Kabir Nair,Female,32,Pune,Maharashtra,2025-12-18
12449,Meera Bansal,Female,18,Bhubaneswar,Odisha,2025-09-16
12450,Aditya Shah,Female,42,Bengaluru,Karnataka,2024-12-18
12451,Riya Das,Male,43,Delhi,Delhi,2024-01-05
12452,Diya Singh,Female,52,Hyderabad,Telangana,2025-01-16
12453,Isha Singh,Male,32,Kolkata,West Bengal,2025-12-24
12454,Neha Shah,Female,21,Jaipur,Rajasthan,2024-11-29
12455,Aarav Kumar,Female,32,Bhopal,Madhya Pradesh,2025-04-19
12456,Neha Verma,Male,59,Kochi,Kerala,2024-01-30
12457,Priya Bansal,Male,55,Dehradun,Uttarakhand,2024-12-12
12458,Neha Nair,Female,56,Hyderabad,Telangana,2025-08-16
12459,Diya Verma,Male,18,Kochi,Kerala,2025-05-07
12460,Kavya Das,Female,39,Chandigarh,Chandigarh,2025-05-09
12461,Sneha Reddy,Female,28,Pune,Maharashtra,2025-01-22
12462,Ishaan Singh,Female,55,Bengaluru,Karnataka,2024-09-09
12463,Aisha Iyer,Male,54,Bhopal,Madhya Pradesh,2025-09-21
12464,Riya Iyer,Female,43,Chandigarh,Chandigarh,2024-01-30
12465,Diya Joshi,Female,44,Nagpur,Maharashtra,2025-09-14
12466,Aarav Arora,Female,30,Nagpur,Maharashtra,2025-12-11
12467,Ishaan Bansal,Female,24,Chandigarh,Chandigarh,2024-12-07
12468,Karan Bansal,Other,25,Indore,Madhya Pradesh,2024-10-13
12469,Riya Nair,Female,40,Kolkata,West Bengal,2025-01-31
12470,Rahul Shah,Male,43,Kochi,Kerala,2025-05-23
12471,Aarav Bansal,Female,44,Jaipur,Rajasthan,2024-08-31
12472,Neha Shah,Male,26,Indore,Madhya Pradesh,2024-08-08
12473,Sneha Verma,Male,55,Hyderabad,Telangana,2024-06-04
12474,Rohan Gupta,Male,30,Lucknow,Uttar Pradesh,2025-01-17
12475,Aditya Arora,Female,24,Dehradun,Uttarakhand,2024-11-15
12476,Kabir Das,Female,28,Bhubaneswar,Odisha,2025-01-07
12477,Vivaan Bansal,Female,27,Lucknow,Uttar Pradesh,2025-06-14
12478,Kavya Singh,Male,50,Hyderabad,Telangana,2024-08-02
12479,Arjun Patel,Male,56,Bhubaneswar,Odisha,2025-01-01
12480,Ankit Sethi,Male,20,Delhi,Delhi,2024-04-23
12481,Ankit Kumar,Female,58,Pune,Maharashtra,2024-07-18
12482,Priya Das,Male,46,Kolkata,West Bengal,2024-01-25
12483,Meera Mehta,Male,54,Surat,Gujarat,2024-04-30
12484,Neha Kumar,Male,33,Bhubaneswar,Odisha,2025-09-02
12485,Meera Verma,Female,33,Lucknow,Uttar Pradesh,2024-01-03
12486,Ishaan Mehta,Female,60,Dehradun,Uttarakhand,2025-03-20
12487,Meera Gupta,Female,24,Surat,Gujarat,2024-09-10
12488,Aditya Arora,Male,32,Nagpur,Maharashtra,2024-01-20
12489,Meera Sharma,Male,55,Pune,Maharashtra,2024-07-22
12490,Karan Verma,Male,23,Chandigarh,Chandigarh,2024-12-22
12491,Ananya Kapoor,Male,35,Kochi,Kerala,2024-05-07
12492,Aditya Nair,Male,36,Bhopal,Madhya Pradesh,2024-12-23
12493,Neha Arora,Male,19,Chennai,Tamil Nadu,2024-10-18
12494,Riya Arora,Male,20,Bhubaneswar,Odisha,2024-06-22
12495,Priya Sethi,Male,42,Chennai,Tamil Nadu,2024-12-20
12496,Arjun Sethi,Male,53,Bengaluru,Karnataka,2024-02-06
12497,Meera Patel,Female,45,Chennai,Tamil Nadu,2024-11-05
12498,Neha Sethi,Other,55,Patna,Bihar,2025-10-22
12499,Rahul Reddy,Female,45,Coimbatore,Tamil Nadu,2025-08-26
12500,Rohan Iyer,Male,49,Coimbatore,Tamil Nadu,2025-08-04
12501,Kavya Shah,Male,58,Kochi,Kerala,2024-03-24
12502,Vivaan Das,Female,53,Jaipur,Rajasthan,2025-05-24
12503,Rahul Reddy,Male,56,Delhi,Delhi,2025-03-19
12504,Rohan Nair,Female,53,Bhubaneswar,Odisha,2025-02-23
12505,Aditya Joshi,Female,60,Hyderabad,Telangana,2024-07-23
12506,Kavya Mehta,Female,40,Chandigarh,Chandigarh,2025-05-02
12507,Rohan Shah,Female,19,Pune,Maharashtra,2024-03-28
12508,Ishaan Chopra,Female,27,Delhi,Delhi,2024-09-08
12509,Aarav Malhotra,Female,23,Patna,Bihar,2025-12-23
12510,Aarav Sethi,Male,25,Mumbai,Maharashtra,2024-01-31
12511,Kabir Shah,Male,32,Lucknow,Uttar Pradesh,2025-02-24
12512,Rohan Sharma,Male,46,Jaipur,Rajasthan,2024-03-01
12513,Aisha Kapoor,Male,45,Pune,Maharashtra,2025-08-01
12514,Vivaan Reddy,Male,39,Patna,Bihar,2024-08-13
12515,Isha Reddy,Male,51,Patna,Bihar,2024-11-30
12516,Isha Reddy,Female,37,Mumbai,Maharashtra,2025-08-01
12517,Aisha Kumar,Male,50,Kolkata,West Bengal,2025-10-01
12518,Diya Reddy,Male,32,Bhopal,Madhya Pradesh,2024-04-20
12519,Ishaan Iyer,Male,24,Kolkata,West Bengal,2025-05-05
12520,Diya Shah,Female,41,Mumbai,Maharashtra,2024-09-28
12521,Ankit Verma,Male,43,Delhi,Delhi,2024-02-03
12522,Neha Joshi,Female,27,Chandigarh,Chandigarh,2024-07-30
12523,Diya Bansal,Female,32,Chennai,Tamil Nadu,2024-10-26
12524,Karan Shah,Female,54,Mumbai,Maharashtra,2025-01-07
12525,Arjun Arora,Male,41,Nagpur,Maharashtra,2024-05-04
12526,Meera Shah,Male,28,Mumbai,Maharashtra,2024-04-12
12527,Aisha Malhotra,Female,57,Chandigarh,Chandigarh,2025-12-18
12528,Kavya Gupta,Male,38,Mumbai,Maharashtra,2024-04-29
12529,Riya Gupta,Male,57,Nagpur,Maharashtra,2025-11-12
12530,Diya Verma,Male,55,Nagpur,Maharashtra,2025-06-30
12531,Riya Sharma,Female,32,Coimbatore,Tamil Nadu,2024-11-26
12532,Kabir Sethi,Male,32,Pune,Maharashtra,2024-11-04
12533,Rahul Reddy,Female,54,Kochi,Kerala,2025-07-23
12534,Aditya Bansal,Male,31,Surat,Gujarat,2025-02-15
12535,Karan Das,Female,60,Ahmedabad,Gujarat,2025-02-02
12536,Kavya Arora,Female,38,Kolkata,West Bengal,2024-11-01
12537,Ankit Sethi,Male,37,Chandigarh,Chandigarh,2025-10-14
12538,Sneha Verma,Male,50,Bengaluru,Karnataka,2025-09-14
12539,Aditya Mehta,Male,20,Coimbatore,Tamil Nadu,2024-06-11
12540,Priya Reddy,Male,57,Patna,Bihar,2025-09-14
12541,Priya Iyer,Female,40,Pune,Maharashtra,2025-10-25
12542,Neha Patel,Male,40,Dehradun,Uttarakhand,2024-03-05
12543,Meera Joshi,Female,44,Hyderabad,Telangana,2025-09-09
12544,Ishaan Verma,Male,52,Bhopal,Madhya Pradesh,2024-08-03
12545,Arjun Sharma,Male,42,Dehradun,Uttarakhand,2025-08-25
12546,Sneha Nair,Female,49,Surat,Gujarat,2024-01-26
12547,Ananya Mehta,Female,39,Ahmedabad,Gujarat,2025-10-30
12548,Isha Agarwal,Male,25,Surat,Gujarat,2025-08-06
12549,Priya Arora,Female,55,Dehradun,Uttarakhand,2024-02-13
12550,Kabir Bansal,Male,35,Bhopal,Madhya Pradesh,2024-03-30
12551,Kabir Verma,Female,45,Jaipur,Rajasthan,2024-05-12
12552,Isha Sethi,Male,45,Ahmedabad,Gujarat,2024-06-09
12553,Riya Patel,Male,28,Patna,Bihar,2025-01-14
12554,Priya Malhotra,Female,29,Mumbai,Maharashtra,2024-09-17
12555,Ananya Mehta,Male,19,Bengaluru,Karnataka,2025-01-17
12556,Vivaan Iyer,Male,54,Ahmedabad,Gujarat,2025-01-03
12557,Kavya Malhotra,Male,21,Kochi,Kerala,2024-04-20
12558,Isha Kumar,Female,58,Delhi,Delhi,2025-11-06
12559,Kavya Malhotra,Female,51,Chandigarh,Chandigarh,2024-03-17
12560,Arjun Kumar,Female,40,Dehradun,Uttarakhand,2024-07-27
12561,Riya Chopra,Female,30,Bengaluru,Karnataka,2024-01-13
12562,Rohan Kumar,Female,24,Kolkata,West Bengal,2025-07-23
12563,Sneha Shah,Male,49,Pune,Maharashtra,2025-07-01
12564,Priya Sethi,Male,40,Dehradun,Uttarakhand,2024-01-25
12565,Vivaan Mehta,Female,25,Bhubaneswar,Odisha,2025-06-29
12566,Karan Bansal,Male,54,Lucknow,Uttar Pradesh,2024-05-19
12567,Priya Joshi,Male,51,Coimbatore,Tamil Nadu,2024-10-01
12568,Kabir Singh,Female,46,Chennai,Tamil Nadu,2025-01-04
12569,Riya Chopra,Female,54,Coimbatore,Tamil Nadu,2024-08-09
12570,Riya Bansal,Male,40,Lucknow,Uttar Pradesh,2024-02-06
12571,Diya Shah,Male,55,Kochi,Kerala,2024-05-08
12572,Ankit Sethi,Female,46,Chandigarh,Chandigarh,2024-11-11
12573,Aditya Iyer,Male,22,Ahmedabad,Gujarat,2024-11-18
12574,Rahul Shah,Male,57,Jaipur,Rajasthan,2025-03-08
12575,Aditya Kumar,Male,28,Hyderabad,Telangana,2024-08-05
12576,Priya Iyer,Other,31,Chennai,Tamil Nadu,2024-09-04
12577,Ananya Mehta,Male,59,Ahmedabad,Gujarat,2024-04-20
12578,Ananya Arora,Female,19,Jaipur,Rajasthan,2025-12-08
12579,Aditya Patel,Male,52,Surat,Gujarat,2024-05-26
12580,Ishaan Nair,Male,52,Surat,Gujarat,2024-12-09
12581,Diya Shah,Male,59,Nagpur,Maharashtra,2025-05-23
12582,Priya Joshi,Female,45,Bhopal,Madhya Pradesh,2025-05-19
12583,Ishaan Nair,Female,25,Ahmedabad,Gujarat,2025-07-05
12584,Ankit Nair,Male,49,Bhubaneswar,Odisha,2024-05-13
12585,Priya Gupta,Female,21,Chandigarh,Chandigarh,2025-04-08
12586,Isha Reddy,Male,24,Dehradun,Uttarakhand,2024-07-09
12587,Sneha Malhotra,Female,56,Kolkata,West Bengal,2024-06-11
12588,Meera Gupta,Male,44,Kochi,Kerala,2025-03-31
12589,Kavya Shah,Female,54,Mumbai,Maharashtra,2024-03-01
12590,Ananya Mehta,Male,34,Pune,Maharashtra,2024-01-05
12591,Riya Iyer,Female,27,Nagpur,Maharashtra,2024-02-06
12592,Aisha Chopra,Female,21,Bengaluru,Karnataka,2025-04-04
12593,Kabir Das,Male,40,Indore,Madhya Pradesh,2024-08-04
12594,Arjun Nair,Male,31,Bengaluru,Karnataka,2025-12-28
12595,Diya Reddy,Male,22,Bhubaneswar,Odisha,2024-05-18
12596,Karan Shah,Female,19,Lucknow,Uttar Pradesh,2025-09-09
12597,Rahul Arora,Male,41,Ahmedabad,Gujarat,2024-04-08
12598,Sneha Sharma,Female,35,Kolkata,West Bengal,2025-11-10
12599,Aditya Verma,Female,44,Delhi,Delhi,2024-09-20
12600,Kabir Joshi,Male,41,Delhi,Delhi,2025-08-21
12601,Riya Verma,Male,46,Ahmedabad,Gujarat,2025-08-18
12602,Aarav Das,Female,28,Chennai,Tamil Nadu,2024-08-11
12603,Karan Malhotra,Female,35,Nagpur,Maharashtra,2024-01-11
12604,Sneha Malhotra,Female,21,Lucknow,Uttar Pradesh,2024-11-22
12605,Neha Bansal,Male,50,Chennai,Tamil Nadu,2025-11-28
12606,Neha Patel,Male,31,Hyderabad,Telangana,2024-12-15
12607,Priya Arora,Female,59,Kolkata,West Bengal,2025-01-13
12608,Vivaan Das,Female,49,Bhopal,Madhya Pradesh,2024-08-18
12609,Rohan Arora,Female,21,Coimbatore,Tamil Nadu,2024-05-20
12610,Diya Iyer,Male,37,Jaipur,Rajasthan,2025-09-09
12611,Aditya Mehta,Male,38,Kochi,Kerala,2024-02-18
12612,Ananya Agarwal,Male,20,Lucknow,Uttar Pradesh,2025-03-26
12613,Arjun Joshi,Female,42,Bhopal,Madhya Pradesh,2025-05-05
12614,Ananya Patel,Male,21,Nagpur,Maharashtra,2024-07-23
12615,Aisha Joshi,Female,28,Delhi,Delhi,2025-02-12
12616,Vivaan Verma,Female,33,Indore,Madhya Pradesh,2025-02-10
12617,Vivaan Das,Male,53,Indore,Madhya Pradesh,2024-02-20
12618,Isha Nair,Male,23,Mumbai,Maharashtra,2024-06-23
12619,Neha Mehta,Female,48,Hyderabad,Telangana,2024-09-17
12620,Ishaan Kapoor,Male,57,Kolkata,West Bengal,2025-04-24
12621,Diya Chopra,Male,30,Chennai,Tamil Nadu,2024-08-10
12622,Ananya Reddy,Male,40,Bengaluru,Karnataka,2024-09-25
12623,Neha Mehta,Female,21,Delhi,Delhi,2024-11-13
12624,Diya Joshi,Female,54,Hyderabad,Telangana,2025-01-19
12625,Rohan Mehta,Female,59,Dehradun,Uttarakhand,2025-08-08
12626,Sneha Kumar,Female,54,Mumbai,Maharashtra,2025-09-17
12627,Rohan Gupta,Female,50,Chennai,Tamil Nadu,2024-08-06
12628,Riya Das,Female,59,Bengaluru,Karnataka,2024-02-23
12629,Kabir Arora,Other,46,Jaipur,Rajasthan,2024-07-18
12630,Rohan Kumar,Male,54,Dehradun,Uttarakhand,2025-10-04
12631,Vivaan Malhotra,Male,36,Kolkata,West Bengal,2024-12-04
12632,Karan Bansal,Female,37,Bhubaneswar,Odisha,2025-12-04
12633,Isha Iyer,Female,49,Kolkata,West Bengal,2025-11-21
12634,Isha Nair,Male,33,Coimbatore,Tamil Nadu,2024-10-31
12635,Priya Sharma,Other,22,Kochi,Kerala,2024-09-01
12636,Aarav Kumar,Male,29,Lucknow,Uttar Pradesh,2025-09-20
12637,Riya Iyer,Male,38,Mumbai,Maharashtra,2024-07-26
12638,Ananya Joshi,Female,31,Surat,Gujarat,2025-12-24
12639,Ananya Shah,Male,54,Kochi,Kerala,2025-05-25
12640,Priya Nair,Female,39,Kochi,Kerala,2024-09-15
12641,Karan Agarwal,Male,47,Jaipur,Rajasthan,2025-01-14
12642,Ishaan Shah,Male,40,Mumbai,Maharashtra,2024-06-11
12643,Vivaan Das,Female,22,Bengaluru,Karnataka,2024-12-06
12644,Priya Das,Female,46,Kochi,Kerala,2025-07-29
12645,Ankit Iyer,Male,47,Nagpur,Maharashtra,2025-06-13
12646,Aditya Das,Female,35,Delhi,Delhi,2024-02-03
12647,Kavya Agarwal,Female,18,Bengaluru,Karnataka,2024-11-18
12648,Ankit Gupta,Male,56,Dehradun,Uttarakhand,2024-06-29
12649,Riya Joshi,Male,34,Mumbai,Maharashtra,2024-12-12
12650,Diya Shah,Female,20,Jaipur,Rajasthan,2025-12-06
12651,Riya Das,Female,59,Coimbatore,Tamil Nadu,2024-07-10
12652,Karan Kapoor,Male,24,Surat,Gujarat,2025-08-01
12653,Ankit Nair,Male,44,Bhubaneswar,Odisha,2025-12-21
12654,Aisha Singh,Male,45,Lucknow,Uttar Pradesh,2025-11-09
12655,Karan Shah,Male,48,Nagpur,Maharashtra,2024-09-02
12656,Arjun Malhotra,Female,32,Patna,Bihar,2024-09-01
12657,Arjun Joshi,Female,25,Chennai,Tamil Nadu,2025-11-08
12658,Kabir Agarwal,Male,23,Kochi,Kerala,2025-12-23
12659,Aarav Nair,Female,45,Lucknow,Uttar Pradesh,2024-05-12
12660,Neha Mehta,Female,21,Surat,Gujarat,2024-07-15
12661,Vivaan Arora,Female,47,Bengaluru,Karnataka,2024-12-12
12662,Karan Shah,Female,60,Delhi,Delhi,2024-02-18
12663,Ishaan Reddy,Female,34,Dehradun,Uttarakhand,2024-03-04
12664,Isha Patel,Female,51,Nagpur,Maharashtra,2025-09-15
12665,Kabir Arora,Male,23,Mumbai,Maharashtra,2025-11-27
12666,Vivaan Joshi,Female,53,Mumbai,Maharashtra,2024-04-13
12667,Ishaan Mehta,Female,52,Bengaluru,Karnataka,2024-07-31
12668,Karan Verma,Male,56,Ahmedabad,Gujarat,2025-05-31
12669,Ishaan Bansal,Male,56,Surat,Gujarat,2024-04-28
12670,Ishaan Patel,Male,33,Pune,Maharashtra,2025-11-09
12671,Diya Singh,Female,19,Kolkata,West Bengal,2024-08-29
12672,Riya Shah,Female,25,Jaipur,Rajasthan,2024-10-06
12673,Rohan Sharma,Female,32,Dehradun,Uttarakhand,2025-02-27
12674,Arjun Iyer,Male,44,Delhi,Delhi,2024-12-28
12675,Ankit Arora,Female,33,Ahmedabad,Gujarat,2024-11-01
12676,Riya Kapoor,Male,18,Bengaluru,Karnataka,2025-12-17
12677,Ananya Gupta,Female,27,Hyderabad,Telangana,2025-04-30
12678,Meera Singh,Male,24,Surat,Gujarat,2024-11-09
12679,Ishaan Bansal,Female,27,Kolkata,West Bengal,2025-05-27
12680,Rohan Joshi,Female,29,Surat,Gujarat,2025-11-13
12681,Kabir Verma,Female,34,Bengaluru,Karnataka,2024-06-15
12682,Aditya Malhotra,Female,29,Bhopal,Madhya Pradesh,2025-01-28
12683,Ananya Reddy,Male,32,Dehradun,Uttarakhand,2024-03-03
12684,Isha Iyer,Male,49,Bhopal,Madhya Pradesh,2024-09-28
12685,Ankit Bansal,Female,49,Hyderabad,Telangana,2024-02-06
12686,Kavya Sharma,Female,43,Kochi,Kerala,2024-01-16
12687,Sneha Chopra,Male,31,Patna,Bihar,2024-12-08
12688,Meera Shah,Female,43,Pune,Maharashtra,2024-12-11
12689,Priya Shah,Female,22,Jaipur,Rajasthan,2025-06-22
12690,Karan Singh,Female,55,Bengaluru,Karnataka,2025-09-14
12691,Aditya Joshi,Female,21,Indore,Madhya Pradesh,2024-08-20
12692,Ishaan Arora,Female,45,Surat,Gujarat,2025-07-29
12693,Ishaan Gupta,Female,18,Bhubaneswar,Odisha,2025-08-31
12694,Diya Patel,Female,30,Coimbatore,Tamil Nadu,2025-02-19
12695,Vivaan Bansal,Female,60,Delhi,Delhi,2024-09-23
12696,Ankit Chopra,Female,20,Kolkata,West Bengal,2024-11-21
12697,Sneha Das,Male,42,Mumbai,Maharashtra,2025-03-18
12698,Rahul Iyer,Male,59,Bhopal,Madhya Pradesh,2025-07-13
12699,Meera Sharma,Male,33,Kolkata,West Bengal,2025-12-22
12700,Sneha Mehta,Female,38,Bhopal,Madhya Pradesh,2024-03-16
12701,Riya Chopra,Female,30,Hyderabad,Telangana,2024-09-03
12702,Rahul Kapoor,Female,53,Ahmedabad,Gujarat,2025-08-02
12703,Meera Chopra,Female,25,Bengaluru,Karnataka,2024-11-08
12704,Aisha Agarwal,Male,36,Coimbatore,Tamil Nadu,2025-07-29
12705,Ankit Kumar,Male,33,Bhopal,Madhya Pradesh,2025-11-24
12706,Kavya Das,Female,29,Dehradun,Uttarakhand,2025-08-14
12707,Diya Patel,Male,37,Patna,Bihar,2024-12-08
12708,Ananya Malhotra,Male,35,Ahmedabad,Gujarat,2025-12-15
12709,Sneha Shah,Female,29,Bhopal,Madhya Pradesh,2024-06-30
12710,Ishaan Kapoor,Male,42,Kolkata,West Bengal,2025-12-26
12711,Isha Singh,Female,28,Nagpur,Maharashtra,2025-09-23
12712,Meera Bansal,Male,39,Coimbatore,Tamil Nadu,2025-02-02
12713,Karan Malhotra,Female,51,Bhopal,Madhya Pradesh,2024-08-28
12714,Ankit Verma,Male,30,Coimbatore,Tamil Nadu,2025-12-14
12715,Arjun Iyer,Male,55,Bengaluru,Karnataka,2024-10-18
12716,Sneha Sharma,Female,29,Chandigarh,Chandigarh,2024-02-23
12717,Sneha Chopra,Female,56,Coimbatore,Tamil Nadu,2024-05-24
12718,Isha Kapoor,Female,53,Jaipur,Rajasthan,2024-12-21
12719,Diya Verma,Male,45,Dehradun,Uttarakhand,2025-08-20
12720,Aarav Malhotra,Male,44,Indore,Madhya Pradesh,2025-04-21
12721,Meera Verma,Female,56,Pune,Maharashtra,2024-01-22
12722,Ankit Sethi,Male,30,Bhopal,Madhya Pradesh,2024-11-26
12723,Sneha Agarwal,Male,60,Jaipur,Rajasthan,2024-10-18
12724,Aditya Agarwal,Female,57,Coimbatore,Tamil Nadu,2024-08-23
12725,Kabir Reddy,Male,44,Surat,Gujarat,2024-01-29
12726,Rahul Kumar,Male,48,Dehradun,Uttarakhand,2025-11-25
12727,Riya Bansal,Male,19,Bhopal,Madhya Pradesh,2024-06-08
12728,Priya Mehta,Other,35,Kolkata,West Bengal,2025-06-13
12729,Meera Nair,Male,43,Hyderabad,Telangana,2025-07-03
12730,Vivaan Sharma,Female,59,Ahmedabad,Gujarat,2024-04-10
12731,Ananya Bansal,Male,48,Patna,Bihar,2024-10-16
12732,Rohan Sharma,Female,55,Jaipur,Rajasthan,2025-01-11
12733,Priya Agarwal,Male,39,Delhi,Delhi,2024-06-21
12734,Karan Patel,Female,53,Dehradun,Uttarakhand,2024-12-08
12735,Ananya Shah,Female,36,Bhopal,Madhya Pradesh,2025-08-01
12736,Vivaan Gupta,Female,31,Lucknow,Uttar Pradesh,2024-07-09
12737,Rahul Chopra,Female,31,Bengaluru,Karnataka,2025-03-14
12738,Isha Singh,Female,46,Jaipur,Rajasthan,2025-07-08
12739,Vivaan Malhotra,Male,34,Bhopal,Madhya Pradesh,2025-09-26
12740,Aarav Chopra,Male,54,Jaipur,Rajasthan,2024-12-08
12741,Ankit Kapoor,Male,26,Hyderabad,Telangana,2025-12-08
12742,Vivaan Das,Female,18,Hyderabad,Telangana,2024-05-04
12743,Ananya Singh,Male,21,Ahmedabad,Gujarat,2025-08-30
12744,Karan Singh,Female,24,Mumbai,Maharashtra,2025-10-30
12745,Kabir Malhotra,Male,28,Jaipur,Rajasthan,2025-07-05
12746,Aarav Shah,Female,31,Bhopal,Madhya Pradesh,2024-12-25
12747,Isha Reddy,Male,59,Jaipur,Rajasthan,2025-05-17
12748,Rohan Kapoor,Male,36,Nagpur,Maharashtra,2024-06-21
12749,Ananya Sharma,Female,57,Patna,Bihar,2025-01-28
12750,Karan Nair,Female,20,Nagpur,Maharashtra,2025-04-05
12751,Aisha Arora,Female,25,Kochi,Kerala,2025-11-15
12752,Sneha Reddy,Female,46,Bengaluru,Karnataka,2024-04-29
12753,Aarav Shah,Female,54,Lucknow,Uttar Pradesh,2024-09-29
12754,Priya Bansal,Female,60,Bhopal,Madhya Pradesh,2024-12-23
12755,Kavya Sharma,Female,26,Bhubaneswar,Odisha,2025-01-20
12756,Aarav Joshi,Female,36,Chennai,Tamil Nadu,2024-11-14
12757,Karan Singh,Male,29,Nagpur,Maharashtra,2024-09-17
12758,Kabir Patel,Male,44,Dehradun,Uttarakhand,2024-10-07
12759,Neha Shah,Female,54,Chennai,Tamil Nadu,2024-11-24
12760,Karan Sethi,Female,42,Bengaluru,Karnataka,2024-05-03
12761,Ankit Agarwal,Male,55,Kochi,Kerala,2025-04-20
12762,Vivaan Patel,Male,34,Delhi,Delhi,2024-10-04
12763,Rahul Agarwal,Female,50,Jaipur,Rajasthan,2024-04-02
12764,Aditya Bansal,Male,56,Jaipur,Rajasthan,2025-06-30
12765,Riya Chopra,Female,31,Hyderabad,Telangana,2024-05-07
12766,Ishaan Verma,Female,45,Bengaluru,Karnataka,2025-06-15
12767,Isha Gupta,Male,35,Patna,Bihar,2024-06-15
12768,Kavya Kumar,Female,50,Mumbai,Maharashtra,2024-08-23
12769,Riya Reddy,Female,59,Delhi,Delhi,2024-02-01
12770,Aditya Patel,Female,32,Ahmedabad,Gujarat,2024-08-18
12771,Diya Mehta,Male,28,Indore,Madhya Pradesh,2024-07-09
12772,Vivaan Arora,Male,53,Surat,Gujarat,2025-10-18
12773,Diya Agarwal,Female,32,Ahmedabad,Gujarat,2025-09-04
12774,Priya Gupta,Male,47,Kochi,Kerala,2025-08-13
12775,Meera Patel,Male,32,Kochi,Kerala,2025-05-22
12776,Karan Verma,Male,40,Bhopal,Madhya Pradesh,2025-04-01
12777,Ishaan Sethi,Male,60,Surat,Gujarat,2025-11-02
12778,Priya Malhotra,Male,32,Surat,Gujarat,2024-09-11
12779,Aditya Iyer,Male,46,Jaipur,Rajasthan,2024-10-05
12780,Neha Das,Female,28,Coimbatore,Tamil Nadu,2025-11-30
12781,Diya Chopra,Female,35,Dehradun,Uttarakhand,2025-12-22
12782,Rohan Bansal,Male,57,Ahmedabad,Gujarat,2024-02-25
12783,Karan Chopra,Female,48,Coimbatore,Tamil Nadu,2025-10-10
12784,Kabir Chopra,Male,26,Kolkata,West Bengal,2024-04-15
12785,Karan Iyer,Female,39,Dehradun,Uttarakhand,2025-08-03
12786,Vivaan Malhotra,Male,28,Coimbatore,Tamil Nadu,2025-12-02
12787,Isha Reddy,Male,34,Hyderabad,Telangana,2024-07-10
12788,Ananya Nair,Female,50,Pune,Maharashtra,2024-10-04
12789,Neha Reddy,Male,28,Hyderabad,Telangana,2025-06-27
12790,Aarav Joshi,Female,56,Kochi,Kerala,2024-06-23
12791,Isha Agarwal,Male,25,Indore,Madhya Pradesh,2025-09-26
12792,Diya Verma,Male,21,Bengaluru,Karnataka,2024-03-25
12793,Kavya Joshi,Female,53,Kochi,Kerala,2025-12-28
12794,Meera Chopra,Female,36,Mumbai,Maharashtra,2024-08-03
12795,Rahul Sharma,Male,41,Mumbai,Maharashtra,2024-01-14
12796,Aarav Bansal,Male,58,Jaipur,Rajasthan,2024-02-06
12797,Neha Reddy,Male,35,Delhi,Delhi,2024-01-27
12798,Aisha Sethi,Female,50,Ahmedabad,Gujarat,2025-10-25
12799,Kabir Sethi,Female,53,Kolkata,West Bengal,2025-07-29
12800,Ankit Nair,Male,27,Kolkata,West Bengal,2024-03-10
12801,Rohan Reddy,Female,31,Bhubaneswar,Odisha,2024-06-02
12802,Sneha Patel,Male,24,Patna,Bihar,2025-03-13
12803,Aisha Mehta,Male,29,Kochi,Kerala,2024-09-27
12804,Aarav Sharma,Male,39,Kolkata,West Bengal,2025-06-24
12805,Kavya Arora,Female,44,Ahmedabad,Gujarat,2024-03-14
12806,Isha Shah,Male,54,Coimbatore,Tamil Nadu,2025-07-24
12807,Diya Iyer,Male,28,Chandigarh,Chandigarh,2024-05-28
12808,Karan Bansal,Female,53,Delhi,Delhi,2025-05-20
12809,Ankit Verma,Male,30,Indore,Madhya Pradesh,2024-01-10
12810,Rahul Das,Male,49,Patna,Bihar,2025-10-05
12811,Neha Arora,Male,25,Bengaluru,Karnataka,2025-05-16
12812,Rahul Chopra,Female,24,Ahmedabad,Gujarat,2024-03-02
12813,Aditya Arora,Female,60,Bhopal,Madhya Pradesh,2025-01-22
12814,Priya Iyer,Male,60,Bengaluru,Karnataka,2025-12-30
12815,Ananya Sethi,Male,34,Nagpur,Maharashtra,2024-08-19
12816,Ankit Patel,Male,39,Indore,Madhya Pradesh,2025-08-06
12817,Neha Chopra,Male,51,Dehradun,Uttarakhand,2025-06-11
12818,Neha Shah,Female,37,Patna,Bihar,2025-07-03
12819,Priya Patel,Male,25,Indore,Madhya Pradesh,2025-11-19
12820,Arjun Malhotra,Male,39,Kolkata,West Bengal,2025-03-20
12821,Ishaan Kumar,Female,44,Patna,Bihar,2024-11-16
12822,Diya Reddy,Male,51,Bhopal,Madhya Pradesh,2024-03-23
12823,Ishaan Verma,Female,38,Patna,Bihar,2025-03-09
12824,Karan Nair,Male,32,Ahmedabad,Gujarat,2024-01-17
12825,Aarav Sethi,Female,22,Lucknow,Uttar Pradesh,2025-01-03
12826,Arjun Joshi,Male,55,Dehradun,Uttarakhand,2025-10-29
12827,Ananya Sethi,Female,34,Delhi,Delhi,2025-11-14
12828,Aditya Verma,Male,25,Pune,Maharashtra,2025-08-04
12829,Aisha Nair,Female,36,Patna,Bihar,2025-08-05
12830,Kavya Kumar,Male,22,Chandigarh,Chandigarh,2024-09-11
12831,Rohan Sharma,Female,40,Lucknow,Uttar Pradesh,2025-03-31
12832,Priya Shah,Male,36,Jaipur,Rajasthan,2025-10-04
12833,Arjun Sethi,Female,31,Jaipur,Rajasthan,2025-07-14
12834,Kavya Joshi,Female,27,Chennai,Tamil Nadu,2025-06-16
12835,Meera Gupta,Female,48,Patna,Bihar,2025-01-26
12836,Ishaan Singh,Female,30,Jaipur,Rajasthan,2024-11-15
12837,Priya Patel,Male,39,Patna,Bihar,2024-08-07
12838,Aarav Joshi,Male,54,Coimbatore,Tamil Nadu,2025-11-29
12839,Ishaan Patel,Female,56,Pune,Maharashtra,2025-02-17
12840,Ananya Patel,Male,27,Jaipur,Rajasthan,2024-02-01
12841,Ishaan Kumar,Male,48,Pune,Maharashtra,2025-12-15
12842,Ishaan Mehta,Male,60,Indore,Madhya Pradesh,2024-01-16
12843,Ankit Das,Male,52,Lucknow,Uttar Pradesh,2025-02-12
12844,Meera Mehta,Female,30,Bhopal,Madhya Pradesh,2024-06-21
12845,Karan Gupta,Female,47,Coimbatore,Tamil Nadu,2025-10-10
12846,Rahul Joshi,Female,51,Lucknow,Uttar Pradesh,2024-06-27
12847,Rahul Sharma,Male,53,Indore,Madhya Pradesh,2025-07-26
12848,Vivaan Sharma,Female,52,Bhopal,Madhya Pradesh,2025-05-11
12849,Aisha Sethi,Female,21,Indore,Madhya Pradesh,2024-04-13
12850,Aisha Patel,Female,21,Delhi,Delhi,2024-11-12
12851,Arjun Kapoor,Female,23,Ahmedabad,Gujarat,2025-12-07
12852,Ananya Sethi,Female,45,Kochi,Kerala,2025-08-10
12853,Neha Kumar,Male,47,Coimbatore,Tamil Nadu,2024-06-29
12854,Vivaan Patel,Male,44,Kochi,Kerala,2024-05-11
12855,Aisha Nair,Male,22,Ahmedabad,Gujarat,2025-10-24
12856,Riya Sharma,Female,56,Ahmedabad,Gujarat,2024-06-03
12857,Isha Patel,Female,52,Indore,Madhya Pradesh,2024-12-24
12858,Karan Malhotra,Female,56,Kochi,Kerala,2024-08-22
12859,Isha Arora,Female,32,Nagpur,Maharashtra,2024-06-13
12860,Aarav Chopra,Female,36,Delhi,Delhi,2025-12-17
12861,Kavya Gupta,Female,47,Indore,Madhya Pradesh,2025-03-02
12862,Ankit Agarwal,Female,55,Pune,Maharashtra,2025-11-07
12863,Ananya Arora,Male,49,Chennai,Tamil Nadu,2025-05-02
12864,Kabir Gupta,Male,57,Ahmedabad,Gujarat,2024-07-31
12865,Rahul Sethi,Male,46,Bhopal,Madhya Pradesh,2024-06-05
12866,Karan Verma,Male,23,Indore,Madhya Pradesh,2025-11-19
12867,Meera Kumar,Female,43,Surat,Gujarat,2024-03-15
12868,Diya Das,Male,44,Patna,Bihar,2025-03-10
12869,Aisha Chopra,Female,52,Surat,Gujarat,2024-06-26
12870,Aisha Verma,Male,45,Dehradun,Uttarakhand,2025-10-06
12871,Kabir Reddy,Male,22,Bhubaneswar,Odisha,2025-09-28
12872,Meera Gupta,Female,58,Bhubaneswar,Odisha,2024-11-07
12873,Priya Kapoor,Female,33,Mumbai,Maharashtra,2024-05-06
12874,Kabir Nair,Male,58,Hyderabad,Telangana,2025-01-11
12875,Aisha Malhotra,Female,35,Delhi,Delhi,2024-12-10
12876,Priya Agarwal,Male,30,Hyderabad,Telangana,2024-08-12
12877,Sneha Arora,Female,60,Bhubaneswar,Odisha,2024-01-17
12878,Aditya Gupta,Female,42,Chennai,Tamil Nadu,2025-05-11
12879,Isha Nair,Male,27,Coimbatore,Tamil Nadu,2025-04-17
12880,Ishaan Chopra,Female,46,Surat,Gujarat,2024-11-06
12881,Ishaan Singh,Female,27,Ahmedabad,Gujarat,2024-05-16
12882,Rohan Mehta,Female,23,Dehradun,Uttarakhand,2025-04-19
12883,Aditya Malhotra,Female,33,Patna,Bihar,2024-08-04
12884,Aisha Iyer,Male,42,Delhi,Delhi,2024-07-14
12885,Ishaan Joshi,Female,21,Kochi,Kerala,2024-07-19
12886,Kabir Chopra,Female,54,Coimbatore,Tamil Nadu,2024-12-31
12887,Riya Shah,Female,51,Surat,Gujarat,2025-12-19
12888,Karan Verma,Male,36,Jaipur,Rajasthan,2025-06-11
12889,Neha Kapoor,Female,50,Pune,Maharashtra,2025-02-03
12890,Kavya Das,Female,21,Mumbai,Maharashtra,2025-06-08
12891,Aarav Malhotra,Female,51,Jaipur,Rajasthan,2025-08-12
12892,Diya Joshi,Male,29,Chandigarh,Chandigarh,2024-08-01
12893,Neha Sharma,Male,48,Mumbai,Maharashtra,2024-12-06
12894,Ankit Patel,Male,33,Coimbatore,Tamil Nadu,2024-11-24
12895,Ananya Chopra,Male,19,Lucknow,Uttar Pradesh,2024-04-28
12896,Meera Das,Female,19,Indore,Madhya Pradesh,2025-02-28
12897,Diya Reddy,Female,53,Chandigarh,Chandigarh,2025-11-23
12898,Meera Verma,Female,23,Bhopal,Madhya Pradesh,2025-01-07
12899,Karan Agarwal,Female,40,Bhubaneswar,Odisha,2025-10-10
12900,Ankit Iyer,Male,56,Coimbatore,Tamil Nadu,2024-06-27
12901,Neha Agarwal,Male,54,Jaipur,Rajasthan,2025-03-07
12902,Riya Iyer,Female,33,Pune,Maharashtra,2025-12-20
12903,Kavya Joshi,Female,60,Bengaluru,Karnataka,2025-02-05
12904,Meera Arora,Female,36,Dehradun,Uttarakhand,2025-01-28
12905,Neha Malhotra,Male,41,Kolkata,West Bengal,2025-07-19
12906,Meera Arora,Female,44,Mumbai,Maharashtra,2024-03-19
12907,Sneha Mehta,Male,24,Kolkata,West Bengal,2025-02-27
12908,Karan Shah,Female,47,Bengaluru,Karnataka,2024-04-27
12909,Rohan Bansal,Other,58,Nagpur,Maharashtra,2025-01-02
12910,Rohan Bansal,Female,31,Ahmedabad,Gujarat,2024-04-15
12911,Rahul Sharma,Male,32,Mumbai,Maharashtra,2024-04-14
12912,Arjun Shah,Female,29,Patna,Bihar,2024-10-29
12913,Ananya Kumar,Male,46,Jaipur,Rajasthan,2025-09-21
12914,Ananya Kumar,Male,40,Kochi,Kerala,2024-05-27
12915,Neha Kumar,Female,30,Bengaluru,Karnataka,2024-05-29
12916,Isha Bansal,Male,26,Lucknow,Uttar Pradesh,2024-09-12
12917,Rahul Verma,Female,41,Delhi,Delhi,2024-03-22
12918,Ishaan Arora,Male,56,Indore,Madhya Pradesh,2024-01-16
12919,Ankit Kumar,Female,47,Surat,Gujarat,2024-07-11
12920,Meera Patel,Female,18,Chennai,Tamil Nadu,2025-12-23
12921,Ananya Gupta,Male,27,Patna,Bihar,2024-03-14
12922,Ishaan Mehta,Female,55,Kolkata,West Bengal,2024-10-03
12923,Riya Patel,Female,32,Lucknow,Uttar Pradesh,2024-03-01
12924,Isha Gupta,Female,26,Bhubaneswar,Odisha,2025-06-19
12925,Rohan Kumar,Female,30,Hyderabad,Telangana,2025-06-18
12926,Ananya Kapoor,Other,40,Bengaluru,Karnataka,2024-12-08
12927,Priya Malhotra,Male,50,Indore,Madhya Pradesh,2025-01-29
12928,Kavya Patel,Male,26,Jaipur,Rajasthan,2024-09-14
12929,Aditya Shah,Male,20,Kolkata,West Bengal,2024-07-16
12930,Vivaan Agarwal,Female,47,Kochi,Kerala,2024-02-22
12931,Rohan Mehta,Female,26,Mumbai,Maharashtra,2025-10-12
12932,Kabir Iyer,Female,42,Bengaluru,Karnataka,2024-09-27
12933,Riya Kumar,Female,41,Bengaluru,Karnataka,2024-07-19
12934,Meera Singh,Female,49,Kochi,Kerala,2025-01-30
12935,Karan Kumar,Male,24,Surat,Gujarat,2025-01-12
12936,Kavya Kumar,Male,53,Jaipur,Rajasthan,2025-11-06
12937,Priya Bansal,Female,42,Ahmedabad,Gujarat,2025-08-26
12938,Ankit Nair,Male,37,Lucknow,Uttar Pradesh,2025-06-18
12939,Ananya Sethi,Female,34,Nagpur,Maharashtra,2024-03-28
12940,Rohan Agarwal,Male,53,Hyderabad,Telangana,2025-02-01
12941,Kavya Verma,Male,43,Delhi,Delhi,2024-06-30
12942,Kabir Sethi,Female,36,Pune,Maharashtra,2024-10-09
12943,Rahul Mehta,Male,54,Mumbai,Maharashtra,2025-06-16
12944,Meera Agarwal,Female,20,Chennai,Tamil Nadu,2025-07-14
12945,Diya Kumar,Male,60,Pune,Maharashtra,2024-07-08
12946,Karan Mehta,Female,45,Hyderabad,Telangana,2024-07-23
12947,Kavya Nair,Female,39,Chennai,Tamil Nadu,2024-02-13
12948,Sneha Patel,Female,36,Delhi,Delhi,2024-10-26
12949,Diya Patel,Female,33,Delhi,Delhi,2025-10-01
12950,Ishaan Verma,Male,23,Surat,Gujarat,2025-12-01
12951,Kabir Joshi,Male,54,Dehradun,Uttarakhand,2025-11-12
12952,Riya Mehta,Male,48,Coimbatore,Tamil Nadu,2024-10-05
12953,Vivaan Sethi,Female,51,Chandigarh,Chandigarh,2025-12-13
12954,Priya Malhotra,Female,48,Bhubaneswar,Odisha,2025-01-19
12955,Karan Arora,Male,28,Bengaluru,Karnataka,2025-09-28
12956,Aarav Iyer,Female,53,Lucknow,Uttar Pradesh,2024-11-06
12957,Ananya Chopra,Male,23,Surat,Gujarat,2025-06-11
12958,Vivaan Das,Male,44,Lucknow,Uttar Pradesh,2024-09-30
12959,Riya Bansal,Female,24,Patna,Bihar,2025-04-26
12960,Ishaan Mehta,Male,49,Patna,Bihar,2025-03-26
12961,Neha Kapoor,Male,25,Kolkata,West Bengal,2025-06-15
12962,Diya Kapoor,Female,50,Chennai,Tamil Nadu,2025-06-14
12963,Ishaan Verma,Female,32,Ahmedabad,Gujarat,2025-06-08
12964,Aditya Sethi,Male,44,Mumbai,Maharashtra,2024-01-17
12965,Rohan Bansal,Female,47,Nagpur,Maharashtra,2025-12-18
12966,Kavya Patel,Female,39,Dehradun,Uttarakhand,2024-01-30
12967,Vivaan Malhotra,Male,46,Kochi,Kerala,2025-04-14
12968,Neha Bansal,Female,58,Kolkata,West Bengal,2024-10-30
12969,Ananya Malhotra,Male,47,Delhi,Delhi,2025-07-08
12970,Ananya Bansal,Male,19,Hyderabad,Telangana,2024-04-02
12971,Neha Singh,Male,32,Patna,Bihar,2025-07-31
12972,Ankit Sethi,Female,44,Indore,Madhya Pradesh,2025-09-22
12973,Aditya Singh,Male,24,Bhubaneswar,Odisha,2025-08-06
12974,Kavya Malhotra,Male,44,Chennai,Tamil Nadu,2024-06-10
12975,Riya Joshi,Male,38,Bengaluru,Karnataka,2024-11-23
12976,Aisha Mehta,Male,30,Lucknow,Uttar Pradesh,2025-12-30
12977,Ananya Joshi,Female,34,Indore,Madhya Pradesh,2024-09-10
12978,Neha Gupta,Male,28,Hyderabad,Telangana,2025-03-15
12979,Arjun Arora,Female,27,Bhopal,Madhya Pradesh,2025-07-24
12980,Ankit Joshi,Female,50,Lucknow,Uttar Pradesh,2025-06-27
12981,Priya Sharma,Female,31,Chandigarh,Chandigarh,2024-04-29
12982,Rohan Mehta,Male,54,Coimbatore,Tamil Nadu,2025-05-28
12983,Rohan Das,Male,25,Bhubaneswar,Odisha,2025-09-21
12984,Rahul Verma,Male,50,Kolkata,West Bengal,2025-07-02
12985,Isha Sethi,Female,24,Surat,Gujarat,2024-04-06
12986,Vivaan Iyer,Male,51,Chandigarh,Chandigarh,2025-01-04
12987,Arjun Arora,Female,24,Chennai,Tamil Nadu,2025-02-20
12988,Kabir Sethi,Male,24,Chennai,Tamil Nadu,2024-09-13
12989,Neha Das,Male,58,Chandigarh,Chandigarh,2024-05-07
12990,Karan Das,Male,53,Chennai,Tamil Nadu,2024-12-24
12991,Karan Reddy,Male,24,Bengaluru,Karnataka,2024-06-04
12992,Ananya Das,Female,37,Kolkata,West Bengal,2025-10-18
12993,Karan Nair,Male,35,Hyderabad,Telangana,2024-02-26
12994,Sneha Shah,Female,60,Bhubaneswar,Odisha,2025-08-04
12995,Aditya Das,Female,58,Jaipur,Rajasthan,2025-07-09
12996,Riya Sharma,Female,31,Patna,Bihar,2025-12-24
12997,Sneha Das,Male,57,Indore,Madhya Pradesh,2025-11-17
12998,Sneha Mehta,Female,31,Surat,Gujarat,2025-10-14
12999,Isha Agarwal,Male,38,Dehradun,Uttarakhand,2024-03-16
13000,Rohan Singh,Female,44,Patna,Bihar,2024-06-06
13001,Meera Reddy,Male,43,Indore,Madhya Pradesh,2024-03-25
13002,Karan Agarwal,Male,44,Nagpur,Maharashtra,2024-11-17
13003,Meera Joshi,Female,41,Hyderabad,Telangana,2024-11-04
13004,Riya Kapoor,Female,22,Chennai,Tamil Nadu,2025-06-13
13005,Kavya Chopra,Male,59,Chennai,Tamil Nadu,2024-10-10
13006,Meera Kapoor,Male,55,Jaipur,Rajasthan,2024-02-11
13007,Priya Bansal,Female,45,Patna,Bihar,2024-05-13
13008,Ishaan Iyer,Male,59,Indore,Madhya Pradesh,2025-09-05
13009,Neha Kapoor,Male,60,Mumbai,Maharashtra,2025-10-10
13010,Neha Das,Female,49,Indore,Madhya Pradesh,2025-02-07
13011,Ananya Shah,Female,41,Coimbatore,Tamil Nadu,2025-05-07
13012,Aisha Reddy,Female,23,Bengaluru,Karnataka,2024-08-09
13013,Ankit Shah,Female,27,Chandigarh,Chandigarh,2024-08-16
13014,Ishaan Nair,Male,20,Mumbai,Maharashtra,2025-03-27
13015,Diya Singh,Other,24,Indore,Madhya Pradesh,2024-11-01
13016,Aarav Gupta,Male,46,Coimbatore,Tamil Nadu,2024-04-28
13017,Neha Arora,Male,51,Patna,Bihar,2025-09-02
13018,Arjun Verma,Female,24,Bhopal,Madhya Pradesh,2024-11-19
13019,Kabir Bansal,Male,34,Kochi,Kerala,2024-06-07
13020,Kavya Joshi,Female,30,Kochi,Kerala,2024-08-26
13021,Ishaan Reddy,Male,38,Lucknow,Uttar Pradesh,2025-01-30
13022,Ankit Kumar,Male,48,Pune,Maharashtra,2024-11-15
13023,Neha Das,Female,26,Hyderabad,Telangana,2024-07-07
13024,Ishaan Malhotra,Male,30,Coimbatore,Tamil Nadu,2024-11-04
13025,Aarav Arora,Male,34,Delhi,Delhi,2024-09-05
13026,Ishaan Malhotra,Male,25,Bengaluru,Karnataka,2025-06-21
13027,Priya Malhotra,Male,26,Indore,Madhya Pradesh,2025-12-01
13028,Rahul Sethi,Male,26,Surat,Gujarat,2025-05-20
13029,Ananya Nair,Female,57,Mumbai,Maharashtra,2025-01-28
13030,Aditya Reddy,Male,47,Lucknow,Uttar Pradesh,2025-10-13
13031,Arjun Bansal,Female,24,Hyderabad,Telangana,2025-02-09
13032,Arjun Malhotra,Male,34,Coimbatore,Tamil Nadu,2024-06-29
13033,Aisha Arora,Male,56,Patna,Bihar,2024-01-21
13034,Sneha Mehta,Male,55,Bengaluru,Karnataka,2025-11-05
13035,Ankit Sharma,Male,22,Bhubaneswar,Odisha,2025-08-05
13036,Kabir Sharma,Male,34,Ahmedabad,Gujarat,2025-08-16
13037,Ishaan Singh,Male,57,Coimbatore,Tamil Nadu,2024-06-03
13038,Meera Malhotra,Male,18,Chennai,Tamil Nadu,2025-07-12
13039,Aarav Chopra,Male,33,Pune,Maharashtra,2024-07-12
13040,Ananya Patel,Female,34,Ahmedabad,Gujarat,2024-08-11
13041,Vivaan Bansal,Female,47,Chennai,Tamil Nadu,2025-02-02
13042,Ishaan Joshi,Male,48,Patna,Bihar,2024-10-06
13043,Priya Arora,Female,52,Chennai,Tamil Nadu,2024-01-10
13044,Aisha Patel,Female,25,Hyderabad,Telangana,2025-01-10
13045,Vivaan Patel,Female,47,Coimbatore,Tamil Nadu,2025-04-16
13046,Ishaan Kumar,Female,56,Mumbai,Maharashtra,2024-05-31
13047,Isha Agarwal,Female,38,Lucknow,Uttar Pradesh,2025-09-07
13048,Priya Iyer,Male,32,Indore,Madhya Pradesh,2024-05-03
13049,Vivaan Gupta,Female,51,Surat,Gujarat,2025-11-27
13050,Ishaan Gupta,Female,44,Kochi,Kerala,2025-07-06
13051,Arjun Chopra,Male,19,Lucknow,Uttar Pradesh,2025-02-27
13052,Priya Patel,Male,27,Pune,Maharashtra,2025-06-06
13053,Vivaan Patel,Female,22,Chennai,Tamil Nadu,2025-12-30
13054,Meera Joshi,Female,44,Patna,Bihar,2025-05-27
13055,Ishaan Arora,Male,21,Dehradun,Uttarakhand,2024-06-19
13056,Aisha Iyer,Male,30,Jaipur,Rajasthan,2025-07-18
13057,Kabir Shah,Female,34,Bhopal,Madhya Pradesh,2024-05-04
13058,Neha Nair,Male,38,Kochi,Kerala,2024-06-23
13059,Ananya Patel,Female,40,Kolkata,West Bengal,2025-05-18
13060,Sneha Reddy,Male,50,Patna,Bihar,2025-01-19
13061,Ishaan Malhotra,Male,32,Coimbatore,Tamil Nadu,2025-12-11
13062,Rohan Das,Male,31,Coimbatore,Tamil Nadu,2025-11-14
13063,Karan Iyer,Male,26,Nagpur,Maharashtra,2025-07-24
13064,Aisha Singh,Male,54,Kochi,Kerala,2024-04-15
13065,Kabir Patel,Female,47,Kochi,Kerala,2025-09-28
13066,Vivaan Chopra,Female,46,Dehradun,Uttarakhand,2025-06-11
13067,Rahul Agarwal,Male,40,Kolkata,West Bengal,2024-02-07
13068,Priya Nair,Female,51,Hyderabad,Telangana,2025-01-29
13069,Rohan Shah,Female,24,Kolkata,West Bengal,2025-04-21
13070,Ishaan Reddy,Male,26,Lucknow,Uttar Pradesh,2025-04-11
13071,Ishaan Shah,Male,21,Delhi,Delhi,2025-12-22
13072,Sneha Malhotra,Male,19,Surat,Gujarat,2025-05-19
13073,Rohan Sharma,Female,44,Lucknow,Uttar Pradesh,2024-11-10
13074,Priya Gupta,Female,50,Coimbatore,Tamil Nadu,2024-10-11
13075,Priya Malhotra,Male,49,Bhubaneswar,Odisha,2025-04-08
13076,Ishaan Das,Female,54,Patna,Bihar,2025-11-10
13077,Vivaan Bansal,Male,44,Coimbatore,Tamil Nadu,2024-09-20
13078,Sneha Sethi,Male,45,Bhopal,Madhya Pradesh,2025-09-01
13079,Arjun Shah,Male,20,Bhubaneswar,Odisha,2025-10-07
13080,Rohan Das,Female,53,Coimbatore,Tamil Nadu,2025-03-04
13081,Neha Mehta,Male,60,Surat,Gujarat,2024-12-30
13082,Kabir Kumar,Female,25,Surat,Gujarat,2024-06-29
13083,Ishaan Chopra,Male,58,Hyderabad,Telangana,2025-10-22
13084,Rahul Sethi,Male,54,Pune,Maharashtra,2024-08-31
13085,Aarav Verma,Other,55,Indore,Madhya Pradesh,2024-11-08
13086,Aarav Sharma,Male,39,Bengaluru,Karnataka,2024-03-16
13087,Sneha Iyer,Female,31,Nagpur,Maharashtra,2024-09-18
13088,Rohan Shah,Female,32,Jaipur,Rajasthan,2024-08-18
13089,Riya Joshi,Female,21,Ahmedabad,Gujarat,2025-12-03
13090,Ankit Gupta,Male,35,Dehradun,Uttarakhand,2025-01-14
13091,Priya Patel,Male,18,Indore,Madhya Pradesh,2025-10-07
13092,Aarav Bansal,Female,29,Patna,Bihar,2024-11-04
13093,Aarav Malhotra,Female,58,Patna,Bihar,2025-01-22
13094,Aisha Malhotra,Female,59,Patna,Bihar,2024-11-20
13095,Kabir Shah,Male,34,Delhi,Delhi,2025-03-31
13096,Kavya Malhotra,Male,36,Ahmedabad,Gujarat,2025-05-26
13097,Aarav Arora,Female,53,Coimbatore,Tamil Nadu,2024-12-08
13098,Kavya Bansal,Male,24,Kolkata,West Bengal,2025-05-30
13099,Aditya Nair,Male,26,Bengaluru,Karnataka,2025-03-17
13100,Riya Verma,Male,25,Chennai,Tamil Nadu,2025-07-02
13101,Rahul Sethi,Male,42,Indore,Madhya Pradesh,2025-08-05
13102,Diya Patel,Female,24,Surat,Gujarat,2024-09-18
13103,Neha Verma,Female,59,Bhopal,Madhya Pradesh,2025-04-07
13104,Diya Joshi,Male,25,Nagpur,Maharashtra,2025-11-20
13105,Arjun Kumar,Male,41,Bhubaneswar,Odisha,2025-08-30
13106,Kabir Sethi,Female,34,Lucknow,Uttar Pradesh,2024-08-14
13107,Neha Agarwal,Male,29,Bengaluru,Karnataka,2025-06-06
13108,Vivaan Sethi,Female,48,Chandigarh,Chandigarh,2024-07-07
13109,Kabir Chopra,Female,29,Chandigarh,Chandigarh,2024-07-27
13110,Arjun Nair,Female,19,Nagpur,Maharashtra,2024-01-13
13111,Arjun Patel,Female,29,Kochi,Kerala,2024-06-10
13112,Rohan Shah,Male,44,Mumbai,Maharashtra,2025-07-25
13113,Kavya Sharma,Female,24,Jaipur,Rajasthan,2025-05-07
13114,Aisha Chopra,Male,30,Bengaluru,Karnataka,2025-03-10
13115,Kabir Mehta,Male,53,Surat,Gujarat,2024-01-05
13116,Ishaan Joshi,Male,18,Bengaluru,Karnataka,2024-07-20
13117,Kavya Malhotra,Male,52,Coimbatore,Tamil Nadu,2025-02-19
13118,Aarav Verma,Male,47,Bhubaneswar,Odisha,2024-01-12
13119,Diya Reddy,Male,48,Ahmedabad,Gujarat,2025-01-31
13120,Arjun Shah,Female,34,Patna,Bihar,2024-12-06
13121,Neha Bansal,Other,25,Ahmedabad,Gujarat,2025-01-07
13122,Diya Singh,Male,20,Pune,Maharashtra,2025-01-12
13123,Meera Kapoor,Female,27,Pune,Maharashtra,2024-08-12
13124,Diya Chopra,Male,51,Bengaluru,Karnataka,2024-06-30
13125,Meera Reddy,Female,39,Delhi,Delhi,2024-10-23
13126,Kavya Patel,Male,21,Hyderabad,Telangana,2024-11-02
13127,Karan Gupta,Female,49,Chennai,Tamil Nadu,2025-03-06
13128,Aditya Arora,Male,46,Delhi,Delhi,2025-11-20
13129,Sneha Mehta,Female,28,Surat,Gujarat,2024-04-27
13130,Aarav Patel,Male,30,Chennai,Tamil Nadu,2024-12-17
13131,Vivaan Kumar,Male,21,Indore,Madhya Pradesh,2025-08-10
13132,Isha Das,Male,19,Ahmedabad,Gujarat,2024-02-15
13133,Ankit Singh,Male,51,Ahmedabad,Gujarat,2024-08-14
13134,Riya Gupta,Female,60,Chennai,Tamil Nadu,2024-12-21
13135,Diya Malhotra,Female,39,Jaipur,Rajasthan,2024-10-20
13136,Neha Patel,Male,22,Delhi,Delhi,2024-08-27
13137,Aisha Bansal,Female,26,Hyderabad,Telangana,2024-12-13
13138,Aarav Shah,Male,37,Bengaluru,Karnataka,2024-05-20
13139,Kabir Kumar,Female,38,Mumbai,Maharashtra,2024-07-22
13140,Aisha Verma,Male,34,Ahmedabad,Gujarat,2025-10-23
13141,Diya Kumar,Female,29,Jaipur,Rajasthan,2025-10-03
13142,Aditya Joshi,Male,45,Mumbai,Maharashtra,2024-09-25
13143,Isha Bansal,Female,35,Bhopal,Madhya Pradesh,2024-11-08
13144,Sneha Kapoor,Male,20,Bhopal,Madhya Pradesh,2025-02-21
13145,Neha Iyer,Female,22,Hyderabad,Telangana,2024-05-16
13146,Aditya Malhotra,Female,31,Kolkata,West Bengal,2025-09-19
13147,Meera Sharma,Male,43,Lucknow,Uttar Pradesh,2024-12-16
13148,Diya Bansal,Other,36,Bengaluru,Karnataka,2024-06-09
13149,Ananya Iyer,Female,58,Ahmedabad,Gujarat,2025-10-28
13150,Ananya Arora,Female,34,Bengaluru,Karnataka,2024-06-21
13151,Priya Verma,Female,56,Bhopal,Madhya Pradesh,2024-05-09
13152,Neha Agarwal,Female,59,Indore,Madhya Pradesh,2024-03-19
13153,Karan Sethi,Other,21,Indore,Madhya Pradesh,2025-07-22
13154,Neha Arora,Female,59,Mumbai,Maharashtra,2024-02-26
13155,Kavya Sethi,Male,52,Indore,Madhya Pradesh,2025-02-03
13156,Priya Nair,Female,41,Coimbatore,Tamil Nadu,2024-12-28
13157,Vivaan Arora,Female,58,Kolkata,West Bengal,2024-11-30
13158,Ankit Das,Female,30,Nagpur,Maharashtra,2024-05-13
13159,Ankit Malhotra,Male,50,Mumbai,Maharashtra,2024-01-14
13160,Priya Singh,Male,32,Ahmedabad,Gujarat,2024-10-09
13161,Rohan Singh,Female,32,Patna,Bihar,2025-10-20
13162,Arjun Agarwal,Female,48,Mumbai,Maharashtra,2025-02-24
13163,Ananya Shah,Male,60,Chandigarh,Chandigarh,2024-05-06
13164,Priya Kumar,Male,45,Nagpur,Maharashtra,2024-08-05
13165,Aisha Shah,Male,27,Kolkata,West Bengal,2025-11-10
13166,Kabir Iyer,Female,24,Mumbai,Maharashtra,2025-10-16
13167,Rohan Gupta,Male,50,Mumbai,Maharashtra,2025-05-03
13168,Aarav Kumar,Female,24,Indore,Madhya Pradesh,2024-09-16
13169,Rohan Sethi,Female,22,Surat,Gujarat,2024-08-05
13170,Riya Mehta,Female,43,Mumbai,Maharashtra,2025-10-19
13171,Rahul Joshi,Male,33,Pune,Maharashtra,2025-05-03
13172,Isha Nair,Female,25,Bengaluru,Karnataka,2025-03-18
13173,Karan Shah,Female,39,Ahmedabad,Gujarat,2024-04-08
13174,Sneha Arora,Male,51,Bhopal,Madhya Pradesh,2024-06-30
13175,Meera Mehta,Female,57,Pune,Maharashtra,2024-06-17
13176,Rohan Reddy,Female,45,Pune,Maharashtra,2024-08-20
13177,Rohan Chopra,Female,53,Delhi,Delhi,2024-04-02
13178,Aditya Iyer,Female,24,Patna,Bihar,2025-09-20
13179,Ankit Sethi,Male,57,Jaipur,Rajasthan,2025-04-16
13180,Aarav Arora,Male,60,Indore,Madhya Pradesh,2025-05-30
13181,Diya Arora,Male,45,Coimbatore,Tamil Nadu,2024-03-25
13182,Arjun Singh,Female,19,Coimbatore,Tamil Nadu,2025-11-09
13183,Ananya Nair,Female,26,Patna,Bihar,2025-06-02
13184,Rohan Singh,Male,23,Chandigarh,Chandigarh,2025-01-15
13185,Priya Verma,Male,18,Chandigarh,Chandigarh,2025-02-10
13186,Ananya Shah,Female,20,Hyderabad,Telangana,2024-08-19
13187,Ankit Malhotra,Female,27,Ahmedabad,Gujarat,2024-09-07
13188,Riya Malhotra,Male,54,Dehradun,Uttarakhand,2024-03-25
13189,Ishaan Kumar,Female,40,Dehradun,Uttarakhand,2024-11-14
13190,Ishaan Arora,Female,50,Bhubaneswar,Odisha,2024-07-11
13191,Priya Agarwal,Male,26,Bhopal,Madhya Pradesh,2025-09-26
13192,Arjun Sharma,Male,30,Bhubaneswar,Odisha,2025-08-23
13193,Kavya Iyer,Male,45,Bhopal,Madhya Pradesh,2025-08-29
13194,Aarav Sharma,Male,24,Dehradun,Uttarakhand,2024-10-26
13195,Aisha Joshi,Female,43,Surat,Gujarat,2024-12-23
13196,Riya Nair,Male,33,Hyderabad,Telangana,2025-07-10
13197,Rahul Iyer,Male,57,Indore,Madhya Pradesh,2025-03-28
13198,Rahul Malhotra,Female,43,Ahmedabad,Gujarat,2025-07-16
13199,Rahul Chopra,Male,56,Bhubaneswar,Odisha,2025-05-20
13200,Ankit Das,Female,49,Kochi,Kerala,2024-03-05
13201,Vivaan Iyer,Male,53,Bhopal,Madhya Pradesh,2025-07-19
13202,Rohan Singh,Male,59,Mumbai,Maharashtra,2024-08-09
13203,Isha Verma,Female,18,Bhubaneswar,Odisha,2025-04-10
13204,Aditya Mehta,Male,38,Mumbai,Maharashtra,2024-03-12
13205,Priya Kapoor,Female,30,Lucknow,Uttar Pradesh,2025-04-18
13206,Rohan Arora,Male,43,Jaipur,Rajasthan,2025-11-10
13207,Aditya Mehta,Female,26,Kochi,Kerala,2025-11-28
13208,Priya Singh,Female,54,Patna,Bihar,2025-10-16
13209,Isha Arora,Male,40,Surat,Gujarat,2024-01-19
13210,Aisha Shah,Female,18,Patna,Bihar,2025-06-05
13211,Kavya Shah,Male,19,Bhubaneswar,Odisha,2025-11-13
13212,Ankit Arora,Female,60,Kolkata,West Bengal,2025-02-18
13213,Rohan Kapoor,Male,45,Patna,Bihar,2024-12-29
13214,Isha Sethi,Female,53,Bhubaneswar,Odisha,2025-06-11
13215,Riya Kapoor,Male,48,Ahmedabad,Gujarat,2024-03-20
13216,Riya Reddy,Female,58,Jaipur,Rajasthan,2024-07-08
13217,Ishaan Sethi,Other,22,Kolkata,West Bengal,2024-05-27
13218,Isha Verma,Female,54,Chennai,Tamil Nadu,2025-11-05
13219,Riya Nair,Male,42,Kochi,Kerala,2025-03-18
13220,Riya Bansal,Female,25,Lucknow,Uttar Pradesh,2024-09-21
13221,Kavya Malhotra,Male,51,Delhi,Delhi,2025-10-11
13222,Rahul Mehta,Male,56,Lucknow,Uttar Pradesh,2025-05-23
13223,Vivaan Nair,Male,49,Coimbatore,Tamil Nadu,2024-10-27
13224,Karan Kapoor,Male,28,Jaipur,Rajasthan,2025-04-10
13225,Kavya Malhotra,Female,42,Mumbai,Maharashtra,2024-12-30
13226,Vivaan Mehta,Male,20,Kochi,Kerala,2025-02-02
13227,Priya Nair,Female,49,Hyderabad,Telangana,2025-05-07
13228,Ishaan Malhotra,Male,52,Hyderabad,Telangana,2025-06-25
13229,Rohan Reddy,Male,49,Bhubaneswar,Odisha,2025-04-24
13230,Ankit Shah,Female,51,Surat,Gujarat,2024-06-16
13231,Kabir Mehta,Male,54,Coimbatore,Tamil Nadu,2025-08-25
13232,Priya Agarwal,Male,22,Indore,Madhya Pradesh,2024-03-31
13233,Aarav Joshi,Male,45,Coimbatore,Tamil Nadu,2025-12-23
13234,Vivaan Mehta,Male,45,Patna,Bihar,2024-10-26
13235,Aarav Das,Female,25,Kolkata,West Bengal,2024-06-22
13236,Sneha Shah,Male,44,Nagpur,Maharashtra,2025-10-07
13237,Vivaan Chopra,Male,33,Kochi,Kerala,2025-01-07
13238,Kavya Mehta,Female,35,Coimbatore,Tamil Nadu,2024-01-24
13239,Arjun Joshi,Other,42,Chennai,Tamil Nadu,2024-07-19
13240,Ananya Mehta,Male,18,Patna,Bihar,2025-12-31
13241,Kavya Patel,Female,25,Delhi,Delhi,2024-01-07
13242,Riya Malhotra,Male,38,Chandigarh,Chandigarh,2024-01-06
13243,Aarav Bansal,Male,51,Surat,Gujarat,2025-09-21
13244,Aarav Mehta,Male,41,Lucknow,Uttar Pradesh,2024-06-09
13245,Diya Joshi,Female,54,Indore,Madhya Pradesh,2025-08-19
13246,Arjun Reddy,Male,43,Chennai,Tamil Nadu,2024-09-04
13247,Kabir Reddy,Female,31,Delhi,Delhi,2024-06-14
13248,Priya Nair,Male,46,Kochi,Kerala,2025-03-03
13249,Aisha Verma,Male,47,Lucknow,Uttar Pradesh,2024-05-24
13250,Meera Joshi,Female,20,Patna,Bihar,2025-05-25
13251,Aisha Reddy,Male,24,Hyderabad,Telangana,2025-06-26
13252,Vivaan Bansal,Male,53,Surat,Gujarat,2025-05-23
13253,Meera Iyer,Male,28,Jaipur,Rajasthan,2024-08-07
13254,Rohan Kapoor,Male,49,Dehradun,Uttarakhand,2025-10-06
13255,Diya Verma,Male,29,Coimbatore,Tamil Nadu,2025-07-29
13256,Aarav Verma,Male,32,Coimbatore,Tamil Nadu,2024-03-16
13257,Neha Sethi,Male,55,Kochi,Kerala,2025-10-04
13258,Priya Nair,Male,41,Chennai,Tamil Nadu,2024-11-14
13259,Sneha Mehta,Other,18,Chandigarh,Chandigarh,2024-02-07
13260,Aditya Chopra,Male,35,Patna,Bihar,2025-07-19
13261,Priya Sethi,Male,24,Chennai,Tamil Nadu,2025-10-03
13262,Kabir Kumar,Female,59,Nagpur,Maharashtra,2025-12-30
13263,Neha Kumar,Female,58,Pune,Maharashtra,2025-05-28
13264,Ishaan Iyer,Male,19,Jaipur,Rajasthan,2024-09-02
13265,Ankit Gupta,Male,57,Bengaluru,Karnataka,2024-05-19
13266,Priya Sharma,Female,48,Surat,Gujarat,2024-09-14
13267,Aditya Reddy,Male,50,Nagpur,Maharashtra,2025-09-08
13268,Kavya Mehta,Female,47,Bhubaneswar,Odisha,2025-01-15
13269,Ankit Nair,Female,48,Bhopal,Madhya Pradesh,2025-04-22
13270,Ankit Singh,Female,51,Bengaluru,Karnataka,2024-07-03
13271,Diya Das,Male,24,Kochi,Kerala,2024-10-29
13272,Ananya Mehta,Female,42,Jaipur,Rajasthan,2025-05-08
13273,Isha Sethi,Female,33,Pune,Maharashtra,2024-06-12
13274,Ankit Verma,Female,39,Jaipur,Rajasthan,2025-10-05
13275,Ankit Gupta,Male,53,Indore,Madhya Pradesh,2024-07-21
13276,Sneha Reddy,Female,44,Bhubaneswar,Odisha,2025-02-11
13277,Aarav Nair,Female,34,Chennai,Tamil Nadu,2024-07-28
13278,Ankit Joshi,Other,21,Indore,Madhya Pradesh,2024-04-10
13279,Vivaan Iyer,Female,52,Hyderabad,Telangana,2025-03-21
13280,Neha Arora,Male,58,Mumbai,Maharashtra,2025-07-14
13281,Ishaan Mehta,Female,39,Nagpur,Maharashtra,2025-01-02
13282,Ishaan Malhotra,Male,52,Jaipur,Rajasthan,2024-08-26
13283,Kavya Patel,Female,32,Jaipur,Rajasthan,2025-12-27
13284,Rahul Iyer,Male,57,Kolkata,West Bengal,2024-10-17
13285,Vivaan Iyer,Male,38,Lucknow,Uttar Pradesh,2025-01-06
13286,Diya Sethi,Female,30,Delhi,Delhi,2025-03-06
13287,Neha Sethi,Male,28,Hyderabad,Telangana,2024-10-06
13288,Aarav Sethi,Female,44,Indore,Madhya Pradesh,2025-04-11
13289,Rahul Kumar,Female,48,Indore,Madhya Pradesh,2024-11-11
13290,Kavya Kumar,Male,49,Indore,Madhya Pradesh,2024-03-17
13291,Sneha Arora,Male,47,Mumbai,Maharashtra,2024-05-30
13292,Arjun Arora,Female,35,Jaipur,Rajasthan,2025-01-30
13293,Karan Iyer,Male,33,Ahmedabad,Gujarat,2025-05-10
13294,Aisha Sethi,Female,52,Pune,Maharashtra,2024-10-23
13295,Arjun Sharma,Female,26,Hyderabad,Telangana,2025-10-30
13296,Rahul Kapoor,Female,56,Bhubaneswar,Odisha,2025-12-10
13297,Rahul Shah,Female,54,Bengaluru,Karnataka,2025-02-10
13298,Riya Kapoor,Female,27,Kolkata,West Bengal,2024-10-13
13299,Ananya Kapoor,Female,29,Kochi,Kerala,2025-05-07
13300,Ankit Verma,Female,25,Kochi,Kerala,2025-06-19
13301,Priya Joshi,Female,20,Ahmedabad,Gujarat,2025-03-31
13302,Ishaan Sharma,Male,36,Delhi,Delhi,2025-05-06
13303,Rahul Sharma,Male,28,Hyderabad,Telangana,2024-01-09
13304,Rohan Kumar,Female,25,Lucknow,Uttar Pradesh,2024-05-11
13305,Sneha Mehta,Female,43,Bengaluru,Karnataka,2024-03-17
13306,Meera Malhotra,Male,40,Indore,Madhya Pradesh,2024-05-10
13307,Isha Nair,Male,27,Patna,Bihar,2025-02-15
13308,Ishaan Singh,Female,35,Chandigarh,Chandigarh,2024-03-30
13309,Meera Verma,Male,29,Kochi,Kerala,2025-05-12
13310,Kabir Agarwal,Male,56,Surat,Gujarat,2025-09-20
13311,Meera Iyer,Male,43,Chandigarh,Chandigarh,2025-09-13
13312,Aarav Das,Female,28,Bhopal,Madhya Pradesh,2024-12-19
13313,Sneha Bansal,Male,27,Indore,Madhya Pradesh,2024-09-27
13314,Kabir Agarwal,Male,20,Chennai,Tamil Nadu,2025-01-26
13315,Ishaan Shah,Male,24,Kolkata,West Bengal,2025-03-07
13316,Sneha Das,Female,21,Mumbai,Maharashtra,2025-04-16
13317,Kabir Reddy,Female,57,Patna,Bihar,2024-11-03
13318,Neha Singh,Female,25,Hyderabad,Telangana,2025-05-22
13319,Karan Bansal,Male,55,Bhopal,Madhya Pradesh,2024-02-24
13320,Aarav Shah,Male,30,Chandigarh,Chandigarh,2024-02-06
13321,Vivaan Sharma,Female,29,Bengaluru,Karnataka,2024-02-24
13322,Isha Kapoor,Male,52,Bengaluru,Karnataka,2025-06-07
13323,Kavya Joshi,Female,55,Surat,Gujarat,2025-04-07
13324,Riya Joshi,Male,60,Kolkata,West Bengal,2025-11-27
13325,Priya Das,Male,53,Patna,Bihar,2025-04-22
13326,Ankit Patel,Male,19,Kochi,Kerala,2025-12-16
13327,Arjun Chopra,Female,32,Dehradun,Uttarakhand,2024-07-29
13328,Kabir Mehta,Male,51,Lucknow,Uttar Pradesh,2024-08-13
13329,Arjun Nair,Male,56,Hyderabad,Telangana,2024-01-07
13330,Aisha Malhotra,Male,43,Kolkata,West Bengal,2025-06-23
13331,Aisha Kapoor,Male,22,Delhi,Delhi,2024-07-30
13332,Riya Kapoor,Male,42,Dehradun,Uttarakhand,2024-07-07
13333,Vivaan Kapoor,Male,51,Nagpur,Maharashtra,2024-03-15
13334,Meera Shah,Male,21,Surat,Gujarat,2024-04-23
13335,Aarav Nair,Female,51,Patna,Bihar,2025-11-09
13336,Sneha Sharma,Female,44,Ahmedabad,Gujarat,2025-09-09
13337,Rahul Reddy,Male,59,Kochi,Kerala,2024-05-30
13338,Aditya Sethi,Male,46,Chandigarh,Chandigarh,2025-03-11
13339,Ishaan Das,Female,22,Surat,Gujarat,2024-03-24
13340,Ankit Reddy,Male,35,Jaipur,Rajasthan,2024-07-30
13341,Aarav Sethi,Male,21,Mumbai,Maharashtra,2025-04-05
13342,Ankit Joshi,Female,18,Chennai,Tamil Nadu,2024-06-25
13343,Rahul Malhotra,Female,37,Kolkata,West Bengal,2024-11-07
13344,Isha Joshi,Male,23,Pune,Maharashtra,2025-11-24
13345,Isha Bansal,Male,37,Delhi,Delhi,2024-06-07
13346,Aditya Reddy,Female,37,Pune,Maharashtra,2025-12-01
13347,Kabir Das,Male,44,Dehradun,Uttarakhand,2024-07-04
13348,Rahul Mehta,Female,43,Kochi,Kerala,2025-04-15
13349,Rahul Reddy,Male,49,Nagpur,Maharashtra,2024-11-04
13350,Ishaan Sharma,Male,27,Nagpur,Maharashtra,2024-09-02
13351,Ananya Singh,Female,35,Lucknow,Uttar Pradesh,2025-01-18
13352,Rahul Patel,Female,58,Hyderabad,Telangana,2024-02-11
13353,Rohan Verma,Female,29,Indore,Madhya Pradesh,2024-10-11
13354,Vivaan Nair,Male,27,Pune,Maharashtra,2024-10-26
13355,Rahul Singh,Female,41,Hyderabad,Telangana,2025-03-11
13356,Neha Singh,Female,41,Surat,Gujarat,2025-01-03
13357,Aarav Chopra,Female,55,Coimbatore,Tamil Nadu,2025-04-30
13358,Sneha Gupta,Female,42,Jaipur,Rajasthan,2025-03-11
13359,Rohan Nair,Male,25,Lucknow,Uttar Pradesh,2025-03-03
13360,Kabir Patel,Male,31,Ahmedabad,Gujarat,2024-06-29
13361,Vivaan Arora,Female,60,Delhi,Delhi,2025-11-24
13362,Rahul Arora,Female,48,Ahmedabad,Gujarat,2024-12-05
13363,Diya Nair,Male,41,Indore,Madhya Pradesh,2025-05-05
13364,Arjun Shah,Male,33,Hyderabad,Telangana,2025-05-09
13365,Arjun Bansal,Other,37,Ahmedabad,Gujarat,2025-12-30
13366,Isha Chopra,Female,55,Bengaluru,Karnataka,2024-06-11
13367,Karan Kapoor,Female,32,Jaipur,Rajasthan,2025-07-11
13368,Arjun Sethi,Male,31,Mumbai,Maharashtra,2025-03-31
13369,Meera Verma,Female,29,Mumbai,Maharashtra,2024-04-01
13370,Arjun Gupta,Male,51,Indore,Madhya Pradesh,2024-04-14
13371,Meera Malhotra,Male,25,Surat,Gujarat,2025-12-19
13372,Ananya Agarwal,Male,36,Kochi,Kerala,2025-03-14
13373,Meera Agarwal,Female,22,Hyderabad,Telangana,2025-05-12
13374,Sneha Kapoor,Female,44,Ahmedabad,Gujarat,2024-11-23
13375,Karan Sethi,Female,58,Jaipur,Rajasthan,2025-10-12
13376,Rohan Malhotra,Male,30,Chennai,Tamil Nadu,2025-06-24
13377,Ankit Shah,Female,49,Dehradun,Uttarakhand,2025-05-23
13378,Kabir Kapoor,Female,48,Bhubaneswar,Odisha,2024-09-07
13379,Riya Malhotra,Female,58,Lucknow,Uttar Pradesh,2024-07-09
13380,Ankit Singh,Female,54,Surat,Gujarat,2024-02-16
13381,Ankit Joshi,Male,19,Jaipur,Rajasthan,2024-09-07
13382,Ishaan Agarwal,Female,24,Patna,Bihar,2024-03-04
13383,Riya Sharma,Female,28,Kochi,Kerala,2024-11-15
13384,Aarav Kapoor,Female,28,Pune,Maharashtra,2025-06-07
13385,Ishaan Sharma,Female,40,Chandigarh,Chandigarh,2024-10-18
13386,Aarav Mehta,Male,48,Chandigarh,Chandigarh,2024-01-29
13387,Isha Sethi,Female,25,Indore,Madhya Pradesh,2025-10-12
13388,Arjun Singh,Female,49,Coimbatore,Tamil Nadu,2025-03-12
13389,Kavya Reddy,Male,38,Lucknow,Uttar Pradesh,2025-08-19
13390,Ankit Patel,Female,48,Indore,Madhya Pradesh,2025-08-08
13391,Rahul Nair,Male,18,Ahmedabad,Gujarat,2024-02-16
13392,Vivaan Agarwal,Male,30,Ahmedabad,Gujarat,2025-02-20
13393,Diya Kapoor,Female,28,Hyderabad,Telangana,2025-08-15
13394,Meera Arora,Male,46,Surat,Gujarat,2025-03-26
13395,Aarav Mehta,Male,21,Lucknow,Uttar Pradesh,2025-09-24
13396,Vivaan Verma,Male,53,Lucknow,Uttar Pradesh,2025-07-08
13397,Ishaan Chopra,Male,32,Delhi,Delhi,2025-10-19
13398,Ankit Das,Male,20,Patna,Bihar,2024-03-14
13399,Kavya Chopra,Male,46,Surat,Gujarat,2024-02-22
13400,Aarav Nair,Male,38,Dehradun,Uttarakhand,2024-08-20
13401,Aisha Patel,Male,19,Kolkata,West Bengal,2024-07-18
13402,Aarav Gupta,Female,23,Surat,Gujarat,2025-11-04
13403,Kabir Verma,Female,48,Jaipur,Rajasthan,2025-07-02
13404,Meera Shah,Female,41,Bhopal,Madhya Pradesh,2024-04-06
13405,Isha Singh,Female,57,Bhubaneswar,Odisha,2024-02-18
13406,Neha Agarwal,Male,34,Patna,Bihar,2025-06-05
13407,Meera Gupta,Female,22,Bhubaneswar,Odisha,2024-02-09
13408,Aisha Gupta,Female,19,Chennai,Tamil Nadu,2024-06-01
13409,Priya Singh,Male,29,Dehradun,Uttarakhand,2024-04-15
13410,Neha Agarwal,Male,22,Dehradun,Uttarakhand,2025-07-06
13411,Neha Gupta,Male,59,Jaipur,Rajasthan,2025-11-06
13412,Vivaan Bansal,Female,58,Lucknow,Uttar Pradesh,2024-07-29
13413,Aisha Joshi,Male,37,Delhi,Delhi,2024-07-20
13414,Diya Shah,Female,25,Bhubaneswar,Odisha,2025-03-08
13415,Priya Kapoor,Male,18,Kolkata,West Bengal,2025-12-07
13416,Ankit Verma,Male,23,Mumbai,Maharashtra,2025-07-18
13417,Aditya Kumar,Female,28,Surat,Gujarat,2024-05-26
13418,Neha Iyer,Female,20,Bhopal,Madhya Pradesh,2025-05-13
13419,Isha Das,Male,48,Chennai,Tamil Nadu,2024-10-08
13420,Rahul Kumar,Female,45,Kolkata,West Bengal,2024-11-05
13421,Ankit Shah,Male,60,Kolkata,West Bengal,2024-02-20
13422,Karan Malhotra,Female,22,Bhubaneswar,Odisha,2025-05-09
13423,Aisha Nair,Female,43,Bhopal,Madhya Pradesh,2025-02-12
13424,Riya Patel,Female,33,Chandigarh,Chandigarh,2025-09-17
13425,Kabir Kumar,Male,48,Bhopal,Madhya Pradesh,2024-09-29
13426,Rohan Malhotra,Male,45,Indore,Madhya Pradesh,2025-04-02
13427,Neha Bansal,Female,24,Bengaluru,Karnataka,2024-04-29
13428,Priya Malhotra,Male,55,Kolkata,West Bengal,2025-12-01
13429,Kavya Patel,Female,26,Ahmedabad,Gujarat,2024-02-15
13430,Meera Das,Female,56,Kochi,Kerala,2024-08-30
13431,Rahul Sethi,Male,52,Indore,Madhya Pradesh,2024-11-06
13432,Vivaan Arora,Female,60,Lucknow,Uttar Pradesh,2025-07-15
13433,Kabir Gupta,Male,44,Kochi,Kerala,2024-11-26
13434,Aarav Singh,Other,29,Delhi,Delhi,2024-01-11
13435,Arjun Iyer,Female,42,Patna,Bihar,2025-02-27
13436,Arjun Sethi,Female,60,Nagpur,Maharashtra,2024-02-17
13437,Aditya Nair,Male,46,Lucknow,Uttar Pradesh,2025-01-11
13438,Rahul Sethi,Female,48,Indore,Madhya Pradesh,2025-07-21
13439,Ananya Malhotra,Female,51,Bhubaneswar,Odisha,2024-01-08
13440,Ankit Arora,Male,50,Lucknow,Uttar Pradesh,2025-06-09
13441,Vivaan Mehta,Male,44,Kochi,Kerala,2025-12-27
13442,Priya Sethi,Male,19,Kolkata,West Bengal,2025-01-04
13443,Ankit Patel,Other,31,Jaipur,Rajasthan,2025-03-15
13444,Rohan Arora,Female,30,Nagpur,Maharashtra,2025-07-19
13445,Riya Shah,Female,41,Hyderabad,Telangana,2025-04-28
13446,Vivaan Joshi,Female,22,Bengaluru,Karnataka,2024-09-29
13447,Vivaan Verma,Male,51,Nagpur,Maharashtra,2024-05-10
13448,Ankit Joshi,Male,40,Kochi,Kerala,2025-06-04
13449,Meera Sharma,Male,36,Lucknow,Uttar Pradesh,2025-12-24
13450,Ananya Reddy,Male,47,Chennai,Tamil Nadu,2025-09-25
13451,Aarav Das,Female,60,Bhubaneswar,Odisha,2024-04-23
13452,Karan Singh,Female,33,Coimbatore,Tamil Nadu,2025-06-15
13453,Meera Shah,Other,57,Kolkata,West Bengal,2025-05-13
13454,Riya Nair,Male,51,Bhubaneswar,Odisha,2024-12-04
13455,Aisha Mehta,Female,28,Kolkata,West Bengal,2024-01-21
13456,Isha Mehta,Female,31,Hyderabad,Telangana,2025-12-20
13457,Ananya Iyer,Male,32,Kochi,Kerala,2024-02-02
13458,Karan Iyer,Female,52,Coimbatore,Tamil Nadu,2024-05-12
13459,Ankit Verma,Male,24,Mumbai,Maharashtra,2025-12-03
13460,Diya Arora,Female,46,Patna,Bihar,2024-01-26
13461,Kabir Sethi,Female,39,Lucknow,Uttar Pradesh,2024-12-29
13462,Riya Iyer,Female,40,Lucknow,Uttar Pradesh,2025-08-23
13463,Sneha Malhotra,Male,41,Nagpur,Maharashtra,2024-04-01
13464,Isha Sethi,Male,52,Mumbai,Maharashtra,2025-06-28
13465,Rohan Singh,Male,27,Mumbai,Maharashtra,2024-08-25
13466,Priya Agarwal,Female,25,Ahmedabad,Gujarat,2024-01-18
13467,Priya Joshi,Female,29,Indore,Madhya Pradesh,2024-09-30
13468,Kavya Singh,Male,46,Chandigarh,Chandigarh,2024-10-15
13469,Kavya Agarwal,Female,46,Ahmedabad,Gujarat,2024-01-27
13470,Riya Singh,Male,40,Hyderabad,Telangana,2025-03-09
13471,Riya Reddy,Male,43,Surat,Gujarat,2024-04-17
13472,Ankit Kumar,Female,54,Delhi,Delhi,2024-11-19
13473,Vivaan Arora,Female,49,Lucknow,Uttar Pradesh,2025-06-14
13474,Rahul Das,Male,55,Pune,Maharashtra,2024-04-13
13475,Diya Verma,Male,23,Patna,Bihar,2024-11-27
13476,Sneha Reddy,Female,25,Dehradun,Uttarakhand,2024-12-27
13477,Ankit Chopra,Male,34,Bhubaneswar,Odisha,2024-10-15
13478,Arjun Reddy,Female,29,Kochi,Kerala,2025-03-19
13479,Rohan Kapoor,Female,39,Jaipur,Rajasthan,2024-02-06
13480,Diya Iyer,Male,31,Chennai,Tamil Nadu,2024-12-13
13481,Arjun Das,Male,51,Chandigarh,Chandigarh,2024-02-12
13482,Isha Iyer,Female,36,Hyderabad,Telangana,2024-05-05
13483,Meera Bansal,Female,23,Chennai,Tamil Nadu,2024-01-09
13484,Ishaan Sethi,Female,35,Chandigarh,Chandigarh,2025-06-09
13485,Neha Nair,Male,53,Lucknow,Uttar Pradesh,2024-05-10
13486,Sneha Iyer,Female,54,Chandigarh,Chandigarh,2024-11-20
13487,Sneha Iyer,Male,55,Ahmedabad,Gujarat,2024-07-02
13488,Neha Nair,Female,32,Mumbai,Maharashtra,2024-10-08
13489,Rohan Reddy,Female,55,Ahmedabad,Gujarat,2024-02-22
13490,Priya Mehta,Male,57,Nagpur,Maharashtra,2025-07-06
13491,Meera Chopra,Male,26,Chennai,Tamil Nadu,2025-06-16
13492,Karan Verma,Male,23,Bengaluru,Karnataka,2025-01-11
13493,Priya Kapoor,Female,19,Kochi,Kerala,2024-10-21
13494,Ishaan Singh,Male,33,Indore,Madhya Pradesh,2024-07-26
13495,Sneha Gupta,Female,18,Indore,Madhya Pradesh,2025-10-24
13496,Ankit Das,Male,47,Chandigarh,Chandigarh,2025-04-21
13497,Rahul Bansal,Female,50,Hyderabad,Telangana,2024-03-09
13498,Arjun Chopra,Female,18,Jaipur,Rajasthan,2025-03-12
13499,Isha Gupta,Other,56,Mumbai,Maharashtra,2024-10-27
13500,Aisha Patel,Female,33,Coimbatore,Tamil Nadu,2024-01-27
13501,Vivaan Sethi,Male,34,Delhi,Delhi,2025-09-19
13502,Vivaan Kumar,Male,55,Pune,Maharashtra,2025-10-15
13503,Meera Bansal,Male,35,Patna,Bihar,2025-07-06
13504,Rahul Das,Female,39,Bengaluru,Karnataka,2024-04-15
13505,Aisha Iyer,Male,39,Dehradun,Uttarakhand,2025-08-08
13506,Aditya Gupta,Male,52,Dehradun,Uttarakhand,2025-07-25
13507,Rahul Shah,Male,48,Bengaluru,Karnataka,2025-09-25
13508,Aisha Patel,Female,57,Bengaluru,Karnataka,2025-12-15
13509,Vivaan Nair,Male,44,Patna,Bihar,2024-01-11
13510,Karan Shah,Male,53,Pune,Maharashtra,2025-10-20
13511,Rahul Gupta,Male,21,Bhopal,Madhya Pradesh,2024-08-03
13512,Meera Chopra,Female,22,Patna,Bihar,2024-11-16
13513,Vivaan Das,Female,42,Bhubaneswar,Odisha,2025-04-04
13514,Rohan Das,Male,48,Indore,Madhya Pradesh,2025-06-09
13515,Karan Kumar,Female,31,Dehradun,Uttarakhand,2025-08-01
13516,Kabir Sharma,Male,47,Dehradun,Uttarakhand,2025-11-22
13517,Rahul Verma,Male,29,Bhubaneswar,Odisha,2024-06-08
13518,Aarav Bansal,Male,44,Hyderabad,Telangana,2025-04-08
13519,Rahul Bansal,Female,41,Delhi,Delhi,2025-06-05
13520,Ankit Verma,Female,47,Bhubaneswar,Odisha,2025-09-27
13521,Arjun Das,Male,35,Delhi,Delhi,2024-09-29
13522,Aditya Nair,Female,31,Indore,Madhya Pradesh,2024-08-28
13523,Ankit Chopra,Male,36,Dehradun,Uttarakhand,2025-10-16
13524,Isha Sharma,Other,39,Dehradun,Uttarakhand,2024-06-15
13525,Priya Malhotra,Female,43,Chandigarh,Chandigarh,2025-07-22
13526,Diya Reddy,Female,24,Lucknow,Uttar Pradesh,2025-10-11
13527,Rohan Kapoor,Female,45,Jaipur,Rajasthan,2024-11-22
13528,Ananya Iyer,Other,55,Jaipur,Rajasthan,2025-06-12
13529,Aisha Das,Other,22,Chennai,Tamil Nadu,2024-09-29
13530,Neha Mehta,Female,53,Delhi,Delhi,2025-01-10
13531,Meera Das,Male,35,Patna,Bihar,2025-01-09
13532,Aditya Arora,Male,31,Mumbai,Maharashtra,2024-11-29
13533,Vivaan Malhotra,Male,40,Indore,Madhya Pradesh,2024-01-03
13534,Priya Kapoor,Female,31,Jaipur,Rajasthan,2024-08-30
13535,Rahul Shah,Male,49,Hyderabad,Telangana,2025-09-11
13536,Aditya Shah,Female,22,Chennai,Tamil Nadu,2024-02-20
13537,Riya Kumar,Female,39,Lucknow,Uttar Pradesh,2024-12-15
13538,Kavya Patel,Female,45,Coimbatore,Tamil Nadu,2024-06-22
13539,Isha Kumar,Male,60,Bengaluru,Karnataka,2024-04-25
13540,Diya Singh,Female,29,Kochi,Kerala,2025-11-25
13541,Vivaan Malhotra,Male,35,Coimbatore,Tamil Nadu,2024-12-26
13542,Neha Chopra,Female,53,Coimbatore,Tamil Nadu,2024-12-20
13543,Karan Joshi,Female,48,Indore,Madhya Pradesh,2025-10-27
13544,Ankit Singh,Male,30,Pune,Maharashtra,2024-03-16
13545,Riya Agarwal,Female,37,Surat,Gujarat,2024-03-21
13546,Sneha Agarwal,Male,53,Pune,Maharashtra,2024-08-16
13547,Karan Bansal,Male,24,Ahmedabad,Gujarat,2024-03-12
13548,Karan Sethi,Male,40,Chennai,Tamil Nadu,2025-02-06
13549,Aditya Joshi,Female,51,Bhopal,Madhya Pradesh,2024-08-05
13550,Aditya Iyer,Male,49,Hyderabad,Telangana,2025-03-27
13551,Ananya Das,Female,38,Chandigarh,Chandigarh,2025-01-01
13552,Neha Chopra,Male,23,Dehradun,Uttarakhand,2025-08-12
13553,Arjun Chopra,Male,33,Surat,Gujarat,2025-10-31
13554,Neha Iyer,Female,52,Bhubaneswar,Odisha,2025-07-13
13555,Diya Kapoor,Male,37,Dehradun,Uttarakhand,2024-11-07
13556,Sneha Mehta,Female,59,Indore,Madhya Pradesh,2024-10-24
13557,Rahul Iyer,Male,58,Ahmedabad,Gujarat,2024-01-24
13558,Ananya Chopra,Male,28,Jaipur,Rajasthan,2024-04-19
13559,Kabir Sethi,Female,49,Nagpur,Maharashtra,2024-02-21
13560,Priya Arora,Female,31,Coimbatore,Tamil Nadu,2024-10-16
13561,Kavya Nair,Female,41,Nagpur,Maharashtra,2025-03-19
13562,Aditya Verma,Female,56,Pune,Maharashtra,2025-04-11
13563,Isha Iyer,Male,60,Bhopal,Madhya Pradesh,2024-09-15
13564,Diya Chopra,Male,48,Bhopal,Madhya Pradesh,2024-11-19
13565,Priya Nair,Male,34,Hyderabad,Telangana,2025-10-12
13566,Kavya Bansal,Female,42,Surat,Gujarat,2024-12-03
13567,Karan Shah,Female,26,Bengaluru,Karnataka,2025-07-09
13568,Arjun Reddy,Male,39,Chennai,Tamil Nadu,2025-02-25
13569,Ananya Iyer,Male,52,Delhi,Delhi,2024-09-15
13570,Karan Gupta,Male,54,Bengaluru,Karnataka,2025-09-16
13571,Rohan Kapoor,Female,34,Surat,Gujarat,2024-03-05
13572,Isha Sharma,Female,45,Ahmedabad,Gujarat,2024-06-11
13573,Ananya Patel,Male,18,Hyderabad,Telangana,2024-06-12
13574,Meera Gupta,Male,26,Mumbai,Maharashtra,2025-11-08
13575,Meera Das,Male,30,Chandigarh,Chandigarh,2024-02-08
13576,Kavya Kumar,Female,49,Hyderabad,Telangana,2025-10-26
13577,Kavya Shah,Female,45,Bengaluru,Karnataka,2024-11-15
13578,Arjun Gupta,Male,48,Mumbai,Maharashtra,2024-12-25
13579,Priya Joshi,Female,25,Patna,Bihar,2024-09-25
13580,Aisha Joshi,Female,25,Dehradun,Uttarakhand,2024-11-19
13581,Rahul Mehta,Male,51,Indore,Madhya Pradesh,2024-11-21
13582,Arjun Verma,Female,40,Chennai,Tamil Nadu,2025-08-09
13583,Ananya Patel,Male,27,Jaipur,Rajasthan,2024-09-13
13584,Rahul Nair,Female,54,Kolkata,West Bengal,2024-07-18
13585,Aisha Kapoor,Male,42,Chennai,Tamil Nadu,2025-03-13
13586,Meera Kumar,Male,50,Chandigarh,Chandigarh,2025-09-01
13587,Rohan Bansal,Female,21,Ahmedabad,Gujarat,2024-04-13
13588,Ankit Kapoor,Female,24,Pune,Maharashtra,2025-01-06
13589,Aisha Sethi,Male,50,Pune,Maharashtra,2024-06-12
13590,Ishaan Malhotra,Other,19,Kolkata,West Bengal,2024-04-22
13591,Sneha Agarwal,Male,49,Dehradun,Uttarakhand,2025-09-06
13592,Sneha Iyer,Male,22,Bengaluru,Karnataka,2025-07-02
13593,Neha Agarwal,Female,34,Coimbatore,Tamil Nadu,2024-04-15
13594,Aisha Reddy,Male,29,Surat,Gujarat,2025-11-29
13595,Aisha Verma,Male,29,Hyderabad,Telangana,2024-12-29
13596,Vivaan Gupta,Female,52,Kochi,Kerala,2024-01-21
13597,Ankit Agarwal,Male,38,Kolkata,West Bengal,2025-10-21
13598,Aisha Iyer,Other,38,Coimbatore,Tamil Nadu,2024-05-08
13599,Rahul Gupta,Male,19,Hyderabad,Telangana,2025-04-27
13600,Aarav Arora,Female,38,Surat,Gujarat,2025-11-29
13601,Diya Agarwal,Male,32,Jaipur,Rajasthan,2024-07-17
13602,Meera Agarwal,Male,28,Chennai,Tamil Nadu,2025-09-11
13603,Kavya Shah,Female,27,Indore,Madhya Pradesh,2025-06-04
13604,Isha Agarwal,Female,35,Bhubaneswar,Odisha,2025-02-23
13605,Aarav Das,Female,40,Chennai,Tamil Nadu,2024-08-13
13606,Neha Sharma,Male,48,Nagpur,Maharashtra,2024-07-27
13607,Aisha Singh,Female,43,Coimbatore,Tamil Nadu,2024-09-01
13608,Isha Kapoor,Male,19,Bhopal,Madhya Pradesh,2024-10-14
13609,Meera Kapoor,Female,56,Nagpur,Maharashtra,2024-03-06
13610,Meera Sethi,Female,24,Surat,Gujarat,2024-06-01
13611,Vivaan Verma,Male,41,Hyderabad,Telangana,2025-05-05
13612,Neha Kumar,Female,56,Pune,Maharashtra,2025-03-10
13613,Priya Verma,Male,49,Nagpur,Maharashtra,2025-12-03
13614,Karan Iyer,Female,43,Ahmedabad,Gujarat,2024-08-05
13615,Kavya Bansal,Female,40,Patna,Bihar,2025-03-04
13616,Aditya Das,Male,31,Nagpur,Maharashtra,2025-05-16
13617,Ananya Singh,Female,46,Chandigarh,Chandigarh,2025-10-27
13618,Kavya Shah,Male,42,Chandigarh,Chandigarh,2025-08-16
13619,Meera Verma,Female,48,Mumbai,Maharashtra,2024-08-08
13620,Diya Agarwal,Male,19,Jaipur,Rajasthan,2025-03-10
13621,Meera Iyer,Female,19,Patna,Bihar,2024-10-06
13622,Neha Patel,Male,40,Lucknow,Uttar Pradesh,2025-09-14
13623,Priya Kapoor,Male,28,Chandigarh,Chandigarh,2024-04-01
13624,Neha Reddy,Female,46,Patna,Bihar,2025-06-07
13625,Sneha Agarwal,Male,59,Hyderabad,Telangana,2024-05-18
13626,Aarav Das,Male,52,Nagpur,Maharashtra,2025-10-28
13627,Ananya Reddy,Female,26,Dehradun,Uttarakhand,2024-01-23
13628,Isha Kumar,Female,49,Surat,Gujarat,2025-02-20
13629,Riya Sethi,Female,47,Chennai,Tamil Nadu,2024-12-13
13630,Diya Shah,Male,32,Kolkata,West Bengal,2024-08-24
13631,Aarav Kumar,Female,31,Patna,Bihar,2024-07-01
13632,Aisha Sethi,Male,34,Delhi,Delhi,2025-05-22
13633,Isha Kumar,Female,39,Coimbatore,Tamil Nadu,2024-07-16
13634,Ishaan Patel,Female,47,Hyderabad,Telangana,2025-11-12
13635,Isha Malhotra,Female,34,Patna,Bihar,2024-05-02
13636,Kavya Chopra,Male,33,Jaipur,Rajasthan,2025-06-29
13637,Ankit Joshi,Female,25,Mumbai,Maharashtra,2025-01-15
13638,Diya Kumar,Female,56,Ahmedabad,Gujarat,2025-05-29
13639,Rohan Singh,Female,48,Surat,Gujarat,2024-01-06
13640,Diya Patel,Male,29,Pune,Maharashtra,2024-10-30
13641,Ananya Singh,Female,50,Kolkata,West Bengal,2025-09-05
13642,Priya Das,Female,29,Delhi,Delhi,2024-07-10
13643,Kavya Joshi,Male,42,Surat,Gujarat,2025-01-10
13644,Sneha Malhotra,Male,55,Pune,Maharashtra,2025-06-08
13645,Vivaan Arora,Male,35,Patna,Bihar,2024-02-05
13646,Kavya Kumar,Male,36,Mumbai,Maharashtra,2024-03-10
13647,Aarav Malhotra,Male,20,Jaipur,Rajasthan,2024-10-15
13648,Karan Mehta,Male,52,Jaipur,Rajasthan,2024-04-14
13649,Diya Joshi,Female,22,Indore,Madhya Pradesh,2025-12-16
13650,Rahul Arora,Female,52,Kolkata,West Bengal,2024-11-08
13651,Vivaan Das,Male,44,Kolkata,West Bengal,2024-02-24
13652,Kabir Arora,Female,54,Dehradun,Uttarakhand,2024-04-16
13653,Karan Singh,Female,38,Dehradun,Uttarakhand,2025-10-14
13654,Meera Das,Male,33,Bengaluru,Karnataka,2024-11-02
13655,Meera Mehta,Male,45,Patna,Bihar,2024-02-05
13656,Aisha Patel,Female,42,Patna,Bihar,2024-05-12
13657,Kavya Das,Female,50,Kochi,Kerala,2024-01-25
13658,Isha Reddy,Female,34,Nagpur,Maharashtra,2024-02-06
13659,Aarav Kapoor,Female,60,Surat,Gujarat,2024-01-19
13660,Aditya Das,Male,47,Indore,Madhya Pradesh,2024-02-04
13661,Rohan Agarwal,Female,58,Delhi,Delhi,2024-12-28
13662,Diya Arora,Male,21,Patna,Bihar,2025-02-21
13663,Arjun Kapoor,Male,19,Bengaluru,Karnataka,2025-03-05
13664,Riya Agarwal,Male,26,Surat,Gujarat,2025-06-01
13665,Isha Gupta,Male,48,Hyderabad,Telangana,2025-04-11
13666,Rahul Gupta,Female,42,Hyderabad,Telangana,2024-07-17
13667,Riya Iyer,Female,54,Bhubaneswar,Odisha,2025-06-29
13668,Aditya Agarwal,Female,53,Patna,Bihar,2025-07-21
13669,Ankit Shah,Male,22,Coimbatore,Tamil Nadu,2024-07-29
13670,Neha Iyer,Other,41,Lucknow,Uttar Pradesh,2025-08-31
13671,Ishaan Arora,Female,41,Dehradun,Uttarakhand,2025-05-15
13672,Isha Mehta,Male,46,Bengaluru,Karnataka,2024-08-28
13673,Aarav Kapoor,Female,48,Ahmedabad,Gujarat,2024-06-18
13674,Priya Shah,Female,54,Bhopal,Madhya Pradesh,2024-10-20
13675,Neha Kapoor,Male,36,Delhi,Delhi,2024-11-10
13676,Kabir Bansal,Female,40,Bhopal,Madhya Pradesh,2024-05-06
13677,Ishaan Arora,Female,52,Mumbai,Maharashtra,2025-04-12
13678,Sneha Iyer,Female,23,Hyderabad,Telangana,2025-01-01
13679,Isha Kumar,Female,23,Coimbatore,Tamil Nadu,2024-01-21
13680,Aditya Shah,Male,54,Kolkata,West Bengal,2024-11-11
13681,Isha Reddy,Female,47,Delhi,Delhi,2024-03-30
13682,Kabir Gupta,Female,18,Patna,Bihar,2025-02-07
13683,Ananya Verma,Male,25,Ahmedabad,Gujarat,2025-06-01
13684,Kavya Kumar,Male,45,Coimbatore,Tamil Nadu,2025-03-26
13685,Kabir Sharma,Female,42,Delhi,Delhi,2025-08-31
13686,Aditya Arora,Male,50,Chennai,Tamil Nadu,2024-05-29
13687,Rahul Sharma,Female,55,Nagpur,Maharashtra,2025-03-21
13688,Rahul Patel,Female,31,Kolkata,West Bengal,2024-03-20
13689,Ishaan Mehta,Male,28,Ahmedabad,Gujarat,2024-01-17
13690,Vivaan Das,Male,19,Indore,Madhya Pradesh,2024-05-17
13691,Meera Chopra,Male,47,Nagpur,Maharashtra,2025-10-13
13692,Rahul Sharma,Female,47,Bengaluru,Karnataka,2025-05-22
13693,Aisha Mehta,Female,21,Coimbatore,Tamil Nadu,2025-07-05
13694,Sneha Das,Female,30,Kochi,Kerala,2025-11-10
13695,Kavya Bansal,Male,24,Nagpur,Maharashtra,2024-03-14
13696,Neha Chopra,Female,55,Lucknow,Uttar Pradesh,2024-03-14
13697,Rohan Chopra,Female,20,Chandigarh,Chandigarh,2024-02-19
13698,Arjun Bansal,Male,26,Dehradun,Uttarakhand,2024-01-10
13699,Aarav Sethi,Female,31,Hyderabad,Telangana,2024-04-12
13700,Riya Chopra,Male,28,Kochi,Kerala,2025-01-22
13701,Sneha Shah,Female,54,Mumbai,Maharashtra,2025-01-19
13702,Rahul Chopra,Male,31,Coimbatore,Tamil Nadu,2024-10-25
13703,Aisha Patel,Male,36,Chennai,Tamil Nadu,2024-12-04
13704,Karan Kapoor,Female,25,Ahmedabad,Gujarat,2025-01-23
13705,Aisha Shah,Female,24,Pune,Maharashtra,2025-04-18
13706,Isha Malhotra,Male,24,Bhopal,Madhya Pradesh,2025-09-07
13707,Priya Verma,Female,20,Bengaluru,Karnataka,2024-05-21
13708,Ananya Mehta,Female,20,Bhubaneswar,Odisha,2024-06-18
13709,Diya Malhotra,Male,35,Nagpur,Maharashtra,2024-01-13
13710,Arjun Chopra,Female,50,Coimbatore,Tamil Nadu,2025-10-30
13711,Aarav Singh,Female,54,Coimbatore,Tamil Nadu,2025-03-24
13712,Arjun Sharma,Female,45,Bhubaneswar,Odisha,2024-06-22
13713,Sneha Arora,Male,53,Dehradun,Uttarakhand,2025-11-04
13714,Rahul Joshi,Female,33,Nagpur,Maharashtra,2024-05-11
13715,Ankit Sharma,Female,32,Ahmedabad,Gujarat,2025-06-23
13716,Arjun Iyer,Female,46,Delhi,Delhi,2025-08-17
13717,Kavya Bansal,Male,35,Patna,Bihar,2024-09-25
13718,Rahul Sharma,Female,36,Kochi,Kerala,2024-09-07
13719,Aisha Singh,Male,46,Lucknow,Uttar Pradesh,2025-01-04
13720,Ananya Iyer,Female,23,Chennai,Tamil Nadu,2025-09-09
13721,Priya Nair,Female,44,Kochi,Kerala,2025-06-09
13722,Ananya Kapoor,Male,24,Patna,Bihar,2025-08-14
13723,Riya Kumar,Male,44,Kolkata,West Bengal,2025-05-20
13724,Ananya Sharma,Female,36,Delhi,Delhi,2025-11-02
13725,Meera Joshi,Female,34,Chennai,Tamil Nadu,2024-06-26
13726,Kabir Singh,Male,58,Bhopal,Madhya Pradesh,2025-10-28
13727,Kavya Verma,Female,28,Chennai,Tamil Nadu,2025-06-30
13728,Ananya Reddy,Female,22,Delhi,Delhi,2024-09-15
13729,Priya Mehta,Female,19,Bhubaneswar,Odisha,2024-09-16
13730,Rahul Reddy,Female,29,Nagpur,Maharashtra,2024-05-14
13731,Riya Patel,Male,59,Jaipur,Rajasthan,2025-04-05
13732,Aditya Arora,Female,59,Coimbatore,Tamil Nadu,2025-05-03
13733,Kavya Singh,Male,28,Chennai,Tamil Nadu,2025-10-04
13734,Neha Arora,Male,27,Mumbai,Maharashtra,2024-03-21
13735,Diya Iyer,Male,45,Surat,Gujarat,2025-01-01
13736,Aarav Iyer,Female,24,Pune,Maharashtra,2024-02-28
13737,Neha Patel,Female,31,Hyderabad,Telangana,2024-03-14
13738,Karan Verma,Male,30,Delhi,Delhi,2024-08-26
13739,Kabir Reddy,Female,22,Indore,Madhya Pradesh,2024-05-08
13740,Kabir Kumar,Female,59,Dehradun,Uttarakhand,2025-02-15
13741,Rahul Chopra,Female,25,Pune,Maharashtra,2024-11-10
13742,Aditya Das,Female,18,Surat,Gujarat,2025-01-08
13743,Sneha Verma,Male,22,Bhopal,Madhya Pradesh,2025-03-12
13744,Rahul Verma,Male,28,Coimbatore,Tamil Nadu,2024-05-17
13745,Riya Sethi,Female,60,Dehradun,Uttarakhand,2025-03-30
13746,Meera Arora,Female,27,Bhubaneswar,Odisha,2025-09-06
13747,Aarav Shah,Male,32,Chandigarh,Chandigarh,2024-01-09
13748,Vivaan Verma,Female,56,Jaipur,Rajasthan,2024-08-19
13749,Diya Kumar,Female,46,Ahmedabad,Gujarat,2025-09-02
13750,Diya Das,Female,42,Chandigarh,Chandigarh,2025-12-30
13751,Aarav Malhotra,Male,23,Patna,Bihar,2025-01-31
13752,Meera Mehta,Male,28,Mumbai,Maharashtra,2025-11-10
13753,Isha Bansal,Female,34,Kolkata,West Bengal,2025-07-27
13754,Isha Chopra,Male,32,Chennai,Tamil Nadu,2024-11-13
13755,Ananya Gupta,Male,33,Jaipur,Rajasthan,2025-05-21
13756,Meera Bansal,Male,19,Chennai,Tamil Nadu,2025-06-05
13757,Diya Arora,Female,53,Bhubaneswar,Odisha,2024-03-27
13758,Isha Sethi,Male,36,Dehradun,Uttarakhand,2025-12-16
13759,Isha Malhotra,Male,55,Jaipur,Rajasthan,2024-11-13
13760,Sneha Bansal,Male,38,Patna,Bihar,2024-11-28
13761,Karan Kumar,Male,28,Patna,Bihar,2024-12-25
13762,Vivaan Joshi,Male,58,Kochi,Kerala,2024-08-28
13763,Vivaan Gupta,Female,20,Pune,Maharashtra,2024-02-25
13764,Ankit Verma,Female,51,Bengaluru,Karnataka,2024-04-19
13765,Aditya Das,Female,35,Chandigarh,Chandigarh,2024-02-18
13766,Neha Joshi,Male,32,Mumbai,Maharashtra,2024-01-16
13767,Karan Reddy,Male,42,Bengaluru,Karnataka,2024-03-13
13768,Arjun Bansal,Male,32,Nagpur,Maharashtra,2024-07-20
13769,Diya Mehta,Male,47,Mumbai,Maharashtra,2024-04-02
13770,Ankit Malhotra,Male,34,Chandigarh,Chandigarh,2025-10-10
13771,Aarav Chopra,Male,35,Kolkata,West Bengal,2024-02-02
13772,Arjun Sethi,Other,48,Lucknow,Uttar Pradesh,2025-08-22
13773,Aarav Sethi,Male,60,Pune,Maharashtra,2025-02-22
13774,Neha Arora,Female,35,Surat,Gujarat,2024-07-21
13775,Neha Gupta,Male,52,Kolkata,West Bengal,2025-07-04
13776,Ishaan Arora,Male,30,Dehradun,Uttarakhand,2025-09-17
13777,Kavya Das,Female,31,Jaipur,Rajasthan,2025-12-20
13778,Isha Shah,Male,53,Dehradun,Uttarakhand,2024-11-07
13779,Aisha Sethi,Male,35,Kochi,Kerala,2025-04-13
13780,Vivaan Joshi,Female,22,Coimbatore,Tamil Nadu,2025-01-28
13781,Sneha Singh,Female,31,Dehradun,Uttarakhand,2024-07-29
13782,Aisha Das,Male,42,Bengaluru,Karnataka,2025-07-24
13783,Priya Kumar,Male,56,Surat,Gujarat,2024-06-04
13784,Isha Sethi,Female,29,Mumbai,Maharashtra,2025-09-25
13785,Ankit Nair,Female,57,Mumbai,Maharashtra,2025-09-23
13786,Rahul Shah,Male,45,Bengaluru,Karnataka,2024-11-17
13787,Rahul Patel,Male,52,Kolkata,West Bengal,2025-03-10
13788,Kavya Patel,Female,18,Surat,Gujarat,2025-07-27
13789,Aarav Gupta,Male,20,Chandigarh,Chandigarh,2025-10-31
13790,Neha Arora,Male,60,Jaipur,Rajasthan,2024-02-09
13791,Ananya Gupta,Female,24,Delhi,Delhi,2024-02-09
13792,Ankit Agarwal,Male,26,Nagpur,Maharashtra,2025-03-28
13793,Kabir Gupta,Female,53,Kolkata,West Bengal,2024-07-08
13794,Riya Kapoor,Female,40,Jaipur,Rajasthan,2024-01-15
13795,Isha Iyer,Female,41,Hyderabad,Telangana,2024-05-03
13796,Rohan Sharma,Male,27,Mumbai,Maharashtra,2024-10-06
13797,Ishaan Nair,Male,29,Hyderabad,Telangana,2024-02-17
13798,Neha Nair,Male,36,Delhi,Delhi,2024-07-07
13799,Rohan Kapoor,Male,49,Coimbatore,Tamil Nadu,2024-10-30
13800,Karan Sharma,Female,41,Chandigarh,Chandigarh,2025-07-12
13801,Ananya Kumar,Male,39,Surat,Gujarat,2025-11-26
13802,Diya Gupta,Male,20,Coimbatore,Tamil Nadu,2024-04-14
13803,Ananya Singh,Male,57,Nagpur,Maharashtra,2025-01-03
13804,Ankit Chopra,Male,44,Hyderabad,Telangana,2025-05-15
13805,Kavya Chopra,Female,36,Mumbai,Maharashtra,2025-04-04
13806,Isha Bansal,Female,26,Indore,Madhya Pradesh,2024-09-03
13807,Ishaan Chopra,Male,30,Delhi,Delhi,2024-09-20
13808,Rahul Nair,Female,19,Patna,Bihar,2024-07-24
13809,Ankit Bansal,Female,53,Indore,Madhya Pradesh,2025-05-21
13810,Ankit Singh,Male,46,Hyderabad,Telangana,2025-06-13
13811,Meera Kumar,Male,28,Pune,Maharashtra,2024-12-29
13812,Ishaan Arora,Female,51,Patna,Bihar,2024-12-05
13813,Kabir Chopra,Male,21,Jaipur,Rajasthan,2025-02-10
13814,Aditya Das,Male,21,Hyderabad,Telangana,2025-03-28
13815,Riya Das,Other,18,Coimbatore,Tamil Nadu,2025-07-31
13816,Priya Agarwal,Male,42,Delhi,Delhi,2024-05-29
13817,Isha Patel,Female,43,Chandigarh,Chandigarh,2024-07-11
13818,Kavya Malhotra,Female,28,Hyderabad,Telangana,2024-05-26
13819,Kabir Sharma,Male,40,Jaipur,Rajasthan,2025-02-09
13820,Ananya Chopra,Male,19,Indore,Madhya Pradesh,2024-07-01
13821,Arjun Sethi,Female,36,Bhopal,Madhya Pradesh,2024-04-15
13822,Isha Patel,Male,46,Chandigarh,Chandigarh,2024-08-23
13823,Rahul Sharma,Male,57,Kolkata,West Bengal,2025-09-29
13824,Ishaan Verma,Female,21,Nagpur,Maharashtra,2024-06-27
13825,Ankit Agarwal,Male,33,Kolkata,West Bengal,2025-03-07
13826,Aisha Gupta,Male,54,Patna,Bihar,2025-02-04
13827,Karan Kapoor,Male,44,Chandigarh,Chandigarh,2025-06-08
13828,Ananya Patel,Female,22,Bhubaneswar,Odisha,2025-06-23
13829,Sneha Patel,Male,32,Bhubaneswar,Odisha,2024-11-18
13830,Aarav Shah,Male,40,Bengaluru,Karnataka,2024-09-17
13831,Meera Verma,Male,20,Dehradun,Uttarakhand,2025-09-03
13832,Neha Kapoor,Male,35,Surat,Gujarat,2025-11-30
13833,Riya Patel,Female,60,Surat,Gujarat,2025-02-02
13834,Priya Reddy,Female,43,Hyderabad,Telangana,2024-12-02
13835,Riya Sethi,Male,23,Jaipur,Rajasthan,2024-10-26
13836,Ishaan Singh,Male,34,Coimbatore,Tamil Nadu,2024-04-28
13837,Riya Reddy,Male,55,Patna,Bihar,2025-07-11
13838,Karan Verma,Female,59,Lucknow,Uttar Pradesh,2025-02-16
13839,Rohan Malhotra,Male,44,Jaipur,Rajasthan,2025-08-02
13840,Ishaan Chopra,Male,37,Chandigarh,Chandigarh,2025-01-18
13841,Ankit Das,Other,23,Bhubaneswar,Odisha,2025-04-24
13842,Priya Mehta,Male,52,Dehradun,Uttarakhand,2024-10-31
13843,Aisha Malhotra,Other,29,Indore,Madhya Pradesh,2025-11-13
13844,Rahul Nair,Male,20,Ahmedabad,Gujarat,2024-07-14
13845,Ishaan Shah,Male,21,Pune,Maharashtra,2024-11-28
13846,Rahul Agarwal,Female,21,Patna,Bihar,2024-01-20
13847,Aisha Chopra,Male,21,Surat,Gujarat,2025-09-14
13848,Aditya Arora,Male,56,Dehradun,Uttarakhand,2025-10-19
13849,Aditya Iyer,Male,38,Surat,Gujarat,2025-12-04
13850,Aarav Das,Female,19,Delhi,Delhi,2025-03-08
13851,Kavya Nair,Male,33,Bhopal,Madhya Pradesh,2025-03-01
13852,Vivaan Arora,Female,24,Chennai,Tamil Nadu,2024-08-16
13853,Aditya Singh,Female,36,Lucknow,Uttar Pradesh,2025-06-07
13854,Isha Agarwal,Female,60,Nagpur,Maharashtra,2024-08-04
13855,Rohan Arora,Female,50,Mumbai,Maharashtra,2025-08-13
13856,Aisha Iyer,Male,26,Ahmedabad,Gujarat,2025-01-09
13857,Aarav Bansal,Male,54,Lucknow,Uttar Pradesh,2024-02-05
13858,Kavya Kumar,Male,34,Bhubaneswar,Odisha,2024-01-28
13859,Sneha Reddy,Male,44,Bengaluru,Karnataka,2025-01-06
13860,Aarav Kumar,Male,50,Delhi,Delhi,2024-03-26
13861,Vivaan Nair,Male,29,Lucknow,Uttar Pradesh,2024-07-06
13862,Isha Arora,Female,28,Nagpur,Maharashtra,2024-10-31
13863,Diya Sethi,Female,30,Bhubaneswar,Odisha,2025-02-25
13864,Sneha Chopra,Male,48,Nagpur,Maharashtra,2024-03-20
13865,Priya Gupta,Male,30,Chandigarh,Chandigarh,2024-07-04
13866,Isha Kapoor,Male,55,Bhubaneswar,Odisha,2024-01-05
13867,Rohan Joshi,Male,43,Kolkata,West Bengal,2025-07-11
13868,Kavya Patel,Male,48,Coimbatore,Tamil Nadu,2025-05-11
13869,Rahul Sethi,Female,39,Hyderabad,Telangana,2025-05-23
13870,Kabir Reddy,Male,23,Indore,Madhya Pradesh,2025-09-05
13871,Kavya Das,Male,37,Bhopal,Madhya Pradesh,2024-01-02
13872,Vivaan Nair,Male,38,Bengaluru,Karnataka,2024-08-04
13873,Rohan Arora,Other,27,Chandigarh,Chandigarh,2025-06-20
13874,Riya Arora,Female,36,Kolkata,West Bengal,2024-09-13
13875,Sneha Sharma,Female,52,Delhi,Delhi,2025-03-28
13876,Rahul Chopra,Male,43,Bhopal,Madhya Pradesh,2025-02-27
13877,Rohan Kapoor,Male,24,Ahmedabad,Gujarat,2024-11-19
13878,Diya Sethi,Male,54,Coimbatore,Tamil Nadu,2025-05-13
13879,Aisha Kapoor,Male,25,Bhopal,Madhya Pradesh,2025-08-03
13880,Priya Kapoor,Female,22,Chandigarh,Chandigarh,2024-07-15
13881,Ananya Shah,Male,53,Patna,Bihar,2025-05-18
13882,Sneha Agarwal,Male,45,Jaipur,Rajasthan,2024-09-28
13883,Sneha Nair,Female,20,Kolkata,West Bengal,2025-11-24
13884,Sneha Malhotra,Male,56,Lucknow,Uttar Pradesh,2024-01-18
13885,Aisha Arora,Female,25,Pune,Maharashtra,2024-04-16
13886,Diya Sethi,Male,32,Patna,Bihar,2025-06-12
13887,Riya Das,Male,44,Delhi,Delhi,2024-05-04
13888,Ananya Malhotra,Male,53,Chennai,Tamil Nadu,2025-04-27
13889,Arjun Kumar,Female,33,Jaipur,Rajasthan,2025-08-16
13890,Ankit Mehta,Male,43,Bhubaneswar,Odisha,2024-01-04
13891,Neha Joshi,Male,21,Mumbai,Maharashtra,2025-09-18
13892,Arjun Joshi,Male,29,Lucknow,Uttar Pradesh,2024-12-16
13893,Ananya Das,Female,34,Kolkata,West Bengal,2024-12-16
13894,Aisha Arora,Female,58,Ahmedabad,Gujarat,2025-10-10
13895,Arjun Nair,Male,43,Hyderabad,Telangana,2024-08-15
13896,Ankit Malhotra,Male,48,Bhubaneswar,Odisha,2024-01-16
13897,Aditya Chopra,Female,32,Lucknow,Uttar Pradesh,2025-02-28
13898,Isha Nair,Female,51,Chennai,Tamil Nadu,2025-04-08
13899,Vivaan Kumar,Female,46,Surat,Gujarat,2025-12-24
13900,Neha Singh,Male,26,Bhubaneswar,Odisha,2024-09-02
13901,Rohan Joshi,Male,31,Mumbai,Maharashtra,2024-06-25
13902,Karan Sharma,Female,53,Lucknow,Uttar Pradesh,2025-06-26
13903,Aditya Patel,Female,21,Indore,Madhya Pradesh,2025-05-23
13904,Riya Arora,Female,55,Hyderabad,Telangana,2025-07-15
13905,Aarav Kumar,Male,54,Pune,Maharashtra,2025-10-16
13906,Meera Agarwal,Female,41,Lucknow,Uttar Pradesh,2025-07-17
13907,Ishaan Singh,Female,34,Hyderabad,Telangana,2024-08-20
13908,Aditya Iyer,Female,30,Surat,Gujarat,2025-11-08
13909,Arjun Arora,Male,37,Delhi,Delhi,2024-02-07
13910,Rahul Iyer,Female,34,Bengaluru,Karnataka,2025-05-05
13911,Kabir Shah,Female,44,Bhopal,Madhya Pradesh,2025-03-19
13912,Sneha Bansal,Female,50,Kolkata,West Bengal,2024-01-20
13913,Isha Singh,Female,38,Bhubaneswar,Odisha,2025-09-02
13914,Karan Sharma,Female,34,Delhi,Delhi,2025-12-27
13915,Rohan Iyer,Female,39,Kolkata,West Bengal,2025-07-09
13916,Riya Sethi,Male,42,Kolkata,West Bengal,2024-04-20
13917,Sneha Singh,Female,20,Nagpur,Maharashtra,2025-05-01
13918,Isha Patel,Female,44,Chennai,Tamil Nadu,2024-03-29
13919,Ishaan Nair,Male,44,Patna,Bihar,2024-11-14
13920,Ankit Chopra,Male,29,Chandigarh,Chandigarh,2024-04-27
13921,Rohan Shah,Male,32,Bhubaneswar,Odisha,2025-03-09
13922,Diya Iyer,Female,55,Pune,Maharashtra,2024-08-26
13923,Neha Verma,Male,37,Bengaluru,Karnataka,2024-03-12
13924,Rahul Bansal,Female,39,Indore,Madhya Pradesh,2025-02-02
13925,Sneha Reddy,Female,19,Surat,Gujarat,2025-02-07
13926,Kabir Reddy,Female,21,Dehradun,Uttarakhand,2025-11-05
13927,Ishaan Nair,Male,30,Coimbatore,Tamil Nadu,2024-09-07
13928,Sneha Iyer,Male,49,Bengaluru,Karnataka,2024-07-13
13929,Kavya Joshi,Male,39,Hyderabad,Telangana,2025-07-25
13930,Ishaan Gupta,Male,42,Chennai,Tamil Nadu,2025-09-01
13931,Vivaan Reddy,Female,44,Delhi,Delhi,2025-08-07
13932,Meera Iyer,Female,34,Hyderabad,Telangana,2024-08-09
13933,Aisha Patel,Male,23,Kochi,Kerala,2025-09-22
13934,Karan Joshi,Female,60,Chandigarh,Chandigarh,2024-06-30
13935,Rohan Bansal,Male,33,Dehradun,Uttarakhand,2025-12-30
13936,Rohan Joshi,Male,25,Indore,Madhya Pradesh,2024-09-12
13937,Rahul Das,Female,50,Bhopal,Madhya Pradesh,2024-03-28
13938,Arjun Patel,Male,27,Chennai,Tamil Nadu,2025-05-06
13939,Priya Arora,Female,51,Hyderabad,Telangana,2024-12-01
13940,Kabir Kapoor,Female,36,Bhopal,Madhya Pradesh,2025-06-21
13941,Neha Reddy,Female,31,Chandigarh,Chandigarh,2025-02-10
13942,Kavya Sharma,Male,20,Patna,Bihar,2025-09-24
13943,Ishaan Mehta,Male,58,Chandigarh,Chandigarh,2024-10-15
13944,Isha Bansal,Male,40,Pune,Maharashtra,2024-12-27
13945,Isha Gupta,Female,57,Nagpur,Maharashtra,2025-03-16
13946,Diya Das,Male,28,Delhi,Delhi,2024-01-30
13947,Aisha Arora,Male,23,Patna,Bihar,2025-12-14
13948,Priya Singh,Female,51,Jaipur,Rajasthan,2025-07-01
13949,Aisha Agarwal,Female,18,Kolkata,West Bengal,2025-09-28
13950,Rahul Iyer,Female,52,Coimbatore,Tamil Nadu,2024-08-10
13951,Ankit Gupta,Female,42,Indore,Madhya Pradesh,2024-05-03
13952,Arjun Patel,Male,46,Bengaluru,Karnataka,2025-11-13
13953,Neha Gupta,Male,40,Pune,Maharashtra,2025-11-23
13954,Diya Singh,Male,35,Jaipur,Rajasthan,2024-08-02
13955,Riya Malhotra,Male,31,Chennai,Tamil Nadu,2024-04-27
13956,Priya Das,Female,34,Chandigarh,Chandigarh,2024-08-14
13957,Meera Bansal,Male,19,Patna,Bihar,2025-03-19
13958,Aarav Patel,Female,48,Kochi,Kerala,2025-07-02
13959,Ishaan Agarwal,Male,36,Nagpur,Maharashtra,2025-08-30
13960,Ankit Sethi,Male,49,Bengaluru,Karnataka,2025-09-23
13961,Rahul Patel,Female,45,Jaipur,Rajasthan,2025-03-12
13962,Aditya Patel,Male,58,Surat,Gujarat,2024-01-12
13963,Diya Reddy,Female,25,Chennai,Tamil Nadu,2024-05-01
13964,Isha Agarwal,Other,59,Indore,Madhya Pradesh,2025-06-30
13965,Vivaan Arora,Female,58,Bhopal,Madhya Pradesh,2025-05-03
13966,Diya Malhotra,Male,57,Dehradun,Uttarakhand,2024-09-07
13967,Meera Reddy,Female,56,Surat,Gujarat,2025-08-01
13968,Ishaan Mehta,Male,39,Nagpur,Maharashtra,2025-04-26
13969,Arjun Mehta,Female,41,Indore,Madhya Pradesh,2025-07-03
13970,Riya Sharma,Male,55,Patna,Bihar,2024-10-06
13971,Kabir Joshi,Male,19,Ahmedabad,Gujarat,2024-12-02
13972,Rohan Singh,Other,58,Mumbai,Maharashtra,2024-06-16
13973,Ishaan Das,Male,58,Chennai,Tamil Nadu,2024-11-23
13974,Isha Joshi,Female,36,Kolkata,West Bengal,2024-09-02
13975,Aarav Reddy,Male,58,Kochi,Kerala,2025-08-13
13976,Arjun Das,Female,19,Bhubaneswar,Odisha,2025-09-17
13977,Aarav Chopra,Female,45,Delhi,Delhi,2024-10-27
13978,Priya Arora,Male,49,Patna,Bihar,2025-12-29
13979,Riya Kumar,Female,36,Lucknow,Uttar Pradesh,2024-07-18
13980,Diya Chopra,Female,33,Chandigarh,Chandigarh,2025-05-14
13981,Priya Bansal,Female,47,Coimbatore,Tamil Nadu,2024-01-13
13982,Ankit Sethi,Male,39,Bhopal,Madhya Pradesh,2024-12-31
13983,Neha Singh,Female,31,Chandigarh,Chandigarh,2025-12-19
13984,Arjun Nair,Male,18,Surat,Gujarat,2024-04-06
13985,Isha Mehta,Male,19,Coimbatore,Tamil Nadu,2024-03-11
13986,Meera Arora,Male,39,Hyderabad,Telangana,2024-12-22
13987,Aisha Bansal,Female,50,Mumbai,Maharashtra,2025-06-27
13988,Rahul Nair,Female,32,Jaipur,Rajasthan,2024-09-06
13989,Priya Chopra,Male,58,Chandigarh,Chandigarh,2024-09-10
13990,Priya Mehta,Female,39,Lucknow,Uttar Pradesh,2024-06-30
13991,Rohan Nair,Female,57,Bhopal,Madhya Pradesh,2024-06-14
13992,Aarav Bansal,Male,56,Pune,Maharashtra,2024-01-04
13993,Rohan Gupta,Female,58,Surat,Gujarat,2025-04-07
13994,Aisha Arora,Male,58,Coimbatore,Tamil Nadu,2024-05-24
13995,Kabir Gupta,Male,28,Surat,Gujarat,2024-06-13
13996,Isha Mehta,Male,21,Ahmedabad,Gujarat,2024-12-09
13997,Riya Iyer,Female,24,Lucknow,Uttar Pradesh,2024-04-14
13998,Kavya Sethi,Other,38,Jaipur,Rajasthan,2025-07-01
13999,Diya Iyer,Male,24,Surat,Gujarat,2024-11-09
14000,Isha Das,Male,21,Delhi,Delhi,2024-06-17
14001,Kabir Sethi,Male,29,Delhi,Delhi,2025-06-03
14002,Arjun Shah,Female,44,Coimbatore,Tamil Nadu,2025-08-20
14003,Vivaan Patel,Female,34,Bengaluru,Karnataka,2025-03-11
14004,Ishaan Joshi,Female,37,Chandigarh,Chandigarh,2025-08-31
14005,Ankit Mehta,Female,48,Ahmedabad,Gujarat,2025-05-26
14006,Meera Shah,Female,43,Surat,Gujarat,2025-02-12
14007,Ankit Iyer,Female,48,Chandigarh,Chandigarh,2025-03-11
14008,Riya Iyer,Male,52,Delhi,Delhi,2024-11-10
14009,Neha Arora,Female,26,Bhubaneswar,Odisha,2025-06-25
14010,Aisha Shah,Male,22,Mumbai,Maharashtra,2025-09-04
14011,Aarav Das,Male,25,Coimbatore,Tamil Nadu,2025-08-01
14012,Aarav Verma,Male,38,Indore,Madhya Pradesh,2024-03-03
14013,Isha Joshi,Female,33,Delhi,Delhi,2024-02-01
14014,Aarav Agarwal,Female,33,Mumbai,Maharashtra,2025-08-21
14015,Rohan Iyer,Female,35,Nagpur,Maharashtra,2024-07-29
14016,Aisha Bansal,Male,45,Surat,Gujarat,2025-04-07
14017,Aarav Malhotra,Female,35,Indore,Madhya Pradesh,2025-07-16
14018,Kabir Malhotra,Male,31,Nagpur,Maharashtra,2025-07-28
14019,Rahul Reddy,Female,54,Patna,Bihar,2024-03-20
14020,Neha Mehta,Male,57,Pune,Maharashtra,2024-12-08
14021,Meera Malhotra,Female,33,Patna,Bihar,2024-08-19
14022,Karan Sharma,Female,38,Pune,Maharashtra,2025-09-04
14023,Neha Verma,Female,18,Indore,Madhya Pradesh,2024-05-08
14024,Isha Kumar,Female,28,Chennai,Tamil Nadu,2024-01-19
14025,Aarav Sethi,Female,28,Patna,Bihar,2024-12-22
14026,Ananya Kumar,Male,19,Bengaluru,Karnataka,2025-02-22
14027,Kabir Verma,Female,49,Pune,Maharashtra,2025-08-28
14028,Rohan Joshi,Male,36,Patna,Bihar,2024-03-21
14029,Aarav Iyer,Male,22,Pune,Maharashtra,2025-09-06
14030,Aarav Das,Male,20,Delhi,Delhi,2025-10-27
14031,Ankit Sethi,Female,45,Patna,Bihar,2024-04-27
14032,Ankit Shah,Male,43,Patna,Bihar,2025-05-08
14033,Aditya Kapoor,Male,40,Lucknow,Uttar Pradesh,2025-05-06
14034,Neha Reddy,Female,47,Bengaluru,Karnataka,2024-08-12
14035,Sneha Joshi,Female,25,Surat,Gujarat,2025-02-22
14036,Priya Sethi,Male,53,Lucknow,Uttar Pradesh,2024-05-16
14037,Riya Joshi,Female,46,Nagpur,Maharashtra,2024-08-13
14038,Vivaan Singh,Male,30,Jaipur,Rajasthan,2024-11-29
14039,Rahul Nair,Female,42,Delhi,Delhi,2024-08-16
14040,Neha Joshi,Female,39,Nagpur,Maharashtra,2024-11-18
14041,Diya Kapoor,Female,50,Jaipur,Rajasthan,2024-04-17
14042,Arjun Joshi,Female,54,Coimbatore,Tamil Nadu,2025-03-20
14043,Neha Malhotra,Male,24,Kochi,Kerala,2024-01-07
14044,Neha Iyer,Male,40,Coimbatore,Tamil Nadu,2024-05-07
14045,Ananya Gupta,Female,23,Jaipur,Rajasthan,2024-12-18
14046,Kavya Reddy,Male,32,Pune,Maharashtra,2024-09-23
14047,Riya Shah,Female,32,Bhopal,Madhya Pradesh,2025-11-15
14048,Aditya Arora,Male,57,Coimbatore,Tamil Nadu,2024-08-01
14049,Priya Reddy,Male,51,Coimbatore,Tamil Nadu,2024-09-03
14050,Riya Joshi,Female,31,Mumbai,Maharashtra,2025-09-09
14051,Arjun Verma,Male,46,Jaipur,Rajasthan,2025-08-17
14052,Neha Reddy,Male,33,Indore,Madhya Pradesh,2025-01-08
14053,Riya Iyer,Male,46,Surat,Gujarat,2025-02-24
14054,Kabir Singh,Female,40,Bengaluru,Karnataka,2025-12-15
14055,Diya Malhotra,Male,27,Lucknow,Uttar Pradesh,2024-02-10
14056,Ankit Malhotra,Male,21,Bhopal,Madhya Pradesh,2025-12-17
14057,Isha Verma,Male,29,Ahmedabad,Gujarat,2024-12-13
14058,Aarav Verma,Male,59,Bhubaneswar,Odisha,2025-07-14
14059,Meera Das,Male,51,Coimbatore,Tamil Nadu,2024-05-22
14060,Priya Gupta,Female,21,Nagpur,Maharashtra,2024-05-20
14061,Kavya Reddy,Female,37,Mumbai,Maharashtra,2025-07-18
14062,Rohan Sethi,Male,45,Ahmedabad,Gujarat,2024-04-16
14063,Meera Sethi,Female,45,Kolkata,West Bengal,2024-02-02
14064,Vivaan Sethi,Female,23,Kochi,Kerala,2024-07-18
14065,Aarav Patel,Male,31,Surat,Gujarat,2024-04-28
14066,Rahul Gupta,Male,52,Ahmedabad,Gujarat,2024-08-16
14067,Ananya Sharma,Female,18,Hyderabad,Telangana,2025-09-21
14068,Neha Nair,Female,36,Surat,Gujarat,2025-11-18
14069,Isha Kumar,Male,18,Dehradun,Uttarakhand,2024-07-03
14070,Sneha Sharma,Male,30,Patna,Bihar,2024-08-02
14071,Ankit Reddy,Male,25,Indore,Madhya Pradesh,2024-05-09
14072,Ananya Iyer,Male,35,Bhubaneswar,Odisha,2024-09-28
14073,Diya Joshi,Female,52,Mumbai,Maharashtra,2025-09-26
14074,Rahul Verma,Female,40,Indore,Madhya Pradesh,2024-01-08
14075,Aisha Iyer,Female,43,Indore,Madhya Pradesh,2025-02-06
14076,Aditya Nair,Male,58,Surat,Gujarat,2025-08-01
14077,Diya Kapoor,Male,55,Dehradun,Uttarakhand,2025-09-18
14078,Ankit Joshi,Male,37,Chandigarh,Chandigarh,2025-01-03
14079,Meera Chopra,Female,19,Bengaluru,Karnataka,2025-09-08
14080,Ishaan Nair,Female,43,Coimbatore,Tamil Nadu,2025-06-20
14081,Arjun Chopra,Male,53,Bengaluru,Karnataka,2024-02-22
14082,Kavya Agarwal,Male,42,Bhopal,Madhya Pradesh,2024-09-03
14083,Priya Shah,Female,47,Ahmedabad,Gujarat,2024-12-02
14084,Meera Das,Female,35,Hyderabad,Telangana,2024-10-07
14085,Kavya Sharma,Male,24,Dehradun,Uttarakhand,2024-02-02
14086,Arjun Gupta,Male,44,Lucknow,Uttar Pradesh,2025-07-01
14087,Neha Chopra,Male,28,Lucknow,Uttar Pradesh,2024-12-08
14088,Aisha Malhotra,Female,54,Lucknow,Uttar Pradesh,2024-08-26
14089,Priya Singh,Female,25,Mumbai,Maharashtra,2025-05-06
14090,Aditya Sharma,Female,28,Patna,Bihar,2025-12-29
14091,Rahul Kapoor,Female,41,Jaipur,Rajasthan,2024-06-25
14092,Rohan Reddy,Other,47,Mumbai,Maharashtra,2024-02-13
14093,Priya Kumar,Male,47,Surat,Gujarat,2024-10-30
14094,Meera Arora,Male,32,Nagpur,Maharashtra,2025-10-31
14095,Sneha Das,Male,52,Hyderabad,Telangana,2024-09-25
14096,Kabir Joshi,Male,56,Ahmedabad,Gujarat,2025-11-13
14097,Diya Arora,Female,41,Jaipur,Rajasthan,2025-02-03
14098,Neha Mehta,Female,25,Chennai,Tamil Nadu,2025-08-25
14099,Aditya Arora,Female,60,Nagpur,Maharashtra,2025-03-06
14100,Arjun Joshi,Male,59,Indore,Madhya Pradesh,2025-02-24
14101,Meera Kapoor,Male,37,Pune,Maharashtra,2024-05-10
14102,Meera Iyer,Male,58,Dehradun,Uttarakhand,2025-02-13
14103,Arjun Kumar,Female,43,Patna,Bihar,2024-08-12
14104,Sneha Arora,Male,41,Bengaluru,Karnataka,2024-05-22
14105,Neha Agarwal,Male,39,Chennai,Tamil Nadu,2025-07-31
14106,Aisha Gupta,Male,22,Coimbatore,Tamil Nadu,2025-06-23
14107,Aarav Arora,Other,32,Kochi,Kerala,2024-05-04
14108,Ananya Gupta,Female,53,Pune,Maharashtra,2024-07-30
14109,Arjun Arora,Female,54,Jaipur,Rajasthan,2025-03-03
14110,Priya Patel,Female,46,Kolkata,West Bengal,2025-03-12
14111,Kabir Sharma,Female,32,Patna,Bihar,2025-08-14
14112,Vivaan Sethi,Male,44,Nagpur,Maharashtra,2024-08-25
14113,Neha Nair,Male,25,Bengaluru,Karnataka,2025-10-05
14114,Karan Sharma,Female,46,Hyderabad,Telangana,2024-11-23
14115,Rohan Reddy,Female,36,Chandigarh,Chandigarh,2024-04-28
14116,Rahul Joshi,Male,48,Chennai,Tamil Nadu,2024-02-15
14117,Aisha Iyer,Male,26,Chandigarh,Chandigarh,2024-03-24
14118,Priya Nair,Female,27,Kochi,Kerala,2024-12-17
14119,Meera Patel,Male,54,Chandigarh,Chandigarh,2024-01-13
14120,Meera Kapoor,Female,27,Indore,Madhya Pradesh,2025-09-28
14121,Vivaan Kapoor,Male,50,Lucknow,Uttar Pradesh,2024-06-20
14122,Ankit Singh,Male,42,Nagpur,Maharashtra,2024-08-21
14123,Ananya Chopra,Male,21,Ahmedabad,Gujarat,2024-06-29
14124,Karan Shah,Female,22,Ahmedabad,Gujarat,2024-02-20
14125,Priya Reddy,Female,40,Ahmedabad,Gujarat,2025-11-11
14126,Ankit Sethi,Male,56,Indore,Madhya Pradesh,2025-01-29
14127,Aisha Sethi,Female,22,Mumbai,Maharashtra,2025-03-04
14128,Neha Gupta,Male,25,Kochi,Kerala,2024-09-30
14129,Ishaan Chopra,Male,34,Chandigarh,Chandigarh,2024-07-25
14130,Aditya Shah,Female,18,Kochi,Kerala,2024-05-27
14131,Kavya Iyer,Male,29,Lucknow,Uttar Pradesh,2024-10-26
14132,Aisha Chopra,Female,52,Surat,Gujarat,2025-03-28
14133,Sneha Verma,Female,31,Nagpur,Maharashtra,2025-07-02
14134,Ishaan Verma,Female,35,Patna,Bihar,2025-11-03
14135,Rahul Reddy,Female,27,Mumbai,Maharashtra,2025-01-17
14136,Sneha Kapoor,Female,32,Bhubaneswar,Odisha,2025-09-09
14137,Aisha Iyer,Male,59,Kochi,Kerala,2025-06-17
14138,Karan Das,Male,50,Coimbatore,Tamil Nadu,2024-08-20
14139,Riya Sharma,Male,36,Bhubaneswar,Odisha,2025-09-25
14140,Vivaan Kumar,Female,51,Patna,Bihar,2024-05-08
14141,Riya Kumar,Male,42,Kolkata,West Bengal,2025-12-29
14142,Riya Verma,Male,33,Surat,Gujarat,2025-10-21
14143,Priya Das,Female,25,Bengaluru,Karnataka,2025-07-23
14144,Aarav Chopra,Female,52,Kolkata,West Bengal,2024-08-24
14145,Diya Kapoor,Female,38,Bengaluru,Karnataka,2025-08-04
14146,Meera Bansal,Female,36,Delhi,Delhi,2025-12-01
14147,Priya Shah,Male,28,Indore,Madhya Pradesh,2025-07-28
14148,Aarav Arora,Female,28,Bhopal,Madhya Pradesh,2025-04-29
14149,Ishaan Gupta,Male,28,Indore,Madhya Pradesh,2024-08-28
14150,Meera Shah,Male,39,Hyderabad,Telangana,2025-11-27
14151,Diya Bansal,Female,38,Pune,Maharashtra,2024-08-10
14152,Isha Joshi,Female,44,Chandigarh,Chandigarh,2024-04-08
14153,Diya Mehta,Female,35,Pune,Maharashtra,2025-07-10
14154,Priya Joshi,Female,59,Surat,Gujarat,2024-09-29
14155,Meera Iyer,Female,57,Surat,Gujarat,2025-02-02
14156,Sneha Malhotra,Male,55,Hyderabad,Telangana,2025-05-31
14157,Neha Patel,Female,47,Kolkata,West Bengal,2025-03-05
14158,Rohan Kumar,Female,50,Dehradun,Uttarakhand,2025-06-06
14159,Priya Arora,Other,38,Chennai,Tamil Nadu,2024-12-13
14160,Neha Singh,Male,19,Dehradun,Uttarakhand,2025-07-04
14161,Rahul Singh,Male,30,Kochi,Kerala,2025-03-26
14162,Riya Mehta,Female,19,Delhi,Delhi,2024-02-11
14163,Neha Malhotra,Male,60,Ahmedabad,Gujarat,2025-12-15
14164,Ananya Mehta,Female,48,Delhi,Delhi,2024-04-03
14165,Kabir Malhotra,Male,27,Chennai,Tamil Nadu,2025-04-30
14166,Priya Shah,Male,40,Kolkata,West Bengal,2025-05-31
14167,Arjun Kapoor,Female,39,Bengaluru,Karnataka,2025-07-17
14168,Arjun Kumar,Male,46,Surat,Gujarat,2024-05-29
14169,Aditya Patel,Female,50,Chennai,Tamil Nadu,2025-12-17
14170,Neha Sethi,Male,48,Bhopal,Madhya Pradesh,2025-05-13
14171,Ishaan Malhotra,Male,31,Bhubaneswar,Odisha,2025-01-05
14172,Arjun Sharma,Male,27,Nagpur,Maharashtra,2025-11-29
14173,Aisha Reddy,Female,35,Kolkata,West Bengal,2025-04-29
14174,Ananya Bansal,Male,28,Bhopal,Madhya Pradesh,2025-10-26
14175,Aarav Mehta,Female,56,Ahmedabad,Gujarat,2025-01-17
14176,Sneha Malhotra,Female,20,Pune,Maharashtra,2025-09-19
14177,Kavya Agarwal,Female,19,Ahmedabad,Gujarat,2025-10-22
14178,Riya Gupta,Female,25,Indore,Madhya Pradesh,2024-07-10
14179,Priya Chopra,Male,48,Kolkata,West Bengal,2024-08-08
14180,Kavya Gupta,Male,25,Bhubaneswar,Odisha,2024-02-16
14181,Aditya Arora,Female,60,Mumbai,Maharashtra,2024-05-06
14182,Neha Kapoor,Male,19,Ahmedabad,Gujarat,2025-12-27
14183,Ananya Sharma,Female,39,Lucknow,Uttar Pradesh,2024-01-07
14184,Ankit Sethi,Female,22,Delhi,Delhi,2025-11-26
14185,Karan Shah,Male,24,Kolkata,West Bengal,2024-04-25
14186,Isha Patel,Female,37,Nagpur,Maharashtra,2025-07-17
14187,Kabir Verma,Female,45,Dehradun,Uttarakhand,2024-12-31
14188,Arjun Joshi,Male,30,Kochi,Kerala,2024-02-15
14189,Kavya Sharma,Female,19,Lucknow,Uttar Pradesh,2025-01-27
14190,Sneha Kumar,Male,49,Chandigarh,Chandigarh,2024-01-23
14191,Arjun Kumar,Female,43,Bengaluru,Karnataka,2024-05-10
14192,Isha Singh,Female,20,Indore,Madhya Pradesh,2024-05-06
14193,Neha Shah,Female,58,Bengaluru,Karnataka,2025-03-20
14194,Ananya Malhotra,Female,59,Surat,Gujarat,2024-11-04
14195,Aditya Bansal,Female,30,Nagpur,Maharashtra,2025-12-08
14196,Ankit Iyer,Female,38,Indore,Madhya Pradesh,2025-03-08
14197,Isha Reddy,Female,54,Patna,Bihar,2025-04-17
14198,Ankit Sharma,Female,40,Bengaluru,Karnataka,2024-02-17
14199,Riya Arora,Female,24,Dehradun,Uttarakhand,2024-03-22
14200,Aarav Verma,Female,34,Lucknow,Uttar Pradesh,2024-04-18
14201,Aditya Nair,Female,45,Coimbatore,Tamil Nadu,2024-09-19
14202,Ananya Shah,Female,47,Lucknow,Uttar Pradesh,2024-01-31
14203,Aarav Singh,Female,22,Nagpur,Maharashtra,2024-12-23
14204,Aditya Das,Male,41,Bengaluru,Karnataka,2025-07-21
14205,Aditya Singh,Female,24,Kolkata,West Bengal,2025-04-24
14206,Kabir Verma,Female,51,Bhopal,Madhya Pradesh,2024-07-07
14207,Sneha Mehta,Female,59,Bhubaneswar,Odisha,2024-01-05
14208,Aarav Gupta,Male,50,Patna,Bihar,2024-10-12
14209,Arjun Reddy,Female,44,Hyderabad,Telangana,2025-10-18
14210,Arjun Gupta,Male,31,Surat,Gujarat,2025-01-28
14211,Neha Bansal,Male,36,Lucknow,Uttar Pradesh,2025-03-30
14212,Diya Mehta,Female,55,Bengaluru,Karnataka,2025-12-08
14213,Riya Gupta,Female,29,Bengaluru,Karnataka,2025-03-01
14214,Aarav Arora,Male,20,Nagpur,Maharashtra,2024-01-27
14215,Meera Iyer,Female,24,Chennai,Tamil Nadu,2024-05-06
14216,Aditya Kapoor,Male,52,Chandigarh,Chandigarh,2024-05-14
14217,Rahul Mehta,Male,42,Coimbatore,Tamil Nadu,2025-06-18
14218,Arjun Malhotra,Male,32,Hyderabad,Telangana,2024-11-26
14219,Kabir Singh,Female,36,Coimbatore,Tamil Nadu,2025-09-20
14220,Priya Shah,Male,36,Lucknow,Uttar Pradesh,2025-01-26
14221,Rahul Joshi,Male,40,Mumbai,Maharashtra,2024-01-08
14222,Aditya Sethi,Female,28,Chandigarh,Chandigarh,2025-09-04
14223,Rohan Kumar,Male,38,Lucknow,Uttar Pradesh,2024-09-17
14224,Priya Shah,Female,51,Dehradun,Uttarakhand,2024-07-17
14225,Rahul Sethi,Female,56,Nagpur,Maharashtra,2025-08-20
14226,Isha Chopra,Female,24,Coimbatore,Tamil Nadu,2025-01-20
14227,Aditya Verma,Male,59,Lucknow,Uttar Pradesh,2025-04-16
14228,Aarav Bansal,Female,44,Bhopal,Madhya Pradesh,2024-06-27
14229,Kavya Sharma,Female,40,Mumbai,Maharashtra,2025-03-25
14230,Sneha Shah,Male,55,Chennai,Tamil Nadu,2024-08-27
14231,Diya Mehta,Male,37,Chennai,Tamil Nadu,2025-06-07
14232,Neha Malhotra,Female,44,Coimbatore,Tamil Nadu,2024-07-01
14233,Diya Reddy,Male,25,Kochi,Kerala,2024-12-23
14234,Neha Bansal,Female,54,Bhubaneswar,Odisha,2025-01-10
14235,Diya Kapoor,Female,20,Hyderabad,Telangana,2025-12-02
14236,Ananya Nair,Male,19,Patna,Bihar,2025-12-27
14237,Meera Patel,Male,39,Chandigarh,Chandigarh,2025-06-21
14238,Aarav Nair,Other,23,Dehradun,Uttarakhand,2024-03-22
14239,Aisha Agarwal,Male,56,Kolkata,West Bengal,2024-12-23
14240,Rohan Shah,Female,57,Bhopal,Madhya Pradesh,2024-07-03
14241,Neha Gupta,Male,53,Lucknow,Uttar Pradesh,2024-10-14
14242,Ananya Malhotra,Female,41,Lucknow,Uttar Pradesh,2024-03-02
14243,Sneha Arora,Female,29,Bhubaneswar,Odisha,2025-05-21
14244,Rohan Bansal,Male,34,Bhubaneswar,Odisha,2025-04-06
14245,Ishaan Kapoor,Male,39,Lucknow,Uttar Pradesh,2024-01-30
14246,Aarav Shah,Female,36,Kochi,Kerala,2024-01-31
14247,Aarav Bansal,Female,26,Chennai,Tamil Nadu,2024-10-19
14248,Kabir Reddy,Male,29,Jaipur,Rajasthan,2024-06-21
14249,Rohan Mehta,Female,49,Jaipur,Rajasthan,2025-09-05
14250,Meera Patel,Male,48,Chandigarh,Chandigarh,2024-05-07
14251,Meera Bansal,Female,34,Coimbatore,Tamil Nadu,2024-03-26
14252,Diya Reddy,Female,40,Delhi,Delhi,2024-11-10
14253,Aarav Arora,Male,27,Pune,Maharashtra,2024-01-28
14254,Aisha Kumar,Male,47,Hyderabad,Telangana,2024-05-01
14255,Kavya Arora,Male,36,Delhi,Delhi,2024-09-07
14256,Ankit Sethi,Female,43,Surat,Gujarat,2025-07-26
14257,Ankit Agarwal,Male,43,Ahmedabad,Gujarat,2025-02-06
14258,Rahul Kumar,Male,28,Kochi,Kerala,2025-11-13
14259,Aisha Gupta,Other,37,Bhubaneswar,Odisha,2025-03-18
14260,Aditya Verma,Male,21,Surat,Gujarat,2024-09-28
14261,Riya Shah,Female,29,Patna,Bihar,2024-04-22
14262,Kavya Kapoor,Male,42,Bhopal,Madhya Pradesh,2025-12-06
14263,Vivaan Bansal,Male,27,Bhopal,Madhya Pradesh,2025-01-28
14264,Neha Shah,Male,39,Bhubaneswar,Odisha,2024-01-19
14265,Sneha Iyer,Female,24,Dehradun,Uttarakhand,2025-08-27
14266,Aisha Nair,Female,41,Bhubaneswar,Odisha,2025-12-29
14267,Aisha Agarwal,Female,19,Nagpur,Maharashtra,2025-04-09
14268,Aarav Kapoor,Male,49,Delhi,Delhi,2025-11-21
14269,Vivaan Malhotra,Male,38,Lucknow,Uttar Pradesh,2024-07-09
14270,Aarav Chopra,Female,24,Surat,Gujarat,2025-05-07
14271,Kabir Das,Male,25,Kochi,Kerala,2024-06-11
14272,Aditya Sharma,Male,55,Ahmedabad,Gujarat,2025-09-03
14273,Ishaan Iyer,Male,38,Dehradun,Uttarakhand,2025-11-29
14274,Aisha Sethi,Female,25,Kolkata,West Bengal,2024-10-21
14275,Riya Sharma,Female,42,Bengaluru,Karnataka,2025-08-01
14276,Ishaan Reddy,Male,45,Indore,Madhya Pradesh,2024-03-13
14277,Aarav Agarwal,Male,45,Indore,Madhya Pradesh,2025-12-01
14278,Kabir Shah,Female,48,Mumbai,Maharashtra,2025-07-15
14279,Neha Arora,Female,53,Chennai,Tamil Nadu,2024-11-04
14280,Karan Kumar,Male,42,Patna,Bihar,2024-10-28
14281,Isha Arora,Female,58,Kolkata,West Bengal,2024-11-03
14282,Kavya Sethi,Male,54,Mumbai,Maharashtra,2024-05-03
14283,Arjun Sharma,Male,55,Hyderabad,Telangana,2025-10-30
14284,Vivaan Malhotra,Male,29,Lucknow,Uttar Pradesh,2024-09-17
14285,Kabir Mehta,Male,54,Ahmedabad,Gujarat,2024-07-13
14286,Aarav Agarwal,Male,54,Kochi,Kerala,2024-12-16
14287,Kabir Verma,Female,48,Ahmedabad,Gujarat,2025-05-03
14288,Rohan Verma,Male,35,Lucknow,Uttar Pradesh,2024-07-18
14289,Vivaan Patel,Male,43,Dehradun,Uttarakhand,2025-05-22
14290,Aarav Das,Male,23,Ahmedabad,Gujarat,2025-08-02
14291,Arjun Shah,Female,26,Ahmedabad,Gujarat,2025-03-21
14292,Ishaan Sethi,Female,28,Patna,Bihar,2024-03-20
14293,Aarav Gupta,Male,48,Dehradun,Uttarakhand,2025-11-28
14294,Aarav Mehta,Male,19,Dehradun,Uttarakhand,2025-09-08
14295,Karan Mehta,Male,46,Nagpur,Maharashtra,2025-04-13
14296,Kavya Kumar,Male,59,Bhopal,Madhya Pradesh,2025-03-17
14297,Meera Singh,Male,22,Lucknow,Uttar Pradesh,2025-10-15
14298,Aisha Reddy,Female,40,Pune,Maharashtra,2024-09-28
14299,Riya Kumar,Female,53,Nagpur,Maharashtra,2024-12-08
14300,Kavya Bansal,Female,24,Indore,Madhya Pradesh,2024-05-03
14301,Ankit Nair,Male,30,Surat,Gujarat,2024-08-10
14302,Ananya Nair,Male,59,Nagpur,Maharashtra,2025-05-04
14303,Aarav Verma,Female,27,Jaipur,Rajasthan,2025-11-16
14304,Ankit Iyer,Female,53,Bengaluru,Karnataka,2025-12-03
14305,Rahul Sharma,Male,33,Coimbatore,Tamil Nadu,2025-10-13
14306,Aditya Iyer,Female,32,Dehradun,Uttarakhand,2024-10-23
14307,Sneha Joshi,Male,60,Chennai,Tamil Nadu,2024-04-28
14308,Rahul Agarwal,Male,36,Chandigarh,Chandigarh,2024-03-16
14309,Ankit Arora,Male,38,Patna,Bihar,2025-09-12
14310,Sneha Nair,Female,52,Surat,Gujarat,2025-09-22
14311,Meera Reddy,Male,32,Ahmedabad,Gujarat,2024-09-14
14312,Riya Reddy,Female,31,Surat,Gujarat,2025-06-15
14313,Diya Chopra,Male,46,Bhopal,Madhya Pradesh,2025-09-22
14314,Aditya Kapoor,Male,22,Dehradun,Uttarakhand,2024-12-16
14315,Vivaan Shah,Female,35,Pune,Maharashtra,2025-10-10
14316,Aarav Patel,Male,18,Kochi,Kerala,2024-10-03
14317,Riya Joshi,Male,44,Patna,Bihar,2024-09-11
14318,Rahul Bansal,Male,44,Patna,Bihar,2024-09-20
14319,Aisha Verma,Female,42,Chandigarh,Chandigarh,2025-11-09
14320,Vivaan Das,Female,58,Coimbatore,Tamil Nadu,2025-11-07
14321,Ishaan Kapoor,Male,38,Bhopal,Madhya Pradesh,2024-01-29
14322,Meera Kumar,Male,31,Lucknow,Uttar Pradesh,2025-04-11
14323,Sneha Chopra,Female,37,Mumbai,Maharashtra,2024-02-04
14324,Isha Iyer,Male,45,Bhubaneswar,Odisha,2024-10-20
14325,Priya Mehta,Male,38,Pune,Maharashtra,2025-08-24
14326,Aarav Shah,Male,40,Kochi,Kerala,2024-07-21
14327,Ishaan Kumar,Female,28,Mumbai,Maharashtra,2024-03-08
14328,Kavya Mehta,Male,19,Dehradun,Uttarakhand,2024-05-10
14329,Karan Kapoor,Female,37,Bhubaneswar,Odisha,2024-04-20
14330,Ankit Arora,Female,41,Kolkata,West Bengal,2025-06-07
14331,Kabir Chopra,Female,42,Chandigarh,Chandigarh,2024-10-14
14332,Rahul Sharma,Female,54,Dehradun,Uttarakhand,2025-11-17
14333,Aarav Shah,Male,39,Surat,Gujarat,2025-10-27
14334,Vivaan Iyer,Female,41,Chennai,Tamil Nadu,2024-02-12
14335,Sneha Nair,Female,32,Dehradun,Uttarakhand,2025-12-17
14336,Diya Singh,Female,29,Bengaluru,Karnataka,2025-11-14
14337,Kavya Das,Male,48,Chennai,Tamil Nadu,2024-10-20
14338,Ankit Kumar,Male,60,Ahmedabad,Gujarat,2024-10-11
14339,Rahul Patel,Female,48,Ahmedabad,Gujarat,2025-07-17
14340,Ankit Reddy,Male,47,Ahmedabad,Gujarat,2025-09-18
14341,Rohan Mehta,Male,58,Kochi,Kerala,2024-01-19
14342,Neha Mehta,Female,37,Ahmedabad,Gujarat,2025-05-21
14343,Rohan Malhotra,Female,25,Lucknow,Uttar Pradesh,2025-06-30
14344,Arjun Bansal,Male,47,Bhopal,Madhya Pradesh,2024-02-17
14345,Kavya Shah,Female,52,Ahmedabad,Gujarat,2024-08-06
14346,Aditya Sethi,Female,38,Chandigarh,Chandigarh,2025-09-13
14347,Sneha Nair,Male,57,Pune,Maharashtra,2024-07-06
14348,Riya Malhotra,Female,45,Patna,Bihar,2024-01-31
14349,Arjun Arora,Female,56,Hyderabad,Telangana,2024-09-15
14350,Karan Singh,Female,34,Indore,Madhya Pradesh,2025-11-05
14351,Neha Iyer,Female,29,Hyderabad,Telangana,2024-12-09
14352,Kabir Shah,Female,35,Chennai,Tamil Nadu,2024-11-03
14353,Aisha Joshi,Male,45,Hyderabad,Telangana,2024-03-11
14354,Aarav Arora,Male,20,Bhubaneswar,Odisha,2024-11-02
14355,Aisha Malhotra,Male,32,Kolkata,West Bengal,2025-07-21
14356,Arjun Das,Female,33,Mumbai,Maharashtra,2024-04-08
14357,Diya Patel,Female,39,Lucknow,Uttar Pradesh,2024-01-21
14358,Aditya Kumar,Male,48,Bhopal,Madhya Pradesh,2025-09-11
14359,Kabir Agarwal,Male,48,Chennai,Tamil Nadu,2025-07-18
14360,Ishaan Kapoor,Male,18,Kolkata,West Bengal,2024-01-06
14361,Aarav Gupta,Male,28,Chandigarh,Chandigarh,2024-08-18
14362,Ananya Sharma,Male,23,Ahmedabad,Gujarat,2024-03-22
14363,Priya Chopra,Male,40,Bhopal,Madhya Pradesh,2024-08-04
14364,Karan Arora,Female,26,Bengaluru,Karnataka,2024-11-30
14365,Rohan Arora,Male,33,Kochi,Kerala,2025-07-12
14366,Vivaan Sethi,Female,55,Nagpur,Maharashtra,2025-11-20
14367,Sneha Mehta,Female,36,Patna,Bihar,2025-08-16
14368,Kavya Reddy,Female,30,Delhi,Delhi,2025-12-04
14369,Kavya Das,Male,49,Chandigarh,Chandigarh,2025-10-16
14370,Diya Mehta,Female,53,Chandigarh,Chandigarh,2025-07-06
14371,Aarav Gupta,Female,26,Mumbai,Maharashtra,2025-04-03
14372,Ankit Gupta,Male,54,Jaipur,Rajasthan,2024-03-27
14373,Meera Iyer,Male,48,Indore,Madhya Pradesh,2025-05-29
14374,Arjun Shah,Male,48,Nagpur,Maharashtra,2025-12-23
14375,Priya Sethi,Female,36,Bhubaneswar,Odisha,2025-05-27
14376,Meera Gupta,Female,19,Coimbatore,Tamil Nadu,2025-08-09
14377,Kavya Mehta,Male,49,Kochi,Kerala,2025-04-22
14378,Aarav Mehta,Male,60,Ahmedabad,Gujarat,2025-05-12
14379,Meera Singh,Female,51,Patna,Bihar,2025-03-24
14380,Sneha Gupta,Female,18,Surat,Gujarat,2025-08-10
14381,Rahul Iyer,Female,38,Chandigarh,Chandigarh,2024-09-16
14382,Rahul Arora,Female,20,Surat,Gujarat,2025-06-20
14383,Rahul Shah,Female,44,Surat,Gujarat,2024-07-18
14384,Neha Sethi,Female,24,Pune,Maharashtra,2025-04-07
14385,Ananya Kumar,Male,50,Indore,Madhya Pradesh,2024-04-03
14386,Aisha Joshi,Male,26,Patna,Bihar,2024-12-17
14387,Karan Bansal,Female,47,Jaipur,Rajasthan,2024-04-17
14388,Meera Joshi,Male,35,Ahmedabad,Gujarat,2024-12-20
14389,Riya Arora,Male,43,Dehradun,Uttarakhand,2025-04-13
14390,Aarav Reddy,Female,37,Bhubaneswar,Odisha,2024-04-04
14391,Aarav Singh,Female,55,Indore,Madhya Pradesh,2024-03-31
14392,Ananya Shah,Female,58,Nagpur,Maharashtra,2024-02-13
14393,Rohan Kumar,Male,48,Jaipur,Rajasthan,2025-03-31
14394,Rahul Agarwal,Female,25,Kochi,Kerala,2025-01-18
14395,Kabir Iyer,Male,40,Kochi,Kerala,2024-01-23
14396,Meera Kapoor,Female,42,Kolkata,West Bengal,2025-12-02
14397,Riya Reddy,Male,18,Coimbatore,Tamil Nadu,2024-01-23
14398,Neha Arora,Male,35,Pune,Maharashtra,2024-08-21
14399,Riya Patel,Male,36,Bengaluru,Karnataka,2025-11-28
14400,Aarav Nair,Female,59,Nagpur,Maharashtra,2024-11-06
14401,Sneha Arora,Male,23,Bhubaneswar,Odisha,2025-02-20
14402,Karan Joshi,Female,34,Nagpur,Maharashtra,2024-11-28
14403,Aditya Malhotra,Male,25,Pune,Maharashtra,2025-07-28
14404,Kabir Agarwal,Male,59,Hyderabad,Telangana,2024-04-12
14405,Karan Verma,Female,26,Ahmedabad,Gujarat,2025-05-14
14406,Sneha Bansal,Female,54,Indore,Madhya Pradesh,2025-04-27
14407,Riya Kumar,Male,44,Indore,Madhya Pradesh,2024-07-07
14408,Riya Malhotra,Female,53,Patna,Bihar,2025-04-04
14409,Aarav Singh,Female,23,Patna,Bihar,2024-07-07
14410,Isha Das,Female,23,Chennai,Tamil Nadu,2024-12-16
14411,Riya Gupta,Female,21,Kolkata,West Bengal,2025-08-03
14412,Ishaan Gupta,Male,39,Coimbatore,Tamil Nadu,2024-04-23
14413,Meera Patel,Female,57,Indore,Madhya Pradesh,2024-04-13
14414,Meera Kapoor,Male,44,Bhopal,Madhya Pradesh,2025-09-11
14415,Isha Singh,Male,54,Hyderabad,Telangana,2025-05-22
14416,Rohan Gupta,Female,19,Pune,Maharashtra,2024-12-10
14417,Rahul Mehta,Male,26,Ahmedabad,Gujarat,2024-01-21
14418,Ishaan Iyer,Male,28,Indore,Madhya Pradesh,2025-01-21
14419,Diya Joshi,Female,37,Kolkata,West Bengal,2024-07-27
14420,Priya Sharma,Female,60,Kolkata,West Bengal,2025-11-12
14421,Meera Kumar,Female,56,Bengaluru,Karnataka,2025-04-27
14422,Rohan Mehta,Female,31,Bengaluru,Karnataka,2025-04-17
14423,Meera Sethi,Male,43,Indore,Madhya Pradesh,2025-12-06
14424,Kavya Bansal,Female,55,Mumbai,Maharashtra,2025-01-27
14425,Meera Kapoor,Female,47,Nagpur,Maharashtra,2025-09-26
14426,Ananya Iyer,Male,53,Kolkata,West Bengal,2025-11-19
14427,Neha Sharma,Male,55,Ahmedabad,Gujarat,2025-05-30
14428,Kabir Kumar,Male,52,Ahmedabad,Gujarat,2024-07-06
14429,Aisha Nair,Female,23,Kolkata,West Bengal,2024-12-11
14430,Karan Nair,Male,20,Bhopal,Madhya Pradesh,2024-12-17
14431,Kabir Iyer,Female,18,Bengaluru,Karnataka,2025-06-24
14432,Ananya Joshi,Male,35,Chandigarh,Chandigarh,2025-08-20
14433,Rahul Kapoor,Male,40,Bengaluru,Karnataka,2024-02-16
14434,Aditya Nair,Male,49,Kochi,Kerala,2024-03-17
14435,Aditya Agarwal,Male,46,Patna,Bihar,2024-12-08
14436,Aarav Patel,Male,40,Chennai,Tamil Nadu,2024-07-09
14437,Riya Sharma,Male,53,Dehradun,Uttarakhand,2025-06-26
14438,Ananya Chopra,Male,23,Jaipur,Rajasthan,2025-11-11
14439,Rahul Patel,Female,34,Dehradun,Uttarakhand,2024-02-05
14440,Rahul Bansal,Female,35,Pune,Maharashtra,2025-02-27
14441,Riya Reddy,Female,48,Hyderabad,Telangana,2024-12-16
14442,Riya Sharma,Female,23,Indore,Madhya Pradesh,2024-07-06
14443,Ishaan Joshi,Female,51,Indore,Madhya Pradesh,2025-06-10
14444,Arjun Joshi,Female,44,Chandigarh,Chandigarh,2024-11-29
14445,Aisha Agarwal,Male,53,Bhubaneswar,Odisha,2025-04-27
14446,Neha Sethi,Female,59,Patna,Bihar,2024-08-03
14447,Vivaan Kapoor,Female,42,Dehradun,Uttarakhand,2024-06-06
14448,Diya Arora,Female,27,Dehradun,Uttarakhand,2025-10-28
14449,Aditya Mehta,Female,56,Indore,Madhya Pradesh,2024-08-28
14450,Kabir Mehta,Male,56,Patna,Bihar,2024-10-22
14451,Diya Kapoor,Female,29,Hyderabad,Telangana,2025-04-06
14452,Aditya Kumar,Male,28,Delhi,Delhi,2024-02-14
14453,Ishaan Iyer,Male,60,Delhi,Delhi,2025-05-09
14454,Riya Kapoor,Male,20,Surat,Gujarat,2024-06-23
14455,Aisha Das,Male,39,Indore,Madhya Pradesh,2024-12-11
14456,Ankit Sethi,Male,21,Patna,Bihar,2024-02-25
14457,Aisha Bansal,Male,25,Ahmedabad,Gujarat,2025-07-19
14458,Meera Arora,Other,31,Bhubaneswar,Odisha,2024-12-06
14459,Rahul Nair,Male,37,Indore,Madhya Pradesh,2024-04-17
14460,Vivaan Verma,Female,41,Bhopal,Madhya Pradesh,2025-12-10
14461,Kabir Kumar,Female,31,Ahmedabad,Gujarat,2024-08-01
14462,Neha Iyer,Female,45,Ahmedabad,Gujarat,2025-05-13
14463,Arjun Reddy,Male,33,Surat,Gujarat,2025-01-31
14464,Neha Kapoor,Female,49,Indore,Madhya Pradesh,2025-07-03
14465,Rahul Malhotra,Male,29,Pune,Maharashtra,2025-05-11
14466,Kavya Arora,Male,33,Chennai,Tamil Nadu,2024-06-21
14467,Vivaan Chopra,Female,36,Patna,Bihar,2024-04-14
14468,Riya Malhotra,Female,22,Nagpur,Maharashtra,2025-07-05
14469,Priya Sethi,Female,29,Mumbai,Maharashtra,2025-04-23
14470,Aisha Bansal,Male,46,Bhubaneswar,Odisha,2025-02-02
14471,Karan Patel,Male,22,Patna,Bihar,2025-03-09
14472,Aarav Das,Male,59,Pune,Maharashtra,2025-10-03
14473,Neha Kumar,Female,34,Indore,Madhya Pradesh,2025-11-23
14474,Ananya Shah,Male,25,Bhubaneswar,Odisha,2024-07-12
14475,Arjun Reddy,Female,57,Bhopal,Madhya Pradesh,2025-04-10
14476,Aisha Das,Male,57,Bhubaneswar,Odisha,2024-12-06
14477,Rahul Gupta,Male,47,Indore,Madhya Pradesh,2024-02-28
14478,Ishaan Sethi,Male,27,Lucknow,Uttar Pradesh,2025-06-21
14479,Kabir Reddy,Male,37,Nagpur,Maharashtra,2025-04-22
14480,Kabir Bansal,Female,33,Patna,Bihar,2024-04-12
14481,Neha Malhotra,Female,58,Ahmedabad,Gujarat,2025-06-16
14482,Rahul Sharma,Male,33,Coimbatore,Tamil Nadu,2025-08-14
14483,Rohan Reddy,Male,59,Dehradun,Uttarakhand,2025-12-11
14484,Sneha Nair,Other,20,Surat,Gujarat,2024-11-17
14485,Meera Iyer,Female,40,Jaipur,Rajasthan,2025-07-02
14486,Vivaan Verma,Female,39,Dehradun,Uttarakhand,2024-01-14
14487,Ankit Sethi,Male,45,Chandigarh,Chandigarh,2025-03-31
14488,Meera Reddy,Male,53,Kochi,Kerala,2024-08-08
14489,Kabir Gupta,Male,21,Dehradun,Uttarakhand,2025-01-25
14490,Isha Verma,Male,55,Delhi,Delhi,2025-11-08
14491,Aisha Joshi,Female,41,Dehradun,Uttarakhand,2024-06-21
14492,Aisha Verma,Male,36,Jaipur,Rajasthan,2025-10-23
14493,Aisha Verma,Female,28,Surat,Gujarat,2025-11-14
14494,Isha Malhotra,Male,57,Delhi,Delhi,2024-03-21
14495,Diya Shah,Female,57,Kochi,Kerala,2024-12-01
14496,Karan Patel,Male,56,Bengaluru,Karnataka,2024-08-12
14497,Priya Chopra,Male,35,Lucknow,Uttar Pradesh,2024-02-04
14498,Riya Malhotra,Female,29,Mumbai,Maharashtra,2024-07-06
14499,Arjun Mehta,Male,31,Nagpur,Maharashtra,2024-08-11
14500,Ankit Chopra,Male,35,Jaipur,Rajasthan,2025-10-04
14501,Aarav Singh,Male,59,Surat,Gujarat,2025-05-08
14502,Kabir Nair,Female,29,Kochi,Kerala,2024-11-06
14503,Aisha Singh,Female,57,Delhi,Delhi,2025-06-04
14504,Aarav Chopra,Female,44,Indore,Madhya Pradesh,2025-08-03
14505,Karan Shah,Female,23,Bhopal,Madhya Pradesh,2025-06-23
14506,Aditya Malhotra,Other,41,Ahmedabad,Gujarat,2025-01-03
14507,Aditya Mehta,Female,50,Ahmedabad,Gujarat,2025-04-19
14508,Ishaan Das,Female,33,Kochi,Kerala,2024-01-31
14509,Arjun Shah,Female,29,Delhi,Delhi,2024-08-19
14510,Aditya Agarwal,Male,48,Lucknow,Uttar Pradesh,2025-05-11
14511,Isha Chopra,Other,54,Ahmedabad,Gujarat,2025-07-19
14512,Karan Gupta,Female,30,Chandigarh,Chandigarh,2024-06-23
14513,Aditya Reddy,Male,25,Coimbatore,Tamil Nadu,2024-10-24
14514,Ishaan Mehta,Male,55,Lucknow,Uttar Pradesh,2024-12-30
14515,Riya Kapoor,Male,20,Pune,Maharashtra,2024-03-26
14516,Priya Arora,Male,37,Lucknow,Uttar Pradesh,2025-07-30
14517,Priya Verma,Male,21,Patna,Bihar,2024-03-29
14518,Neha Bansal,Male,19,Delhi,Delhi,2024-02-23
14519,Rohan Kumar,Male,53,Ahmedabad,Gujarat,2025-09-21
14520,Karan Iyer,Female,40,Kolkata,West Bengal,2024-12-26
14521,Aarav Sharma,Male,36,Bhubaneswar,Odisha,2025-04-20
14522,Ankit Verma,Male,57,Kolkata,West Bengal,2024-08-16
14523,Sneha Verma,Male,25,Chennai,Tamil Nadu,2025-06-17
14524,Aditya Kumar,Female,33,Indore,Madhya Pradesh,2025-01-07
14525,Arjun Gupta,Male,60,Coimbatore,Tamil Nadu,2025-04-13
14526,Priya Reddy,Male,35,Ahmedabad,Gujarat,2025-02-23
14527,Isha Sethi,Female,53,Jaipur,Rajasthan,2025-06-15
14528,Aarav Verma,Male,41,Patna,Bihar,2025-02-03
14529,Rahul Nair,Male,18,Bengaluru,Karnataka,2024-07-02
14530,Priya Agarwal,Male,18,Coimbatore,Tamil Nadu,2025-07-15
14531,Sneha Bansal,Female,53,Lucknow,Uttar Pradesh,2024-03-30
14532,Aisha Sharma,Female,28,Patna,Bihar,2025-09-07
14533,Meera Verma,Female,35,Coimbatore,Tamil Nadu,2025-12-06
14534,Arjun Verma,Male,33,Mumbai,Maharashtra,2025-01-17
14535,Aarav Singh,Female,34,Ahmedabad,Gujarat,2025-01-03
14536,Kavya Kumar,Male,41,Coimbatore,Tamil Nadu,2024-03-14
14537,Aisha Chopra,Male,51,Pune,Maharashtra,2024-09-25
14538,Aarav Gupta,Male,21,Patna,Bihar,2024-01-15
14539,Kabir Shah,Female,52,Kolkata,West Bengal,2024-11-24
14540,Kabir Kapoor,Male,32,Coimbatore,Tamil Nadu,2025-01-26
14541,Diya Shah,Female,19,Kolkata,West Bengal,2025-12-10
14542,Diya Iyer,Female,48,Mumbai,Maharashtra,2025-03-09
14543,Karan Kapoor,Male,26,Kolkata,West Bengal,2024-12-09
14544,Arjun Sharma,Male,27,Chennai,Tamil Nadu,2024-07-13
14545,Ishaan Patel,Male,42,Coimbatore,Tamil Nadu,2024-02-05
14546,Kavya Agarwal,Male,22,Dehradun,Uttarakhand,2024-07-23
14547,Sneha Verma,Male,31,Hyderabad,Telangana,2025-10-12
14548,Isha Mehta,Female,59,Patna,Bihar,2024-02-26
14549,Arjun Shah,Male,55,Lucknow,Uttar Pradesh,2024-04-19
14550,Sneha Iyer,Female,57,Hyderabad,Telangana,2025-11-16
14551,Rahul Das,Male,19,Indore,Madhya Pradesh,2025-05-10
14552,Aisha Kumar,Female,35,Dehradun,Uttarakhand,2025-12-18
14553,Diya Bansal,Female,46,Patna,Bihar,2024-08-12
14554,Diya Iyer,Female,37,Jaipur,Rajasthan,2025-01-20
14555,Ankit Shah,Female,25,Hyderabad,Telangana,2024-03-04
14556,Meera Bansal,Male,54,Bhopal,Madhya Pradesh,2024-12-17
14557,Kabir Das,Male,43,Coimbatore,Tamil Nadu,2025-04-07
14558,Rohan Reddy,Female,54,Bengaluru,Karnataka,2024-11-15
14559,Vivaan Sharma,Female,21,Bhopal,Madhya Pradesh,2024-12-22
14560,Aisha Patel,Female,50,Ahmedabad,Gujarat,2024-04-02
14561,Aisha Das,Male,39,Delhi,Delhi,2025-11-25
14562,Sneha Shah,Male,23,Chandigarh,Chandigarh,2024-10-26
14563,Riya Sharma,Male,50,Bhubaneswar,Odisha,2025-12-26
14564,Sneha Joshi,Female,45,Nagpur,Maharashtra,2025-05-08
14565,Aarav Reddy,Female,41,Ahmedabad,Gujarat,2025-10-15
14566,Karan Arora,Female,21,Delhi,Delhi,2025-08-17
14567,Meera Iyer,Female,19,Kochi,Kerala,2025-01-23
14568,Vivaan Mehta,Female,30,Ahmedabad,Gujarat,2025-09-02
14569,Karan Nair,Female,28,Nagpur,Maharashtra,2025-03-09
14570,Rohan Mehta,Male,52,Bhubaneswar,Odisha,2024-04-11
14571,Meera Reddy,Female,56,Hyderabad,Telangana,2025-01-12
14572,Priya Kumar,Male,27,Kolkata,West Bengal,2025-08-05
14573,Neha Chopra,Female,60,Kochi,Kerala,2024-12-03
14574,Sneha Bansal,Male,27,Jaipur,Rajasthan,2025-05-06
14575,Priya Kumar,Female,25,Surat,Gujarat,2025-10-03
14576,Karan Sharma,Female,22,Nagpur,Maharashtra,2024-02-29
14577,Arjun Sharma,Female,40,Kochi,Kerala,2025-05-23
14578,Priya Mehta,Female,51,Bhopal,Madhya Pradesh,2025-01-26
14579,Karan Malhotra,Female,49,Indore,Madhya Pradesh,2024-04-28
14580,Rahul Sharma,Female,33,Mumbai,Maharashtra,2025-04-15
14581,Vivaan Nair,Male,21,Bengaluru,Karnataka,2024-11-23
14582,Meera Iyer,Female,45,Chandigarh,Chandigarh,2024-01-21
14583,Rohan Arora,Male,31,Jaipur,Rajasthan,2024-04-06
14584,Sneha Patel,Female,29,Dehradun,Uttarakhand,2025-05-27
14585,Karan Verma,Female,38,Ahmedabad,Gujarat,2025-12-15
14586,Diya Malhotra,Female,33,Chandigarh,Chandigarh,2025-10-01
14587,Meera Kumar,Female,19,Coimbatore,Tamil Nadu,2024-12-15
14588,Ananya Bansal,Female,40,Bengaluru,Karnataka,2024-05-11
14589,Kabir Agarwal,Female,46,Chennai,Tamil Nadu,2025-06-29
14590,Sneha Bansal,Female,60,Bengaluru,Karnataka,2025-08-21
14591,Riya Agarwal,Female,26,Nagpur,Maharashtra,2024-02-01
14592,Rahul Das,Female,24,Patna,Bihar,2024-09-15
14593,Vivaan Joshi,Male,46,Surat,Gujarat,2025-04-20
14594,Kavya Mehta,Female,34,Bengaluru,Karnataka,2024-02-02
14595,Ananya Nair,Female,26,Kochi,Kerala,2025-01-22
14596,Vivaan Gupta,Other,23,Jaipur,Rajasthan,2025-07-14
14597,Ankit Reddy,Female,37,Kochi,Kerala,2025-03-31
14598,Aarav Iyer,Male,27,Surat,Gujarat,2025-08-16
14599,Arjun Arora,Male,26,Mumbai,Maharashtra,2024-05-23
14600,Ananya Reddy,Female,29,Bhubaneswar,Odisha,2025-08-26
14601,Rahul Agarwal,Female,50,Dehradun,Uttarakhand,2024-08-11
14602,Arjun Singh,Female,49,Kochi,Kerala,2024-08-04
14603,Rahul Nair,Male,51,Hyderabad,Telangana,2024-06-04
14604,Rohan Arora,Female,36,Nagpur,Maharashtra,2025-06-03
14605,Aarav Kapoor,Female,50,Nagpur,Maharashtra,2024-02-05
14606,Ankit Sethi,Male,33,Delhi,Delhi,2025-09-27
14607,Diya Verma,Male,40,Mumbai,Maharashtra,2024-01-09
14608,Riya Nair,Male,43,Bengaluru,Karnataka,2024-02-09
14609,Rohan Das,Male,58,Dehradun,Uttarakhand,2025-04-13
14610,Riya Joshi,Male,54,Patna,Bihar,2024-06-27
14611,Kavya Arora,Male,26,Dehradun,Uttarakhand,2025-10-02
14612,Meera Kapoor,Female,47,Delhi,Delhi,2025-05-15
14613,Isha Singh,Male,30,Dehradun,Uttarakhand,2025-01-07
14614,Meera Shah,Male,59,Kolkata,West Bengal,2024-03-08
14615,Karan Nair,Male,33,Surat,Gujarat,2025-10-27
14616,Aisha Chopra,Male,19,Bhopal,Madhya Pradesh,2025-02-27
14617,Priya Bansal,Female,48,Dehradun,Uttarakhand,2025-05-29
14618,Ishaan Malhotra,Male,60,Surat,Gujarat,2024-12-29
14619,Neha Reddy,Female,36,Bhopal,Madhya Pradesh,2025-03-26
14620,Riya Shah,Female,28,Chennai,Tamil Nadu,2025-05-30
14621,Sneha Chopra,Male,31,Kolkata,West Bengal,2024-11-24
14622,Aisha Singh,Female,42,Patna,Bihar,2025-01-04
14623,Isha Chopra,Female,24,Lucknow,Uttar Pradesh,2025-08-19
14624,Aarav Sharma,Male,32,Nagpur,Maharashtra,2025-01-21
14625,Meera Shah,Female,47,Kochi,Kerala,2025-06-30
14626,Kabir Nair,Female,48,Surat,Gujarat,2024-04-23
14627,Aditya Chopra,Female,41,Hyderabad,Telangana,2025-07-24
14628,Ankit Malhotra,Male,42,Bhubaneswar,Odisha,2024-02-07
14629,Sneha Bansal,Female,25,Bengaluru,Karnataka,2025-06-28
14630,Kabir Reddy,Male,47,Ahmedabad,Gujarat,2025-01-11
14631,Ishaan Reddy,Male,53,Bengaluru,Karnataka,2025-02-02
14632,Diya Kumar,Male,31,Ahmedabad,Gujarat,2024-07-21
14633,Aditya Sethi,Female,46,Bhubaneswar,Odisha,2024-07-20
14634,Aisha Das,Female,44,Chandigarh,Chandigarh,2024-04-09
14635,Aisha Mehta,Male,53,Dehradun,Uttarakhand,2025-02-01
14636,Ankit Gupta,Male,51,Patna,Bihar,2025-03-25
14637,Vivaan Sharma,Female,38,Ahmedabad,Gujarat,2024-04-27
14638,Rohan Chopra,Female,55,Lucknow,Uttar Pradesh,2025-02-24
14639,Karan Arora,Male,28,Chennai,Tamil Nadu,2024-08-30
14640,Arjun Agarwal,Female,50,Indore,Madhya Pradesh,2025-06-24
14641,Ananya Kapoor,Male,32,Chennai,Tamil Nadu,2024-08-14
14642,Isha Verma,Female,29,Indore,Madhya Pradesh,2025-05-15
14643,Karan Kumar,Female,41,Kolkata,West Bengal,2024-07-31
14644,Ishaan Reddy,Male,54,Chennai,Tamil Nadu,2025-11-29
14645,Diya Reddy,Female,28,Jaipur,Rajasthan,2024-04-22
14646,Sneha Joshi,Female,36,Nagpur,Maharashtra,2025-01-07
14647,Diya Sethi,Male,18,Mumbai,Maharashtra,2024-10-25
14648,Aisha Kumar,Male,34,Delhi,Delhi,2025-11-03
14649,Aarav Patel,Male,57,Ahmedabad,Gujarat,2024-01-19
14650,Sneha Das,Male,33,Coimbatore,Tamil Nadu,2025-11-01
14651,Aarav Kumar,Female,43,Lucknow,Uttar Pradesh,2024-01-11
14652,Arjun Gupta,Male,60,Kochi,Kerala,2024-01-08
14653,Ankit Shah,Female,60,Kochi,Kerala,2024-06-01
14654,Aditya Patel,Male,32,Pune,Maharashtra,2025-09-16
14655,Kavya Mehta,Other,25,Indore,Madhya Pradesh,2025-10-21
14656,Rahul Sethi,Male,47,Ahmedabad,Gujarat,2025-07-03
14657,Aditya Chopra,Male,31,Jaipur,Rajasthan,2024-05-14
14658,Rohan Nair,Male,50,Pune,Maharashtra,2025-01-07
14659,Rohan Shah,Female,59,Surat,Gujarat,2025-04-05
14660,Ananya Joshi,Male,24,Mumbai,Maharashtra,2024-08-22
14661,Aarav Verma,Male,35,Dehradun,Uttarakhand,2024-09-11
14662,Meera Bansal,Female,29,Kochi,Kerala,2025-08-08
14663,Kabir Joshi,Female,19,Delhi,Delhi,2024-11-23
14664,Rahul Shah,Female,46,Ahmedabad,Gujarat,2024-12-27
14665,Ankit Nair,Male,38,Chennai,Tamil Nadu,2025-01-08
14666,Aisha Kumar,Male,24,Surat,Gujarat,2024-07-27
14667,Isha Nair,Female,44,Delhi,Delhi,2024-09-23
14668,Ananya Shah,Male,29,Delhi,Delhi,2025-10-17
14669,Kabir Patel,Male,37,Chandigarh,Chandigarh,2025-07-07
14670,Kabir Kumar,Male,31,Chandigarh,Chandigarh,2025-05-20
14671,Riya Nair,Female,27,Surat,Gujarat,2025-07-17
14672,Ananya Bansal,Male,58,Patna,Bihar,2025-02-24
14673,Aditya Singh,Female,40,Kolkata,West Bengal,2024-11-03
14674,Ishaan Arora,Male,47,Bengaluru,Karnataka,2024-05-16
14675,Neha Joshi,Female,48,Indore,Madhya Pradesh,2025-02-22
14676,Sneha Mehta,Female,27,Nagpur,Maharashtra,2024-07-13
14677,Riya Sethi,Male,36,Ahmedabad,Gujarat,2024-04-04
14678,Aarav Mehta,Male,36,Surat,Gujarat,2025-05-04
14679,Kabir Mehta,Female,40,Patna,Bihar,2024-09-14
14680,Vivaan Iyer,Male,58,Patna,Bihar,2024-01-25
14681,Aarav Kapoor,Female,49,Indore,Madhya Pradesh,2024-08-19
14682,Ishaan Iyer,Female,37,Patna,Bihar,2024-11-27
14683,Priya Sethi,Female,21,Kolkata,West Bengal,2025-08-28
14684,Priya Kapoor,Male,50,Patna,Bihar,2024-08-08
14685,Riya Mehta,Male,18,Nagpur,Maharashtra,2024-10-23
14686,Neha Mehta,Female,30,Bhopal,Madhya Pradesh,2024-07-21
14687,Vivaan Mehta,Male,20,Indore,Madhya Pradesh,2024-12-08
14688,Ishaan Singh,Female,29,Kolkata,West Bengal,2025-08-15
14689,Ishaan Sharma,Female,46,Bengaluru,Karnataka,2024-07-23
14690,Ankit Sethi,Male,48,Bhopal,Madhya Pradesh,2024-03-17
14691,Aditya Iyer,Male,58,Bhopal,Madhya Pradesh,2025-07-03
14692,Ananya Bansal,Male,53,Surat,Gujarat,2025-12-07
14693,Aditya Joshi,Female,19,Ahmedabad,Gujarat,2024-02-11
14694,Priya Joshi,Male,39,Surat,Gujarat,2025-03-30
14695,Ananya Kapoor,Male,39,Indore,Madhya Pradesh,2024-06-30
14696,Arjun Reddy,Female,58,Patna,Bihar,2024-07-13
14697,Meera Patel,Male,48,Bengaluru,Karnataka,2025-08-12
14698,Kavya Arora,Male,31,Kolkata,West Bengal,2025-01-22
14699,Riya Arora,Male,46,Chennai,Tamil Nadu,2025-09-28
14700,Arjun Nair,Female,52,Patna,Bihar,2024-05-20
14701,Rohan Joshi,Male,26,Mumbai,Maharashtra,2024-01-27
14702,Isha Das,Female,49,Surat,Gujarat,2024-11-10
14703,Aarav Shah,Female,44,Chennai,Tamil Nadu,2024-11-16
14704,Aditya Arora,Female,27,Dehradun,Uttarakhand,2025-03-23
14705,Kabir Gupta,Female,42,Kolkata,West Bengal,2024-10-19
14706,Neha Patel,Male,50,Kolkata,West Bengal,2024-08-23
14707,Diya Joshi,Male,28,Bhubaneswar,Odisha,2025-12-15
14708,Rahul Nair,Male,54,Bhubaneswar,Odisha,2025-04-01
14709,Aditya Arora,Female,26,Hyderabad,Telangana,2025-10-15
14710,Aisha Bansal,Male,24,Patna,Bihar,2025-08-28
14711,Aditya Shah,Male,24,Bhopal,Madhya Pradesh,2025-10-25
14712,Priya Arora,Male,51,Bhopal,Madhya Pradesh,2024-03-07
14713,Vivaan Iyer,Male,36,Indore,Madhya Pradesh,2024-06-24
14714,Isha Bansal,Female,37,Pune,Maharashtra,2025-05-24
14715,Aisha Joshi,Female,59,Kochi,Kerala,2025-09-06
14716,Sneha Sethi,Male,42,Surat,Gujarat,2024-03-31
14717,Meera Agarwal,Female,22,Coimbatore,Tamil Nadu,2025-12-05
14718,Riya Patel,Male,46,Lucknow,Uttar Pradesh,2024-06-14
14719,Ishaan Sharma,Female,44,Surat,Gujarat,2025-08-24
14720,Aisha Verma,Female,42,Kochi,Kerala,2025-03-13
14721,Arjun Bansal,Male,54,Bengaluru,Karnataka,2024-02-20
14722,Rahul Sharma,Male,32,Patna,Bihar,2025-11-08
14723,Ankit Kumar,Female,21,Bengaluru,Karnataka,2025-11-16
14724,Rahul Verma,Female,31,Coimbatore,Tamil Nadu,2024-09-22
14725,Ishaan Shah,Female,34,Dehradun,Uttarakhand,2025-06-04
14726,Isha Nair,Female,38,Hyderabad,Telangana,2024-03-27
14727,Karan Gupta,Female,33,Bengaluru,Karnataka,2025-08-28
14728,Sneha Reddy,Female,43,Nagpur,Maharashtra,2024-02-21
14729,Priya Singh,Female,26,Kochi,Kerala,2024-06-27
14730,Kabir Joshi,Male,19,Ahmedabad,Gujarat,2024-10-04
14731,Vivaan Chopra,Female,60,Patna,Bihar,2024-08-26
14732,Ankit Chopra,Female,32,Pune,Maharashtra,2025-08-07
14733,Meera Sharma,Female,52,Lucknow,Uttar Pradesh,2024-12-04
14734,Aisha Sharma,Male,41,Bhubaneswar,Odisha,2024-03-12
14735,Karan Arora,Male,55,Delhi,Delhi,2025-01-08
14736,Rahul Reddy,Female,31,Bengaluru,Karnataka,2025-08-02
14737,Priya Verma,Female,54,Hyderabad,Telangana,2025-05-31
14738,Priya Reddy,Female,54,Indore,Madhya Pradesh,2024-08-25
14739,Meera Shah,Male,23,Kolkata,West Bengal,2025-04-10
14740,Ankit Malhotra,Male,35,Bhopal,Madhya Pradesh,2024-04-30
14741,Ananya Chopra,Male,39,Chennai,Tamil Nadu,2025-02-16
14742,Rohan Kumar,Female,35,Nagpur,Maharashtra,2025-12-23
14743,Ananya Bansal,Male,19,Surat,Gujarat,2025-07-23
14744,Ankit Kumar,Female,49,Surat,Gujarat,2024-02-12
14745,Riya Mehta,Male,34,Hyderabad,Telangana,2025-05-18
14746,Riya Sethi,Female,18,Ahmedabad,Gujarat,2024-07-15
14747,Arjun Malhotra,Female,26,Nagpur,Maharashtra,2024-03-12
14748,Rahul Sharma,Female,30,Nagpur,Maharashtra,2024-03-31
14749,Ishaan Sharma,Male,53,Hyderabad,Telangana,2025-07-02
14750,Riya Shah,Female,54,Indore,Madhya Pradesh,2025-05-05
14751,Karan Kumar,Male,47,Indore,Madhya Pradesh,2025-01-17
14752,Priya Sharma,Male,48,Mumbai,Maharashtra,2025-04-10
14753,Ishaan Kapoor,Male,40,Bengaluru,Karnataka,2024-06-02
14754,Rahul Verma,Female,45,Ahmedabad,Gujarat,2024-06-18
14755,Karan Arora,Male,27,Surat,Gujarat,2024-09-28
14756,Aditya Gupta,Female,42,Lucknow,Uttar Pradesh,2024-04-19
14757,Neha Malhotra,Male,53,Jaipur,Rajasthan,2024-05-30
14758,Vivaan Reddy,Male,43,Pune,Maharashtra,2025-03-06
14759,Isha Bansal,Male,43,Indore,Madhya Pradesh,2025-03-26
14760,Diya Gupta,Female,30,Mumbai,Maharashtra,2025-10-04
14761,Riya Kumar,Male,34,Ahmedabad,Gujarat,2024-01-23
14762,Meera Kumar,Female,57,Pune,Maharashtra,2025-01-01
14763,Kavya Agarwal,Female,21,Kochi,Kerala,2025-10-12
14764,Arjun Mehta,Female,40,Coimbatore,Tamil Nadu,2024-08-26
14765,Kavya Agarwal,Male,52,Pune,Maharashtra,2025-03-09
14766,Rohan Agarwal,Male,28,Chandigarh,Chandigarh,2025-12-04
14767,Rohan Kapoor,Female,29,Nagpur,Maharashtra,2024-05-06
14768,Priya Singh,Female,26,Bengaluru,Karnataka,2025-06-24
14769,Neha Bansal,Male,32,Chandigarh,Chandigarh,2025-09-24
14770,Aditya Chopra,Female,54,Kolkata,West Bengal,2024-07-16
14771,Aisha Kapoor,Male,22,Bhubaneswar,Odisha,2025-11-16
14772,Aditya Mehta,Female,36,Bhubaneswar,Odisha,2025-10-17
14773,Meera Das,Male,28,Chennai,Tamil Nadu,2025-04-26
14774,Isha Das,Male,26,Pune,Maharashtra,2024-06-27
14775,Priya Das,Male,52,Mumbai,Maharashtra,2025-06-06
14776,Riya Chopra,Female,44,Lucknow,Uttar Pradesh,2025-10-12
14777,Isha Shah,Other,30,Indore,Madhya Pradesh,2025-03-12
14778,Kabir Arora,Male,29,Chennai,Tamil Nadu,2024-11-09
14779,Meera Singh,Female,26,Kolkata,West Bengal,2024-01-19
14780,Meera Sethi,Female,59,Bhopal,Madhya Pradesh,2024-06-08
14781,Neha Chopra,Female,45,Kochi,Kerala,2024-05-01
14782,Rahul Agarwal,Male,30,Hyderabad,Telangana,2024-03-12
14783,Aditya Singh,Female,37,Kolkata,West Bengal,2024-02-24
14784,Kavya Nair,Male,30,Chandigarh,Chandigarh,2025-04-04
14785,Aisha Iyer,Male,44,Bhubaneswar,Odisha,2024-06-17
14786,Aditya Chopra,Female,43,Surat,Gujarat,2025-09-02
14787,Ishaan Singh,Female,46,Ahmedabad,Gujarat,2025-08-04
14788,Rohan Nair,Female,46,Jaipur,Rajasthan,2024-05-28
14789,Rahul Chopra,Female,39,Chennai,Tamil Nadu,2025-09-20
14790,Ananya Verma,Female,26,Chandigarh,Chandigarh,2024-01-26
14791,Isha Patel,Male,41,Dehradun,Uttarakhand,2024-09-04
14792,Kavya Kumar,Male,59,Kolkata,West Bengal,2025-12-21
14793,Aditya Bansal,Female,36,Nagpur,Maharashtra,2024-08-14
14794,Ankit Kapoor,Female,55,Bengaluru,Karnataka,2025-09-17
14795,Aarav Reddy,Other,48,Chandigarh,Chandigarh,2025-12-06
14796,Sneha Sethi,Female,56,Lucknow,Uttar Pradesh,2025-04-28
14797,Sneha Arora,Female,32,Lucknow,Uttar Pradesh,2024-01-10
14798,Aisha Joshi,Female,49,Patna,Bihar,2024-04-04
14799,Ananya Iyer,Male,46,Hyderabad,Telangana,2024-04-30
14800,Aarav Gupta,Male,51,Hyderabad,Telangana,2024-05-05
14801,Sneha Reddy,Female,26,Patna,Bihar,2025-07-02
14802,Meera Mehta,Female,52,Jaipur,Rajasthan,2024-03-09
14803,Isha Bansal,Female,23,Coimbatore,Tamil Nadu,2024-10-23
14804,Meera Nair,Male,54,Chennai,Tamil Nadu,2025-11-16
14805,Priya Singh,Female,31,Kolkata,West Bengal,2025-05-15
14806,Rohan Kumar,Female,26,Bengaluru,Karnataka,2024-02-14
14807,Priya Kapoor,Female,36,Delhi,Delhi,2025-09-26
14808,Aditya Bansal,Male,40,Dehradun,Uttarakhand,2025-01-16
14809,Isha Kapoor,Female,58,Nagpur,Maharashtra,2024-01-27
14810,Aarav Sethi,Female,45,Lucknow,Uttar Pradesh,2025-12-05
14811,Ishaan Chopra,Female,33,Indore,Madhya Pradesh,2025-05-11
14812,Aarav Sharma,Female,43,Chandigarh,Chandigarh,2024-05-15
14813,Neha Shah,Female,55,Bengaluru,Karnataka,2025-12-07
14814,Rahul Shah,Male,57,Jaipur,Rajasthan,2024-02-18
14815,Aisha Mehta,Male,42,Kochi,Kerala,2025-08-30
14816,Priya Malhotra,Female,52,Bhopal,Madhya Pradesh,2025-05-21
14817,Kavya Joshi,Male,22,Delhi,Delhi,2024-04-30
14818,Rohan Bansal,Female,24,Bhubaneswar,Odisha,2024-08-04
14819,Aarav Sethi,Male,40,Patna,Bihar,2025-09-17
14820,Ishaan Chopra,Male,42,Jaipur,Rajasthan,2025-06-09
14821,Ananya Joshi,Female,18,Jaipur,Rajasthan,2025-07-27
14822,Kavya Iyer,Male,39,Chandigarh,Chandigarh,2024-02-12
14823,Sneha Nair,Female,21,Coimbatore,Tamil Nadu,2024-04-05
14824,Neha Agarwal,Female,45,Surat,Gujarat,2024-01-27
14825,Arjun Nair,Male,31,Chennai,Tamil Nadu,2024-08-29
14826,Aditya Sethi,Female,50,Surat,Gujarat,2025-05-01
14827,Aarav Gupta,Male,21,Dehradun,Uttarakhand,2024-08-27
14828,Riya Verma,Female,59,Mumbai,Maharashtra,2024-10-30
14829,Isha Gupta,Male,28,Indore,Madhya Pradesh,2024-03-07
14830,Karan Kumar,Male,56,Nagpur,Maharashtra,2024-10-07
14831,Aarav Singh,Female,49,Surat,Gujarat,2024-07-10
14832,Kavya Kapoor,Female,21,Chandigarh,Chandigarh,2024-04-28
14833,Diya Shah,Male,18,Bhopal,Madhya Pradesh,2024-05-31
14834,Arjun Verma,Female,43,Chandigarh,Chandigarh,2025-01-26
14835,Kabir Chopra,Female,50,Bhopal,Madhya Pradesh,2024-08-18
14836,Aisha Singh,Female,34,Jaipur,Rajasthan,2024-12-16
14837,Isha Singh,Male,44,Bhopal,Madhya Pradesh,2025-07-24
14838,Rohan Sharma,Female,59,Bengaluru,Karnataka,2025-06-12
14839,Aarav Kumar,Female,22,Dehradun,Uttarakhand,2024-06-19
14840,Sneha Chopra,Female,24,Nagpur,Maharashtra,2024-05-11
14841,Aisha Chopra,Female,42,Mumbai,Maharashtra,2024-12-22
14842,Rohan Nair,Male,25,Chandigarh,Chandigarh,2025-10-09
14843,Isha Reddy,Male,51,Bengaluru,Karnataka,2024-02-11
14844,Meera Kapoor,Male,58,Lucknow,Uttar Pradesh,2024-10-31
14845,Meera Reddy,Male,21,Lucknow,Uttar Pradesh,2024-01-06
14846,Ankit Reddy,Male,29,Indore,Madhya Pradesh,2024-11-24
14847,Rahul Iyer,Female,48,Pune,Maharashtra,2024-06-18
14848,Rahul Verma,Male,28,Patna,Bihar,2024-12-03
14849,Neha Kumar,Male,54,Mumbai,Maharashtra,2025-12-27
14850,Neha Das,Male,53,Kochi,Kerala,2024-03-09
14851,Neha Agarwal,Male,39,Chandigarh,Chandigarh,2025-06-22
14852,Ananya Reddy,Male,18,Bhubaneswar,Odisha,2025-05-21
14853,Aisha Chopra,Female,21,Lucknow,Uttar Pradesh,2025-04-30
14854,Ananya Verma,Male,53,Nagpur,Maharashtra,2025-03-18
14855,Diya Patel,Female,25,Patna,Bihar,2024-02-20
14856,Ankit Malhotra,Male,42,Coimbatore,Tamil Nadu,2024-05-28
14857,Sneha Singh,Female,45,Bhubaneswar,Odisha,2025-08-09
14858,Vivaan Shah,Male,55,Bengaluru,Karnataka,2024-04-01
14859,Arjun Malhotra,Female,53,Nagpur,Maharashtra,2025-01-02
14860,Sneha Joshi,Female,53,Kolkata,West Bengal,2025-08-02
14861,Ishaan Shah,Female,60,Kochi,Kerala,2025-10-17
14862,Isha Joshi,Female,58,Lucknow,Uttar Pradesh,2024-03-16
14863,Isha Patel,Female,21,Surat,Gujarat,2024-03-26
14864,Rohan Gupta,Female,30,Surat,Gujarat,2024-08-14
14865,Aditya Singh,Female,55,Nagpur,Maharashtra,2024-12-28
14866,Rohan Malhotra,Female,42,Chandigarh,Chandigarh,2025-07-21
14867,Meera Mehta,Female,20,Kochi,Kerala,2025-08-14
14868,Vivaan Kumar,Female,49,Indore,Madhya Pradesh,2024-01-24
14869,Ishaan Mehta,Male,56,Hyderabad,Telangana,2024-01-28
14870,Priya Singh,Female,18,Pune,Maharashtra,2024-04-30
14871,Ishaan Agarwal,Male,28,Mumbai,Maharashtra,2025-05-04
14872,Arjun Arora,Female,19,Surat,Gujarat,2025-08-27
14873,Kavya Verma,Male,22,Ahmedabad,Gujarat,2025-09-15
14874,Ishaan Bansal,Female,39,Pune,Maharashtra,2024-12-10
14875,Arjun Nair,Female,30,Surat,Gujarat,2024-01-31
14876,Ananya Mehta,Female,40,Bhopal,Madhya Pradesh,2025-10-16
14877,Kabir Joshi,Male,48,Ahmedabad,Gujarat,2024-08-14
14878,Sneha Patel,Male,52,Kochi,Kerala,2024-09-06
14879,Kabir Mehta,Male,55,Indore,Madhya Pradesh,2024-02-19
14880,Sneha Iyer,Female,58,Lucknow,Uttar Pradesh,2025-12-26
14881,Aditya Shah,Male,52,Patna,Bihar,2025-01-23
14882,Priya Mehta,Female,30,Patna,Bihar,2024-10-14
14883,Ishaan Gupta,Female,24,Hyderabad,Telangana,2025-12-07
14884,Neha Singh,Female,22,Ahmedabad,Gujarat,2025-08-13
14885,Rahul Sharma,Male,46,Chennai,Tamil Nadu,2025-04-19
14886,Rahul Arora,Male,25,Nagpur,Maharashtra,2025-08-25
14887,Ankit Gupta,Female,25,Hyderabad,Telangana,2024-01-06
14888,Aisha Joshi,Female,24,Surat,Gujarat,2025-02-15
14889,Isha Malhotra,Male,36,Kochi,Kerala,2025-10-23
14890,Kabir Arora,Female,56,Chennai,Tamil Nadu,2024-11-19
14891,Aditya Kapoor,Female,40,Nagpur,Maharashtra,2025-02-02
14892,Karan Verma,Male,53,Bhopal,Madhya Pradesh,2024-10-08
14893,Kavya Shah,Male,59,Chandigarh,Chandigarh,2024-07-09
14894,Ankit Singh,Female,49,Pune,Maharashtra,2025-08-07
14895,Aisha Das,Male,21,Indore,Madhya Pradesh,2025-05-14
14896,Aditya Bansal,Male,47,Dehradun,Uttarakhand,2025-08-02
14897,Karan Agarwal,Male,59,Chennai,Tamil Nadu,2025-03-09
14898,Rahul Sharma,Female,56,Bengaluru,Karnataka,2024-03-03
14899,Ananya Arora,Female,22,Surat,Gujarat,2025-03-28
14900,Priya Iyer,Male,20,Hyderabad,Telangana,2025-05-07
14901,Vivaan Nair,Male,39,Surat,Gujarat,2025-10-07
14902,Riya Malhotra,Male,45,Bhopal,Madhya Pradesh,2025-03-17
14903,Rahul Sharma,Female,39,Dehradun,Uttarakhand,2024-11-02
14904,Vivaan Agarwal,Male,39,Coimbatore,Tamil Nadu,2024-05-05
14905,Vivaan Malhotra,Female,51,Indore,Madhya Pradesh,2024-09-21
14906,Aditya Agarwal,Male,46,Chandigarh,Chandigarh,2024-01-07
14907,Meera Bansal,Male,60,Chennai,Tamil Nadu,2025-02-16
14908,Sneha Verma,Male,59,Dehradun,Uttarakhand,2024-07-24
14909,Arjun Sethi,Female,30,Dehradun,Uttarakhand,2024-06-27
14910,Riya Patel,Female,24,Kolkata,West Bengal,2025-04-12
14911,Kavya Joshi,Female,27,Hyderabad,Telangana,2025-05-10
14912,Riya Iyer,Male,45,Mumbai,Maharashtra,2025-11-25
14913,Ankit Nair,Male,21,Nagpur,Maharashtra,2025-03-18
14914,Priya Chopra,Female,49,Bhubaneswar,Odisha,2024-08-15
14915,Neha Agarwal,Female,39,Chennai,Tamil Nadu,2024-05-25
14916,Kavya Patel,Female,37,Hyderabad,Telangana,2025-07-23
14917,Meera Gupta,Male,37,Indore,Madhya Pradesh,2024-10-22
14918,Kavya Sethi,Male,23,Coimbatore,Tamil Nadu,2024-08-28
14919,Aisha Verma,Male,26,Mumbai,Maharashtra,2024-10-13
14920,Vivaan Agarwal,Female,45,Indore,Madhya Pradesh,2025-11-05
14921,Vivaan Gupta,Female,30,Lucknow,Uttar Pradesh,2024-01-26
14922,Diya Iyer,Female,48,Hyderabad,Telangana,2025-03-27
14923,Arjun Sharma,Male,56,Dehradun,Uttarakhand,2024-04-15
14924,Neha Sharma,Female,31,Dehradun,Uttarakhand,2024-08-27
14925,Aisha Chopra,Male,39,Surat,Gujarat,2025-02-21
14926,Arjun Arora,Male,54,Hyderabad,Telangana,2024-11-27
14927,Aditya Singh,Female,41,Jaipur,Rajasthan,2024-02-11
14928,Ananya Patel,Female,25,Pune,Maharashtra,2025-10-06
14929,Karan Nair,Female,32,Coimbatore,Tamil Nadu,2025-07-09
14930,Vivaan Chopra,Female,58,Coimbatore,Tamil Nadu,2024-02-04
14931,Rohan Chopra,Male,23,Kolkata,West Bengal,2024-12-12
14932,Ankit Gupta,Female,40,Kolkata,West Bengal,2025-01-18
14933,Ananya Verma,Female,42,Dehradun,Uttarakhand,2025-05-27
14934,Ankit Mehta,Male,48,Surat,Gujarat,2024-10-14
14935,Ankit Verma,Female,46,Surat,Gujarat,2024-02-02
14936,Aditya Mehta,Female,40,Dehradun,Uttarakhand,2024-04-04
14937,Kavya Agarwal,Male,27,Jaipur,Rajasthan,2024-07-23
14938,Ankit Agarwal,Male,26,Hyderabad,Telangana,2025-09-12
14939,Rahul Sethi,Male,30,Bhubaneswar,Odisha,2024-01-30
14940,Kavya Gupta,Female,49,Bhubaneswar,Odisha,2024-09-22
14941,Sneha Sethi,Female,58,Chennai,Tamil Nadu,2024-01-23
14942,Diya Agarwal,Female,18,Dehradun,Uttarakhand,2025-08-31
14943,Vivaan Kumar,Male,18,Lucknow,Uttar Pradesh,2024-02-08
14944,Kabir Reddy,Female,54,Chennai,Tamil Nadu,2024-06-21
14945,Kavya Nair,Female,57,Hyderabad,Telangana,2025-02-16
14946,Karan Gupta,Male,35,Kochi,Kerala,2025-02-17
14947,Ishaan Kapoor,Female,53,Mumbai,Maharashtra,2025-11-04
14948,Rohan Arora,Female,48,Indore,Madhya Pradesh,2025-11-22
14949,Priya Joshi,Male,18,Chandigarh,Chandigarh,2025-09-06
14950,Ananya Iyer,Male,53,Jaipur,Rajasthan,2024-07-27
14951,Riya Gupta,Female,26,Chandigarh,Chandigarh,2024-01-22
14952,Sneha Mehta,Female,39,Pune,Maharashtra,2024-01-05
14953,Ankit Kapoor,Female,45,Hyderabad,Telangana,2025-10-12
14954,Diya Shah,Female,43,Coimbatore,Tamil Nadu,2024-08-01
14955,Aditya Malhotra,Male,27,Chandigarh,Chandigarh,2025-11-02
14956,Riya Sethi,Male,20,Bengaluru,Karnataka,2024-05-18
14957,Isha Sethi,Female,19,Coimbatore,Tamil Nadu,2025-10-18
14958,Rohan Agarwal,Male,54,Mumbai,Maharashtra,2025-11-02
14959,Ankit Sharma,Female,48,Dehradun,Uttarakhand,2025-08-17
14960,Ananya Kumar,Male,50,Chandigarh,Chandigarh,2025-10-28
14961,Ishaan Patel,Male,49,Mumbai,Maharashtra,2024-11-12
14962,Neha Singh,Male,60,Mumbai,Maharashtra,2025-07-29
14963,Aarav Gupta,Male,29,Patna,Bihar,2025-12-04
14964,Riya Verma,Female,20,Nagpur,Maharashtra,2024-06-04
14965,Isha Gupta,Male,43,Nagpur,Maharashtra,2025-02-27
14966,Sneha Malhotra,Female,31,Bhopal,Madhya Pradesh,2025-05-14
14967,Aarav Das,Female,29,Pune,Maharashtra,2024-03-31
14968,Kabir Das,Female,43,Lucknow,Uttar Pradesh,2025-10-15
14969,Isha Reddy,Male,33,Delhi,Delhi,2024-02-11
14970,Aditya Iyer,Female,25,Lucknow,Uttar Pradesh,2024-10-21
14971,Aarav Agarwal,Male,45,Hyderabad,Telangana,2024-12-02
14972,Karan Chopra,Other,24,Pune,Maharashtra,2024-01-01
14973,Ananya Gupta,Female,32,Surat,Gujarat,2024-04-18
14974,Sneha Iyer,Male,58,Bhubaneswar,Odisha,2024-05-04
14975,Ananya Patel,Female,53,Kochi,Kerala,2024-03-04
14976,Aisha Mehta,Male,25,Patna,Bihar,2024-07-24
14977,Aarav Sharma,Male,27,Delhi,Delhi,2025-02-18
14978,Sneha Patel,Female,32,Lucknow,Uttar Pradesh,2024-08-31
14979,Rohan Iyer,Male,35,Delhi,Delhi,2025-08-12
14980,Karan Bansal,Female,54,Surat,Gujarat,2025-09-14
14981,Arjun Das,Female,58,Chandigarh,Chandigarh,2025-10-15
14982,Kabir Mehta,Male,60,Pune,Maharashtra,2024-08-03
14983,Ishaan Das,Male,52,Mumbai,Maharashtra,2025-06-11
14984,Arjun Malhotra,Male,19,Chandigarh,Chandigarh,2025-07-19
14985,Kavya Gupta,Male,39,Hyderabad,Telangana,2025-10-14
14986,Arjun Chopra,Male,32,Kochi,Kerala,2025-01-14
14987,Isha Shah,Female,54,Coimbatore,Tamil Nadu,2024-03-19
14988,Kabir Iyer,Female,56,Lucknow,Uttar Pradesh,2025-02-18
14989,Rahul Joshi,Female,53,Ahmedabad,Gujarat,2025-03-28
14990,Vivaan Malhotra,Male,22,Bhubaneswar,Odisha,2024-05-28
14991,Ishaan Bansal,Female,32,Lucknow,Uttar Pradesh,2025-09-30
14992,Neha Joshi,Female,44,Lucknow,Uttar Pradesh,2025-10-31
14993,Meera Kapoor,Male,33,Indore,Madhya Pradesh,2024-02-07
14994,Neha Reddy,Male,53,Bengaluru,Karnataka,2024-06-05
14995,Kavya Mehta,Male,55,Kochi,Kerala,2024-11-28
14996,Vivaan Reddy,Female,35,Bengaluru,Karnataka,2024-10-14
14997,Priya Iyer,Female,52,Chandigarh,Chandigarh,2024-04-21
14998,Vivaan Verma,Female,42,Patna,Bihar,2025-12-02
14999,Aarav Gupta,Female,39,Mumbai,Maharashtra,2025-09-09
15000,Vivaan Das,Female,48,Patna,Bihar,2024-03-31
