order_id,customer_id,order_date,region,payment_method,order_status
500001,14363,2025-02-24,Central,Net Banking,Cancelled
500002,11822,2025-04-17,West,UPI,Shipped
500003,12924,2025-10-14,East,UPI,Delivered
500004,12744,2025-12-19,West,Debit Card,Delivered
500005,12058,2025-08-01,North,Net Banking,Delivered
500006,13259,2025-03-27,North,Debit Card,Delivered
500007,12418,2025-07-01,North,Credit Card,Returned
500008,10099,2025-06-30,West,UPI,Delivered
500009,14119,2025-06-14,North,Credit Card,Delivered
500010,10573,2025-04-06,South,UPI,Delivered
500011,12370,2025-01-03,South,Debit Card,Delivered
500012,12996,2025-07-24,East,UPI,Delivered
500013,13589,2025-08-30,West,Net Banking,Delivered
500014,12104,2025-10-25,South,Debit Card,Delivered
500015,13742,2025-07-02,West,Credit Card,Delivered
500016,10648,2025-06-15,South,Credit Card,Returned
500017,13332,2025-06-01,North,Credit Card,Delivered
500018,14179,2025-12-08,East,Credit Card,Delivered
500019,14487,2025-09-23,North,UPI,Delivered
500020,12994,2025-05-20,East,Cash on Delivery,Shipped
500021,11578,2025-09-01,East,Cash on Delivery,Delivered
500022,10796,2025-10-30,West,Credit Card,Delivered
500023,11757,2025-08-26,East,UPI,Delivered
500024,12773,2025-07-30,West,UPI,Returned
500025,10964,2025-12-05,North,Cash on Delivery,Shipped
500026,14774,2025-04-27,West,Credit Card,Delivered
500027,14524,2025-01-10,Central,Cash on Delivery,Delivered
500028,10156,2025-03-12,North,UPI,Delivered
500029,12896,2025-04-29,Central,Net Banking,Returned
500030,13996,2025-04-29,West,Debit Card,Delivered
500031,11236,2025-05-07,West,Debit Card,Delivered
500032,12676,2025-09-17,South,UPI,Delivered
500033,12081,2025-08-16,South,Cash on Delivery,Delivered
500034,10964,2025-03-27,North,UPI,Cancelled
500035,13155,2025-09-23,Central,Debit Card,Delivered
500036,14973,2025-08-03,West,Debit Card,Returned
500037,11868,2025-08-28,South,Debit Card,Delivered
500038,12846,2025-11-28,North,Net Banking,Delivered
500039,11665,2025-09-06,West,Cash on Delivery,Shipped
500040,14422,2025-02-26,South,UPI,Delivered
500041,14374,2025-06-14,West,Credit Card,Delivered
500042,10872,2025-12-04,South,Cash on Delivery,Delivered
500043,14537,2025-07-15,West,Net Banking,Shipped
500044,10739,2025-08-27,Central,Cash on Delivery,Shipped
500045,10486,2025-10-06,South,Credit Card,Delivered
500046,13331,2025-03-11,North,Debit Card,Delivered
500047,11964,2025-09-20,North,UPI,Delivered
500048,12719,2025-01-19,North,Credit Card,Delivered
500049,13327,2025-08-26,North,UPI,Delivered
500050,10256,2025-08-28,North,Debit Card,Delivered
500051,11480,2025-12-08,Central,Cash on Delivery,Delivered
500052,12360,2025-12-01,North,UPI,Delivered
500053,11349,2025-11-11,South,Credit Card,Delivered
500054,10238,2025-03-11,North,Debit Card,Returned
500055,10442,2025-07-17,West,Debit Card,Delivered
500056,14062,2025-09-19,West,UPI,Delivered
500057,14588,2025-11-28,South,UPI,Delivered
500058,10739,2025-07-13,Central,Net Banking,Delivered
500059,11260,2025-05-12,South,UPI,Delivered
500060,13324,2025-03-11,East,UPI,Shipped
500061,14784,2025-09-12,North,Cash on Delivery,Delivered
500062,11513,2025-07-04,West,Credit Card,Delivered
500063,14320,2025-08-22,South,Net Banking,Delivered
500064,12593,2025-12-23,Central,Cash on Delivery,Delivered
500065,14796,2025-08-18,North,Cash on Delivery,Delivered
500066,10668,2025-05-22,West,UPI,Delivered
500067,14879,2025-04-21,Central,UPI,Delivered
500068,12260,2025-03-24,South,UPI,Delivered
500069,14776,2025-08-31,North,Debit Card,Shipped
500070,12343,2025-01-07,South,UPI,Delivered
500071,12710,2025-03-02,East,Credit Card,Delivered
500072,14075,2025-12-30,Central,Net Banking,Delivered
500073,13685,2025-11-24,North,UPI,Delivered
500074,13177,2025-08-01,North,UPI,Delivered
500075,12136,2025-07-02,North,Debit Card,Delivered
500076,14018,2025-12-21,West,UPI,Delivered
500077,14766,2025-08-27,North,Debit Card,Shipped
500078,10049,2025-02-22,South,Debit Card,Delivered
500079,13023,2025-08-08,South,UPI,Returned
500080,14380,2025-03-24,West,UPI,Delivered
500081,13331,2025-06-21,North,UPI,Delivered
500082,14058,2025-01-28,East,Credit Card,Delivered
500083,14517,2025-10-29,East,Credit Card,Delivered
500084,13815,2025-06-26,South,Credit Card,Delivered
500085,13655,2025-06-04,East,UPI,Shipped
500086,14844,2025-09-06,North,Credit Card,Delivered
500087,14371,2025-07-26,West,Cash on Delivery,Shipped
500088,14123,2025-09-01,West,UPI,Delivered
500089,10438,2025-06-16,North,Cash on Delivery,Delivered
500090,11194,2025-08-02,South,Net Banking,Delivered
500091,12872,2025-03-25,East,UPI,Delivered
500092,13621,2025-01-27,East,Debit Card,Delivered
500093,11523,2025-02-04,South,UPI,Delivered
500094,10476,2025-10-30,South,UPI,Delivered
500095,11570,2025-11-04,East,Credit Card,Delivered
500096,13911,2025-03-10,Central,Credit Card,Delivered
500097,14424,2025-07-13,West,Net Banking,Delivered
500098,14594,2025-10-24,South,Cash on Delivery,Delivered
500099,11930,2025-02-19,East,Cash on Delivery,Delivered
500100,11898,2025-02-14,North,UPI,Delivered
500101,12084,2025-10-03,North,Debit Card,Delivered
500102,11914,2025-04-30,North,Credit Card,Delivered
500103,13398,2025-10-19,East,Credit Card,Delivered
500104,11825,2025-07-19,North,Cash on Delivery,Delivered
500105,10095,2025-04-01,West,Credit Card,Delivered
500106,12248,2025-11-22,West,Debit Card,Delivered
500107,11097,2025-06-01,West,Credit Card,Cancelled
500108,10140,2025-06-13,North,UPI,Delivered
500109,12403,2025-05-13,North,UPI,Delivered
500110,11010,2025-07-31,East,Debit Card,Delivered
500111,12308,2025-06-30,Central,Net Banking,Delivered
500112,11402,2025-09-13,South,Credit Card,Delivered
500113,13097,2025-12-27,South,UPI,Delivered
500114,14960,2025-04-08,North,Cash on Delivery,Delivered
500115,12816,2025-12-25,Central,Credit Card,Delivered
500116,13293,2025-05-04,West,UPI,Delivered
500117,14615,2025-06-27,West,UPI,Delivered
500118,11905,2025-11-26,South,UPI,Delivered
500119,10803,2025-08-29,South,Debit Card,Delivered
500120,11425,2025-08-14,East,Debit Card,Delivered
500121,12064,2025-06-12,East,Debit Card,Delivered
500122,13287,2025-11-16,South,Credit Card,Delivered
500123,10025,2025-10-28,South,Credit Card,Delivered
500124,14310,2025-10-21,West,Cash on Delivery,Delivered
500125,10375,2025-12-23,West,Net Banking,Shipped
500126,14543,2025-12-07,East,Cash on Delivery,Delivered
500127,14768,2025-06-04,South,UPI,Delivered
500128,14958,2025-09-05,West,Cash on Delivery,Shipped
500129,14094,2025-07-12,West,UPI,Delivered
500130,10689,2025-03-14,Central,UPI,Delivered
500131,13592,2025-09-16,South,UPI,Delivered
500132,10994,2025-11-11,North,UPI,Delivered
500133,14524,2025-08-18,Central,Credit Card,Returned
500134,11604,2025-04-10,Central,Credit Card,Delivered
500135,11660,2025-08-14,West,UPI,Delivered
500136,14613,2025-01-30,North,Net Banking,Delivered
500137,10066,2025-08-11,Central,Credit Card,Delivered
500138,10950,2025-08-10,West,UPI,Delivered
500139,12158,2025-01-16,West,UPI,Delivered
500140,13569,2025-10-12,North,Credit Card,Delivered
500141,13298,2025-07-25,East,Cash on Delivery,Delivered
500142,13420,2025-08-04,East,Credit Card,Delivered
500143,14437,2025-04-10,North,UPI,Cancelled
500144,10605,2025-01-24,North,UPI,Shipped
500145,12663,2025-09-20,North,UPI,Delivered
500146,13693,2025-04-11,South,Net Banking,Delivered
500147,13247,2025-02-15,North,Cash on Delivery,Delivered
500148,12296,2025-08-28,South,UPI,Delivered
500149,10083,2025-10-31,South,UPI,Delivered
500150,10295,2025-04-12,South,UPI,Delivered
500151,10601,2025-06-02,North,Net Banking,Delivered
500152,11744,2025-02-12,North,Net Banking,Delivered
500153,10596,2025-02-24,East,Credit Card,Delivered
500154,12178,2025-11-17,West,Cash on Delivery,Returned
500155,10871,2025-06-05,North,UPI,Delivered
500156,13946,2025-10-24,North,Credit Card,Returned
500157,14402,2025-02-03,West,Cash on Delivery,Delivered
500158,11985,2025-11-11,South,Net Banking,Shipped
500159,12622,2025-08-26,South,Credit Card,Delivered
500160,14779,2025-06-29,East,UPI,Shipped
500161,12747,2025-11-15,North,Cash on Delivery,Delivered
500162,14977,2025-06-03,North,Credit Card,Shipped
500163,10691,2025-07-24,North,UPI,Delivered
500164,14361,2025-09-25,North,Credit Card,Shipped
500165,12547,2025-01-22,West,UPI,Delivered
500166,10111,2025-11-08,North,Credit Card,Delivered
500167,14875,2025-01-06,West,UPI,Delivered
500168,14844,2025-02-05,North,Credit Card,Delivered
500169,11951,2025-05-06,West,Credit Card,Shipped
500170,14783,2025-08-17,East,Debit Card,Delivered
500171,10685,2025-07-06,South,UPI,Delivered
500172,13466,2025-02-28,West,Debit Card,Cancelled
500173,10937,2025-03-09,South,Debit Card,Delivered
500174,11245,2025-11-04,West,Credit Card,Delivered
500175,13946,2025-04-30,North,UPI,Delivered
500176,11925,2025-11-29,East,Net Banking,Delivered
500177,10036,2025-12-02,Central,Credit Card,Delivered
500178,12121,2025-12-29,North,UPI,Delivered
500179,11125,2025-12-12,Central,Credit Card,Delivered
500180,13488,2025-12-19,West,UPI,Delivered
500181,10952,2025-09-02,East,Net Banking,Delivered
500182,14253,2025-03-09,West,Credit Card,Delivered
500183,11354,2025-06-03,North,Debit Card,Delivered
500184,12010,2025-11-25,West,Debit Card,Shipped
500185,11507,2025-10-24,East,Net Banking,Delivered
500186,13282,2025-07-22,North,Net Banking,Delivered
500187,10512,2025-05-13,North,Cash on Delivery,Delivered
500188,12449,2025-04-26,East,Credit Card,Delivered
500189,11693,2025-04-03,West,Credit Card,Delivered
500190,14464,2025-04-12,Central,UPI,Delivered
500191,10359,2025-12-26,East,Cash on Delivery,Delivered
500192,14195,2025-12-14,West,Credit Card,Delivered
500193,10812,2025-10-02,West,Debit Card,Delivered
500194,10453,2025-04-28,East,Credit Card,Delivered
500195,10992,2025-03-06,North,Credit Card,Cancelled
500196,10518,2025-03-10,East,Credit Card,Delivered
500197,12655,2025-08-03,West,Net Banking,Delivered
500198,14948,2025-11-05,Central,Debit Card,Delivered
500199,10165,2025-05-27,West,Net Banking,Delivered
500200,12360,2025-03-07,North,UPI,Delivered
500201,11965,2025-06-25,West,UPI,Delivered
500202,11729,2025-03-07,South,UPI,Delivered
500203,11681,2025-07-20,West,UPI,Delivered
500204,14517,2025-01-18,East,UPI,Delivered
500205,10092,2025-12-02,North,UPI,Delivered
500206,13928,2025-10-22,South,Credit Card,Returned
500207,11281,2025-05-07,West,UPI,Delivered
500208,11951,2025-07-20,West,Credit Card,Delivered
500209,12150,2025-02-20,South,Cash on Delivery,Cancelled
500210,11532,2025-05-07,Central,Credit Card,Delivered
500211,10478,2025-05-31,North,Cash on Delivery,Delivered
500212,10579,2025-06-10,West,Debit Card,Delivered
500213,11507,2025-07-07,East,Cash on Delivery,Delivered
500214,14158,2025-08-18,North,Debit Card,Delivered
500215,10659,2025-04-08,North,Net Banking,Delivered
500216,13781,2025-06-30,North,UPI,Delivered
500217,11462,2025-11-30,West,Credit Card,Delivered
500218,14458,2025-07-24,East,Cash on Delivery,Delivered
500219,12190,2025-10-31,East,UPI,Delivered
500220,10829,2025-03-23,South,Credit Card,Returned
500221,14935,2025-02-02,West,Debit Card,Delivered
500222,10859,2025-08-26,East,Credit Card,Delivered
500223,12924,2025-03-22,East,UPI,Delivered
500224,12929,2025-12-21,East,Net Banking,Delivered
500225,11899,2025-01-02,North,UPI,Delivered
500226,14772,2025-11-28,East,UPI,Delivered
500227,14263,2025-03-31,Central,Credit Card,Delivered
500228,14195,2025-05-06,West,UPI,Cancelled
500229,14879,2025-01-21,Central,Net Banking,Delivered
500230,12336,2025-01-05,West,UPI,Delivered
500231,10495,2025-10-11,Central,Cash on Delivery,Delivered
500232,13885,2025-12-09,West,Debit Card,Delivered
500233,11937,2025-10-31,North,Credit Card,Delivered
500234,10932,2025-12-18,North,Net Banking,Delivered
500235,12472,2025-07-16,Central,Cash on Delivery,Delivered
500236,14639,2025-09-11,South,UPI,Delivered
500237,10826,2025-12-21,North,Credit Card,Delivered
500238,14289,2025-09-07,North,Credit Card,Delivered
500239,12141,2025-11-22,East,Credit Card,Returned
500240,10669,2025-03-24,South,Credit Card,Delivered
500241,14288,2025-08-24,North,Credit Card,Delivered
500242,14860,2025-06-17,East,Net Banking,Delivered
500243,11472,2025-01-06,Central,Credit Card,Delivered
500244,11524,2025-05-22,North,UPI,Delivered
500245,11994,2025-05-05,West,Net Banking,Delivered
500246,14117,2025-11-19,North,Debit Card,Delivered
500247,10053,2025-06-16,West,UPI,Delivered
500248,11097,2025-06-18,West,UPI,Delivered
500249,13591,2025-01-24,North,UPI,Shipped
500250,12079,2025-06-20,West,UPI,Delivered
500251,11674,2025-04-19,Central,Cash on Delivery,Delivered
500252,14406,2025-07-29,Central,UPI,Delivered
500253,14610,2025-04-05,East,Debit Card,Delivered
500254,14764,2025-07-21,South,Debit Card,Delivered
500255,11372,2025-10-12,East,Debit Card,Cancelled
500256,14593,2025-01-02,West,Credit Card,Delivered
500257,13749,2025-10-13,West,Debit Card,Delivered
500258,10755,2025-08-19,West,Credit Card,Delivered
500259,13128,2025-09-11,North,Credit Card,Delivered
500260,10128,2025-04-21,West,Net Banking,Delivered
500261,13617,2025-03-15,North,Credit Card,Delivered
500262,13736,2025-03-17,West,Credit Card,Delivered
500263,13996,2025-07-31,West,Credit Card,Delivered
500264,10835,2025-04-28,North,Net Banking,Delivered
500265,13208,2025-08-21,East,Credit Card,Delivered
500266,10873,2025-07-06,Central,Credit Card,Delivered
500267,14756,2025-10-02,North,UPI,Delivered
500268,13440,2025-11-06,North,Cash on Delivery,Delivered
500269,10486,2025-05-31,South,Net Banking,Delivered
500270,10912,2025-07-30,West,Credit Card,Cancelled
500271,13384,2025-12-17,West,Debit Card,Returned
500272,12442,2025-10-16,North,Credit Card,Delivered
500273,13747,2025-11-18,North,UPI,Delivered
500274,11416,2025-07-26,Central,Credit Card,Delivered
500275,13368,2025-03-31,West,Net Banking,Delivered
500276,10860,2025-05-26,Central,Net Banking,Delivered
500277,12793,2025-03-06,South,UPI,Delivered
500278,14803,2025-03-27,South,UPI,Delivered
500279,13208,2025-10-19,East,Net Banking,Delivered
500280,10240,2025-06-10,West,Cash on Delivery,Delivered
500281,14951,2025-08-19,North,UPI,Delivered
500282,10771,2025-05-22,West,Credit Card,Delivered
500283,13659,2025-08-27,West,UPI,Delivered
500284,12727,2025-10-20,Central,UPI,Delivered
500285,11487,2025-08-25,West,Debit Card,Delivered
500286,10861,2025-05-13,North,Credit Card,Delivered
500287,10862,2025-11-02,North,Net Banking,Delivered
500288,14331,2025-07-08,North,Net Banking,Delivered
500289,14412,2025-08-02,South,Cash on Delivery,Returned
500290,12375,2025-11-21,South,Net Banking,Delivered
500291,10521,2025-12-23,West,Net Banking,Delivered
500292,14464,2025-12-20,Central,Credit Card,Delivered
500293,12488,2025-05-23,West,UPI,Delivered
500294,12245,2025-10-20,West,UPI,Cancelled
500295,12087,2025-10-10,West,Credit Card,Delivered
500296,11865,2025-04-22,West,Credit Card,Delivered
500297,12692,2025-09-14,West,Net Banking,Returned
500298,13100,2025-07-19,South,Credit Card,Delivered
500299,12380,2025-08-13,North,UPI,Delivered
500300,14522,2025-10-12,East,Credit Card,Delivered
500301,11607,2025-06-08,South,Net Banking,Shipped
500302,12984,2025-10-21,East,Net Banking,Delivered
500303,11514,2025-01-08,South,UPI,Returned
500304,13827,2025-04-05,North,UPI,Delivered
500305,10518,2025-06-14,East,Credit Card,Returned
500306,10924,2025-07-26,South,UPI,Delivered
500307,14059,2025-07-01,South,Debit Card,Delivered
500308,10893,2025-04-06,East,Credit Card,Delivered
500309,13201,2025-10-09,Central,UPI,Shipped
500310,14864,2025-04-23,West,UPI,Delivered
500311,12668,2025-09-24,West,Cash on Delivery,Shipped
500312,10916,2025-01-23,South,UPI,Shipped
500313,11625,2025-10-16,South,UPI,Delivered
500314,14169,2025-04-23,South,UPI,Cancelled
500315,11797,2025-11-13,Central,UPI,Delivered
500316,13688,2025-05-12,East,Debit Card,Shipped
500317,13938,2025-01-12,South,UPI,Delivered
500318,12572,2025-08-22,North,Credit Card,Delivered
500319,13968,2025-08-27,West,Net Banking,Returned
500320,11606,2025-12-29,East,Net Banking,Delivered
500321,12637,2025-04-13,West,UPI,Delivered
500322,13504,2025-06-19,South,UPI,Delivered
500323,10815,2025-07-04,South,Debit Card,Delivered
500324,11376,2025-03-07,Central,UPI,Delivered
500325,13324,2025-05-15,East,Net Banking,Delivered
500326,13355,2025-05-05,South,Credit Card,Delivered
500327,12525,2025-02-26,West,UPI,Delivered
500328,14035,2025-10-29,West,Cash on Delivery,Delivered
500329,12464,2025-10-05,North,UPI,Delivered
500330,14447,2025-07-01,North,UPI,Delivered
500331,13745,2025-05-28,North,Net Banking,Delivered
500332,11588,2025-09-18,East,Credit Card,Delivered
500333,12025,2025-11-20,South,Cash on Delivery,Delivered
500334,13411,2025-01-14,North,UPI,Delivered
500335,14516,2025-04-24,North,UPI,Delivered
500336,10872,2025-01-27,South,UPI,Delivered
500337,12631,2025-09-17,East,UPI,Delivered
500338,10601,2025-11-16,North,Debit Card,Delivered
500339,11409,2025-08-07,North,Debit Card,Delivered
500340,13501,2025-08-08,North,Credit Card,Delivered
500341,10385,2025-12-08,West,UPI,Delivered
500342,13380,2025-06-19,West,Debit Card,Delivered
500343,14545,2025-03-21,South,UPI,Delivered
500344,14859,2025-10-02,West,Debit Card,Delivered
500345,11069,2025-04-26,West,Net Banking,Delivered
500346,13804,2025-04-04,South,Credit Card,Delivered
500347,14640,2025-03-10,Central,UPI,Delivered
500348,10467,2025-10-14,East,Debit Card,Delivered
500349,12121,2025-06-20,North,Net Banking,Delivered
500350,14616,2025-04-05,Central,Credit Card,Delivered
500351,10993,2025-05-29,North,Credit Card,Delivered
500352,14681,2025-08-11,Central,Cash on Delivery,Delivered
500353,12699,2025-07-12,East,Credit Card,Delivered
500354,10507,2025-08-21,East,UPI,Delivered
500355,12301,2025-07-24,West,Credit Card,Delivered
500356,11657,2025-06-11,Central,Credit Card,Delivered
500357,11421,2025-02-05,Central,UPI,Delivered
500358,12782,2025-08-18,West,UPI,Delivered
500359,12473,2025-02-10,South,Cash on Delivery,Delivered
500360,12464,2025-06-11,North,UPI,Delivered
500361,10453,2025-06-02,East,Debit Card,Delivered
500362,14064,2025-11-17,South,Cash on Delivery,Delivered
500363,12462,2025-03-17,South,UPI,Delivered
500364,14155,2025-09-08,West,UPI,Returned
500365,14175,2025-10-05,West,UPI,Delivered
500366,11606,2025-07-07,East,Credit Card,Delivered
500367,10024,2025-10-05,West,Cash on Delivery,Delivered
500368,14587,2025-07-08,South,Credit Card,Delivered
500369,13865,2025-05-06,North,UPI,Delivered
500370,10537,2025-08-28,South,UPI,Delivered
500371,13574,2025-07-13,West,Credit Card,Delivered
500372,10095,2025-07-19,West,UPI,Shipped
500373,10135,2025-08-13,North,UPI,Delivered
500374,12689,2025-03-10,North,UPI,Delivered
500375,10490,2025-07-11,West,UPI,Delivered
500376,14842,2025-01-10,North,UPI,Delivered
500377,14512,2025-09-24,North,Cash on Delivery,Delivered
500378,13308,2025-09-03,North,Credit Card,Delivered
500379,10313,2025-09-18,North,Debit Card,Delivered
500380,11646,2025-01-12,West,UPI,Delivered
500381,11890,2025-02-13,North,Net Banking,Delivered
500382,12460,2025-04-19,North,UPI,Delivered
500383,10819,2025-12-15,South,Cash on Delivery,Delivered
500384,12981,2025-03-31,North,Net Banking,Shipped
500385,12230,2025-10-12,North,Cash on Delivery,Delivered
500386,14758,2025-10-19,West,Debit Card,Delivered
500387,14693,2025-10-18,West,Debit Card,Delivered
500388,12912,2025-09-21,East,Net Banking,Cancelled
500389,13283,2025-09-29,North,Debit Card,Delivered
500390,10673,2025-10-26,North,Debit Card,Shipped
500391,11092,2025-03-10,West,Credit Card,Delivered
500392,14544,2025-05-24,South,UPI,Delivered
500393,13562,2025-02-25,West,Net Banking,Shipped
500394,10929,2025-02-10,West,Credit Card,Delivered
500395,12936,2025-03-18,North,UPI,Delivered
500396,14688,2025-01-08,East,Credit Card,Delivered
500397,11755,2025-11-06,North,Debit Card,Delivered
500398,10907,2025-03-31,South,UPI,Delivered
500399,14726,2025-09-22,South,Debit Card,Cancelled
500400,12361,2025-07-13,North,UPI,Delivered
500401,12137,2025-03-12,South,UPI,Delivered
500402,11355,2025-10-13,South,Credit Card,Delivered
500403,14497,2025-12-03,North,UPI,Returned
500404,14274,2025-04-18,East,Credit Card,Delivered
500405,12065,2025-04-05,East,Credit Card,Delivered
500406,10149,2025-11-17,West,Cash on Delivery,Delivered
500407,12287,2025-10-13,North,UPI,Delivered
500408,10884,2025-10-30,West,Credit Card,Delivered
500409,10695,2025-12-17,West,Net Banking,Delivered
500410,12011,2025-12-10,South,UPI,Delivered
500411,10503,2025-09-02,North,UPI,Returned
500412,14802,2025-03-16,North,UPI,Delivered
500413,10230,2025-12-28,South,UPI,Shipped
500414,12058,2025-12-02,North,UPI,Delivered
500415,10795,2025-05-17,South,Credit Card,Delivered
500416,13513,2025-08-10,East,Debit Card,Delivered
500417,10395,2025-07-23,North,UPI,Delivered
500418,12816,2025-03-02,Central,UPI,Delivered
500419,13919,2025-12-19,East,Debit Card,Delivered
500420,14768,2025-09-19,South,Cash on Delivery,Delivered
500421,13557,2025-10-28,West,UPI,Delivered
500422,10506,2025-03-06,East,Credit Card,Delivered
500423,10453,2025-02-06,East,UPI,Delivered
500424,13727,2025-12-12,South,Credit Card,Delivered
500425,11062,2025-08-22,West,UPI,Delivered
500426,12290,2025-07-20,Central,UPI,Delivered
500427,14887,2025-04-12,South,Debit Card,Delivered
500428,14153,2025-04-20,West,Net Banking,Delivered
500429,14280,2025-02-19,East,Debit Card,Delivered
500430,14347,2025-11-23,West,Cash on Delivery,Delivered
500431,13177,2025-10-14,North,Debit Card,Delivered
500432,13787,2025-06-09,East,Debit Card,Delivered
500433,11830,2025-10-31,East,Credit Card,Delivered
500434,14994,2025-07-30,South,UPI,Shipped
500435,11410,2025-05-25,North,Debit Card,Delivered
500436,13035,2025-07-08,East,Cash on Delivery,Delivered
500437,11421,2025-07-04,Central,Cash on Delivery,Delivered
500438,10567,2025-11-09,Central,Credit Card,Delivered
500439,12924,2025-09-06,East,Credit Card,Shipped
500440,11806,2025-06-10,South,UPI,Delivered
500441,13006,2025-05-27,North,Debit Card,Delivered
500442,12878,2025-09-28,South,Debit Card,Delivered
500443,12786,2025-06-12,South,UPI,Delivered
500444,10610,2025-06-26,North,Net Banking,Delivered
500445,12255,2025-08-18,Central,Credit Card,Delivered
500446,14107,2025-06-13,South,Credit Card,Shipped
500447,11593,2025-08-12,North,UPI,Delivered
500448,12274,2025-08-12,West,UPI,Delivered
500449,12528,2025-08-20,West,Cash on Delivery,Shipped
500450,14365,2025-02-23,South,Cash on Delivery,Delivered
500451,13357,2025-02-05,South,Net Banking,Delivered
500452,10509,2025-02-22,Central,Credit Card,Delivered
500453,14375,2025-07-07,East,UPI,Delivered
500454,14203,2025-03-15,West,UPI,Delivered
500455,13830,2025-10-27,South,UPI,Delivered
500456,12379,2025-10-16,West,Credit Card,Delivered
500457,13848,2025-11-07,North,Net Banking,Delivered
500458,12453,2025-02-13,East,Debit Card,Delivered
500459,13747,2025-02-20,North,Debit Card,Shipped
500460,14437,2025-04-09,North,UPI,Delivered
500461,14492,2025-12-08,North,Net Banking,Returned
500462,12319,2025-02-20,West,Net Banking,Returned
500463,14337,2025-05-15,South,UPI,Delivered
500464,10512,2025-08-01,North,Credit Card,Delivered
500465,10514,2025-05-21,East,Credit Card,Delivered
500466,12821,2025-10-31,East,Debit Card,Delivered
500467,13324,2025-04-24,East,Net Banking,Delivered
500468,10744,2025-08-27,Central,Credit Card,Delivered
500469,12414,2025-12-06,West,UPI,Delivered
500470,10482,2025-06-24,South,UPI,Delivered
500471,13087,2025-02-16,West,Debit Card,Delivered
500472,14320,2025-09-23,South,Credit Card,Delivered
500473,13752,2025-01-26,West,Cash on Delivery,Delivered
500474,11928,2025-02-19,North,Cash on Delivery,Delivered
500475,14973,2025-05-09,West,Cash on Delivery,Delivered
500476,13383,2025-12-31,South,UPI,Delivered
500477,14123,2025-11-15,West,UPI,Delivered
500478,13420,2025-05-25,East,UPI,Delivered
500479,14955,2025-05-25,North,UPI,Delivered
500480,14157,2025-06-16,East,Cash on Delivery,Cancelled
500481,12650,2025-02-12,North,Cash on Delivery,Delivered
500482,11872,2025-02-10,South,Credit Card,Delivered
500483,13479,2025-01-15,North,Cash on Delivery,Delivered
500484,13037,2025-05-09,South,Credit Card,Delivered
500485,13218,2025-02-27,South,Credit Card,Delivered
500486,11741,2025-02-23,North,Credit Card,Cancelled
500487,12191,2025-08-12,North,Credit Card,Delivered
500488,12876,2025-07-22,South,UPI,Delivered
500489,14241,2025-05-13,North,UPI,Returned
500490,13876,2025-03-03,Central,Credit Card,Delivered
500491,10600,2025-08-31,West,Credit Card,Delivered
500492,11238,2025-07-29,East,Net Banking,Delivered
500493,10129,2025-08-30,North,Credit Card,Delivered
500494,10039,2025-07-29,West,Net Banking,Cancelled
500495,11099,2025-08-03,South,Cash on Delivery,Delivered
500496,14049,2025-09-01,South,Debit Card,Delivered
500497,14558,2025-03-12,South,UPI,Delivered
500498,12002,2025-10-29,West,Credit Card,Delivered
500499,12900,2025-03-31,South,Net Banking,Delivered
500500,13591,2025-06-05,North,Credit Card,Delivered
500501,14776,2025-03-25,North,Net Banking,Delivered
500502,14595,2025-05-31,South,Net Banking,Delivered
500503,10284,2025-06-09,South,UPI,Delivered
500504,11253,2025-03-23,South,UPI,Delivered
500505,10239,2025-10-16,East,Debit Card,Delivered
500506,13161,2025-07-05,East,UPI,Delivered
500507,13627,2025-03-30,North,Credit Card,Delivered
500508,11555,2025-06-09,North,UPI,Delivered
500509,14311,2025-02-19,West,UPI,Delivered
500510,12308,2025-06-28,Central,UPI,Shipped
500511,14994,2025-08-08,South,Credit Card,Returned
500512,10004,2025-07-24,North,Cash on Delivery,Delivered
500513,10551,2025-01-19,East,Credit Card,Delivered
500514,11522,2025-01-03,East,Net Banking,Delivered
500515,10127,2025-04-26,Central,Debit Card,Delivered
500516,13962,2025-12-13,West,Net Banking,Delivered
500517,10256,2025-10-26,North,Debit Card,Cancelled
500518,13806,2025-06-06,Central,UPI,Delivered
500519,10256,2025-08-29,North,UPI,Delivered
500520,11280,2025-04-18,South,Cash on Delivery,Delivered
500521,14250,2025-10-27,North,Debit Card,Delivered
500522,14771,2025-02-21,East,Credit Card,Shipped
500523,12123,2025-12-19,North,Credit Card,Delivered
500524,14863,2025-01-28,West,Net Banking,Delivered
500525,13205,2025-07-31,North,UPI,Delivered
500526,12131,2025-04-19,Central,UPI,Delivered
500527,14067,2025-11-06,South,UPI,Delivered
500528,11493,2025-09-15,South,UPI,Delivered
500529,11347,2025-08-08,West,UPI,Delivered
500530,13358,2025-01-17,North,Credit Card,Delivered
500531,11993,2025-08-28,East,UPI,Delivered
500532,10667,2025-07-31,East,UPI,Delivered
500533,10324,2025-10-11,North,Credit Card,Delivered
500534,13991,2025-10-11,Central,Credit Card,Delivered
500535,13446,2025-06-29,South,Credit Card,Cancelled
500536,12110,2025-09-29,Central,UPI,Delivered
500537,14521,2025-03-26,East,Credit Card,Delivered
500538,12104,2025-09-18,South,Credit Card,Delivered
500539,13625,2025-10-28,South,Credit Card,Delivered
500540,14578,2025-07-29,Central,UPI,Delivered
500541,14250,2025-11-04,North,Credit Card,Delivered
500542,12618,2025-03-03,West,Debit Card,Delivered
500543,13470,2025-01-05,South,Net Banking,Returned
500544,12120,2025-04-17,West,Credit Card,Delivered
500545,13294,2025-01-11,West,Cash on Delivery,Delivered
500546,11306,2025-12-08,South,Net Banking,Delivered
500547,12223,2025-08-03,East,UPI,Delivered
500548,11027,2025-08-07,South,Credit Card,Returned
500549,10179,2025-06-28,West,UPI,Delivered
500550,13028,2025-11-12,West,Credit Card,Delivered
500551,14374,2025-03-07,West,UPI,Shipped
500552,10127,2025-07-04,Central,UPI,Delivered
500553,10963,2025-01-17,West,Cash on Delivery,Delivered
500554,12357,2025-02-09,South,Credit Card,Delivered
500555,13397,2025-12-02,North,Cash on Delivery,Delivered
500556,10826,2025-03-17,North,UPI,Delivered
500557,10280,2025-11-15,South,UPI,Shipped
500558,12649,2025-09-03,West,UPI,Delivered
500559,14140,2025-02-20,East,Credit Card,Delivered
500560,10167,2025-05-09,South,Net Banking,Delivered
500561,11781,2025-11-03,South,Debit Card,Delivered
500562,13385,2025-09-17,North,UPI,Delivered
500563,10644,2025-07-28,West,Credit Card,Delivered
500564,11179,2025-07-30,Central,Debit Card,Delivered
500565,12747,2025-05-12,North,UPI,Delivered
500566,14778,2025-03-25,South,Credit Card,Delivered
500567,11453,2025-02-18,South,Debit Card,Delivered
500568,12490,2025-09-03,North,Cash on Delivery,Returned
500569,12049,2025-02-08,South,UPI,Delivered
500570,14525,2025-05-25,South,Debit Card,Shipped
500571,10351,2025-05-23,Central,Debit Card,Delivered
500572,12914,2025-09-04,South,Credit Card,Shipped
500573,14280,2025-12-27,East,Net Banking,Delivered
500574,14948,2025-06-05,Central,Credit Card,Delivered
500575,13557,2025-01-16,West,Debit Card,Delivered
500576,11935,2025-12-14,South,Net Banking,Delivered
500577,12110,2025-10-08,Central,Credit Card,Shipped
500578,11797,2025-02-08,Central,Credit Card,Delivered
500579,13097,2025-05-25,South,Debit Card,Delivered
500580,13766,2025-02-15,West,Net Banking,Delivered
500581,14150,2025-11-05,South,UPI,Delivered
500582,12134,2025-11-03,West,Net Banking,Delivered
500583,13655,2025-01-20,East,UPI,Delivered
500584,14605,2025-12-09,West,UPI,Delivered
500585,14624,2025-05-13,West,Net Banking,Delivered
500586,13584,2025-11-14,East,UPI,Delivered
500587,13249,2025-12-25,North,UPI,Delivered
500588,12724,2025-09-25,South,Debit Card,Delivered
500589,10893,2025-03-22,East,Credit Card,Cancelled
500590,10611,2025-06-07,East,Cash on Delivery,Shipped
500591,12480,2025-08-12,North,Cash on Delivery,Delivered
500592,10781,2025-01-02,East,UPI,Returned
500593,12979,2025-05-05,Central,UPI,Delivered
500594,13288,2025-08-29,Central,UPI,Delivered
500595,12689,2025-04-27,North,Credit Card,Delivered
500596,10174,2025-09-21,West,Credit Card,Shipped
500597,10289,2025-02-06,East,UPI,Delivered
500598,10573,2025-11-07,South,Credit Card,Delivered
500599,10748,2025-08-04,East,UPI,Returned
500600,14957,2025-02-18,South,Net Banking,Cancelled
500601,11750,2025-08-05,East,Cash on Delivery,Delivered
500602,11473,2025-02-28,North,UPI,Delivered
500603,10255,2025-03-01,South,Debit Card,Delivered
500604,13243,2025-12-11,West,UPI,Delivered
500605,13324,2025-03-19,East,Credit Card,Delivered
500606,10852,2025-04-29,North,Credit Card,Delivered
500607,14615,2025-12-22,West,UPI,Delivered
500608,14056,2025-11-15,Central,Credit Card,Delivered
500609,11141,2025-05-07,South,Cash on Delivery,Cancelled
500610,12483,2025-07-26,West,UPI,Shipped
500611,12342,2025-06-09,North,Debit Card,Delivered
500612,11778,2025-11-18,South,Net Banking,Delivered
500613,14133,2025-03-26,West,Net Banking,Delivered
500614,10547,2025-01-04,Central,Net Banking,Delivered
500615,12129,2025-06-06,South,UPI,Delivered
500616,12190,2025-06-26,East,Cash on Delivery,Returned
500617,12394,2025-12-15,West,Debit Card,Delivered
500618,14351,2025-10-06,South,Cash on Delivery,Delivered
500619,11076,2025-11-06,North,Cash on Delivery,Delivered
500620,10519,2025-09-09,South,Credit Card,Delivered
500621,13166,2025-03-21,West,Credit Card,Delivered
500622,10842,2025-02-13,West,Debit Card,Cancelled
500623,10368,2025-08-06,North,Net Banking,Delivered
500624,12181,2025-07-18,East,Cash on Delivery,Delivered
500625,11081,2025-06-29,West,Cash on Delivery,Returned
500626,11843,2025-07-27,West,UPI,Cancelled
500627,11317,2025-07-13,South,Debit Card,Delivered
500628,10471,2025-01-12,South,UPI,Delivered
500629,12886,2025-07-24,South,Net Banking,Delivered
500630,10133,2025-12-02,South,UPI,Delivered
500631,14848,2025-05-06,East,Cash on Delivery,Delivered
500632,11737,2025-12-14,East,Cash on Delivery,Shipped
500633,13543,2025-03-13,Central,UPI,Delivered
500634,14099,2025-08-08,West,Credit Card,Delivered
500635,11408,2025-10-29,South,UPI,Delivered
500636,13804,2025-03-13,South,Credit Card,Delivered
500637,14203,2025-12-15,West,UPI,Delivered
500638,11209,2025-05-01,East,UPI,Returned
500639,14968,2025-10-01,North,Credit Card,Delivered
500640,10096,2025-10-27,South,UPI,Delivered
500641,11070,2025-02-12,South,Credit Card,Delivered
500642,13950,2025-07-27,South,Debit Card,Delivered
500643,10951,2025-08-02,East,Credit Card,Shipped
500644,13555,2025-12-01,North,UPI,Delivered
500645,14322,2025-03-18,North,UPI,Delivered
500646,14808,2025-05-30,North,UPI,Delivered
500647,12424,2025-09-09,South,Debit Card,Delivered
500648,14870,2025-03-01,West,UPI,Delivered
500649,12110,2025-08-01,Central,Cash on Delivery,Delivered
500650,11076,2025-03-04,North,Debit Card,Delivered
500651,12627,2025-10-07,South,UPI,Delivered
500652,13308,2025-07-12,North,UPI,Delivered
500653,12339,2025-01-29,West,Debit Card,Delivered
500654,12918,2025-01-01,Central,Net Banking,Shipped
500655,12134,2025-03-14,West,Credit Card,Delivered
500656,12683,2025-10-04,North,UPI,Delivered
500657,14774,2025-07-25,West,Net Banking,Delivered
500658,12563,2025-06-05,West,Cash on Delivery,Delivered
500659,11282,2025-05-26,South,UPI,Delivered
500660,13853,2025-12-19,North,Net Banking,Shipped
500661,11718,2025-02-21,East,Debit Card,Delivered
500662,14128,2025-11-18,South,Credit Card,Delivered
500663,10282,2025-04-25,South,Debit Card,Delivered
500664,11684,2025-08-14,West,UPI,Shipped
500665,10482,2025-03-29,South,Debit Card,Delivered
500666,10430,2025-03-03,South,Credit Card,Delivered
500667,13368,2025-01-19,West,UPI,Delivered
500668,11961,2025-09-15,South,Net Banking,Shipped
500669,14402,2025-07-17,West,UPI,Delivered
500670,12638,2025-11-07,West,Credit Card,Shipped
500671,11493,2025-03-20,South,UPI,Delivered
500672,13671,2025-01-11,North,Debit Card,Delivered
500673,13196,2025-05-24,South,Debit Card,Delivered
500674,14050,2025-09-01,West,Cash on Delivery,Returned
500675,13280,2025-03-26,West,UPI,Delivered
500676,10809,2025-01-27,West,Credit Card,Delivered
500677,13422,2025-10-05,East,Credit Card,Delivered
500678,12002,2025-01-03,West,UPI,Delivered
500679,12365,2025-09-16,West,Net Banking,Delivered
500680,14626,2025-08-31,West,UPI,Delivered
500681,11836,2025-02-12,North,UPI,Returned
500682,13141,2025-07-17,North,UPI,Delivered
500683,11854,2025-03-30,North,Debit Card,Delivered
500684,10483,2025-08-21,West,Cash on Delivery,Delivered
500685,12314,2025-10-20,West,Debit Card,Delivered
500686,13068,2025-12-16,South,Net Banking,Delivered
500687,12090,2025-02-08,Central,UPI,Delivered
500688,11994,2025-11-17,West,Debit Card,Delivered
500689,14155,2025-06-12,West,UPI,Delivered
500690,10143,2025-10-26,North,Credit Card,Delivered
500691,11495,2025-01-21,East,Debit Card,Delivered
500692,14106,2025-01-10,South,UPI,Delivered
500693,14622,2025-02-14,East,Debit Card,Cancelled
500694,12112,2025-04-03,East,Net Banking,Delivered
500695,14486,2025-01-03,North,Net Banking,Delivered
500696,10978,2025-02-12,West,UPI,Delivered
500697,11083,2025-06-29,West,UPI,Shipped
500698,14280,2025-10-24,East,Debit Card,Delivered
500699,14554,2025-04-17,North,Net Banking,Shipped
500700,11091,2025-07-24,North,Credit Card,Delivered
500701,10294,2025-09-22,Central,Cash on Delivery,Returned
500702,10462,2025-05-04,East,Credit Card,Delivered
500703,11327,2025-04-23,East,UPI,Delivered
500704,13868,2025-02-16,South,UPI,Returned
500705,12616,2025-06-05,Central,Net Banking,Delivered
500706,12324,2025-10-11,South,UPI,Delivered
500707,13011,2025-11-27,South,UPI,Delivered
500708,14491,2025-08-24,North,Net Banking,Delivered
500709,10463,2025-12-16,Central,UPI,Delivered
500710,13542,2025-05-19,South,Net Banking,Delivered
500711,14643,2025-10-12,East,Debit Card,Returned
500712,11050,2025-08-30,North,Debit Card,Delivered
500713,14234,2025-09-06,East,Cash on Delivery,Shipped
500714,13552,2025-07-23,North,Net Banking,Delivered
500715,10069,2025-07-19,Central,UPI,Delivered
500716,11151,2025-02-26,East,Net Banking,Delivered
500717,13107,2025-03-15,South,Debit Card,Delivered
500718,12575,2025-04-29,South,UPI,Cancelled
500719,12704,2025-02-28,South,Net Banking,Delivered
500720,11151,2025-10-18,East,UPI,Delivered
500721,13439,2025-10-19,East,Net Banking,Cancelled
500722,11349,2025-11-29,South,Debit Card,Delivered
500723,11984,2025-02-27,South,UPI,Delivered
500724,11876,2025-08-07,West,UPI,Delivered
500725,13428,2025-08-20,East,Credit Card,Delivered
500726,10460,2025-09-15,South,Credit Card,Delivered
500727,11008,2025-10-11,West,Net Banking,Shipped
500728,10984,2025-11-22,Central,Net Banking,Delivered
500729,10542,2025-03-04,West,Credit Card,Delivered
500730,11018,2025-06-29,North,UPI,Delivered
500731,13116,2025-11-12,South,Debit Card,Delivered
500732,13733,2025-08-19,South,Debit Card,Delivered
500733,13374,2025-12-12,West,UPI,Delivered
500734,12431,2025-06-13,Central,Debit Card,Returned
500735,10255,2025-12-26,South,Net Banking,Delivered
500736,14807,2025-07-29,North,Net Banking,Delivered
500737,10815,2025-02-12,South,UPI,Delivered
500738,13415,2025-05-13,East,Credit Card,Delivered
500739,14594,2025-08-06,South,Credit Card,Delivered
500740,13552,2025-07-22,North,Cash on Delivery,Delivered
500741,11076,2025-06-27,North,Cash on Delivery,Delivered
500742,11598,2025-09-29,West,UPI,Delivered
500743,10146,2025-02-21,Central,Cash on Delivery,Delivered
500744,13143,2025-03-12,Central,Net Banking,Returned
500745,13144,2025-01-03,Central,Credit Card,Shipped
500746,13694,2025-03-30,South,Debit Card,Delivered
500747,10056,2025-02-20,South,Credit Card,Delivered
500748,14133,2025-06-09,West,Cash on Delivery,Delivered
500749,13761,2025-05-13,East,Credit Card,Delivered
500750,10685,2025-09-04,South,Debit Card,Delivered
500751,11772,2025-06-20,East,UPI,Delivered
500752,13256,2025-07-30,South,Net Banking,Delivered
500753,12536,2025-06-08,East,Debit Card,Delivered
500754,10582,2025-05-30,East,Net Banking,Delivered
500755,10448,2025-02-28,South,Credit Card,Cancelled
500756,13957,2025-11-04,East,Credit Card,Delivered
500757,10765,2025-02-16,North,Credit Card,Returned
500758,10832,2025-12-27,Central,Credit Card,Delivered
500759,14198,2025-11-01,South,Credit Card,Delivered
500760,13142,2025-11-08,West,Credit Card,Delivered
500761,13101,2025-01-31,Central,UPI,Delivered
500762,12456,2025-09-04,South,Cash on Delivery,Delivered
500763,12928,2025-07-06,North,UPI,Delivered
500764,13086,2025-08-23,South,Cash on Delivery,Delivered
500765,14856,2025-11-22,South,Net Banking,Delivered
500766,11091,2025-11-28,North,Credit Card,Delivered
500767,11057,2025-06-20,West,UPI,Shipped
500768,10284,2025-03-22,South,UPI,Delivered
500769,13368,2025-11-26,West,UPI,Returned
500770,12823,2025-12-31,East,Credit Card,Delivered
500771,10562,2025-01-05,North,UPI,Delivered
500772,11859,2025-01-04,South,Credit Card,Delivered
500773,10871,2025-05-23,North,Net Banking,Delivered
500774,11679,2025-11-08,North,Debit Card,Delivered
500775,14772,2025-05-16,East,UPI,Shipped
500776,13488,2025-09-29,West,Cash on Delivery,Delivered
500777,10039,2025-09-12,West,UPI,Shipped
500778,11278,2025-07-31,North,Debit Card,Delivered
500779,10052,2025-10-07,South,UPI,Delivered
500780,13645,2025-09-08,East,Debit Card,Shipped
500781,12399,2025-11-07,East,Credit Card,Delivered
500782,14974,2025-07-01,East,UPI,Delivered
500783,13736,2025-07-28,West,Debit Card,Delivered
500784,12642,2025-11-21,West,UPI,Delivered
500785,14075,2025-07-25,Central,Debit Card,Delivered
500786,13587,2025-08-26,West,Credit Card,Delivered
500787,11230,2025-11-12,West,Net Banking,Returned
500788,12714,2025-06-08,South,UPI,Returned
500789,12867,2025-01-20,West,UPI,Delivered
500790,12302,2025-02-23,West,Net Banking,Shipped
500791,10874,2025-09-01,South,Credit Card,Shipped
500792,11092,2025-06-11,West,Net Banking,Returned
500793,11417,2025-07-23,Central,Cash on Delivery,Delivered
500794,10052,2025-08-20,South,Credit Card,Cancelled
500795,14608,2025-12-02,South,UPI,Delivered
500796,13501,2025-07-12,North,Net Banking,Delivered
500797,13517,2025-05-24,East,Cash on Delivery,Delivered
500798,12947,2025-11-22,South,UPI,Delivered
500799,13515,2025-07-31,North,Debit Card,Delivered
500800,14907,2025-10-18,South,Net Banking,Shipped
500801,11961,2025-04-15,South,UPI,Delivered
500802,13632,2025-05-11,North,Debit Card,Delivered
500803,11836,2025-10-04,North,Debit Card,Delivered
500804,14316,2025-11-30,South,Debit Card,Delivered
500805,14330,2025-10-05,East,UPI,Delivered
500806,14548,2025-05-22,East,UPI,Cancelled
500807,10030,2025-12-11,South,UPI,Delivered
500808,11507,2025-03-08,East,Credit Card,Delivered
500809,10658,2025-07-16,West,UPI,Delivered
500810,12316,2025-02-28,West,Credit Card,Delivered
500811,12536,2025-08-22,East,UPI,Delivered
500812,11294,2025-06-25,South,UPI,Delivered
500813,13687,2025-04-12,West,UPI,Delivered
500814,11366,2025-02-06,West,Net Banking,Delivered
500815,14312,2025-11-20,West,Net Banking,Delivered
500816,10862,2025-03-26,North,UPI,Delivered
500817,11872,2025-01-24,South,Credit Card,Delivered
500818,13188,2025-07-18,North,Net Banking,Delivered
500819,13104,2025-05-06,West,Debit Card,Delivered
500820,10390,2025-11-01,South,Debit Card,Delivered
500821,14280,2025-09-13,East,Debit Card,Delivered
500822,13071,2025-03-16,North,UPI,Cancelled
500823,14396,2025-04-20,East,Cash on Delivery,Shipped
500824,14388,2025-01-06,West,Net Banking,Delivered
500825,12809,2025-02-09,Central,UPI,Delivered
500826,14585,2025-12-03,West,Debit Card,Delivered
500827,14288,2025-07-24,North,UPI,Delivered
500828,14804,2025-12-31,South,Credit Card,Delivered
500829,14299,2025-05-25,West,UPI,Delivered
500830,14156,2025-11-03,South,UPI,Returned
500831,12399,2025-01-02,East,Debit Card,Delivered
500832,11042,2025-06-07,East,Net Banking,Delivered
500833,14584,2025-11-02,North,UPI,Delivered
500834,13683,2025-08-16,West,Cash on Delivery,Delivered
500835,11419,2025-07-18,West,UPI,Cancelled
500836,11737,2025-09-09,East,Debit Card,Shipped
500837,13501,2025-03-24,North,Cash on Delivery,Delivered
500838,12447,2025-02-14,West,UPI,Shipped
500839,10407,2025-07-18,South,UPI,Delivered
500840,10686,2025-06-24,West,Credit Card,Delivered
500841,13791,2025-02-02,North,Debit Card,Delivered
500842,11666,2025-12-20,North,Cash on Delivery,Delivered
500843,12598,2025-02-04,East,Debit Card,Delivered
500844,13889,2025-07-11,North,Net Banking,Delivered
500845,13817,2025-03-26,North,Credit Card,Delivered
500846,10809,2025-12-10,West,Credit Card,Returned
500847,10501,2025-04-11,West,Credit Card,Delivered
500848,13044,2025-11-12,South,Debit Card,Delivered
500849,13776,2025-07-28,North,Credit Card,Delivered
500850,10729,2025-01-29,West,Net Banking,Delivered
500851,11892,2025-10-01,South,UPI,Shipped
500852,14397,2025-07-05,South,Credit Card,Delivered
500853,14737,2025-02-17,South,UPI,Delivered
500854,12316,2025-09-24,West,Debit Card,Shipped
500855,10401,2025-06-19,North,Debit Card,Delivered
500856,11307,2025-05-26,South,Debit Card,Delivered
500857,11161,2025-01-16,North,Cash on Delivery,Delivered
500858,11194,2025-10-24,South,Cash on Delivery,Delivered
500859,12528,2025-02-12,West,UPI,Delivered
500860,13006,2025-12-13,North,UPI,Delivered
500861,10609,2025-10-14,East,UPI,Delivered
500862,14487,2025-10-11,North,Credit Card,Delivered
500863,13180,2025-02-20,Central,Net Banking,Returned
500864,13069,2025-01-27,East,UPI,Cancelled
500865,14944,2025-01-09,South,Debit Card,Delivered
500866,13208,2025-11-12,East,Debit Card,Delivered
500867,14658,2025-09-09,West,Credit Card,Delivered
500868,11444,2025-08-21,East,Debit Card,Delivered
500869,11200,2025-08-07,East,Net Banking,Delivered
500870,12638,2025-02-26,West,UPI,Delivered
500871,12604,2025-06-24,North,Debit Card,Delivered
500872,11113,2025-04-24,East,Debit Card,Delivered
500873,13562,2025-08-06,West,Net Banking,Delivered
500874,10143,2025-09-03,North,UPI,Delivered
500875,13523,2025-03-09,North,Net Banking,Delivered
500876,12336,2025-11-03,West,UPI,Delivered
500877,13513,2025-02-27,East,Credit Card,Delivered
500878,12444,2025-10-31,South,UPI,Returned
500879,14892,2025-11-11,Central,UPI,Delivered
500880,11696,2025-03-17,South,Credit Card,Delivered
500881,14910,2025-10-30,East,Debit Card,Delivered
500882,10321,2025-04-21,West,Debit Card,Delivered
500883,13489,2025-04-22,West,Cash on Delivery,Delivered
500884,12317,2025-08-10,South,UPI,Returned
500885,14161,2025-07-25,South,Debit Card,Shipped
500886,13997,2025-03-13,North,UPI,Delivered
500887,14055,2025-12-17,North,Credit Card,Delivered
500888,10483,2025-01-02,West,Credit Card,Delivered
500889,14164,2025-12-01,North,UPI,Delivered
500890,11055,2025-07-08,North,Credit Card,Delivered
500891,10127,2025-02-09,Central,UPI,Delivered
500892,11074,2025-06-20,West,Credit Card,Delivered
500893,12456,2025-02-17,South,Net Banking,Delivered
500894,13778,2025-07-19,North,UPI,Delivered
500895,11078,2025-02-26,Central,Cash on Delivery,Delivered
500896,10573,2025-07-15,South,UPI,Delivered
500897,13289,2025-01-12,Central,Cash on Delivery,Delivered
500898,14919,2025-11-20,West,Credit Card,Delivered
500899,13082,2025-06-28,West,Cash on Delivery,Delivered
500900,13525,2025-03-15,North,Credit Card,Delivered
500901,12895,2025-01-29,North,Net Banking,Delivered
500902,13962,2025-04-02,West,Credit Card,Delivered
500903,14886,2025-10-12,West,Debit Card,Delivered
500904,12798,2025-12-05,West,UPI,Delivered
500905,12135,2025-04-17,West,Debit Card,Delivered
500906,14345,2025-09-04,West,UPI,Delivered
500907,14860,2025-09-13,East,Cash on Delivery,Delivered
500908,10639,2025-04-08,North,Net Banking,Delivered
500909,12983,2025-02-15,East,UPI,Delivered
500910,14018,2025-01-20,West,UPI,Delivered
500911,12735,2025-02-28,Central,Debit Card,Delivered
500912,12098,2025-08-28,North,UPI,Delivered
500913,13353,2025-02-05,Central,UPI,Delivered
500914,11366,2025-01-01,West,Credit Card,Returned
500915,11781,2025-12-12,South,UPI,Delivered
500916,14966,2025-10-27,Central,Credit Card,Delivered
500917,13248,2025-07-02,South,UPI,Delivered
500918,14412,2025-11-12,South,Net Banking,Returned
500919,14086,2025-03-26,North,UPI,Delivered
500920,13324,2025-03-23,East,Credit Card,Delivered
500921,14250,2025-06-08,North,Credit Card,Delivered
500922,11451,2025-09-05,Central,UPI,Delivered
500923,13249,2025-08-16,North,UPI,Delivered
500924,13041,2025-11-13,South,UPI,Cancelled
500925,13189,2025-02-18,North,UPI,Returned
500926,10817,2025-10-27,East,UPI,Delivered
500927,11402,2025-10-14,South,Debit Card,Delivered
500928,11447,2025-11-24,North,Credit Card,Delivered
500929,13087,2025-12-11,West,UPI,Delivered
500930,14877,2025-10-29,West,UPI,Delivered
500931,14783,2025-07-31,East,Credit Card,Delivered
500932,11120,2025-05-19,West,Credit Card,Delivered
500933,11532,2025-04-14,Central,UPI,Delivered
500934,10171,2025-03-06,East,UPI,Delivered
500935,12042,2025-05-25,Central,UPI,Delivered
500936,14215,2025-01-28,South,Net Banking,Delivered
500937,14603,2025-03-23,South,UPI,Delivered
500938,11183,2025-11-26,West,UPI,Delivered
500939,11347,2025-01-09,West,Credit Card,Delivered
500940,11083,2025-06-11,West,Cash on Delivery,Delivered
500941,11786,2025-08-11,Central,Credit Card,Delivered
500942,14075,2025-05-11,Central,UPI,Delivered
500943,13293,2025-05-09,West,UPI,Delivered
500944,13979,2025-11-12,North,Net Banking,Delivered
500945,13006,2025-12-19,North,Net Banking,Delivered
500946,11307,2025-11-02,South,Net Banking,Shipped
500947,11125,2025-05-16,Central,Credit Card,Shipped
500948,10043,2025-10-13,South,Credit Card,Delivered
500949,13953,2025-04-07,West,UPI,Delivered
500950,14282,2025-12-03,West,Credit Card,Shipped
500951,13894,2025-01-09,West,Debit Card,Returned
500952,10365,2025-10-05,North,Debit Card,Delivered
500953,13875,2025-11-19,North,UPI,Delivered
500954,10224,2025-07-28,West,Cash on Delivery,Delivered
500955,10526,2025-01-09,West,Credit Card,Delivered
500956,12256,2025-10-30,North,Net Banking,Delivered
500957,12438,2025-10-23,South,Credit Card,Delivered
500958,14128,2025-10-19,South,UPI,Delivered
500959,13466,2025-05-27,West,Debit Card,Returned
500960,10748,2025-12-20,East,Cash on Delivery,Delivered
500961,11110,2025-01-02,East,UPI,Delivered
500962,11439,2025-12-05,South,Credit Card,Delivered
500963,10611,2025-06-10,East,Net Banking,Delivered
500964,11457,2025-03-05,South,UPI,Delivered
500965,13712,2025-09-12,East,UPI,Shipped
500966,11209,2025-04-29,East,Credit Card,Delivered
500967,14217,2025-04-21,South,Credit Card,Shipped
500968,12399,2025-07-10,East,Credit Card,Delivered
500969,11637,2025-07-27,South,Credit Card,Delivered
500970,12113,2025-08-02,East,Net Banking,Delivered
500971,13621,2025-04-02,East,UPI,Delivered
500972,12638,2025-03-19,West,UPI,Delivered
500973,10037,2025-01-06,East,UPI,Delivered
500974,14626,2025-02-15,West,Debit Card,Cancelled
500975,10323,2025-10-03,Central,UPI,Shipped
500976,14700,2025-04-23,East,UPI,Delivered
500977,10136,2025-01-16,Central,Net Banking,Delivered
500978,13911,2025-09-08,Central,UPI,Delivered
500979,12743,2025-09-10,West,Credit Card,Delivered
500980,12590,2025-09-07,West,Credit Card,Delivered
500981,10357,2025-02-17,West,UPI,Delivered
500982,11194,2025-04-23,South,UPI,Delivered
500983,13938,2025-09-17,South,Cash on Delivery,Delivered
500984,14495,2025-06-25,South,Cash on Delivery,Delivered
500985,12706,2025-04-08,North,Net Banking,Delivered
500986,11806,2025-12-31,South,Credit Card,Delivered
500987,10295,2025-07-14,South,Debit Card,Shipped
500988,13480,2025-10-12,South,Net Banking,Shipped
500989,11405,2025-05-29,South,Debit Card,Delivered
500990,10269,2025-10-25,South,Cash on Delivery,Delivered
500991,13397,2025-11-02,North,UPI,Delivered
500992,12480,2025-12-11,North,Debit Card,Delivered
500993,10060,2025-01-03,North,Credit Card,Delivered
500994,10561,2025-10-06,South,Cash on Delivery,Delivered
500995,13562,2025-12-29,West,Net Banking,Delivered
500996,10313,2025-09-18,North,UPI,Delivered
500997,14380,2025-08-11,West,UPI,Delivered
500998,11572,2025-10-08,Central,Credit Card,Delivered
500999,10453,2025-10-18,East,Credit Card,Delivered
501000,13862,2025-08-23,West,Net Banking,Delivered
501001,12681,2025-03-06,South,UPI,Shipped
501002,11544,2025-07-26,North,Cash on Delivery,Delivered
501003,12082,2025-10-22,East,Credit Card,Delivered
501004,10102,2025-08-04,South,Net Banking,Delivered
501005,13381,2025-04-21,North,Net Banking,Delivered
501006,11869,2025-10-01,West,Cash on Delivery,Shipped
501007,13637,2025-10-08,West,Debit Card,Shipped
501008,13208,2025-12-22,East,Net Banking,Delivered
501009,13319,2025-05-17,Central,Net Banking,Returned
501010,14022,2025-06-18,West,Credit Card,Delivered
501011,13223,2025-12-17,South,Credit Card,Delivered
501012,12145,2025-10-05,North,Cash on Delivery,Delivered
501013,11988,2025-08-18,West,UPI,Delivered
501014,10603,2025-07-13,Central,Cash on Delivery,Delivered
501015,13946,2025-06-22,North,Credit Card,Cancelled
501016,13866,2025-10-03,East,UPI,Delivered
501017,11241,2025-08-03,West,Credit Card,Delivered
501018,14365,2025-05-20,South,Debit Card,Returned
501019,13029,2025-07-21,West,UPI,Shipped
501020,12453,2025-03-05,East,Debit Card,Delivered
501021,10083,2025-06-09,South,Cash on Delivery,Delivered
501022,11947,2025-03-03,Central,Cash on Delivery,Delivered
501023,13268,2025-05-13,East,Debit Card,Shipped
501024,10459,2025-04-30,West,UPI,Returned
501025,12350,2025-10-27,North,Credit Card,Delivered
501026,14972,2025-06-06,West,UPI,Delivered
501027,13655,2025-10-16,East,Cash on Delivery,Delivered
501028,12816,2025-12-09,Central,Net Banking,Delivered
501029,12732,2025-12-22,North,UPI,Delivered
501030,10216,2025-01-13,South,Debit Card,Delivered
501031,14801,2025-11-02,East,UPI,Delivered
501032,14655,2025-08-16,Central,UPI,Delivered
501033,13483,2025-10-01,South,UPI,Delivered
501034,10502,2025-08-19,South,UPI,Delivered
501035,11019,2025-03-07,North,Credit Card,Delivered
501036,10895,2025-08-16,West,Cash on Delivery,Delivered
501037,12650,2025-05-25,North,UPI,Delivered
501038,11019,2025-06-10,North,Net Banking,Delivered
501039,13544,2025-12-21,West,UPI,Delivered
501040,12804,2025-10-16,East,UPI,Delivered
501041,10085,2025-12-18,West,Debit Card,Delivered
501042,13787,2025-03-25,East,Credit Card,Delivered
501043,10926,2025-01-22,North,Credit Card,Delivered
501044,14175,2025-05-05,West,Credit Card,Shipped
501045,11814,2025-06-30,South,Debit Card,Delivered
501046,11727,2025-02-13,West,Net Banking,Delivered
501047,10059,2025-11-27,West,UPI,Delivered
501048,14945,2025-10-11,South,UPI,Delivered
501049,13141,2025-09-22,North,UPI,Cancelled
501050,12160,2025-12-29,West,UPI,Delivered
501051,10493,2025-10-05,North,Net Banking,Delivered
501052,13561,2025-08-05,West,UPI,Cancelled
501053,11425,2025-03-26,East,Debit Card,Shipped
501054,14948,2025-10-08,Central,Cash on Delivery,Delivered
501055,14770,2025-12-03,East,Net Banking,Delivered
501056,13739,2025-03-20,Central,UPI,Delivered
501057,14869,2025-01-07,South,Cash on Delivery,Delivered
501058,10527,2025-11-11,Central,Cash on Delivery,Delivered
501059,11411,2025-08-12,North,Debit Card,Delivered
501060,11283,2025-07-14,West,Debit Card,Delivered
501061,10352,2025-10-16,North,Debit Card,Delivered
501062,14875,2025-12-22,West,Net Banking,Delivered
501063,10295,2025-12-26,South,Credit Card,Delivered
501064,14325,2025-11-12,West,UPI,Delivered
501065,13894,2025-03-22,West,Cash on Delivery,Delivered
501066,11915,2025-05-02,West,UPI,Delivered
501067,10091,2025-02-27,West,Debit Card,Returned
501068,10033,2025-10-27,West,Credit Card,Delivered
501069,10999,2025-05-01,East,Debit Card,Delivered
501070,12528,2025-02-17,West,Debit Card,Delivered
501071,12339,2025-05-05,West,UPI,Delivered
501072,13015,2025-06-02,Central,UPI,Shipped
501073,13916,2025-11-09,East,UPI,Delivered
501074,11925,2025-01-13,East,Cash on Delivery,Shipped
501075,10785,2025-11-29,East,Debit Card,Delivered
501076,14052,2025-09-25,Central,UPI,Delivered
501077,11685,2025-08-12,South,Credit Card,Delivered
501078,11449,2025-08-15,East,Credit Card,Shipped
501079,13882,2025-12-30,North,UPI,Delivered
501080,14686,2025-07-10,Central,Net Banking,Delivered
501081,14599,2025-09-07,West,Net Banking,Delivered
501082,10672,2025-07-09,East,Credit Card,Delivered
501083,12581,2025-01-28,West,Credit Card,Delivered
501084,10472,2025-08-11,East,Credit Card,Delivered
501085,14821,2025-07-22,North,Credit Card,Delivered
501086,11062,2025-02-11,West,Debit Card,Delivered
501087,10968,2025-07-08,West,Net Banking,Delivered
501088,14486,2025-03-21,North,Debit Card,Delivered
501089,14856,2025-02-07,South,UPI,Delivered
501090,13551,2025-12-03,North,Net Banking,Delivered
501091,10605,2025-04-19,North,Credit Card,Delivered
501092,12483,2025-04-24,West,Debit Card,Delivered
501093,14129,2025-12-30,North,UPI,Delivered
501094,12948,2025-05-13,North,UPI,Delivered
501095,10651,2025-12-06,South,UPI,Cancelled
501096,10831,2025-06-25,South,UPI,Delivered
501097,14372,2025-06-12,North,Debit Card,Cancelled
501098,12698,2025-10-31,Central,UPI,Delivered
501099,13591,2025-08-23,North,UPI,Delivered
501100,11899,2025-09-27,North,Cash on Delivery,Delivered
501101,12727,2025-02-23,Central,Cash on Delivery,Returned
501102,14889,2025-06-03,South,Debit Card,Delivered
501103,11669,2025-12-31,Central,UPI,Delivered
501104,13437,2025-08-26,North,Net Banking,Delivered
501105,10835,2025-02-11,North,Debit Card,Delivered
501106,10606,2025-08-04,North,Debit Card,Returned
501107,13969,2025-04-05,Central,Cash on Delivery,Delivered
501108,14265,2025-05-26,North,Credit Card,Shipped
501109,13415,2025-04-13,East,UPI,Delivered
501110,10776,2025-11-02,South,Cash on Delivery,Delivered
501111,11203,2025-05-05,South,Net Banking,Delivered
501112,14587,2025-12-08,South,Cash on Delivery,Delivered
501113,11462,2025-05-29,West,Cash on Delivery,Delivered
501114,14144,2025-06-11,East,Credit Card,Delivered
501115,11441,2025-08-05,South,Net Banking,Delivered
501116,14709,2025-02-09,South,Net Banking,Delivered
501117,14599,2025-04-29,West,Credit Card,Delivered
501118,10214,2025-04-21,East,Debit Card,Shipped
501119,13909,2025-10-13,North,Credit Card,Delivered
501120,10822,2025-07-17,North,UPI,Delivered
501121,11062,2025-04-27,West,Credit Card,Delivered
501122,12353,2025-01-25,South,UPI,Delivered
501123,12974,2025-10-12,South,Credit Card,Delivered
501124,11654,2025-03-08,South,UPI,Delivered
501125,12969,2025-07-04,North,Credit Card,Delivered
501126,10825,2025-10-30,West,UPI,Delivered
501127,10109,2025-08-04,Central,Net Banking,Delivered
501128,12940,2025-04-15,South,Credit Card,Delivered
501129,12640,2025-05-25,South,Credit Card,Delivered
501130,13517,2025-04-19,East,Cash on Delivery,Delivered
501131,13308,2025-02-19,North,Credit Card,Delivered
501132,14526,2025-07-31,West,UPI,Delivered
501133,12349,2025-03-31,West,UPI,Delivered
501134,10041,2025-09-26,West,UPI,Delivered
501135,13223,2025-07-10,South,UPI,Cancelled
501136,13441,2025-10-22,South,Net Banking,Delivered
501137,12660,2025-01-17,West,Debit Card,Delivered
501138,13515,2025-08-20,North,UPI,Shipped
501139,11640,2025-12-21,East,UPI,Shipped
501140,10729,2025-03-21,West,Credit Card,Shipped
501141,13391,2025-02-28,West,UPI,Delivered
501142,11236,2025-12-18,West,UPI,Delivered
501143,12330,2025-01-30,South,Cash on Delivery,Delivered
501144,12516,2025-05-11,West,Credit Card,Cancelled
501145,12444,2025-05-03,South,Net Banking,Delivered
501146,13073,2025-02-20,North,UPI,Cancelled
501147,10142,2025-03-21,West,Credit Card,Delivered
501148,14956,2025-09-08,South,Net Banking,Delivered
501149,13654,2025-07-11,South,Debit Card,Delivered
501150,12173,2025-03-15,South,Debit Card,Delivered
501151,10935,2025-04-21,South,Debit Card,Delivered
501152,10402,2025-07-18,North,Credit Card,Delivered
501153,13429,2025-06-26,West,Cash on Delivery,Delivered
501154,11606,2025-01-20,East,Cash on Delivery,Delivered
501155,11132,2025-07-24,East,Debit Card,Delivered
501156,11935,2025-01-29,South,Debit Card,Delivered
501157,13050,2025-01-10,South,UPI,Delivered
501158,13425,2025-01-09,Central,Credit Card,Delivered
501159,13287,2025-12-30,South,Credit Card,Delivered
501160,14368,2025-03-04,North,UPI,Delivered
501161,11078,2025-02-02,Central,Debit Card,Delivered
501162,13249,2025-06-01,North,UPI,Delivered
501163,10512,2025-03-21,North,Credit Card,Delivered
501164,12818,2025-02-01,East,Cash on Delivery,Shipped
501165,13010,2025-01-04,Central,Credit Card,Delivered
501166,11069,2025-07-09,West,Credit Card,Shipped
501167,12002,2025-11-30,West,UPI,Shipped
501168,14184,2025-05-06,North,UPI,Shipped
501169,10727,2025-01-22,South,Debit Card,Delivered
501170,12222,2025-05-31,South,UPI,Delivered
501171,14679,2025-08-06,East,UPI,Delivered
501172,12584,2025-10-09,East,Credit Card,Delivered
501173,13693,2025-11-01,South,Debit Card,Delivered
501174,14182,2025-06-21,West,Credit Card,Returned
501175,10995,2025-08-27,North,UPI,Delivered
501176,11076,2025-05-30,North,Net Banking,Delivered
501177,13852,2025-04-18,South,UPI,Delivered
501178,13827,2025-07-14,North,Debit Card,Shipped
501179,10295,2025-02-21,South,Debit Card,Delivered
501180,11634,2025-05-22,North,Cash on Delivery,Delivered
501181,12041,2025-03-05,East,Credit Card,Cancelled
501182,14194,2025-06-22,West,Net Banking,Returned
501183,12157,2025-07-11,South,UPI,Delivered
501184,14640,2025-06-07,Central,Credit Card,Delivered
501185,14981,2025-06-03,North,Credit Card,Delivered
501186,13952,2025-08-20,South,UPI,Delivered
501187,13400,2025-06-09,North,UPI,Cancelled
501188,12003,2025-02-20,South,Debit Card,Delivered
501189,10324,2025-08-03,North,Credit Card,Cancelled
501190,12951,2025-10-17,North,UPI,Delivered
501191,11844,2025-04-18,East,UPI,Delivered
501192,11793,2025-07-23,North,Net Banking,Delivered
501193,13506,2025-08-03,North,UPI,Cancelled
501194,12368,2025-01-28,East,UPI,Delivered
501195,13820,2025-10-02,Central,Credit Card,Delivered
501196,12039,2025-06-25,South,Net Banking,Delivered
501197,10739,2025-12-20,Central,Debit Card,Delivered
501198,12361,2025-03-13,North,Cash on Delivery,Delivered
501199,14771,2025-12-28,East,Cash on Delivery,Delivered
501200,14061,2025-03-12,West,Cash on Delivery,Delivered
501201,11010,2025-10-10,East,Credit Card,Delivered
501202,11997,2025-02-20,East,Debit Card,Delivered
501203,14654,2025-03-25,West,UPI,Delivered
501204,10611,2025-02-23,East,Credit Card,Delivered
501205,11287,2025-05-03,South,UPI,Delivered
501206,11332,2025-08-15,West,UPI,Delivered
501207,12939,2025-01-17,West,UPI,Cancelled
501208,12104,2025-08-08,South,Credit Card,Delivered
501209,10402,2025-03-13,North,UPI,Shipped
501210,13217,2025-04-24,East,UPI,Delivered
501211,10503,2025-12-17,North,Credit Card,Delivered
501212,13112,2025-05-09,West,Credit Card,Delivered
501213,12595,2025-04-15,East,Credit Card,Delivered
501214,12527,2025-09-27,North,UPI,Delivered
501215,10326,2025-03-05,West,Cash on Delivery,Delivered
501216,13258,2025-06-01,South,Credit Card,Delivered
501217,12203,2025-08-15,West,Credit Card,Delivered
501218,12106,2025-07-19,South,Credit Card,Delivered
501219,13064,2025-03-10,South,Debit Card,Delivered
501220,13111,2025-02-01,South,Credit Card,Delivered
501221,10072,2025-01-01,Central,UPI,Delivered
501222,10620,2025-07-13,East,Net Banking,Delivered
501223,11183,2025-08-22,West,UPI,Delivered
501224,13459,2025-07-23,West,Credit Card,Delivered
501225,12976,2025-03-15,North,Debit Card,Delivered
501226,13848,2025-06-01,North,Cash on Delivery,Delivered
501227,13768,2025-12-27,West,UPI,Delivered
501228,14309,2025-05-27,East,Credit Card,Delivered
501229,11920,2025-02-20,East,Cash on Delivery,Delivered
501230,11755,2025-12-03,North,UPI,Delivered
501231,14198,2025-09-15,South,UPI,Delivered
501232,11189,2025-01-10,North,Debit Card,Delivered
501233,12360,2025-04-13,North,UPI,Delivered
501234,10952,2025-05-14,East,Net Banking,Delivered
501235,14598,2025-07-09,West,Debit Card,Delivered
501236,12091,2025-03-07,North,UPI,Delivered
501237,11045,2025-09-21,South,Credit Card,Delivered
501238,13527,2025-11-20,North,UPI,Delivered
501239,11234,2025-07-06,North,Net Banking,Delivered
501240,14736,2025-11-02,South,UPI,Delivered
501241,11872,2025-12-17,South,Debit Card,Delivered
501242,13392,2025-10-19,West,UPI,Cancelled
501243,11756,2025-05-16,West,Credit Card,Shipped
501244,14082,2025-04-05,Central,Cash on Delivery,Delivered
501245,14524,2025-07-06,Central,UPI,Cancelled
501246,13992,2025-08-20,West,UPI,Shipped
501247,14288,2025-11-30,North,Net Banking,Delivered
501248,10515,2025-12-11,West,Credit Card,Delivered
501249,14632,2025-07-25,West,Debit Card,Delivered
501250,13197,2025-10-26,Central,Net Banking,Delivered
501251,14394,2025-08-21,South,Net Banking,Delivered
501252,13495,2025-03-04,Central,Credit Card,Delivered
501253,10991,2025-12-03,North,Credit Card,Delivered
501254,13127,2025-09-25,South,Credit Card,Delivered
501255,10466,2025-12-06,East,UPI,Delivered
501256,13544,2025-12-20,West,Net Banking,Delivered
501257,12097,2025-02-25,South,UPI,Shipped
501258,10739,2025-02-18,Central,UPI,Delivered
501259,14897,2025-01-27,South,Cash on Delivery,Delivered
501260,14545,2025-03-23,South,UPI,Delivered
501261,14512,2025-08-18,North,UPI,Shipped
501262,13994,2025-02-05,South,Credit Card,Delivered
501263,13527,2025-08-08,North,Debit Card,Delivered
501264,13351,2025-08-22,North,Credit Card,Delivered
501265,10532,2025-06-06,South,Net Banking,Shipped
501266,14542,2025-03-20,West,UPI,Delivered
501267,14445,2025-10-24,East,UPI,Returned
501268,13800,2025-08-24,North,UPI,Delivered
501269,14651,2025-01-28,North,UPI,Delivered
501270,12848,2025-07-11,Central,UPI,Delivered
501271,12292,2025-06-01,Central,Credit Card,Delivered
501272,14856,2025-04-11,South,Cash on Delivery,Delivered
501273,12371,2025-10-05,Central,Net Banking,Delivered
501274,13269,2025-02-16,Central,Cash on Delivery,Delivered
501275,11899,2025-01-17,North,Net Banking,Delivered
501276,13247,2025-12-11,North,UPI,Delivered
501277,13664,2025-01-12,West,UPI,Delivered
501278,13198,2025-10-03,West,Debit Card,Delivered
501279,12629,2025-09-18,North,Debit Card,Delivered
501280,11514,2025-09-11,South,UPI,Delivered
501281,13281,2025-01-15,West,Cash on Delivery,Delivered
501282,14573,2025-01-25,South,Credit Card,Delivered
501283,10035,2025-06-12,South,Net Banking,Delivered
501284,10658,2025-04-18,West,UPI,Delivered
501285,10604,2025-11-07,South,UPI,Delivered
501286,14628,2025-03-04,East,Credit Card,Delivered
501287,13381,2025-08-31,North,UPI,Shipped
501288,14772,2025-10-30,East,Cash on Delivery,Delivered
501289,13006,2025-04-26,North,Net Banking,Delivered
501290,12362,2025-11-16,South,Credit Card,Delivered
501291,14017,2025-01-22,Central,Cash on Delivery,Delivered
501292,10786,2025-04-16,South,UPI,Shipped
501293,11939,2025-11-29,West,Debit Card,Delivered
501294,12379,2025-11-26,West,UPI,Delivered
501295,11508,2025-12-02,West,Credit Card,Shipped
501296,11890,2025-05-10,North,UPI,Cancelled
501297,10390,2025-05-06,South,Credit Card,Delivered
501298,10972,2025-08-16,West,Credit Card,Delivered
501299,11701,2025-11-13,South,Credit Card,Delivered
501300,14036,2025-09-18,North,Credit Card,Delivered
501301,10890,2025-01-28,North,Debit Card,Delivered
501302,11765,2025-12-03,West,UPI,Delivered
501303,10321,2025-01-15,West,UPI,Delivered
501304,12874,2025-07-02,South,Debit Card,Delivered
501305,13135,2025-10-21,North,Credit Card,Returned
501306,14378,2025-07-29,West,UPI,Returned
501307,14145,2025-01-14,South,Net Banking,Delivered
501308,11438,2025-02-01,South,Cash on Delivery,Delivered
501309,10669,2025-02-13,South,Credit Card,Delivered
501310,10765,2025-12-14,North,Debit Card,Delivered
501311,14859,2025-04-26,West,Net Banking,Delivered
501312,13433,2025-05-03,South,Cash on Delivery,Delivered
501313,10213,2025-04-12,North,Cash on Delivery,Returned
501314,10669,2025-01-04,South,Cash on Delivery,Delivered
501315,12483,2025-07-09,West,Net Banking,Returned
501316,11019,2025-07-22,North,Credit Card,Delivered
501317,14072,2025-08-26,East,Debit Card,Delivered
501318,12951,2025-02-28,North,Debit Card,Delivered
501319,13142,2025-11-27,West,UPI,Shipped
501320,12363,2025-05-25,South,UPI,Delivered
501321,11295,2025-01-04,East,Debit Card,Returned
501322,13032,2025-09-17,South,Debit Card,Delivered
501323,13655,2025-08-29,East,Net Banking,Delivered
501324,11890,2025-10-30,North,UPI,Delivered
501325,12586,2025-08-17,North,Cash on Delivery,Delivered
501326,14246,2025-05-20,South,UPI,Delivered
501327,10729,2025-11-23,West,UPI,Delivered
501328,12804,2025-02-23,East,UPI,Delivered
501329,11778,2025-03-04,South,Net Banking,Delivered
501330,13579,2025-05-23,East,UPI,Delivered
501331,10091,2025-02-25,West,UPI,Delivered
501332,13422,2025-03-14,East,Cash on Delivery,Delivered
501333,10519,2025-04-07,South,UPI,Delivered
501334,10320,2025-12-24,Central,UPI,Returned
501335,13691,2025-03-21,West,UPI,Delivered
501336,13266,2025-10-14,West,Cash on Delivery,Delivered
501337,14517,2025-09-28,East,Net Banking,Delivered
501338,12650,2025-05-10,North,Credit Card,Delivered
501339,12710,2025-01-13,East,UPI,Delivered
501340,13601,2025-09-05,North,Cash on Delivery,Delivered
501341,11639,2025-01-05,East,UPI,Delivered
501342,10177,2025-02-01,North,Credit Card,Delivered
501343,11136,2025-06-30,East,Credit Card,Delivered
501344,11190,2025-04-16,West,Cash on Delivery,Delivered
501345,11702,2025-08-25,North,Debit Card,Returned
501346,14736,2025-01-21,South,Credit Card,Delivered
501347,14075,2025-08-13,Central,Debit Card,Delivered
501348,14692,2025-07-22,West,Cash on Delivery,Shipped
501349,14994,2025-02-10,South,Net Banking,Cancelled
501350,12218,2025-12-09,North,Debit Card,Delivered
501351,11119,2025-06-10,West,Cash on Delivery,Delivered
501352,12885,2025-08-20,South,Credit Card,Delivered
501353,14445,2025-05-16,East,Debit Card,Delivered
501354,12377,2025-10-19,South,UPI,Delivered
501355,12589,2025-02-02,West,Credit Card,Shipped
501356,10659,2025-01-29,North,UPI,Delivered
501357,12152,2025-12-17,South,Credit Card,Delivered
501358,11971,2025-02-26,North,UPI,Delivered
501359,11797,2025-11-24,Central,Credit Card,Shipped
501360,14482,2025-12-12,South,Net Banking,Delivered
501361,10294,2025-06-29,Central,UPI,Shipped
501362,14875,2025-05-06,West,Credit Card,Returned
501363,10040,2025-05-04,North,UPI,Delivered
501364,14749,2025-09-10,South,Credit Card,Delivered
501365,12819,2025-12-25,Central,Debit Card,Delivered
501366,13577,2025-09-15,South,UPI,Delivered
501367,10913,2025-03-31,North,UPI,Delivered
501368,13339,2025-01-18,West,UPI,Delivered
501369,14452,2025-08-07,North,Debit Card,Shipped
501370,10678,2025-06-27,South,Credit Card,Delivered
501371,10628,2025-07-28,North,Credit Card,Returned
501372,11528,2025-10-28,West,Debit Card,Returned
501373,10790,2025-01-15,West,Credit Card,Delivered
501374,10559,2025-08-23,South,Debit Card,Delivered
501375,13460,2025-05-15,East,Cash on Delivery,Delivered
501376,11052,2025-07-28,South,Credit Card,Returned
501377,13406,2025-07-30,East,Debit Card,Delivered
501378,14359,2025-06-04,South,Debit Card,Delivered
501379,13324,2025-02-09,East,Credit Card,Shipped
501380,10603,2025-09-30,Central,Debit Card,Delivered
501381,12953,2025-06-09,North,Net Banking,Cancelled
501382,12014,2025-05-24,South,Net Banking,Delivered
501383,11744,2025-07-10,North,UPI,Delivered
501384,11611,2025-08-10,South,Cash on Delivery,Delivered
501385,14662,2025-11-30,South,Net Banking,Delivered
501386,13780,2025-08-30,South,Cash on Delivery,Delivered
501387,10658,2025-12-27,West,UPI,Delivered
501388,12438,2025-12-04,South,Credit Card,Delivered
501389,11610,2025-03-27,Central,Credit Card,Delivered
501390,14892,2025-06-29,Central,Credit Card,Delivered
501391,14893,2025-03-21,North,Credit Card,Delivered
501392,11615,2025-11-01,Central,Cash on Delivery,Delivered
501393,11798,2025-02-18,North,Debit Card,Delivered
501394,13075,2025-06-03,East,UPI,Returned
501395,12456,2025-06-28,South,Credit Card,Shipped
501396,11049,2025-10-26,South,Credit Card,Delivered
501397,13374,2025-11-22,West,Credit Card,Delivered
501398,11692,2025-08-31,Central,UPI,Delivered
501399,13333,2025-11-23,West,Credit Card,Delivered
501400,11954,2025-01-09,North,UPI,Delivered
501401,13566,2025-07-11,West,Net Banking,Returned
501402,13411,2025-03-31,North,Net Banking,Delivered
501403,12607,2025-01-02,East,Cash on Delivery,Delivered
501404,13587,2025-01-03,West,Credit Card,Returned
501405,12360,2025-07-14,North,Debit Card,Returned
501406,10585,2025-09-22,South,Net Banking,Delivered
501407,10886,2025-09-25,West,UPI,Delivered
501408,11241,2025-08-31,West,Debit Card,Delivered
501409,10309,2025-06-14,West,Credit Card,Delivered
501410,13629,2025-08-01,South,Credit Card,Delivered
501411,11872,2025-12-26,South,Net Banking,Delivered
501412,10478,2025-07-14,North,Debit Card,Delivered
501413,14153,2025-02-25,West,Debit Card,Delivered
501414,13489,2025-04-15,West,UPI,Delivered
501415,12307,2025-08-01,South,Credit Card,Delivered
501416,11246,2025-11-15,East,Net Banking,Delivered
501417,10739,2025-06-03,Central,UPI,Delivered
501418,12342,2025-08-04,North,Cash on Delivery,Delivered
501419,14471,2025-02-15,East,Net Banking,Delivered
501420,10921,2025-06-30,South,UPI,Delivered
501421,12928,2025-03-01,North,UPI,Cancelled
501422,14824,2025-09-01,West,UPI,Shipped
501423,13249,2025-08-14,North,UPI,Delivered
501424,12254,2025-02-01,South,UPI,Delivered
501425,13654,2025-12-13,South,UPI,Returned
501426,14175,2025-06-24,West,Debit Card,Delivered
501427,13040,2025-11-13,West,Cash on Delivery,Returned
501428,14405,2025-04-04,West,UPI,Shipped
501429,12629,2025-05-10,North,UPI,Shipped
501430,14197,2025-05-31,East,Cash on Delivery,Delivered
501431,14772,2025-11-07,East,UPI,Delivered
501432,12572,2025-10-24,North,UPI,Returned
501433,13102,2025-09-09,West,UPI,Delivered
501434,13126,2025-05-19,South,UPI,Cancelled
501435,13957,2025-09-28,East,Debit Card,Shipped
501436,14169,2025-12-23,South,UPI,Shipped
501437,10134,2025-11-19,West,Credit Card,Delivered
501438,13736,2025-04-22,West,Credit Card,Delivered
501439,13969,2025-06-07,Central,Net Banking,Delivered
501440,13566,2025-02-26,West,Credit Card,Shipped
501441,13635,2025-07-09,East,UPI,Delivered
501442,10204,2025-02-02,West,Credit Card,Delivered
501443,12268,2025-11-17,North,Cash on Delivery,Cancelled
501444,14136,2025-01-01,East,UPI,Delivered
501445,14685,2025-05-11,West,UPI,Delivered
501446,11132,2025-01-09,East,Net Banking,Delivered
501447,12992,2025-02-01,East,Net Banking,Delivered
501448,14074,2025-03-18,Central,UPI,Delivered
501449,13820,2025-10-28,Central,Debit Card,Delivered
501450,13172,2025-04-05,South,UPI,Delivered
501451,10091,2025-07-04,West,Credit Card,Returned
501452,13689,2025-10-04,West,Net Banking,Delivered
501453,13919,2025-01-23,East,Net Banking,Delivered
501454,13686,2025-04-27,South,UPI,Shipped
501455,13887,2025-12-26,North,Credit Card,Delivered
501456,12202,2025-01-30,North,Credit Card,Delivered
501457,14973,2025-11-21,West,Credit Card,Delivered
501458,13910,2025-03-15,South,UPI,Delivered
501459,12986,2025-11-16,North,Cash on Delivery,Delivered
501460,14686,2025-10-22,Central,Credit Card,Delivered
501461,14573,2025-11-07,South,UPI,Delivered
501462,14120,2025-08-18,Central,Debit Card,Delivered
501463,12900,2025-09-20,South,UPI,Delivered
501464,12698,2025-02-08,Central,UPI,Delivered
501465,11666,2025-04-14,North,UPI,Delivered
501466,11271,2025-12-18,West,UPI,Delivered
501467,12624,2025-07-13,South,UPI,Delivered
501468,12982,2025-05-23,South,Credit Card,Delivered
501469,11233,2025-07-21,West,Credit Card,Delivered
501470,14626,2025-07-26,West,Credit Card,Delivered
501471,12874,2025-02-03,South,Credit Card,Delivered
501472,12694,2025-10-18,South,Debit Card,Delivered
501473,12230,2025-09-18,North,UPI,Delivered
501474,10291,2025-11-08,North,Debit Card,Delivered
501475,14453,2025-03-24,North,Cash on Delivery,Delivered
501476,11606,2025-09-20,East,Credit Card,Cancelled
501477,13274,2025-11-05,North,Credit Card,Delivered
501478,13119,2025-08-26,West,Debit Card,Cancelled
501479,13012,2025-06-21,South,Credit Card,Delivered
501480,12689,2025-07-05,North,UPI,Shipped
501481,10885,2025-12-28,West,Debit Card,Delivered
501482,11415,2025-02-11,West,Credit Card,Delivered
501483,12680,2025-08-16,West,Cash on Delivery,Delivered
501484,13996,2025-10-01,West,UPI,Delivered
501485,12207,2025-09-19,West,Credit Card,Delivered
501486,10998,2025-05-12,North,Debit Card,Delivered
501487,10451,2025-04-07,North,Debit Card,Delivered
501488,13383,2025-02-22,South,UPI,Delivered
501489,12165,2025-10-04,Central,UPI,Delivered
501490,10621,2025-07-13,South,UPI,Delivered
501491,13437,2025-12-21,North,Debit Card,Delivered
501492,11018,2025-06-22,North,Debit Card,Delivered
501493,12609,2025-12-06,South,UPI,Delivered
501494,11541,2025-07-12,Central,Net Banking,Delivered
501495,14672,2025-05-25,East,Credit Card,Delivered
501496,11127,2025-05-25,Central,UPI,Delivered
501497,12149,2025-10-03,East,UPI,Delivered
501498,14809,2025-09-17,West,UPI,Returned
501499,11612,2025-11-27,South,Debit Card,Delivered
501500,13285,2025-01-15,North,Credit Card,Delivered
501501,11605,2025-11-09,North,Cash on Delivery,Delivered
501502,10559,2025-10-10,South,UPI,Delivered
501503,13207,2025-08-04,South,UPI,Delivered
501504,14604,2025-10-03,West,UPI,Delivered
501505,12308,2025-04-18,Central,UPI,Delivered
501506,13201,2025-09-13,Central,UPI,Delivered
501507,13124,2025-03-20,South,Credit Card,Delivered
501508,12128,2025-01-18,North,Credit Card,Delivered
501509,13155,2025-12-08,Central,Debit Card,Delivered
501510,11316,2025-11-01,North,UPI,Delivered
501511,11927,2025-08-01,South,Credit Card,Delivered
501512,12269,2025-07-28,West,Debit Card,Delivered
501513,14372,2025-01-11,North,UPI,Returned
501514,11778,2025-05-26,South,Credit Card,Delivered
501515,13243,2025-02-04,West,UPI,Delivered
501516,11050,2025-02-24,North,UPI,Delivered
501517,11278,2025-12-17,North,Debit Card,Delivered
501518,13301,2025-01-28,West,UPI,Delivered
501519,13875,2025-12-10,North,Credit Card,Delivered
501520,12362,2025-06-13,South,UPI,Returned
501521,11698,2025-04-19,West,UPI,Shipped
501522,14582,2025-01-24,North,Debit Card,Delivered
501523,10666,2025-06-10,West,Debit Card,Delivered
501524,13670,2025-06-14,North,Credit Card,Shipped
501525,13520,2025-09-29,East,Debit Card,Delivered
501526,13520,2025-04-22,East,Net Banking,Delivered
501527,14690,2025-03-14,Central,Debit Card,Delivered
501528,13706,2025-02-19,Central,Cash on Delivery,Delivered
501529,11522,2025-04-21,East,UPI,Delivered
501530,11806,2025-01-13,South,Net Banking,Delivered
501531,11996,2025-03-12,West,Credit Card,Delivered
501532,10149,2025-07-20,West,Net Banking,Delivered
501533,14596,2025-10-18,North,Debit Card,Delivered
501534,10359,2025-01-24,East,UPI,Delivered
501535,13562,2025-08-02,West,Net Banking,Cancelled
501536,13720,2025-10-22,South,UPI,Delivered
501537,14262,2025-05-27,Central,Credit Card,Delivered
501538,12851,2025-06-23,West,UPI,Delivered
501539,13693,2025-01-05,South,Debit Card,Shipped
501540,11523,2025-11-28,South,Credit Card,Delivered
501541,13790,2025-12-26,North,Cash on Delivery,Returned
501542,11744,2025-12-04,North,UPI,Delivered
501543,14552,2025-01-07,North,Credit Card,Delivered
501544,10797,2025-07-30,South,Credit Card,Delivered
501545,11598,2025-09-28,West,Net Banking,Delivered
501546,12560,2025-11-25,North,Credit Card,Delivered
501547,13933,2025-10-03,South,Credit Card,Returned
501548,13804,2025-08-28,South,Cash on Delivery,Delivered
501549,11033,2025-11-11,South,Credit Card,Delivered
501550,10705,2025-01-04,East,Credit Card,Delivered
501551,11527,2025-07-21,East,Credit Card,Delivered
501552,12477,2025-04-16,North,UPI,Cancelled
501553,12768,2025-02-09,West,Credit Card,Delivered
501554,12192,2025-03-06,East,UPI,Delivered
501555,13383,2025-02-04,South,Debit Card,Delivered
501556,12190,2025-02-13,East,Debit Card,Returned
501557,14755,2025-09-20,West,Debit Card,Delivered
501558,11326,2025-05-30,North,Credit Card,Delivered
501559,13207,2025-10-06,South,UPI,Delivered
501560,13136,2025-03-06,North,Credit Card,Shipped
501561,11417,2025-12-10,Central,Credit Card,Delivered
501562,12110,2025-10-03,Central,UPI,Delivered
501563,11869,2025-02-01,West,Credit Card,Delivered
501564,10835,2025-12-19,North,Credit Card,Delivered
501565,12444,2025-06-13,South,Credit Card,Delivered
501566,11969,2025-12-19,West,UPI,Delivered
501567,10870,2025-06-10,North,Credit Card,Delivered
501568,12301,2025-11-21,West,Net Banking,Delivered
501569,12157,2025-03-23,South,Net Banking,Delivered
501570,10648,2025-09-22,South,Debit Card,Delivered
501571,10648,2025-02-11,South,Debit Card,Delivered
501572,13298,2025-07-18,East,Cash on Delivery,Delivered
501573,13597,2025-07-26,East,Credit Card,Delivered
501574,14721,2025-04-20,South,Credit Card,Cancelled
501575,10445,2025-05-12,Central,Net Banking,Delivered
501576,10596,2025-08-19,East,Debit Card,Cancelled
501577,10252,2025-03-13,South,Credit Card,Delivered
501578,12726,2025-11-24,North,UPI,Delivered
501579,13191,2025-05-04,Central,Credit Card,Delivered
501580,12068,2025-07-16,North,UPI,Cancelled
501581,14044,2025-10-06,South,Debit Card,Delivered
501582,13504,2025-04-17,South,Credit Card,Delivered
501583,14935,2025-12-20,West,Debit Card,Cancelled
501584,10673,2025-05-23,North,Net Banking,Shipped
501585,10291,2025-02-20,North,Credit Card,Delivered
501586,11386,2025-05-03,West,Credit Card,Delivered
501587,10092,2025-02-19,North,Credit Card,Delivered
501588,14679,2025-12-05,East,UPI,Delivered
501589,11527,2025-10-08,East,UPI,Delivered
501590,12846,2025-02-08,North,Credit Card,Delivered
501591,11610,2025-11-20,Central,UPI,Delivered
501592,11240,2025-11-24,North,Net Banking,Delivered
501593,10739,2025-12-28,Central,Cash on Delivery,Delivered
501594,11622,2025-09-26,South,UPI,Delivered
501595,13158,2025-06-15,West,Credit Card,Cancelled
501596,14873,2025-02-05,West,UPI,Delivered
501597,12876,2025-04-19,South,UPI,Delivered
501598,12729,2025-08-31,South,Debit Card,Delivered
501599,10167,2025-05-04,South,UPI,Delivered
501600,14248,2025-08-11,North,Debit Card,Delivered
501601,10222,2025-01-19,West,Credit Card,Delivered
501602,14562,2025-02-06,North,Credit Card,Delivered
501603,12764,2025-08-05,North,UPI,Delivered
501604,10815,2025-04-11,South,Credit Card,Delivered
501605,12303,2025-07-12,North,UPI,Delivered
501606,14976,2025-03-26,East,UPI,Cancelled
501607,11532,2025-08-21,Central,UPI,Delivered
501608,11366,2025-02-08,West,Cash on Delivery,Delivered
501609,10597,2025-02-11,South,Credit Card,Returned
501610,13068,2025-07-09,South,Net Banking,Delivered
501611,10458,2025-11-05,East,Credit Card,Delivered
501612,13888,2025-11-02,South,Debit Card,Cancelled
501613,14615,2025-12-27,West,Net Banking,Delivered
501614,14674,2025-04-17,South,Debit Card,Delivered
501615,10541,2025-06-06,North,UPI,Delivered
501616,12876,2025-08-13,South,UPI,Delivered
501617,10495,2025-01-18,Central,Net Banking,Delivered
501618,12945,2025-03-01,West,Credit Card,Delivered
501619,14121,2025-05-22,North,Debit Card,Delivered
501620,12759,2025-04-28,South,UPI,Delivered
501621,14406,2025-06-17,Central,Credit Card,Shipped
501622,14061,2025-07-11,West,Credit Card,Returned
501623,11396,2025-10-13,West,Debit Card,Delivered
501624,13222,2025-01-29,North,UPI,Returned
501625,10038,2025-06-06,North,Debit Card,Delivered
501626,12027,2025-01-19,North,Debit Card,Delivered
501627,11190,2025-03-31,West,Credit Card,Delivered
501628,14695,2025-04-20,Central,Credit Card,Delivered
501629,12077,2025-02-27,West,UPI,Delivered
501630,13336,2025-04-26,West,Credit Card,Delivered
501631,13730,2025-02-09,West,Credit Card,Delivered
501632,13919,2025-09-22,East,Credit Card,Delivered
501633,13743,2025-05-01,Central,UPI,Delivered
501634,11464,2025-04-20,South,Net Banking,Returned
501635,13501,2025-12-30,North,UPI,Delivered
501636,12823,2025-07-24,East,Debit Card,Delivered
501637,13069,2025-06-08,East,Cash on Delivery,Delivered
501638,10008,2025-11-30,North,Debit Card,Delivered
501639,11311,2025-04-05,Central,Credit Card,Shipped
501640,14665,2025-02-03,South,UPI,Delivered
501641,11466,2025-08-30,West,Net Banking,Delivered
501642,12245,2025-11-14,West,Credit Card,Delivered
501643,10912,2025-11-26,West,Debit Card,Delivered
501644,10673,2025-11-09,North,Debit Card,Delivered
501645,11025,2025-05-29,North,Credit Card,Delivered
501646,12852,2025-04-13,South,Cash on Delivery,Delivered
501647,14615,2025-11-06,West,Cash on Delivery,Delivered
501648,11657,2025-08-05,Central,UPI,Delivered
501649,11639,2025-06-14,East,Credit Card,Delivered
501650,12902,2025-06-17,West,Credit Card,Delivered
501651,11819,2025-01-20,West,Cash on Delivery,Delivered
501652,14583,2025-04-19,North,UPI,Delivered
501653,11926,2025-07-18,South,Net Banking,Delivered
501654,12507,2025-08-21,West,Debit Card,Delivered
501655,12735,2025-06-21,Central,Debit Card,Delivered
501656,13961,2025-07-03,North,UPI,Delivered
501657,12900,2025-08-06,South,Debit Card,Delivered
501658,11195,2025-01-17,East,UPI,Delivered
501659,10612,2025-02-11,Central,Debit Card,Shipped
501660,14696,2025-06-05,East,Net Banking,Delivered
501661,14061,2025-01-21,West,Net Banking,Delivered
501662,10112,2025-05-31,South,Credit Card,Cancelled
501663,14157,2025-04-21,East,Credit Card,Shipped
501664,13041,2025-10-31,South,UPI,Delivered
501665,12646,2025-11-11,North,UPI,Delivered
501666,10062,2025-05-08,Central,UPI,Delivered
501667,13952,2025-02-21,South,Credit Card,Delivered
501668,10972,2025-09-30,West,UPI,Delivered
501669,13704,2025-10-21,West,UPI,Delivered
501670,10077,2025-03-16,West,UPI,Shipped
501671,14038,2025-12-17,North,Credit Card,Delivered
501672,10112,2025-10-27,South,Debit Card,Delivered
501673,11179,2025-03-29,Central,Debit Card,Delivered
501674,11361,2025-01-20,North,Credit Card,Delivered
501675,10773,2025-03-10,West,Debit Card,Delivered
501676,12461,2025-06-19,West,Net Banking,Delivered
501677,11429,2025-06-03,South,Credit Card,Delivered
501678,14972,2025-11-01,West,Debit Card,Delivered
501679,12996,2025-04-16,East,Debit Card,Shipped
501680,12917,2025-11-23,North,Debit Card,Delivered
501681,11083,2025-08-07,West,Credit Card,Delivered
501682,12096,2025-10-01,South,Debit Card,Delivered
501683,10612,2025-12-24,Central,Net Banking,Delivered
501684,13875,2025-04-05,North,Credit Card,Delivered
501685,11677,2025-09-22,Central,Debit Card,Shipped
501686,13820,2025-11-18,Central,UPI,Delivered
501687,11890,2025-09-03,North,Debit Card,Delivered
501688,14951,2025-11-12,North,Net Banking,Shipped
501689,10826,2025-04-18,North,Debit Card,Delivered
501690,10010,2025-10-20,South,Credit Card,Returned
501691,13057,2025-08-25,Central,UPI,Delivered
501692,14777,2025-01-29,Central,Net Banking,Shipped
501693,13293,2025-03-04,West,Net Banking,Delivered
501694,10432,2025-01-15,West,Debit Card,Delivered
501695,12777,2025-08-26,West,Net Banking,Delivered
501696,14579,2025-01-09,Central,Credit Card,Delivered
501697,10034,2025-12-02,East,Cash on Delivery,Delivered
501698,10809,2025-11-18,West,Net Banking,Delivered
501699,14120,2025-01-01,Central,UPI,Delivered
501700,14512,2025-05-01,North,Credit Card,Delivered
501701,13605,2025-01-09,South,UPI,Delivered
501702,14963,2025-11-09,East,UPI,Delivered
501703,10460,2025-07-03,South,Credit Card,Delivered
501704,12807,2025-05-28,North,Credit Card,Delivered
501705,13495,2025-08-26,Central,Cash on Delivery,Returned
501706,13579,2025-09-15,East,UPI,Delivered
501707,14026,2025-09-14,South,UPI,Delivered
501708,14613,2025-11-26,North,Cash on Delivery,Delivered
501709,11844,2025-11-06,East,UPI,Delivered
501710,10213,2025-01-19,North,UPI,Delivered
501711,11849,2025-01-18,South,Credit Card,Delivered
501712,13425,2025-10-07,Central,UPI,Delivered
501713,11050,2025-05-07,North,UPI,Delivered
501714,14095,2025-11-04,South,Credit Card,Delivered
501715,11081,2025-08-02,West,UPI,Delivered
501716,10050,2025-10-03,East,Net Banking,Delivered
501717,12600,2025-11-25,North,UPI,Delivered
501718,13697,2025-07-26,North,UPI,Delivered
501719,11784,2025-07-07,South,Debit Card,Delivered
501720,13804,2025-01-16,South,Net Banking,Delivered
501721,12245,2025-05-21,West,UPI,Delivered
501722,10829,2025-01-06,South,UPI,Cancelled
501723,10463,2025-10-08,Central,Credit Card,Delivered
501724,13627,2025-11-15,North,Debit Card,Delivered
501725,11964,2025-06-24,North,UPI,Delivered
501726,14594,2025-01-15,South,Credit Card,Delivered
501727,12775,2025-11-06,South,Cash on Delivery,Delivered
501728,11778,2025-05-08,South,Net Banking,Delivered
501729,11779,2025-01-14,West,UPI,Delivered
501730,10649,2025-09-06,North,UPI,Delivered
501731,13055,2025-02-03,North,Credit Card,Returned
501732,13003,2025-01-20,South,UPI,Delivered
501733,14052,2025-09-07,Central,UPI,Delivered
501734,10990,2025-12-28,West,UPI,Delivered
501735,11469,2025-09-29,South,UPI,Delivered
501736,10495,2025-07-14,Central,UPI,Delivered
501737,11493,2025-08-26,South,Debit Card,Delivered
501738,12190,2025-04-13,East,Credit Card,Delivered
501739,14840,2025-11-03,West,Net Banking,Delivered
501740,13331,2025-08-31,North,Debit Card,Delivered
501741,13965,2025-08-03,Central,Credit Card,Shipped
501742,11653,2025-08-31,South,UPI,Delivered
501743,10706,2025-03-18,South,Net Banking,Delivered
501744,11304,2025-05-01,South,UPI,Delivered
501745,11301,2025-10-29,North,Debit Card,Delivered
501746,13006,2025-02-09,North,UPI,Delivered
501747,11737,2025-01-29,East,Credit Card,Delivered
501748,14327,2025-08-20,West,Cash on Delivery,Delivered
501749,14950,2025-05-25,North,UPI,Delivered
501750,11744,2025-09-06,North,UPI,Delivered
501751,13588,2025-04-03,West,UPI,Delivered
501752,13366,2025-11-21,South,Credit Card,Delivered
501753,10952,2025-03-26,East,Debit Card,Delivered
501754,14613,2025-11-18,North,UPI,Delivered
501755,10980,2025-09-03,North,UPI,Delivered
501756,13749,2025-03-16,West,Credit Card,Delivered
501757,11772,2025-05-31,East,UPI,Delivered
501758,11872,2025-05-15,South,Cash on Delivery,Delivered
501759,12323,2025-07-09,North,Credit Card,Shipped
501760,14374,2025-02-03,West,Credit Card,Delivered
501761,10682,2025-12-24,North,Cash on Delivery,Delivered
501762,10266,2025-04-15,North,Debit Card,Delivered
501763,12059,2025-02-20,North,Credit Card,Delivered
501764,10272,2025-06-21,East,UPI,Delivered
501765,13506,2025-03-11,North,UPI,Shipped
501766,13863,2025-07-27,East,Credit Card,Cancelled
501767,14319,2025-11-18,North,Debit Card,Delivered
501768,13787,2025-04-06,East,Net Banking,Delivered
501769,14605,2025-02-27,West,UPI,Delivered
501770,13801,2025-04-30,West,Net Banking,Delivered
501771,14692,2025-06-20,West,UPI,Delivered
501772,10945,2025-04-21,North,UPI,Delivered
501773,12563,2025-03-02,West,UPI,Delivered
501774,14974,2025-09-13,East,Credit Card,Delivered
501775,13476,2025-06-05,North,Debit Card,Delivered
501776,14430,2025-07-04,Central,Credit Card,Cancelled
501777,10147,2025-02-10,North,Credit Card,Delivered
501778,14404,2025-07-20,South,UPI,Delivered
501779,13551,2025-02-19,North,Credit Card,Delivered
501780,10825,2025-03-31,West,Debit Card,Delivered
501781,10127,2025-08-25,Central,UPI,Returned
501782,11318,2025-12-12,West,Cash on Delivery,Delivered
501783,14603,2025-11-21,South,UPI,Delivered
501784,13415,2025-12-03,East,Debit Card,Delivered
501785,14616,2025-10-09,Central,Credit Card,Returned
501786,12285,2025-06-03,East,Net Banking,Returned
501787,14695,2025-12-29,Central,Credit Card,Delivered
501788,12364,2025-06-29,East,Credit Card,Delivered
501789,11001,2025-03-29,West,Credit Card,Delivered
501790,10739,2025-04-15,Central,Net Banking,Shipped
501791,14973,2025-03-14,West,Net Banking,Cancelled
501792,11691,2025-09-14,South,UPI,Shipped
501793,10785,2025-05-14,East,Cash on Delivery,Delivered
501794,10041,2025-10-12,West,Debit Card,Delivered
501795,11438,2025-08-24,South,UPI,Delivered
501796,14487,2025-04-19,North,UPI,Cancelled
501797,12738,2025-12-10,North,Net Banking,Delivered
501798,13233,2025-05-17,South,Debit Card,Delivered
501799,14626,2025-12-03,West,UPI,Delivered
501800,12625,2025-08-23,North,UPI,Delivered
501801,14237,2025-02-28,North,UPI,Delivered
501802,11642,2025-10-21,North,UPI,Delivered
501803,14889,2025-02-11,South,Cash on Delivery,Delivered
501804,10395,2025-09-05,North,Credit Card,Delivered
501805,13692,2025-02-19,South,Debit Card,Delivered
501806,13374,2025-09-27,West,UPI,Delivered
501807,10936,2025-12-22,West,Credit Card,Delivered
501808,11982,2025-06-22,East,Credit Card,Delivered
501809,11578,2025-10-16,East,UPI,Shipped
501810,10482,2025-06-11,South,Net Banking,Cancelled
501811,13014,2025-03-08,West,Net Banking,Delivered
501812,14973,2025-12-06,West,UPI,Delivered
501813,12882,2025-11-19,North,Debit Card,Delivered
501814,12804,2025-11-22,East,Credit Card,Shipped
501815,10200,2025-08-09,South,UPI,Delivered
501816,10676,2025-06-16,South,Credit Card,Delivered
501817,12625,2025-06-20,North,Credit Card,Delivered
501818,14931,2025-08-11,East,UPI,Delivered
501819,14420,2025-06-16,East,Cash on Delivery,Delivered
501820,11733,2025-03-26,East,Credit Card,Delivered
501821,12786,2025-04-25,South,Credit Card,Shipped
501822,12848,2025-10-27,Central,Debit Card,Delivered
501823,13498,2025-12-19,North,Credit Card,Delivered
501824,13507,2025-02-19,South,UPI,Delivered
501825,13997,2025-11-14,North,UPI,Delivered
501826,10125,2025-08-06,South,UPI,Delivered
501827,14736,2025-09-16,South,UPI,Delivered
501828,10339,2025-05-16,East,Credit Card,Cancelled
501829,12439,2025-10-31,South,Debit Card,Delivered
501830,14617,2025-04-06,North,UPI,Delivered
501831,12492,2025-06-18,Central,Credit Card,Delivered
501832,10312,2025-11-09,North,Cash on Delivery,Delivered
501833,11132,2025-08-13,East,Debit Card,Delivered
501834,12986,2025-12-07,North,Credit Card,Delivered
501835,10450,2025-12-12,South,Net Banking,Delivered
501836,12167,2025-11-30,Central,UPI,Delivered
501837,11666,2025-10-11,North,UPI,Delivered
501838,14123,2025-12-14,West,Debit Card,Delivered
501839,10555,2025-12-07,West,UPI,Delivered
501840,13484,2025-07-06,North,Credit Card,Shipped
501841,12084,2025-10-21,North,UPI,Delivered
501842,13023,2025-11-17,South,Cash on Delivery,Shipped
501843,11008,2025-10-09,West,Credit Card,Delivered
501844,13128,2025-08-31,North,Debit Card,Delivered
501845,13435,2025-01-27,East,UPI,Delivered
501846,10340,2025-05-31,West,Cash on Delivery,Delivered
501847,14173,2025-07-18,East,UPI,Shipped
501848,14349,2025-10-05,South,Cash on Delivery,Delivered
501849,10312,2025-08-15,North,Credit Card,Delivered
501850,13091,2025-07-15,Central,Credit Card,Delivered
501851,13055,2025-08-09,North,Debit Card,Cancelled
501852,10063,2025-12-23,West,UPI,Delivered
501853,11738,2025-08-16,South,Credit Card,Delivered
501854,14859,2025-03-08,West,UPI,Shipped
501855,12863,2025-11-21,South,UPI,Delivered
501856,14680,2025-12-04,East,Net Banking,Shipped
501857,13442,2025-04-08,East,Cash on Delivery,Delivered
501858,10138,2025-01-15,South,Cash on Delivery,Returned
501859,10385,2025-04-24,West,Net Banking,Delivered
501860,13681,2025-04-14,North,Cash on Delivery,Shipped
501861,12856,2025-11-03,West,Cash on Delivery,Delivered
501862,10628,2025-07-12,North,UPI,Delivered
501863,13151,2025-08-02,Central,UPI,Delivered
501864,14098,2025-05-25,South,UPI,Delivered
501865,13824,2025-04-07,West,UPI,Delivered
501866,11241,2025-02-21,West,Net Banking,Delivered
501867,11311,2025-02-27,Central,Cash on Delivery,Delivered
501868,14856,2025-07-28,South,Credit Card,Delivered
501869,14483,2025-07-04,North,UPI,Delivered
501870,11610,2025-06-15,Central,UPI,Delivered
501871,14172,2025-03-10,West,Debit Card,Delivered
501872,10790,2025-05-03,West,Cash on Delivery,Cancelled
501873,10964,2025-02-06,North,Credit Card,Returned
501874,10884,2025-08-23,West,UPI,Delivered
501875,10450,2025-03-16,South,Debit Card,Delivered
501876,14318,2025-04-18,East,UPI,Delivered
501877,12988,2025-10-18,South,Debit Card,Delivered
501878,11314,2025-10-22,West,Credit Card,Delivered
501879,14288,2025-06-23,North,Cash on Delivery,Delivered
501880,14065,2025-04-28,West,Cash on Delivery,Delivered
501881,10510,2025-05-24,Central,Debit Card,Delivered
501882,13283,2025-12-10,North,Debit Card,Delivered
501883,13678,2025-06-08,South,UPI,Delivered
501884,13648,2025-09-27,North,UPI,Shipped
501885,13686,2025-08-29,South,Net Banking,Shipped
501886,10822,2025-02-16,North,Credit Card,Delivered
501887,11592,2025-12-29,East,Credit Card,Delivered
501888,14265,2025-11-29,North,Net Banking,Delivered
501889,14531,2025-04-12,North,Credit Card,Delivered
501890,11408,2025-09-30,South,Net Banking,Shipped
501891,10112,2025-05-04,South,UPI,Delivered
501892,14339,2025-07-03,West,Debit Card,Delivered
501893,11922,2025-06-13,South,UPI,Delivered
501894,11668,2025-06-19,Central,Net Banking,Delivered
501895,11767,2025-03-23,West,Credit Card,Delivered
501896,12131,2025-05-27,Central,Credit Card,Delivered
501897,11928,2025-05-15,North,Credit Card,Returned
501898,12917,2025-11-07,North,Cash on Delivery,Delivered
501899,10396,2025-06-07,South,Credit Card,Delivered
501900,14873,2025-11-28,West,UPI,Delivered
501901,14694,2025-07-22,West,Net Banking,Delivered
501902,14686,2025-04-30,Central,Cash on Delivery,Delivered
501903,14433,2025-01-29,South,UPI,Delivered
501904,13374,2025-06-11,West,Debit Card,Delivered
501905,11083,2025-06-11,West,Credit Card,Delivered
501906,10240,2025-12-08,West,Debit Card,Delivered
501907,10506,2025-01-02,East,Credit Card,Cancelled
501908,11642,2025-02-16,North,UPI,Delivered
501909,12584,2025-04-10,East,Credit Card,Delivered
501910,14972,2025-08-12,West,Cash on Delivery,Delivered
501911,12230,2025-02-26,North,UPI,Cancelled
501912,12683,2025-05-02,North,Debit Card,Cancelled
501913,13543,2025-05-25,Central,Cash on Delivery,Cancelled
501914,10883,2025-12-20,West,UPI,Delivered
501915,14680,2025-06-03,East,Net Banking,Cancelled
501916,12706,2025-05-18,North,UPI,Delivered
501917,11396,2025-02-08,West,UPI,Delivered
501918,14689,2025-09-22,South,Credit Card,Delivered
501919,13201,2025-10-08,Central,Debit Card,Delivered
501920,12475,2025-05-28,North,UPI,Delivered
501921,12998,2025-01-15,West,UPI,Delivered
501922,13801,2025-08-20,West,Credit Card,Delivered
501923,10756,2025-04-23,East,UPI,Delivered
501924,14374,2025-12-13,West,UPI,Delivered
501925,14809,2025-05-19,West,Debit Card,Delivered
501926,12919,2025-05-24,West,Debit Card,Delivered
501927,13481,2025-06-01,North,Cash on Delivery,Shipped
501928,14339,2025-08-30,West,UPI,Delivered
501929,11906,2025-05-28,Central,UPI,Delivered
501930,14970,2025-09-21,North,Debit Card,Delivered
501931,13470,2025-09-28,South,Cash on Delivery,Delivered
501932,12167,2025-03-18,Central,Credit Card,Delivered
501933,13452,2025-03-19,South,UPI,Delivered
501934,12660,2025-10-30,West,Cash on Delivery,Delivered
501935,10564,2025-08-04,West,Debit Card,Cancelled
501936,14035,2025-04-29,West,UPI,Delivered
501937,12906,2025-08-17,West,Cash on Delivery,Delivered
501938,14035,2025-06-01,West,UPI,Delivered
501939,10760,2025-10-30,Central,Cash on Delivery,Delivered
501940,12762,2025-01-18,North,Debit Card,Delivered
501941,13889,2025-06-19,North,Credit Card,Delivered
501942,14948,2025-04-06,Central,UPI,Delivered
501943,14467,2025-06-14,East,UPI,Delivered
501944,14373,2025-02-02,Central,UPI,Delivered
501945,11246,2025-08-28,East,UPI,Delivered
501946,14235,2025-12-14,South,UPI,Delivered
501947,10820,2025-09-30,North,UPI,Delivered
501948,10972,2025-02-15,West,Credit Card,Delivered
501949,10555,2025-03-20,West,Credit Card,Delivered
501950,14328,2025-12-17,North,UPI,Delivered
501951,10542,2025-06-11,West,Credit Card,Delivered
501952,10673,2025-09-16,North,UPI,Delivered
501953,11240,2025-02-25,North,Cash on Delivery,Delivered
501954,12950,2025-05-20,West,UPI,Returned
501955,14437,2025-01-26,North,Debit Card,Delivered
501956,12141,2025-06-01,East,UPI,Delivered
501957,12813,2025-11-12,Central,Credit Card,Shipped
501958,10803,2025-02-27,South,Cash on Delivery,Delivered
501959,11348,2025-08-14,North,Net Banking,Delivered
501960,10658,2025-09-21,West,Net Banking,Delivered
501961,12100,2025-09-08,Central,Net Banking,Delivered
501962,13038,2025-07-23,South,Net Banking,Delivered
501963,11429,2025-01-26,South,Debit Card,Delivered
501964,14279,2025-02-18,South,Cash on Delivery,Delivered
501965,14903,2025-10-26,North,Credit Card,Cancelled
501966,10604,2025-07-30,South,Credit Card,Delivered
501967,10085,2025-01-21,West,Debit Card,Delivered
501968,13997,2025-12-21,North,UPI,Shipped
501969,10933,2025-03-30,West,Credit Card,Delivered
501970,11804,2025-10-04,East,UPI,Delivered
501971,12018,2025-01-14,West,Debit Card,Delivered
501972,14606,2025-05-16,North,UPI,Delivered
501973,13370,2025-01-07,Central,Credit Card,Delivered
501974,10202,2025-08-16,South,Credit Card,Delivered
501975,10071,2025-04-09,West,UPI,Delivered
501976,10980,2025-07-06,North,Credit Card,Delivered
501977,11610,2025-05-10,Central,Debit Card,Delivered
501978,12479,2025-11-21,East,Debit Card,Delivered
501979,14234,2025-06-21,East,Credit Card,Delivered
501980,11590,2025-03-07,West,Credit Card,Delivered
501981,11918,2025-01-18,South,UPI,Delivered
501982,11667,2025-07-26,South,Cash on Delivery,Delivered
501983,10043,2025-05-24,South,Credit Card,Delivered
501984,14785,2025-09-25,East,Credit Card,Shipped
501985,10676,2025-12-30,South,UPI,Delivered
501986,11457,2025-11-12,South,Credit Card,Shipped
501987,10639,2025-11-06,North,Cash on Delivery,Delivered
501988,12507,2025-02-09,West,UPI,Delivered
501989,14677,2025-06-20,West,UPI,Delivered
501990,10510,2025-05-30,Central,UPI,Returned
501991,12258,2025-01-04,East,Net Banking,Returned
501992,10109,2025-10-04,Central,Credit Card,Delivered
501993,13911,2025-06-19,Central,Net Banking,Delivered
501994,13268,2025-12-13,East,Net Banking,Delivered
501995,13562,2025-10-24,West,Debit Card,Delivered
501996,12415,2025-04-06,Central,UPI,Delivered
501997,14570,2025-02-05,East,UPI,Returned
501998,12098,2025-05-02,North,UPI,Delivered
501999,12628,2025-09-30,South,Debit Card,Delivered
502000,13544,2025-07-01,West,Debit Card,Delivered
502001,12654,2025-12-13,North,Debit Card,Delivered
502002,10929,2025-12-24,West,UPI,Delivered
502003,11606,2025-03-03,East,UPI,Delivered
502004,10470,2025-04-28,Central,Cash on Delivery,Cancelled
502005,12210,2025-12-06,South,Debit Card,Delivered
502006,13126,2025-09-09,South,Debit Card,Delivered
502007,10600,2025-11-09,West,UPI,Delivered
502008,13223,2025-04-09,South,Credit Card,Delivered
502009,14503,2025-10-16,North,UPI,Cancelled
502010,11719,2025-09-08,South,Debit Card,Delivered
502011,11087,2025-01-26,South,Credit Card,Shipped
502012,14506,2025-03-29,West,Credit Card,Delivered
502013,13527,2025-10-07,North,Cash on Delivery,Delivered
502014,10526,2025-10-14,West,Debit Card,Delivered
502015,12092,2025-10-10,Central,Cash on Delivery,Delivered
502016,13435,2025-02-18,East,UPI,Delivered
502017,12962,2025-03-14,South,Debit Card,Returned
502018,13171,2025-07-13,West,Debit Card,Delivered
502019,12921,2025-07-17,East,UPI,Returned
502020,14044,2025-06-02,South,Net Banking,Delivered
502021,11622,2025-01-16,South,UPI,Delivered
502022,13617,2025-04-19,North,Debit Card,Cancelled
502023,14960,2025-03-28,North,UPI,Delivered
502024,11988,2025-05-01,West,Debit Card,Delivered
502025,14009,2025-07-16,East,Credit Card,Delivered
502026,11241,2025-05-25,West,Credit Card,Delivered
502027,11421,2025-01-09,Central,Credit Card,Delivered
502028,14688,2025-12-12,East,Credit Card,Shipped
502029,10128,2025-09-26,West,Credit Card,Delivered
502030,11073,2025-08-28,North,UPI,Delivered
502031,12471,2025-01-18,North,Cash on Delivery,Delivered
502032,12058,2025-04-11,North,Cash on Delivery,Shipped
502033,13217,2025-02-14,East,UPI,Delivered
502034,10942,2025-10-15,South,Net Banking,Delivered
502035,10340,2025-01-07,West,Debit Card,Shipped
502036,11876,2025-10-03,West,Net Banking,Delivered
502037,12681,2025-08-25,South,UPI,Delivered
502038,12896,2025-07-09,Central,UPI,Delivered
502039,13086,2025-01-14,South,UPI,Delivered
502040,12821,2025-09-22,East,Credit Card,Delivered
502041,11240,2025-12-22,North,Credit Card,Delivered
502042,13882,2025-06-26,North,Cash on Delivery,Delivered
502043,10450,2025-03-31,South,Net Banking,Delivered
502044,10975,2025-04-03,North,Credit Card,Delivered
502045,13765,2025-01-16,North,UPI,Delivered
502046,11410,2025-08-11,North,UPI,Delivered
502047,12526,2025-06-01,West,UPI,Delivered
502048,11660,2025-05-16,West,Debit Card,Delivered
502049,12595,2025-08-06,East,Debit Card,Delivered
502050,11765,2025-12-01,West,Debit Card,Delivered
502051,14974,2025-09-07,East,UPI,Delivered
502052,11823,2025-05-18,West,Cash on Delivery,Delivered
502053,13205,2025-01-24,North,Credit Card,Delivered
502054,14485,2025-08-29,North,Debit Card,Delivered
502055,13253,2025-05-16,North,Net Banking,Delivered
502056,12914,2025-01-01,South,UPI,Delivered
502057,12929,2025-09-02,East,UPI,Delivered
502058,12545,2025-11-26,North,Credit Card,Delivered
502059,14086,2025-04-21,North,Debit Card,Shipped
502060,10244,2025-12-24,North,Credit Card,Delivered
502061,14470,2025-01-31,East,Net Banking,Delivered
502062,13019,2025-08-18,South,Credit Card,Delivered
502063,14290,2025-03-18,West,UPI,Shipped
502064,10052,2025-03-03,South,UPI,Delivered
502065,14395,2025-02-04,South,Cash on Delivery,Cancelled
502066,10604,2025-06-21,South,Net Banking,Shipped
502067,13674,2025-06-24,Central,UPI,Shipped
502068,12134,2025-01-22,West,UPI,Returned
502069,13475,2025-05-15,East,Net Banking,Delivered
502070,13208,2025-05-14,East,UPI,Delivered
502071,10797,2025-01-12,South,Credit Card,Delivered
502072,12630,2025-04-10,North,Credit Card,Delivered
502073,11402,2025-02-12,South,Credit Card,Delivered
502074,12888,2025-11-26,North,Credit Card,Delivered
502075,13754,2025-09-21,South,Debit Card,Shipped
502076,10406,2025-07-20,Central,UPI,Delivered
502077,12635,2025-05-21,South,Credit Card,Delivered
502078,13164,2025-07-03,West,Cash on Delivery,Delivered
502079,11494,2025-09-07,North,Net Banking,Delivered
502080,14777,2025-05-27,Central,UPI,Delivered
502081,12653,2025-10-06,East,Credit Card,Shipped
502082,10890,2025-10-26,North,UPI,Delivered
502083,10540,2025-10-07,East,Credit Card,Delivered
502084,12784,2025-08-13,East,UPI,Delivered
502085,11912,2025-08-03,West,Credit Card,Delivered
502086,10939,2025-12-09,Central,Credit Card,Delivered
502087,10149,2025-06-04,West,Credit Card,Delivered
502088,12918,2025-05-20,Central,Credit Card,Delivered
502089,13073,2025-02-15,North,Cash on Delivery,Cancelled
502090,10689,2025-04-21,Central,UPI,Delivered
502091,13086,2025-07-18,South,Credit Card,Returned
502092,14772,2025-08-16,East,Credit Card,Delivered
502093,14895,2025-10-29,Central,Net Banking,Cancelled
502094,14485,2025-03-23,North,UPI,Delivered
502095,14081,2025-05-24,South,Debit Card,Delivered
502096,11027,2025-02-27,South,Debit Card,Returned
502097,10765,2025-05-22,North,Cash on Delivery,Delivered
502098,12280,2025-12-07,South,UPI,Delivered
502099,13177,2025-01-25,North,Cash on Delivery,Delivered
502100,14301,2025-04-12,West,Debit Card,Delivered
502101,11151,2025-05-23,East,Credit Card,Delivered
502102,12456,2025-03-15,South,UPI,Delivered
502103,13298,2025-02-13,East,Debit Card,Delivered
502104,12282,2025-12-14,East,UPI,Delivered
502105,12317,2025-08-29,South,Cash on Delivery,Delivered
502106,11103,2025-03-23,East,UPI,Delivered
502107,14940,2025-12-24,East,Net Banking,Delivered
502108,12431,2025-03-07,Central,Credit Card,Delivered
502109,12729,2025-10-05,South,UPI,Delivered
502110,11077,2025-03-28,South,Net Banking,Delivered
502111,12628,2025-12-31,South,Net Banking,Delivered
502112,11291,2025-12-12,Central,UPI,Delivered
502113,10992,2025-02-10,North,Cash on Delivery,Delivered
502114,11392,2025-07-23,South,Credit Card,Delivered
502115,10014,2025-12-15,South,UPI,Returned
502116,12936,2025-12-05,North,Credit Card,Delivered
502117,11974,2025-08-14,North,UPI,Shipped
502118,14533,2025-02-17,South,UPI,Delivered
502119,10203,2025-10-10,North,Credit Card,Delivered
502120,10214,2025-12-16,East,Credit Card,Delivered
502121,14474,2025-08-17,East,UPI,Delivered
502122,10625,2025-12-14,South,UPI,Shipped
502123,10011,2025-07-17,West,Debit Card,Delivered
502124,10873,2025-07-11,Central,Cash on Delivery,Delivered
502125,14171,2025-11-08,East,UPI,Delivered
502126,14065,2025-03-11,West,UPI,Delivered
502127,11733,2025-01-21,East,Debit Card,Delivered
502128,13413,2025-02-16,North,Cash on Delivery,Delivered
502129,12597,2025-11-12,West,Debit Card,Cancelled
502130,14558,2025-08-21,South,UPI,Delivered
502131,10277,2025-03-31,North,UPI,Delivered
502132,14109,2025-08-21,North,Credit Card,Delivered
502133,10825,2025-09-30,West,UPI,Delivered
502134,12002,2025-09-10,West,UPI,Delivered
502135,10937,2025-07-18,South,UPI,Delivered
502136,13579,2025-06-02,East,Credit Card,Delivered
502137,13460,2025-06-11,East,Credit Card,Delivered
502138,12817,2025-10-09,North,Credit Card,Delivered
502139,13553,2025-01-06,West,Cash on Delivery,Delivered
502140,13259,2025-01-10,North,Cash on Delivery,Delivered
502141,13938,2025-12-03,South,UPI,Delivered
502142,11195,2025-05-11,East,Credit Card,Delivered
502143,12191,2025-11-11,North,Debit Card,Returned
502144,10739,2025-04-22,Central,UPI,Delivered
502145,12195,2025-03-21,North,Cash on Delivery,Delivered
502146,13574,2025-02-17,West,Cash on Delivery,Delivered
502147,13525,2025-05-31,North,UPI,Delivered
502148,13621,2025-04-01,East,Net Banking,Delivered
502149,11560,2025-05-13,West,Credit Card,Delivered
502150,13378,2025-07-03,East,UPI,Delivered
502151,11872,2025-08-17,South,UPI,Delivered
502152,14739,2025-03-17,East,UPI,Delivered
502153,11744,2025-03-26,North,Net Banking,Delivered
502154,13091,2025-09-20,Central,Cash on Delivery,Delivered
502155,13813,2025-08-22,North,UPI,Delivered
502156,14564,2025-09-22,West,Debit Card,Delivered
502157,12245,2025-08-04,West,UPI,Delivered
502158,11840,2025-12-11,South,Net Banking,Delivered
502159,12198,2025-06-23,North,Net Banking,Delivered
502160,11640,2025-02-06,East,UPI,Delivered
502161,13335,2025-01-17,East,UPI,Delivered
502162,14679,2025-10-24,East,Credit Card,Returned
502163,10623,2025-11-16,East,Cash on Delivery,Delivered
502164,12894,2025-12-05,South,Credit Card,Shipped
502165,14526,2025-11-09,West,UPI,Delivered
502166,10508,2025-02-14,West,Debit Card,Returned
502167,12528,2025-03-14,West,UPI,Delivered
502168,14375,2025-12-31,East,Debit Card,Delivered
502169,14542,2025-04-19,West,Credit Card,Shipped
502170,12629,2025-12-13,North,Debit Card,Delivered
502171,10125,2025-12-09,South,Credit Card,Delivered
502172,10527,2025-05-18,Central,UPI,Delivered
502173,13020,2025-07-01,South,Cash on Delivery,Delivered
502174,10612,2025-10-27,Central,Credit Card,Shipped
502175,10732,2025-10-31,North,Debit Card,Delivered
502176,13916,2025-11-23,East,Credit Card,Shipped
502177,13814,2025-01-02,South,Net Banking,Returned
502178,14257,2025-03-21,West,UPI,Delivered
502179,10528,2025-04-28,South,Debit Card,Delivered
502180,10972,2025-09-19,West,UPI,Returned
502181,14207,2025-03-21,East,UPI,Delivered
502182,13672,2025-03-30,South,Net Banking,Delivered
502183,14077,2025-02-14,North,Net Banking,Delivered
502184,14957,2025-09-23,South,Credit Card,Delivered
502185,14374,2025-09-01,West,Debit Card,Shipped
502186,12654,2025-10-15,North,Net Banking,Delivered
502187,11567,2025-01-02,North,UPI,Delivered
502188,12933,2025-10-04,South,Cash on Delivery,Delivered
502189,13256,2025-09-03,South,Net Banking,Delivered
502190,11698,2025-08-14,West,Debit Card,Delivered
502191,13911,2025-12-15,Central,Credit Card,Delivered
502192,10472,2025-08-22,East,Cash on Delivery,Delivered
502193,13946,2025-05-01,North,Debit Card,Delivered
502194,10153,2025-01-23,South,Credit Card,Delivered
502195,12552,2025-07-19,West,Cash on Delivery,Delivered
502196,14351,2025-08-24,South,UPI,Delivered
502197,10439,2025-02-05,West,UPI,Delivered
502198,12641,2025-01-14,North,Cash on Delivery,Delivered
502199,10781,2025-01-15,East,UPI,Delivered
502200,14517,2025-09-02,East,UPI,Delivered
502201,14203,2025-10-18,West,Net Banking,Delivered
502202,14685,2025-04-30,West,Credit Card,Delivered
502203,14417,2025-01-22,West,Cash on Delivery,Delivered
502204,13747,2025-06-24,North,UPI,Delivered
502205,10900,2025-10-19,South,UPI,Delivered
502206,11523,2025-09-28,South,Cash on Delivery,Delivered
502207,12546,2025-05-01,West,Credit Card,Delivered
502208,13029,2025-04-06,West,Debit Card,Shipped
502209,13962,2025-07-05,West,Cash on Delivery,Delivered
502210,11117,2025-06-18,Central,Credit Card,Shipped
502211,10633,2025-12-22,Central,UPI,Delivered
502212,12466,2025-12-11,West,Credit Card,Delivered
502213,10775,2025-08-25,East,Credit Card,Delivered
502214,13536,2025-11-26,South,UPI,Delivered
502215,12969,2025-08-20,North,UPI,Delivered
502216,13770,2025-01-26,North,Debit Card,Delivered
502217,10312,2025-09-11,North,UPI,Delivered
502218,14844,2025-01-30,North,Credit Card,Delivered
502219,10001,2025-12-25,West,UPI,Delivered
502220,11651,2025-10-14,West,UPI,Delivered
502221,13466,2025-04-19,West,Cash on Delivery,Delivered
502222,10222,2025-12-04,West,Debit Card,Delivered
502223,10417,2025-09-15,North,Net Banking,Delivered
502224,10380,2025-11-30,West,Credit Card,Delivered
502225,13001,2025-08-19,Central,Debit Card,Delivered
502226,14520,2025-05-28,East,UPI,Shipped
502227,12863,2025-02-03,South,UPI,Delivered
502228,13097,2025-03-01,South,UPI,Delivered
502229,11761,2025-10-17,North,Credit Card,Delivered
502230,10091,2025-06-14,West,UPI,Delivered
502231,10103,2025-07-14,West,Credit Card,Delivered
502232,14485,2025-05-07,North,UPI,Delivered
502233,10518,2025-08-13,East,Net Banking,Delivered
502234,14998,2025-10-02,East,UPI,Delivered
502235,10798,2025-08-11,South,Net Banking,Delivered
502236,13437,2025-02-21,North,Debit Card,Cancelled
502237,14768,2025-02-13,South,Credit Card,Shipped
502238,11847,2025-03-27,West,Debit Card,Delivered
502239,13737,2025-06-04,South,Credit Card,Delivered
502240,11793,2025-02-07,North,UPI,Delivered
502241,11532,2025-04-02,Central,UPI,Delivered
502242,10991,2025-05-29,North,Credit Card,Delivered
502243,14155,2025-01-13,West,UPI,Delivered
502244,11306,2025-12-15,South,UPI,Delivered
502245,11426,2025-10-25,West,Net Banking,Delivered
502246,14997,2025-08-13,North,Debit Card,Delivered
502247,11660,2025-12-18,West,Cash on Delivery,Returned
502248,12161,2025-10-31,North,Debit Card,Delivered
502249,14957,2025-02-15,South,Cash on Delivery,Delivered
502250,11876,2025-08-08,West,UPI,Delivered
502251,11870,2025-04-24,South,Debit Card,Delivered
502252,14188,2025-03-19,South,UPI,Shipped
502253,11572,2025-11-09,Central,UPI,Delivered
502254,11165,2025-11-04,West,Net Banking,Delivered
502255,12165,2025-10-05,Central,Credit Card,Delivered
502256,13568,2025-01-17,South,UPI,Delivered
502257,10214,2025-04-07,East,UPI,Delivered
502258,11905,2025-04-12,South,Credit Card,Delivered
502259,11762,2025-10-09,West,UPI,Delivered
502260,11235,2025-06-16,South,Credit Card,Shipped
502261,13339,2025-03-12,West,Debit Card,Delivered
502262,11466,2025-08-05,West,Debit Card,Returned
502263,13114,2025-08-28,South,Credit Card,Delivered
502264,12585,2025-06-28,North,Debit Card,Shipped
502265,11073,2025-06-07,North,UPI,Delivered
502266,11349,2025-02-10,South,Net Banking,Delivered
502267,10825,2025-02-19,West,UPI,Returned
502268,10280,2025-10-11,South,Cash on Delivery,Shipped
502269,13175,2025-03-15,West,Credit Card,Delivered
502270,13430,2025-07-06,South,UPI,Delivered
502271,10801,2025-09-01,North,Debit Card,Delivered
502272,13158,2025-03-07,West,Net Banking,Delivered
502273,14908,2025-08-23,North,Credit Card,Delivered
502274,10365,2025-04-24,North,UPI,Delivered
502275,12506,2025-07-25,North,Credit Card,Delivered
502276,13735,2025-09-26,West,UPI,Delivered
502277,10225,2025-09-14,South,UPI,Delivered
502278,13943,2025-03-30,North,UPI,Delivered
502279,14900,2025-01-10,South,Credit Card,Delivered
502280,10453,2025-07-10,East,UPI,Delivered
502281,14162,2025-08-22,North,Cash on Delivery,Delivered
502282,11928,2025-02-23,North,Net Banking,Delivered
502283,10702,2025-05-31,South,Credit Card,Delivered
502284,12523,2025-11-23,South,Net Banking,Returned
502285,10349,2025-11-02,South,Credit Card,Delivered
502286,12662,2025-02-28,North,Debit Card,Delivered
502287,10093,2025-09-19,West,Net Banking,Delivered
502288,13712,2025-12-31,East,Debit Card,Delivered
502289,12492,2025-02-01,Central,UPI,Returned
502290,12346,2025-11-05,East,UPI,Delivered
502291,10963,2025-12-30,West,Credit Card,Delivered
502292,11843,2025-03-10,West,UPI,Delivered
502293,10886,2025-03-24,West,Cash on Delivery,Delivered
502294,13740,2025-09-15,North,UPI,Shipped
502295,10978,2025-10-26,West,Debit Card,Delivered
502296,13161,2025-02-09,East,UPI,Delivered
502297,11410,2025-01-04,North,Debit Card,Shipped
502298,13363,2025-03-16,Central,Credit Card,Delivered
502299,12776,2025-06-23,Central,Debit Card,Delivered
502300,12167,2025-04-15,Central,Debit Card,Delivered
502301,13430,2025-05-28,South,UPI,Delivered
502302,12131,2025-05-02,Central,Credit Card,Cancelled
502303,14157,2025-01-14,East,Cash on Delivery,Delivered
502304,13719,2025-12-21,North,UPI,Delivered
502305,12778,2025-12-31,West,UPI,Delivered
502306,14422,2025-06-26,South,Net Banking,Delivered
502307,14193,2025-01-21,South,Debit Card,Delivered
502308,12726,2025-11-13,North,Credit Card,Shipped
502309,10331,2025-09-15,South,Net Banking,Delivered
502310,12914,2025-05-29,South,Credit Card,Delivered
502311,11814,2025-09-23,South,Credit Card,Shipped
502312,12775,2025-12-13,South,Net Banking,Delivered
502313,13294,2025-04-28,West,UPI,Delivered
502314,13285,2025-11-28,North,UPI,Delivered
502315,13433,2025-03-21,South,Credit Card,Delivered
502316,13466,2025-09-21,West,UPI,Delivered
502317,10548,2025-07-04,East,Cash on Delivery,Delivered
502318,10936,2025-04-11,West,UPI,Delivered
502319,13223,2025-03-30,South,Cash on Delivery,Delivered
502320,12092,2025-02-16,Central,Credit Card,Shipped
502321,13876,2025-03-23,Central,Cash on Delivery,Returned
502322,10619,2025-05-04,East,Credit Card,Delivered
502323,10935,2025-09-21,South,Net Banking,Delivered
502324,12877,2025-05-27,East,Debit Card,Delivered
502325,12570,2025-08-29,North,Cash on Delivery,Delivered
502326,11349,2025-10-13,South,Debit Card,Delivered
502327,12092,2025-04-01,Central,UPI,Shipped
502328,10166,2025-08-16,West,Credit Card,Delivered
502329,10177,2025-06-03,North,UPI,Delivered
502330,10485,2025-12-27,South,UPI,Delivered
502331,12979,2025-09-08,Central,Net Banking,Delivered
502332,14371,2025-11-30,West,UPI,Returned
502333,11319,2025-07-20,North,Debit Card,Delivered
502334,10161,2025-08-03,East,Debit Card,Returned
502335,13617,2025-06-22,North,Cash on Delivery,Delivered
502336,14320,2025-03-05,South,Debit Card,Delivered
502337,10673,2025-01-30,North,Credit Card,Delivered
502338,11964,2025-06-27,North,Debit Card,Delivered
502339,10778,2025-06-19,North,Debit Card,Delivered
502340,10532,2025-06-05,South,Credit Card,Delivered
502341,13301,2025-02-27,West,UPI,Delivered
502342,14854,2025-01-31,West,Credit Card,Delivered
502343,13460,2025-12-12,East,Net Banking,Delivered
502344,14924,2025-04-10,North,Credit Card,Delivered
502345,12222,2025-05-08,South,Debit Card,Delivered
502346,14528,2025-11-11,East,Cash on Delivery,Delivered
502347,11006,2025-08-16,South,Credit Card,Delivered
502348,10596,2025-04-26,East,UPI,Delivered
502349,13579,2025-01-12,East,UPI,Delivered
502350,11890,2025-10-28,North,Net Banking,Shipped
502351,11608,2025-11-18,South,UPI,Delivered
502352,13425,2025-12-26,Central,Cash on Delivery,Delivered
502353,11688,2025-07-15,North,UPI,Delivered
502354,12948,2025-12-20,North,Net Banking,Delivered
502355,11512,2025-07-02,North,Net Banking,Delivered
502356,13969,2025-11-21,Central,UPI,Delivered
502357,11576,2025-01-05,North,Credit Card,Delivered
502358,12744,2025-11-15,West,Cash on Delivery,Delivered
502359,10113,2025-09-17,Central,Cash on Delivery,Delivered
502360,14014,2025-10-24,West,Cash on Delivery,Delivered
502361,13180,2025-05-20,Central,UPI,Delivered
502362,10939,2025-12-20,Central,UPI,Delivered
502363,11062,2025-02-24,West,UPI,Delivered
502364,11333,2025-10-28,East,UPI,Cancelled
502365,12976,2025-06-05,North,Debit Card,Delivered
502366,12821,2025-11-11,East,Net Banking,Delivered
502367,11377,2025-07-07,South,UPI,Shipped
502368,13539,2025-09-13,South,Cash on Delivery,Delivered
502369,14487,2025-06-30,North,Debit Card,Delivered
502370,10214,2025-06-17,East,Credit Card,Cancelled
502371,12137,2025-05-01,South,Cash on Delivery,Delivered
502372,13053,2025-11-04,South,UPI,Delivered
502373,13019,2025-01-11,South,UPI,Delivered
502374,10093,2025-12-18,West,UPI,Delivered
502375,11032,2025-06-27,West,Credit Card,Returned
502376,10299,2025-11-02,South,Credit Card,Shipped
502377,12928,2025-12-18,North,Net Banking,Delivered
502378,13287,2025-05-03,South,Cash on Delivery,Delivered
502379,10784,2025-02-17,Central,Cash on Delivery,Delivered
502380,11685,2025-07-01,South,Net Banking,Delivered
502381,11669,2025-11-02,Central,Debit Card,Delivered
502382,14153,2025-08-29,West,Debit Card,Cancelled
502383,10953,2025-09-13,West,UPI,Delivered
502384,12821,2025-12-04,East,UPI,Shipped
502385,13967,2025-08-01,West,Cash on Delivery,Delivered
502386,14194,2025-10-24,West,UPI,Delivered
502387,13403,2025-08-08,North,Credit Card,Cancelled
502388,11513,2025-01-28,West,Credit Card,Delivered
502389,14169,2025-08-04,South,Debit Card,Delivered
502390,13779,2025-09-03,South,UPI,Delivered
502391,13587,2025-07-18,West,Debit Card,Delivered
502392,10325,2025-07-10,North,Cash on Delivery,Delivered
502393,10214,2025-05-09,East,UPI,Delivered
502394,13544,2025-06-10,West,Credit Card,Delivered
502395,14742,2025-02-02,West,Credit Card,Delivered
502396,13921,2025-01-11,East,UPI,Shipped
502397,14200,2025-08-03,North,UPI,Delivered
502398,12802,2025-08-30,East,Debit Card,Delivered
502399,11531,2025-10-11,North,Credit Card,Delivered
502400,13457,2025-09-03,South,Credit Card,Shipped
502401,13630,2025-07-09,East,Net Banking,Delivered
502402,13441,2025-10-30,South,UPI,Delivered
502403,14757,2025-11-26,North,UPI,Delivered
502404,11872,2025-03-13,South,Credit Card,Delivered
502405,10192,2025-09-02,West,Credit Card,Delivered
502406,14573,2025-03-24,South,UPI,Delivered
502407,10785,2025-04-24,East,Debit Card,Delivered
502408,13549,2025-09-21,Central,Credit Card,Delivered
502409,14412,2025-03-10,South,UPI,Delivered
502410,11565,2025-11-30,North,UPI,Delivered
502411,14197,2025-10-28,East,Debit Card,Delivered
502412,11682,2025-06-10,East,UPI,Delivered
502413,14027,2025-04-17,West,UPI,Delivered
502414,10339,2025-10-21,East,Cash on Delivery,Delivered
502415,13353,2025-05-20,Central,UPI,Delivered
502416,13450,2025-11-19,South,UPI,Delivered
502417,12514,2025-12-26,East,Debit Card,Delivered
502418,13505,2025-05-30,North,Credit Card,Delivered
502419,14628,2025-11-22,East,Debit Card,Delivered
502420,13736,2025-04-09,West,Credit Card,Delivered
502421,14823,2025-06-16,South,UPI,Delivered
502422,12297,2025-05-24,North,Debit Card,Delivered
502423,12705,2025-06-08,Central,Net Banking,Delivered
502424,11341,2025-10-27,East,Credit Card,Delivered
502425,14935,2025-10-29,West,UPI,Delivered
502426,10270,2025-02-13,Central,UPI,Delivered
502427,11828,2025-12-06,South,Cash on Delivery,Cancelled
502428,11506,2025-03-28,Central,Debit Card,Shipped
502429,11967,2025-03-25,Central,UPI,Returned
502430,14613,2025-04-06,North,Net Banking,Delivered
502431,11873,2025-10-29,West,UPI,Shipped
502432,14609,2025-08-28,North,Debit Card,Delivered
502433,12165,2025-08-05,Central,Debit Card,Delivered
502434,14320,2025-08-27,South,Cash on Delivery,Delivered
502435,12660,2025-03-13,West,UPI,Delivered
502436,11572,2025-06-30,Central,Credit Card,Delivered
502437,12300,2025-06-22,East,Credit Card,Delivered
502438,12168,2025-07-11,East,UPI,Delivered
502439,11318,2025-04-04,West,Debit Card,Delivered
502440,11465,2025-06-01,North,UPI,Cancelled
502441,10912,2025-06-08,West,UPI,Delivered
502442,11702,2025-11-23,North,UPI,Delivered
502443,13198,2025-10-23,West,UPI,Delivered
502444,11967,2025-11-26,Central,UPI,Delivered
502445,13631,2025-01-15,East,UPI,Delivered
502446,14942,2025-04-29,North,Credit Card,Delivered
502447,11922,2025-01-21,South,UPI,Shipped
502448,12363,2025-01-21,South,Cash on Delivery,Delivered
502449,10798,2025-11-12,South,UPI,Delivered
502450,12005,2025-08-09,South,Debit Card,Delivered
502451,13699,2025-04-16,South,UPI,Delivered
502452,11073,2025-08-21,North,Net Banking,Delivered
502453,10886,2025-03-06,West,UPI,Delivered
502454,11918,2025-05-29,South,Debit Card,Delivered
502455,14139,2025-07-02,East,Credit Card,Shipped
502456,13194,2025-03-10,North,Credit Card,Delivered
502457,14802,2025-07-26,North,Credit Card,Delivered
502458,14557,2025-04-20,South,Credit Card,Delivered
502459,10739,2025-10-09,Central,UPI,Delivered
502460,10212,2025-11-27,North,UPI,Cancelled
502461,12043,2025-02-24,West,Net Banking,Delivered
502462,12662,2025-04-23,North,UPI,Delivered
502463,12634,2025-08-01,South,Debit Card,Delivered
502464,10658,2025-02-15,West,Debit Card,Delivered
502465,10618,2025-03-11,West,Debit Card,Delivered
502466,10229,2025-07-01,North,Debit Card,Delivered
502467,14301,2025-06-22,West,Debit Card,Delivered
502468,14761,2025-11-06,West,Credit Card,Delivered
502469,10584,2025-07-28,North,Cash on Delivery,Delivered
502470,11049,2025-08-11,South,Debit Card,Delivered
502471,10460,2025-12-09,South,Credit Card,Returned
502472,14425,2025-04-06,West,Credit Card,Delivered
502473,14807,2025-04-30,North,UPI,Delivered
502474,11328,2025-02-05,South,Cash on Delivery,Delivered
502475,11524,2025-02-03,North,Cash on Delivery,Delivered
502476,11852,2025-12-08,South,UPI,Delivered
502477,12576,2025-10-16,South,Net Banking,Shipped
502478,13483,2025-02-24,South,UPI,Delivered
502479,12585,2025-01-23,North,UPI,Delivered
502480,14771,2025-09-10,East,Debit Card,Delivered
502481,10507,2025-02-13,East,Debit Card,Delivered
502482,14044,2025-04-10,South,Credit Card,Delivered
502483,11693,2025-01-28,West,Cash on Delivery,Delivered
502484,11926,2025-03-05,South,Credit Card,Delivered
502485,13618,2025-10-31,North,UPI,Delivered
502486,14662,2025-11-11,South,UPI,Delivered
502487,13652,2025-11-11,North,Net Banking,Delivered
502488,13933,2025-10-26,South,Credit Card,Delivered
502489,13814,2025-06-20,South,Net Banking,Delivered
502490,11626,2025-05-21,North,Net Banking,Delivered
502491,13846,2025-03-13,East,UPI,Delivered
502492,13973,2025-02-12,South,Net Banking,Delivered
502493,12735,2025-08-28,Central,UPI,Delivered
502494,12750,2025-09-26,West,Net Banking,Cancelled
502495,13861,2025-08-07,North,Credit Card,Delivered
502496,14132,2025-05-19,West,Debit Card,Delivered
502497,11713,2025-07-19,West,UPI,Delivered
502498,14061,2025-12-28,West,Credit Card,Delivered
502499,14117,2025-06-03,North,Cash on Delivery,Delivered
502500,11167,2025-12-16,West,Cash on Delivery,Delivered
502501,13655,2025-08-02,East,Cash on Delivery,Delivered
502502,10912,2025-02-19,West,Credit Card,Returned
502503,10472,2025-02-18,East,Net Banking,Delivered
502504,12964,2025-12-25,West,Credit Card,Returned
502505,14573,2025-12-12,South,Cash on Delivery,Delivered
502506,10167,2025-09-01,South,Cash on Delivery,Cancelled
502507,14179,2025-12-13,East,Net Banking,Delivered
502508,12594,2025-12-08,South,Debit Card,Returned
502509,14347,2025-09-26,West,Cash on Delivery,Delivered
502510,14258,2025-09-20,South,Cash on Delivery,Delivered
502511,14419,2025-09-01,East,Credit Card,Delivered
502512,13900,2025-06-20,East,UPI,Delivered
502513,14258,2025-02-11,South,UPI,Delivered
502514,10857,2025-01-13,South,Debit Card,Delivered
502515,11527,2025-09-25,East,UPI,Delivered
502516,11219,2025-07-23,West,Debit Card,Delivered
502517,13780,2025-10-21,South,UPI,Delivered
502518,10748,2025-09-16,East,UPI,Delivered
502519,10887,2025-07-19,Central,Credit Card,Shipped
502520,14432,2025-11-14,North,UPI,Delivered
502521,13591,2025-06-08,North,UPI,Shipped
502522,14419,2025-07-19,East,Credit Card,Delivered
502523,10678,2025-10-20,South,Net Banking,Delivered
502524,12042,2025-10-07,Central,Credit Card,Shipped
502525,11426,2025-04-02,West,UPI,Delivered
502526,10049,2025-03-09,South,Credit Card,Delivered
502527,11433,2025-03-05,West,Debit Card,Delivered
502528,11934,2025-05-24,South,UPI,Delivered
502529,10470,2025-10-01,Central,UPI,Delivered
502530,12917,2025-03-09,North,Credit Card,Delivered
502531,11948,2025-08-23,Central,Debit Card,Delivered
502532,10227,2025-11-10,South,Debit Card,Delivered
502533,13584,2025-05-03,East,Debit Card,Delivered
502534,13715,2025-10-28,West,UPI,Delivered
502535,14213,2025-02-22,South,Credit Card,Delivered
502536,12479,2025-01-27,East,Credit Card,Delivered
502537,14858,2025-02-05,South,UPI,Delivered
502538,14598,2025-04-10,West,UPI,Delivered
502539,12841,2025-05-21,West,Debit Card,Delivered
502540,12280,2025-06-25,South,Cash on Delivery,Shipped
502541,10017,2025-07-07,North,UPI,Delivered
502542,13628,2025-07-25,West,Credit Card,Delivered
502543,12908,2025-04-16,South,UPI,Shipped
502544,14696,2025-04-11,East,UPI,Delivered
502545,13056,2025-04-21,North,UPI,Delivered
502546,14970,2025-06-28,North,Credit Card,Delivered
502547,14311,2025-01-14,West,UPI,Delivered
502548,14780,2025-09-08,Central,Debit Card,Delivered
502549,11661,2025-06-20,North,Debit Card,Delivered
502550,10731,2025-09-16,South,Credit Card,Delivered
502551,14040,2025-06-02,West,UPI,Delivered
502552,13980,2025-02-03,North,Credit Card,Delivered
502553,11038,2025-07-17,West,Cash on Delivery,Delivered
502554,13883,2025-08-20,East,Debit Card,Delivered
502555,13003,2025-07-12,South,UPI,Delivered
502556,10551,2025-07-07,East,Debit Card,Shipped
502557,12572,2025-08-26,North,Credit Card,Delivered
502558,14671,2025-10-31,West,UPI,Delivered
502559,12594,2025-11-24,South,Debit Card,Delivered
502560,13994,2025-07-28,South,UPI,Delivered
502561,10140,2025-07-24,North,Credit Card,Delivered
502562,13705,2025-04-15,West,Credit Card,Shipped
502563,14757,2025-10-18,North,Net Banking,Delivered
502564,12562,2025-08-30,East,Credit Card,Delivered
502565,11719,2025-04-07,South,Credit Card,Delivered
502566,13292,2025-12-31,North,Debit Card,Delivered
502567,14605,2025-12-31,West,UPI,Shipped
502568,10860,2025-10-16,Central,Net Banking,Delivered
502569,12069,2025-04-25,Central,UPI,Delivered
502570,10765,2025-11-06,North,Credit Card,Delivered
502571,12546,2025-02-08,West,UPI,Delivered
502572,12775,2025-04-20,South,UPI,Delivered
502573,14737,2025-07-11,South,Credit Card,Delivered
502574,12114,2025-06-15,North,Credit Card,Delivered
502575,12918,2025-10-21,Central,Cash on Delivery,Cancelled
502576,14471,2025-03-14,East,UPI,Delivered
502577,11626,2025-04-22,North,UPI,Shipped
502578,13436,2025-12-23,West,Credit Card,Delivered
502579,13848,2025-10-30,North,Cash on Delivery,Delivered
502580,11674,2025-03-06,Central,Credit Card,Delivered
502581,10798,2025-12-22,South,Cash on Delivery,Shipped
502582,12579,2025-10-25,West,UPI,Delivered
502583,11819,2025-04-12,West,UPI,Delivered
502584,11349,2025-02-24,South,UPI,Delivered
502585,14879,2025-11-11,Central,Debit Card,Delivered
502586,12575,2025-07-13,South,Debit Card,Delivered
502587,14324,2025-03-15,East,UPI,Delivered
502588,10960,2025-11-03,East,Debit Card,Delivered
502589,14709,2025-10-19,South,Net Banking,Delivered
502590,14030,2025-07-03,North,Debit Card,Delivered
502591,14090,2025-02-11,East,Debit Card,Delivered
502592,11987,2025-12-24,East,UPI,Delivered
502593,12480,2025-04-09,North,Credit Card,Delivered
502594,13051,2025-05-08,North,UPI,Delivered
502595,13997,2025-01-13,North,Credit Card,Returned
502596,14291,2025-04-09,West,Net Banking,Delivered
502597,10390,2025-11-04,South,Net Banking,Delivered
502598,14557,2025-05-20,South,Cash on Delivery,Delivered
502599,14696,2025-07-23,East,Cash on Delivery,Delivered
502600,13050,2025-05-20,South,Cash on Delivery,Delivered
502601,10912,2025-11-14,West,UPI,Shipped
502602,14137,2025-08-08,South,UPI,Delivered
502603,12821,2025-12-15,East,Net Banking,Returned
502604,14133,2025-08-21,West,Credit Card,Delivered
502605,14121,2025-10-27,North,Credit Card,Delivered
502606,10444,2025-05-12,East,Credit Card,Returned
502607,13116,2025-06-08,South,Credit Card,Delivered
502608,12472,2025-05-03,Central,UPI,Returned
502609,14754,2025-08-31,West,Net Banking,Delivered
502610,11500,2025-08-22,South,Cash on Delivery,Delivered
502611,11010,2025-03-31,East,Debit Card,Delivered
502612,14524,2025-09-04,Central,UPI,Delivered
502613,10729,2025-05-28,West,UPI,Delivered
502614,13504,2025-08-31,South,Credit Card,Delivered
502615,11514,2025-02-17,South,Credit Card,Shipped
502616,12924,2025-08-11,East,Debit Card,Delivered
502617,13160,2025-05-16,West,UPI,Delivered
502618,12138,2025-07-20,South,Cash on Delivery,Delivered
502619,14882,2025-08-27,East,Credit Card,Delivered
502620,10650,2025-03-01,South,Credit Card,Delivered
502621,11999,2025-10-07,South,UPI,Delivered
502622,12200,2025-01-17,East,Cash on Delivery,Delivered
502623,13223,2025-11-17,South,Credit Card,Delivered
502624,12087,2025-06-16,West,UPI,Delivered
502625,10495,2025-12-28,Central,Debit Card,Delivered
502626,14758,2025-02-24,West,Credit Card,Delivered
502627,12133,2025-03-18,West,Net Banking,Delivered
502628,11740,2025-11-13,South,Credit Card,Delivered
502629,12287,2025-01-31,North,UPI,Delivered
502630,11069,2025-04-11,West,Debit Card,Cancelled
502631,10509,2025-01-28,Central,UPI,Delivered
502632,10728,2025-02-01,North,Credit Card,Delivered
502633,10805,2025-09-20,East,Net Banking,Delivered
502634,10971,2025-07-25,South,UPI,Delivered
502635,12149,2025-09-27,East,Cash on Delivery,Delivered
502636,13196,2025-03-14,South,Debit Card,Delivered
502637,13215,2025-03-11,West,UPI,Delivered
502638,10002,2025-06-28,North,UPI,Returned
502639,14624,2025-07-26,West,Credit Card,Delivered
502640,14168,2025-01-30,West,Credit Card,Returned
502641,14838,2025-05-24,South,UPI,Delivered
502642,11836,2025-06-08,North,Debit Card,Delivered
502643,13392,2025-09-03,West,UPI,Delivered
502644,10814,2025-09-25,Central,UPI,Delivered
502645,14132,2025-08-01,West,UPI,Delivered
502646,10788,2025-09-16,East,UPI,Delivered
502647,11655,2025-03-08,South,UPI,Delivered
502648,12509,2025-12-08,East,Net Banking,Delivered
502649,13056,2025-12-30,North,Credit Card,Delivered
502650,12882,2025-12-04,North,Credit Card,Cancelled
502651,10518,2025-09-17,East,Debit Card,Returned
502652,12156,2025-10-03,South,UPI,Shipped
502653,14627,2025-09-07,South,Net Banking,Delivered
502654,14407,2025-02-14,Central,UPI,Delivered
502655,13042,2025-12-17,East,Net Banking,Delivered
502656,12947,2025-12-16,South,UPI,Delivered
502657,10564,2025-10-14,West,UPI,Delivered
502658,10984,2025-01-28,Central,Cash on Delivery,Returned
502659,11280,2025-11-25,South,UPI,Delivered
502660,12494,2025-11-11,East,UPI,Delivered
502661,13725,2025-11-01,South,UPI,Delivered
502662,12360,2025-08-17,North,Debit Card,Delivered
502663,10623,2025-08-26,East,UPI,Delivered
502664,12251,2025-07-05,South,Debit Card,Delivered
502665,10795,2025-04-28,South,UPI,Delivered
502666,13815,2025-09-30,South,Credit Card,Shipped
502667,10803,2025-05-06,South,Credit Card,Delivered
502668,12466,2025-05-12,West,Credit Card,Delivered
502669,13533,2025-06-10,Central,UPI,Delivered
502670,11126,2025-07-09,South,Cash on Delivery,Cancelled
502671,10375,2025-03-22,West,UPI,Returned
502672,12900,2025-12-28,South,Debit Card,Shipped
502673,10265,2025-07-19,East,Credit Card,Delivered
502674,13023,2025-12-12,South,Credit Card,Delivered
502675,13830,2025-03-25,South,UPI,Delivered
502676,11667,2025-02-11,South,UPI,Delivered
502677,12497,2025-06-15,South,Cash on Delivery,Returned
502678,14657,2025-02-17,North,Credit Card,Delivered
502679,12406,2025-02-11,East,Credit Card,Delivered
502680,14981,2025-07-04,North,Debit Card,Delivered
502681,10771,2025-11-06,West,UPI,Delivered
502682,13618,2025-12-19,North,Net Banking,Delivered
502683,13327,2025-08-20,North,UPI,Cancelled
502684,14407,2025-06-28,Central,Credit Card,Delivered
502685,10470,2025-05-17,Central,UPI,Delivered
502686,11414,2025-07-31,South,Credit Card,Delivered
502687,10651,2025-01-08,South,Credit Card,Delivered
502688,14680,2025-08-21,East,UPI,Delivered
502689,12181,2025-04-20,East,UPI,Delivered
502690,14580,2025-03-11,West,UPI,Cancelled
502691,11487,2025-04-21,West,UPI,Delivered
502692,10623,2025-09-18,East,Debit Card,Delivered
502693,11500,2025-03-13,South,Debit Card,Delivered
502694,13068,2025-03-05,South,Credit Card,Delivered
502695,14271,2025-06-29,South,UPI,Delivered
502696,11961,2025-10-18,South,Cash on Delivery,Delivered
502697,14599,2025-03-01,West,Debit Card,Delivered
502698,11233,2025-03-30,West,UPI,Delivered
502699,13535,2025-12-22,South,Debit Card,Delivered
502700,13743,2025-02-08,Central,UPI,Delivered
502701,11378,2025-05-14,Central,Net Banking,Delivered
502702,10133,2025-12-10,South,Credit Card,Delivered
502703,11868,2025-01-18,South,Credit Card,Returned
502704,10222,2025-09-14,West,UPI,Returned
502705,14545,2025-08-09,South,Debit Card,Delivered
502706,14780,2025-09-30,Central,Net Banking,Delivered
502707,13740,2025-09-04,North,UPI,Delivered
502708,13697,2025-02-27,North,UPI,Delivered
502709,11206,2025-09-04,East,Net Banking,Delivered
502710,10362,2025-06-22,East,Debit Card,Delivered
502711,14063,2025-11-24,East,Net Banking,Delivered
502712,12881,2025-05-03,West,Credit Card,Delivered
502713,13476,2025-08-05,North,Credit Card,Returned
502714,13946,2025-05-04,North,UPI,Cancelled
502715,12098,2025-10-31,North,UPI,Delivered
502716,10706,2025-06-27,South,Credit Card,Cancelled
502717,14033,2025-08-19,North,Net Banking,Delivered
502718,12314,2025-11-08,West,UPI,Delivered
502719,14182,2025-05-17,West,Cash on Delivery,Delivered
502720,12245,2025-07-09,West,Cash on Delivery,Delivered
502721,11071,2025-05-01,Central,Debit Card,Returned
502722,10826,2025-10-14,North,Cash on Delivery,Delivered
502723,13787,2025-11-17,East,Credit Card,Delivered
502724,12967,2025-12-27,South,Credit Card,Returned
502725,12075,2025-03-02,Central,Credit Card,Delivered
502726,12519,2025-05-18,East,Net Banking,Delivered
502727,12828,2025-05-06,West,Cash on Delivery,Shipped
502728,11195,2025-07-11,East,Net Banking,Delivered
502729,11928,2025-07-11,North,UPI,Delivered
502730,11475,2025-08-02,West,Debit Card,Delivered
502731,11979,2025-07-12,West,Credit Card,Delivered
502732,12567,2025-03-18,South,Credit Card,Shipped
502733,10838,2025-05-22,North,Credit Card,Delivered
502734,12014,2025-01-23,South,UPI,Delivered
502735,11961,2025-08-19,South,Net Banking,Shipped
502736,11441,2025-06-05,South,Cash on Delivery,Cancelled
502737,14994,2025-04-03,South,UPI,Delivered
502738,10360,2025-11-10,North,Debit Card,Delivered
502739,13278,2025-06-17,Central,Credit Card,Delivered
502740,10846,2025-07-11,North,Cash on Delivery,Cancelled
502741,14245,2025-04-07,North,Debit Card,Shipped
502742,14598,2025-05-10,West,Debit Card,Delivered
502743,12058,2025-08-13,North,Cash on Delivery,Delivered
502744,14169,2025-08-04,South,Debit Card,Delivered
502745,11266,2025-01-12,North,Credit Card,Delivered
502746,10681,2025-12-26,East,UPI,Shipped
502747,11598,2025-12-14,West,Cash on Delivery,Delivered
502748,11737,2025-10-18,East,Credit Card,Delivered
502749,12035,2025-03-15,East,Debit Card,Delivered
502750,11899,2025-04-21,North,Credit Card,Shipped
502751,12106,2025-12-30,South,Credit Card,Delivered
502752,13625,2025-07-16,South,Credit Card,Delivered
502753,11239,2025-07-10,East,UPI,Returned
502754,10091,2025-03-05,West,Net Banking,Delivered
502755,12503,2025-10-01,North,UPI,Delivered
502756,12296,2025-05-19,South,UPI,Delivered
502757,10295,2025-03-06,South,UPI,Delivered
502758,10658,2025-05-31,West,Net Banking,Delivered
502759,12616,2025-09-17,Central,UPI,Delivered
502760,11170,2025-09-20,North,Credit Card,Delivered
502761,14425,2025-06-18,West,Credit Card,Shipped
502762,10837,2025-06-26,East,UPI,Delivered
502763,10095,2025-05-25,West,Net Banking,Returned
502764,12290,2025-03-16,Central,Net Banking,Delivered
502765,14937,2025-02-24,North,Debit Card,Delivered
502766,13238,2025-05-02,South,UPI,Delivered
502767,11809,2025-01-27,East,UPI,Delivered
502768,10081,2025-06-24,West,UPI,Delivered
502769,12479,2025-06-11,East,Credit Card,Delivered
502770,11014,2025-05-16,East,Credit Card,Delivered
502771,13299,2025-01-23,South,UPI,Delivered
502772,13006,2025-01-26,North,Credit Card,Delivered
502773,11347,2025-06-11,West,UPI,Delivered
502774,10334,2025-09-05,West,UPI,Delivered
502775,13836,2025-06-09,South,UPI,Delivered
502776,13016,2025-01-06,South,Debit Card,Delivered
502777,14253,2025-07-12,West,Credit Card,Delivered
502778,11318,2025-11-11,West,Debit Card,Delivered
502779,13331,2025-06-27,North,Debit Card,Delivered
502780,10601,2025-07-15,North,UPI,Cancelled
502781,11472,2025-08-05,Central,Net Banking,Delivered
502782,13358,2025-09-21,North,UPI,Cancelled
502783,14178,2025-02-09,Central,Credit Card,Shipped
502784,11626,2025-12-06,North,UPI,Delivered
502785,14045,2025-06-10,North,Net Banking,Delivered
502786,13457,2025-11-10,South,UPI,Delivered
502787,11778,2025-05-11,South,Cash on Delivery,Cancelled
502788,14419,2025-03-20,East,Credit Card,Delivered
502789,12612,2025-06-04,North,Debit Card,Delivered
502790,13301,2025-03-06,West,Debit Card,Delivered
502791,12536,2025-02-26,East,Debit Card,Delivered
502792,12308,2025-09-30,Central,Credit Card,Delivered
502793,14287,2025-02-21,West,Credit Card,Delivered
502794,11489,2025-11-10,North,UPI,Delivered
502795,10175,2025-03-17,South,Credit Card,Delivered
502796,14436,2025-04-13,South,UPI,Delivered
502797,14175,2025-01-26,West,UPI,Delivered
502798,11870,2025-01-27,South,Debit Card,Delivered
502799,10906,2025-10-07,West,Credit Card,Returned
502800,13441,2025-12-03,South,Credit Card,Delivered
502801,10394,2025-05-19,South,UPI,Delivered
502802,12167,2025-03-27,Central,Net Banking,Delivered
502803,10432,2025-08-22,West,UPI,Delivered
502804,13070,2025-10-15,North,Credit Card,Shipped
502805,10134,2025-01-29,West,Net Banking,Delivered
502806,13217,2025-04-16,East,Net Banking,Delivered
502807,13433,2025-04-06,South,UPI,Delivered
502808,12488,2025-05-01,West,UPI,Cancelled
502809,10848,2025-04-14,South,Debit Card,Delivered
502810,10512,2025-06-26,North,Debit Card,Delivered
502811,11580,2025-05-21,North,Credit Card,Delivered
502812,12376,2025-12-11,Central,UPI,Delivered
502813,13274,2025-10-25,North,UPI,Delivered
502814,10009,2025-09-23,North,Net Banking,Delivered
502815,13629,2025-06-03,South,UPI,Delivered
502816,13633,2025-10-09,South,Cash on Delivery,Delivered
502817,12279,2025-08-01,South,Credit Card,Delivered
502818,11744,2025-03-17,North,UPI,Shipped
502819,14253,2025-02-08,West,Credit Card,Delivered
502820,13973,2025-06-20,South,UPI,Returned
502821,14916,2025-02-21,South,Credit Card,Delivered
502822,11891,2025-09-05,West,UPI,Shipped
502823,14568,2025-05-03,West,Net Banking,Delivered
502824,10448,2025-11-10,South,Cash on Delivery,Delivered
502825,12108,2025-08-05,South,Debit Card,Delivered
502826,12376,2025-11-28,Central,Net Banking,Delivered
502827,12258,2025-04-10,East,UPI,Delivered
502828,13200,2025-10-01,South,UPI,Delivered
502829,10824,2025-10-25,South,Debit Card,Delivered
502830,14381,2025-07-31,North,Net Banking,Delivered
502831,12843,2025-01-02,North,Net Banking,Delivered
502832,14557,2025-10-16,South,Credit Card,Delivered
502833,10014,2025-06-23,South,Debit Card,Delivered
502834,13219,2025-07-28,South,Credit Card,Delivered
502835,12113,2025-02-28,East,Net Banking,Delivered
502836,12589,2025-04-10,West,Debit Card,Delivered
502837,13786,2025-07-04,South,UPI,Delivered
502838,11119,2025-07-10,West,UPI,Delivered
502839,11005,2025-11-25,North,UPI,Delivered
502840,13581,2025-06-08,Central,Credit Card,Delivered
502841,12657,2025-06-16,South,UPI,Delivered
502842,11165,2025-03-26,West,UPI,Delivered
502843,12478,2025-01-22,South,UPI,Delivered
502844,12350,2025-09-30,North,UPI,Delivered
502845,13525,2025-05-11,North,Net Banking,Returned
502846,10014,2025-10-15,South,Cash on Delivery,Delivered
502847,13021,2025-10-16,North,Cash on Delivery,Delivered
502848,13106,2025-07-11,North,UPI,Delivered
502849,13790,2025-09-23,North,Credit Card,Delivered
502850,14487,2025-09-18,North,UPI,Delivered
502851,12255,2025-11-20,Central,Cash on Delivery,Delivered
502852,11738,2025-08-31,South,Cash on Delivery,Returned
502853,10518,2025-06-15,East,Cash on Delivery,Delivered
502854,11710,2025-04-12,North,UPI,Shipped
502855,10332,2025-06-18,West,UPI,Delivered
502856,14067,2025-07-31,South,Credit Card,Delivered
502857,14081,2025-03-14,South,UPI,Delivered
502858,12137,2025-07-08,South,Net Banking,Delivered
502859,11317,2025-11-04,South,Debit Card,Shipped
502860,10597,2025-01-08,South,UPI,Delivered
502861,14303,2025-04-08,North,Net Banking,Delivered
502862,14425,2025-10-13,West,Credit Card,Delivered
502863,11349,2025-03-15,South,Debit Card,Delivered
502864,13185,2025-03-19,North,UPI,Delivered
502865,11313,2025-06-11,Central,Credit Card,Delivered
502866,11103,2025-07-06,East,Net Banking,Delivered
502867,10099,2025-07-03,West,Credit Card,Delivered
502868,12980,2025-08-02,North,UPI,Delivered
502869,10735,2025-06-28,Central,Debit Card,Delivered
502870,10062,2025-02-28,Central,Debit Card,Delivered
502871,10522,2025-11-14,Central,UPI,Delivered
502872,11581,2025-01-29,South,UPI,Delivered
502873,13417,2025-04-03,West,UPI,Delivered
502874,10993,2025-03-03,North,UPI,Shipped
502875,14484,2025-05-15,West,UPI,Delivered
502876,11462,2025-05-14,West,Cash on Delivery,Delivered
502877,11678,2025-11-14,West,UPI,Delivered
502878,11076,2025-08-17,North,Debit Card,Delivered
502879,11284,2025-03-09,North,Credit Card,Delivered
502880,10362,2025-09-10,East,Credit Card,Delivered
502881,11489,2025-01-17,North,Credit Card,Delivered
502882,14337,2025-06-01,South,Net Banking,Delivered
502883,13511,2025-09-05,Central,Net Banking,Delivered
502884,14418,2025-11-09,Central,UPI,Delivered
502885,10522,2025-06-06,Central,UPI,Returned
502886,12324,2025-03-29,South,Credit Card,Cancelled
502887,11132,2025-11-14,East,UPI,Delivered
502888,13674,2025-04-08,Central,UPI,Delivered
502889,14864,2025-03-19,West,Credit Card,Delivered
502890,14123,2025-01-27,West,UPI,Returned
502891,10167,2025-10-23,South,UPI,Delivered
502892,11604,2025-01-13,Central,UPI,Delivered
502893,10139,2025-06-02,South,UPI,Delivered
502894,10198,2025-02-13,North,UPI,Delivered
502895,10401,2025-04-05,North,Credit Card,Delivered
502896,11396,2025-02-16,West,UPI,Delivered
502897,11529,2025-03-25,West,UPI,Shipped
502898,12054,2025-06-03,South,Net Banking,Delivered
502899,12076,2025-10-23,North,UPI,Shipped
502900,13912,2025-11-23,East,Credit Card,Delivered
502901,10685,2025-04-16,South,Credit Card,Delivered
502902,10775,2025-04-05,East,Debit Card,Delivered
502903,13203,2025-07-28,East,Credit Card,Delivered
502904,12943,2025-06-20,West,Credit Card,Delivered
502905,10753,2025-10-06,South,Cash on Delivery,Delivered
502906,14307,2025-10-30,South,UPI,Delivered
502907,11666,2025-10-27,North,UPI,Delivered
502908,11872,2025-12-04,South,Debit Card,Delivered
502909,12152,2025-06-19,South,Debit Card,Delivered
502910,11637,2025-09-25,South,Cash on Delivery,Delivered
502911,12875,2025-12-16,North,Cash on Delivery,Delivered
502912,11981,2025-06-13,Central,Credit Card,Delivered
502913,11316,2025-03-20,North,Credit Card,Delivered
502914,14557,2025-08-04,South,Cash on Delivery,Delivered
502915,11556,2025-03-22,North,Net Banking,Delivered
502916,13556,2025-04-30,Central,Credit Card,Delivered
502917,11769,2025-04-11,North,UPI,Delivered
502918,12229,2025-10-10,North,Credit Card,Delivered
502919,11179,2025-05-28,Central,UPI,Delivered
502920,13820,2025-01-18,Central,Cash on Delivery,Delivered
502921,13751,2025-11-16,East,Net Banking,Delivered
502922,10108,2025-09-10,West,Cash on Delivery,Delivered
502923,10295,2025-09-22,South,UPI,Shipped
502924,14626,2025-07-21,West,Net Banking,Delivered
502925,14486,2025-04-28,North,Debit Card,Delivered
502926,12593,2025-05-03,Central,UPI,Delivered
502927,12525,2025-01-25,West,UPI,Delivered
502928,14107,2025-02-28,South,Credit Card,Delivered
502929,10673,2025-10-01,North,Debit Card,Delivered
502930,13333,2025-02-16,West,UPI,Cancelled
502931,12438,2025-12-01,South,UPI,Delivered
502932,13786,2025-01-22,South,Cash on Delivery,Delivered
502933,10146,2025-12-10,Central,Net Banking,Delivered
502934,13049,2025-11-17,West,Debit Card,Delivered
502935,12872,2025-05-19,East,Debit Card,Delivered
502936,14250,2025-04-17,North,Debit Card,Delivered
502937,13450,2025-12-12,South,Cash on Delivery,Delivered
502938,14437,2025-07-17,North,Net Banking,Cancelled
502939,14482,2025-08-04,South,Credit Card,Delivered
502940,12092,2025-10-21,Central,Credit Card,Delivered
502941,10672,2025-02-18,East,Debit Card,Delivered
502942,13223,2025-04-15,South,Credit Card,Delivered
502943,14412,2025-05-25,South,UPI,Delivered
502944,10368,2025-02-26,North,Net Banking,Delivered
502945,12876,2025-01-14,South,Net Banking,Delivered
502946,10582,2025-12-05,East,Credit Card,Delivered
502947,10133,2025-01-08,South,UPI,Delivered
502948,13466,2025-07-03,West,UPI,Delivered
502949,13478,2025-01-23,South,UPI,Delivered
502950,13082,2025-02-13,West,UPI,Delivered
502951,14337,2025-03-07,South,Debit Card,Delivered
502952,10404,2025-09-16,North,UPI,Delivered
502953,10523,2025-03-10,North,Debit Card,Shipped
502954,14374,2025-03-23,West,UPI,Delivered
502955,12582,2025-01-01,Central,Cash on Delivery,Shipped
502956,11375,2025-10-04,West,Credit Card,Delivered
502957,13755,2025-03-24,North,Debit Card,Delivered
502958,14516,2025-11-08,North,Credit Card,Delivered
502959,13517,2025-04-12,East,Cash on Delivery,Delivered
502960,14015,2025-08-14,West,Debit Card,Shipped
502961,11422,2025-10-14,Central,Debit Card,Delivered
502962,11462,2025-05-21,West,Debit Card,Delivered
502963,14372,2025-01-14,North,Cash on Delivery,Delivered
502964,13155,2025-11-28,Central,Debit Card,Delivered
502965,11167,2025-09-26,West,Debit Card,Returned
502966,12680,2025-12-10,West,UPI,Delivered
502967,13499,2025-12-17,West,Net Banking,Cancelled
502968,11077,2025-05-22,South,Debit Card,Shipped
502969,13351,2025-04-04,North,UPI,Delivered
502970,10210,2025-04-10,East,Credit Card,Delivered
502971,11525,2025-03-11,South,Debit Card,Delivered
502972,13435,2025-05-06,East,UPI,Delivered
502973,10731,2025-07-07,South,Credit Card,Delivered
502974,11088,2025-03-11,South,Debit Card,Shipped
502975,14433,2025-11-08,South,UPI,Delivered
502976,13436,2025-12-10,West,Net Banking,Delivered
502977,12560,2025-09-26,North,UPI,Delivered
502978,11034,2025-05-15,East,Credit Card,Delivered
502979,11737,2025-04-19,East,Credit Card,Delivered
502980,12961,2025-05-29,East,UPI,Delivered
502981,10763,2025-04-12,North,Net Banking,Delivered
502982,12463,2025-12-24,Central,Credit Card,Delivered
502983,12097,2025-05-22,South,Debit Card,Cancelled
502984,12442,2025-09-16,North,Credit Card,Delivered
502985,10526,2025-11-15,West,Net Banking,Delivered
502986,10532,2025-06-20,South,UPI,Delivered
502987,14841,2025-12-31,West,UPI,Delivered
502988,14898,2025-08-15,South,Net Banking,Delivered
502989,12179,2025-01-12,North,Cash on Delivery,Delivered
502990,13996,2025-02-24,West,Net Banking,Delivered
502991,13357,2025-09-03,South,UPI,Delivered
502992,10591,2025-04-01,West,Credit Card,Returned
502993,11500,2025-11-21,South,Debit Card,Delivered
502994,11581,2025-11-07,South,Cash on Delivery,Shipped
502995,13064,2025-07-06,South,UPI,Cancelled
502996,12996,2025-11-27,East,Credit Card,Delivered
502997,14630,2025-11-12,West,UPI,Delivered
502998,14001,2025-07-08,North,Credit Card,Cancelled
502999,14325,2025-10-25,West,UPI,Delivered
503000,14495,2025-06-21,South,UPI,Delivered
503001,14059,2025-03-10,South,Debit Card,Delivered
503002,11685,2025-10-05,South,Credit Card,Delivered
503003,11061,2025-11-17,West,Cash on Delivery,Delivered
503004,12943,2025-03-25,West,Debit Card,Delivered
503005,13516,2025-03-29,North,UPI,Delivered
503006,11967,2025-05-28,Central,Debit Card,Delivered
503007,14288,2025-09-11,North,Net Banking,Delivered
503008,14817,2025-10-30,North,Credit Card,Shipped
503009,12930,2025-08-09,South,Credit Card,Delivered
503010,12332,2025-08-22,West,UPI,Cancelled
503011,14257,2025-01-24,West,Credit Card,Delivered
503012,10119,2025-09-08,Central,Credit Card,Cancelled
503013,10638,2025-11-24,South,Debit Card,Delivered
503014,14274,2025-04-08,East,Debit Card,Delivered
503015,13730,2025-08-02,West,Cash on Delivery,Delivered
503016,12133,2025-10-22,West,Net Banking,Delivered
503017,14486,2025-11-07,North,Net Banking,Delivered
503018,11796,2025-08-13,West,Credit Card,Delivered
503019,13238,2025-07-02,South,UPI,Delivered
503020,13239,2025-07-17,South,Debit Card,Delivered
503021,10898,2025-11-29,West,Credit Card,Delivered
503022,11435,2025-04-18,North,UPI,Delivered
503023,14604,2025-11-10,West,UPI,Delivered
503024,10893,2025-07-28,East,Debit Card,Shipped
503025,10838,2025-12-23,North,Debit Card,Delivered
503026,12456,2025-04-01,South,Cash on Delivery,Delivered
503027,10470,2025-12-10,Central,Cash on Delivery,Delivered
503028,14516,2025-06-24,North,Debit Card,Delivered
503029,10509,2025-05-22,Central,UPI,Delivered
503030,13161,2025-05-11,East,UPI,Cancelled
503031,11731,2025-05-07,North,UPI,Delivered
503032,14074,2025-09-06,Central,Credit Card,Shipped
503033,13035,2025-09-21,East,Net Banking,Delivered
503034,11978,2025-08-05,North,Net Banking,Delivered
503035,14919,2025-01-15,West,UPI,Delivered
503036,10323,2025-06-22,Central,Credit Card,Delivered
503037,12982,2025-08-17,South,Debit Card,Delivered
503038,14955,2025-06-22,North,Credit Card,Delivered
503039,13525,2025-09-16,North,Cash on Delivery,Delivered
503040,13766,2025-12-31,West,Credit Card,Delivered
503041,10153,2025-01-09,South,Credit Card,Delivered
503042,10101,2025-09-17,South,Credit Card,Cancelled
503043,10171,2025-04-23,East,Credit Card,Cancelled
503044,14963,2025-07-26,East,Cash on Delivery,Shipped
503045,14900,2025-06-27,South,Debit Card,Delivered
503046,11693,2025-12-02,West,Net Banking,Delivered
503047,11469,2025-08-12,South,Debit Card,Shipped
503048,10712,2025-05-14,North,Credit Card,Delivered
503049,11666,2025-01-05,North,UPI,Shipped
503050,11883,2025-07-04,North,Debit Card,Shipped
503051,13801,2025-11-01,West,Debit Card,Shipped
503052,14380,2025-03-24,West,UPI,Delivered
503053,13798,2025-08-10,North,UPI,Delivered
503054,13291,2025-07-23,West,Credit Card,Cancelled
503055,13887,2025-03-10,North,Net Banking,Delivered
503056,13758,2025-06-16,North,Credit Card,Delivered
503057,12436,2025-01-12,Central,Cash on Delivery,Delivered
503058,11702,2025-07-16,North,Net Banking,Delivered
503059,11425,2025-02-23,East,Debit Card,Delivered
503060,13466,2025-12-26,West,UPI,Delivered
503061,14808,2025-12-02,North,Net Banking,Delivered
503062,13001,2025-11-25,Central,Debit Card,Delivered
503063,14593,2025-08-13,West,Credit Card,Delivered
503064,10069,2025-06-14,Central,Credit Card,Delivered
503065,14031,2025-06-26,East,UPI,Delivered
503066,14310,2025-01-01,West,UPI,Cancelled
503067,13223,2025-06-24,South,Debit Card,Delivered
503068,14685,2025-06-14,West,Cash on Delivery,Delivered
503069,13035,2025-05-17,East,UPI,Delivered
503070,11203,2025-10-01,South,Cash on Delivery,Shipped
503071,11065,2025-12-24,South,UPI,Delivered
503072,12865,2025-12-07,Central,Credit Card,Delivered
503073,14566,2025-06-21,North,UPI,Delivered
503074,10353,2025-08-19,West,Net Banking,Delivered
503075,13100,2025-08-19,South,UPI,Delivered
503076,13906,2025-04-25,North,UPI,Delivered
503077,10583,2025-07-17,South,Net Banking,Delivered
503078,10589,2025-11-15,North,Debit Card,Delivered
503079,11870,2025-01-03,South,Credit Card,Delivered
503080,11377,2025-04-22,South,Net Banking,Delivered
503081,10975,2025-05-26,North,Debit Card,Delivered
503082,10977,2025-10-03,Central,UPI,Delivered
503083,10643,2025-12-15,West,Debit Card,Delivered
503084,13134,2025-02-05,South,UPI,Delivered
503085,13508,2025-07-27,South,Net Banking,Delivered
503086,13580,2025-01-04,North,Net Banking,Delivered
503087,12726,2025-04-30,North,UPI,Delivered
503088,14776,2025-04-19,North,UPI,Delivered
503089,14438,2025-03-19,North,Net Banking,Delivered
503090,14803,2025-01-17,South,Credit Card,Delivered
503091,11982,2025-08-15,East,UPI,Delivered
503092,14425,2025-07-04,West,UPI,Delivered
503093,13876,2025-08-15,Central,Debit Card,Delivered
503094,11731,2025-02-18,North,UPI,Delivered
503095,10532,2025-04-19,South,Credit Card,Delivered
503096,13484,2025-06-30,North,Cash on Delivery,Delivered
503097,10669,2025-01-10,South,UPI,Delivered
503098,11482,2025-05-03,North,UPI,Delivered
503099,12565,2025-03-17,East,Credit Card,Delivered
503100,13466,2025-05-03,West,Debit Card,Delivered
503101,14640,2025-05-17,Central,Credit Card,Delivered
503102,13051,2025-03-31,North,UPI,Delivered
503103,13425,2025-05-29,Central,Credit Card,Delivered
503104,11565,2025-01-01,North,UPI,Delivered
503105,13505,2025-07-30,North,UPI,Delivered
503106,12245,2025-01-06,West,Debit Card,Delivered
503107,14325,2025-05-26,West,Credit Card,Delivered
503108,12005,2025-04-11,South,Cash on Delivery,Delivered
503109,12390,2025-07-19,South,UPI,Delivered
503110,12210,2025-11-21,South,Credit Card,Delivered
503111,14103,2025-08-20,East,Debit Card,Delivered
503112,14780,2025-04-17,Central,UPI,Returned
503113,11660,2025-07-31,West,UPI,Delivered
503114,12430,2025-04-16,East,UPI,Cancelled
503115,13591,2025-09-22,North,Cash on Delivery,Delivered
503116,14518,2025-09-15,North,UPI,Returned
503117,12527,2025-04-23,North,Cash on Delivery,Delivered
503118,10545,2025-05-12,North,Credit Card,Delivered
503119,11874,2025-12-12,Central,Cash on Delivery,Delivered
503120,12832,2025-09-25,North,UPI,Delivered
503121,12139,2025-07-30,West,Credit Card,Delivered
503122,10912,2025-03-24,West,Debit Card,Delivered
503123,10177,2025-03-24,North,Credit Card,Delivered
503124,13505,2025-09-07,North,Credit Card,Delivered
503125,14969,2025-12-15,North,Credit Card,Delivered
503126,14615,2025-10-22,West,UPI,Delivered
503127,13488,2025-08-25,West,Credit Card,Delivered
503128,14251,2025-07-07,South,Credit Card,Delivered
503129,11293,2025-11-11,East,Credit Card,Shipped
503130,13189,2025-03-13,North,Debit Card,Delivered
503131,10295,2025-10-11,South,Credit Card,Shipped
503132,13605,2025-11-27,South,Debit Card,Delivered
503133,14862,2025-09-11,North,UPI,Delivered
503134,14347,2025-02-10,West,UPI,Returned
503135,12742,2025-03-13,South,Credit Card,Delivered
503136,13994,2025-03-29,South,Cash on Delivery,Delivered
503137,14736,2025-09-01,South,Credit Card,Delivered
503138,11067,2025-11-05,West,UPI,Delivered
503139,14024,2025-09-24,South,UPI,Delivered
503140,11366,2025-08-27,West,Credit Card,Delivered
503141,14422,2025-03-28,South,Cash on Delivery,Delivered
503142,10501,2025-05-30,West,UPI,Shipped
503143,10869,2025-01-05,West,Cash on Delivery,Delivered
503144,13668,2025-04-22,East,Cash on Delivery,Delivered
503145,10848,2025-11-14,South,Debit Card,Delivered
503146,10775,2025-06-08,East,UPI,Delivered
503147,12863,2025-02-16,South,Credit Card,Delivered
503148,14216,2025-10-20,North,Net Banking,Delivered
503149,11362,2025-01-26,West,Credit Card,Delivered
503150,14250,2025-08-03,North,Cash on Delivery,Delivered
503151,14087,2025-10-26,North,UPI,Delivered
503152,12991,2025-03-02,South,UPI,Delivered
503153,13292,2025-11-21,North,Cash on Delivery,Delivered
503154,10201,2025-05-07,South,Credit Card,Delivered
503155,11872,2025-10-16,South,Debit Card,Delivered
503156,11336,2025-09-01,North,UPI,Delivered
503157,10736,2025-03-05,Central,Net Banking,Delivered
503158,11985,2025-06-26,South,Credit Card,Delivered
503159,11814,2025-04-03,South,Net Banking,Delivered
503160,13713,2025-05-03,North,Net Banking,Delivered
503161,13072,2025-01-15,West,UPI,Delivered
503162,14596,2025-10-03,North,Credit Card,Delivered
503163,10711,2025-01-22,East,Credit Card,Delivered
503164,10295,2025-09-23,South,UPI,Delivered
503165,12742,2025-07-02,South,UPI,Delivered
503166,10008,2025-12-18,North,UPI,Delivered
503167,13990,2025-05-17,North,Debit Card,Delivered
503168,12593,2025-01-31,Central,Net Banking,Delivered
503169,12492,2025-08-03,Central,Credit Card,Delivered
503170,11850,2025-12-18,West,Credit Card,Delivered
503171,11908,2025-11-26,West,UPI,Returned
503172,12203,2025-07-31,West,Debit Card,Delivered
503173,10079,2025-08-15,North,Credit Card,Delivered
503174,10420,2025-07-04,South,Net Banking,Delivered
503175,12589,2025-03-16,West,Debit Card,Delivered
503176,10736,2025-06-20,Central,UPI,Delivered
503177,13944,2025-08-20,West,Net Banking,Delivered
503178,11384,2025-03-15,South,UPI,Delivered
503179,10499,2025-09-10,North,Net Banking,Cancelled
503180,11176,2025-10-25,North,Cash on Delivery,Delivered
503181,11819,2025-03-15,West,Credit Card,Delivered
503182,10167,2025-08-17,South,UPI,Delivered
503183,10688,2025-07-18,West,UPI,Delivered
503184,11642,2025-07-31,North,UPI,Delivered
503185,11566,2025-03-25,Central,Credit Card,Delivered
503186,14056,2025-07-19,Central,Net Banking,Delivered
503187,14258,2025-05-25,South,Net Banking,Delivered
503188,10946,2025-08-05,South,Debit Card,Returned
503189,10612,2025-08-25,Central,UPI,Delivered
503190,13238,2025-09-15,South,Cash on Delivery,Shipped
503191,14075,2025-08-17,Central,Debit Card,Shipped
503192,14836,2025-10-25,North,Credit Card,Delivered
503193,10035,2025-04-16,South,Net Banking,Delivered
503194,12120,2025-07-10,West,Credit Card,Delivered
503195,13737,2025-05-19,South,Debit Card,Delivered
503196,14192,2025-09-09,Central,Cash on Delivery,Delivered
503197,10303,2025-07-31,West,Net Banking,Cancelled
503198,13470,2025-05-07,South,UPI,Delivered
503199,11463,2025-09-06,West,UPI,Delivered
503200,10366,2025-03-14,South,UPI,Delivered
503201,12501,2025-06-22,South,Credit Card,Delivered
503202,10776,2025-06-06,South,Credit Card,Delivered
503203,13750,2025-06-11,North,Credit Card,Delivered
503204,13771,2025-04-05,East,UPI,Returned
503205,14253,2025-12-12,West,UPI,Delivered
503206,11926,2025-08-24,South,Net Banking,Delivered
503207,10067,2025-01-20,West,Debit Card,Delivered
503208,11317,2025-03-13,South,Credit Card,Shipped
503209,12387,2025-03-11,Central,Credit Card,Delivered
503210,13538,2025-07-19,South,Net Banking,Delivered
503211,11941,2025-07-02,West,UPI,Delivered
503212,12748,2025-11-04,West,Credit Card,Delivered
503213,12680,2025-01-25,West,Debit Card,Cancelled
503214,10799,2025-03-07,East,Credit Card,Shipped
503215,13191,2025-10-11,Central,UPI,Delivered
503216,12250,2025-12-11,East,UPI,Delivered
503217,14086,2025-10-03,North,UPI,Delivered
503218,13523,2025-11-22,North,Debit Card,Shipped
503219,10563,2025-02-06,East,Debit Card,Delivered
503220,12499,2025-01-16,South,UPI,Delivered
503221,13578,2025-07-02,West,UPI,Delivered
503222,10445,2025-12-22,Central,Debit Card,Delivered
503223,14018,2025-09-13,West,UPI,Delivered
503224,11087,2025-07-12,South,Cash on Delivery,Delivered
503225,12579,2025-11-30,West,UPI,Delivered
503226,14717,2025-01-14,South,UPI,Delivered
503227,12940,2025-01-24,South,Credit Card,Delivered
503228,12167,2025-03-24,Central,Net Banking,Delivered
503229,10035,2025-10-21,South,Credit Card,Shipped
503230,10657,2025-08-24,Central,Net Banking,Delivered
503231,12986,2025-12-04,North,Credit Card,Delivered
503232,12528,2025-09-22,West,Debit Card,Delivered
503233,11855,2025-09-01,West,UPI,Delivered
503234,14628,2025-09-12,East,Credit Card,Delivered
503235,11685,2025-11-11,South,UPI,Shipped
503236,12753,2025-11-03,North,UPI,Delivered
503237,12928,2025-04-19,North,Cash on Delivery,Delivered
503238,12703,2025-11-03,South,Debit Card,Delivered
503239,12446,2025-10-02,South,Net Banking,Delivered
503240,11712,2025-11-14,South,UPI,Shipped
503241,14574,2025-09-12,North,Credit Card,Delivered
503242,12301,2025-09-02,West,Net Banking,Delivered
503243,12705,2025-09-23,Central,Credit Card,Delivered
503244,13358,2025-05-11,North,UPI,Delivered
503245,10327,2025-05-25,Central,Credit Card,Delivered
503246,13956,2025-12-09,North,Credit Card,Delivered
503247,12624,2025-08-07,South,Cash on Delivery,Delivered
503248,13363,2025-03-14,Central,Credit Card,Delivered
503249,13916,2025-07-16,East,Cash on Delivery,Delivered
503250,14414,2025-03-24,Central,Cash on Delivery,Delivered
503251,12005,2025-12-15,South,Credit Card,Delivered
503252,14103,2025-09-28,East,Cash on Delivery,Delivered
503253,11313,2025-04-16,Central,Debit Card,Shipped
503254,13374,2025-04-10,West,Net Banking,Delivered
503255,10518,2025-07-03,East,Cash on Delivery,Delivered
503256,10095,2025-11-28,West,UPI,Delivered
503257,10489,2025-03-19,South,Cash on Delivery,Delivered
503258,11615,2025-05-23,Central,Credit Card,Delivered
503259,10150,2025-04-05,East,Debit Card,Delivered
503260,13223,2025-10-27,South,UPI,Cancelled
503261,11603,2025-01-03,North,Debit Card,Delivered
503262,13747,2025-02-16,North,UPI,Returned
503263,10225,2025-06-07,South,Credit Card,Shipped
503264,11069,2025-08-27,West,Debit Card,Delivered
503265,12091,2025-09-25,North,UPI,Delivered
503266,11946,2025-09-28,North,Debit Card,Delivered
503267,10647,2025-01-28,East,Net Banking,Delivered
503268,14974,2025-06-26,East,UPI,Delivered
503269,11431,2025-03-28,East,Debit Card,Delivered
503270,13671,2025-06-24,North,Credit Card,Delivered
503271,11082,2025-07-26,North,Net Banking,Delivered
503272,14425,2025-03-16,West,Debit Card,Delivered
503273,11974,2025-12-16,North,Credit Card,Delivered
503274,14545,2025-09-03,South,Credit Card,Delivered
503275,11738,2025-09-25,South,Cash on Delivery,Delivered
503276,10041,2025-02-23,West,Credit Card,Delivered
503277,12638,2025-03-24,West,Credit Card,Returned
503278,12684,2025-02-01,Central,Cash on Delivery,Delivered
503279,10604,2025-01-11,South,UPI,Delivered
503280,11172,2025-08-11,West,UPI,Delivered
503281,13969,2025-12-19,Central,Cash on Delivery,Delivered
503282,10176,2025-02-24,North,Debit Card,Returned
503283,12503,2025-10-13,North,Credit Card,Delivered
503284,12715,2025-03-09,South,UPI,Delivered
503285,13513,2025-11-08,East,Credit Card,Delivered
503286,10179,2025-03-30,West,Credit Card,Delivered
503287,13017,2025-04-08,East,Credit Card,Delivered
503288,10018,2025-01-17,South,Credit Card,Delivered
503289,11347,2025-06-10,West,Credit Card,Delivered
503290,12562,2025-09-12,East,Cash on Delivery,Delivered
503291,14587,2025-06-07,South,Cash on Delivery,Delivered
503292,10625,2025-09-26,South,UPI,Delivered
503293,10820,2025-02-01,North,UPI,Delivered
503294,13419,2025-03-28,South,Cash on Delivery,Shipped
503295,11906,2025-04-03,Central,UPI,Delivered
503296,13193,2025-10-17,Central,Debit Card,Shipped
503297,14988,2025-03-24,North,Net Banking,Shipped
503298,14941,2025-09-25,South,Credit Card,Returned
503299,11807,2025-01-04,East,UPI,Cancelled
503300,12584,2025-03-30,East,Net Banking,Delivered
503301,14558,2025-06-03,South,Debit Card,Delivered
503302,10470,2025-03-23,Central,UPI,Delivered
503303,12307,2025-07-11,South,Cash on Delivery,Delivered
503304,11926,2025-06-07,South,Net Banking,Delivered
503305,11489,2025-09-10,North,UPI,Delivered
503306,14974,2025-10-16,East,UPI,Delivered
503307,13736,2025-09-13,West,Credit Card,Delivered
503308,11981,2025-06-08,Central,Net Banking,Delivered
503309,14194,2025-11-08,West,Credit Card,Delivered
503310,12503,2025-03-03,North,UPI,Delivered
503311,14411,2025-10-14,East,UPI,Delivered
503312,11349,2025-10-07,South,Credit Card,Delivered
503313,11096,2025-03-10,North,Cash on Delivery,Delivered
503314,11246,2025-12-20,East,Net Banking,Delivered
503315,12763,2025-09-22,North,Credit Card,Delivered
503316,11472,2025-01-08,Central,Net Banking,Delivered
503317,10722,2025-04-17,West,UPI,Delivered
503318,14975,2025-04-03,South,Debit Card,Delivered
503319,14541,2025-08-15,East,Net Banking,Delivered
503320,13243,2025-03-10,West,Credit Card,Delivered
503321,14497,2025-10-29,North,Net Banking,Delivered
503322,14690,2025-05-18,Central,Debit Card,Delivered
503323,13446,2025-12-24,South,Debit Card,Delivered
503324,12645,2025-11-26,West,UPI,Delivered
503325,14452,2025-05-19,North,Cash on Delivery,Cancelled
503326,12924,2025-04-26,East,Net Banking,Delivered
503327,10625,2025-01-08,South,UPI,Delivered
503328,11872,2025-03-09,South,Debit Card,Delivered
503329,12284,2025-05-26,West,Debit Card,Delivered
503330,14690,2025-09-07,Central,Net Banking,Delivered
503331,13371,2025-09-07,West,UPI,Delivered
503332,14419,2025-01-03,East,Debit Card,Delivered
503333,13848,2025-12-30,North,UPI,Delivered
503334,11565,2025-05-08,North,Credit Card,Delivered
503335,13660,2025-04-30,Central,Credit Card,Delivered
503336,10959,2025-07-19,West,UPI,Delivered
503337,12092,2025-08-26,Central,UPI,Delivered
503338,14077,2025-02-24,North,Net Banking,Shipped
503339,13140,2025-03-11,West,Net Banking,Delivered
503340,14178,2025-12-22,Central,UPI,Cancelled
503341,11289,2025-10-15,East,Credit Card,Delivered
503342,13812,2025-09-19,East,Net Banking,Delivered
503343,10992,2025-07-29,North,UPI,Delivered
503344,12804,2025-08-25,East,Debit Card,Delivered
503345,12216,2025-08-06,Central,Credit Card,Delivered
503346,12872,2025-07-31,East,Cash on Delivery,Delivered
503347,10666,2025-01-16,West,Debit Card,Shipped
503348,11843,2025-08-01,West,UPI,Delivered
503349,13406,2025-09-27,East,UPI,Delivered
503350,12877,2025-11-14,East,UPI,Delivered
503351,12823,2025-05-26,East,Debit Card,Shipped
503352,12618,2025-09-21,West,Credit Card,Delivered
503353,14736,2025-05-13,South,UPI,Delivered
503354,14687,2025-12-10,Central,UPI,Shipped
503355,11837,2025-10-24,West,UPI,Delivered
503356,11798,2025-11-11,North,Credit Card,Delivered
503357,12860,2025-01-09,North,Cash on Delivery,Delivered
503358,10487,2025-02-11,South,Credit Card,Shipped
503359,11523,2025-01-18,South,Cash on Delivery,Delivered
503360,11144,2025-10-29,West,UPI,Delivered
503361,11093,2025-07-29,South,UPI,Cancelled
503362,13255,2025-10-11,South,Net Banking,Delivered
503363,11959,2025-10-20,West,Credit Card,Delivered
503364,10826,2025-11-26,North,Debit Card,Delivered
503365,14484,2025-10-03,West,Credit Card,Delivered
503366,14414,2025-08-03,Central,Debit Card,Delivered
503367,14364,2025-08-23,South,Credit Card,Shipped
503368,11994,2025-05-28,West,Debit Card,Delivered
503369,10283,2025-02-19,South,UPI,Shipped
503370,10533,2025-05-13,West,Debit Card,Delivered
503371,11394,2025-07-07,West,UPI,Delivered
503372,11081,2025-03-14,West,Credit Card,Shipped
503373,14413,2025-10-26,Central,Net Banking,Delivered
503374,14940,2025-04-15,East,Debit Card,Returned
503375,14129,2025-10-19,North,Cash on Delivery,Delivered
503376,13719,2025-08-20,North,UPI,Shipped
503377,13028,2025-04-11,West,Cash on Delivery,Returned
503378,13906,2025-09-16,North,Debit Card,Delivered
503379,14758,2025-10-19,West,Credit Card,Delivered
503380,13085,2025-04-22,Central,Net Banking,Delivered
503381,10757,2025-02-14,West,Cash on Delivery,Delivered
503382,10797,2025-04-10,South,Net Banking,Delivered
503383,13009,2025-06-06,West,UPI,Delivered
503384,11688,2025-08-13,North,UPI,Delivered
503385,14581,2025-03-14,South,UPI,Cancelled
503386,13136,2025-03-10,North,Net Banking,Delivered
503387,13447,2025-06-21,West,Debit Card,Delivered
503388,10030,2025-08-12,South,Debit Card,Shipped
503389,12560,2025-02-18,North,Debit Card,Returned
503390,12203,2025-08-24,West,Debit Card,Delivered
503391,13591,2025-04-19,North,Credit Card,Delivered
503392,11945,2025-09-30,North,Debit Card,Shipped
503393,14887,2025-06-07,South,Cash on Delivery,Delivered
503394,13422,2025-08-27,East,Debit Card,Shipped
503395,13374,2025-01-04,West,Net Banking,Delivered
503396,14615,2025-07-23,West,UPI,Delivered
503397,14978,2025-03-25,North,Credit Card,Delivered
503398,10971,2025-08-02,South,Credit Card,Delivered
503399,14099,2025-12-25,West,Credit Card,Delivered
503400,10791,2025-03-03,South,Credit Card,Delivered
503401,12336,2025-02-27,West,Debit Card,Delivered
503402,10509,2025-06-21,Central,Net Banking,Delivered
503403,13192,2025-11-10,East,Net Banking,Returned
503404,12392,2025-12-28,South,UPI,Returned
503405,13213,2025-09-09,East,UPI,Delivered
503406,13459,2025-11-24,West,UPI,Delivered
503407,13176,2025-05-17,West,Debit Card,Delivered
503408,11484,2025-08-26,East,Net Banking,Delivered
503409,14229,2025-01-06,West,Credit Card,Delivered
503410,12842,2025-10-02,Central,UPI,Delivered
503411,12503,2025-03-27,North,UPI,Delivered
503412,14944,2025-05-28,South,UPI,Delivered
503413,11428,2025-03-05,Central,UPI,Delivered
503414,12704,2025-06-04,South,UPI,Delivered
503415,13482,2025-05-15,South,Debit Card,Delivered
503416,10620,2025-04-28,East,UPI,Delivered
503417,11811,2025-01-24,East,UPI,Delivered
503418,14062,2025-09-21,West,Credit Card,Delivered
503419,11184,2025-11-19,North,UPI,Delivered
503420,12524,2025-01-11,West,Credit Card,Delivered
503421,13223,2025-12-22,South,Credit Card,Cancelled
503422,13424,2025-03-07,North,Net Banking,Shipped
503423,13707,2025-09-20,South,Net Banking,Delivered
503424,14380,2025-01-24,West,UPI,Delivered
503425,12009,2025-11-15,North,Credit Card,Delivered
503426,13597,2025-11-24,East,Credit Card,Delivered
503427,13733,2025-05-21,South,Credit Card,Delivered
503428,11516,2025-08-19,South,UPI,Delivered
503429,14858,2025-03-29,South,Credit Card,Delivered
503430,14375,2025-04-26,East,UPI,Delivered
503431,11466,2025-10-07,West,Credit Card,Delivered
503432,13441,2025-02-07,South,UPI,Delivered
503433,13658,2025-07-18,West,Debit Card,Delivered
503434,12205,2025-09-23,West,Credit Card,Delivered
503435,14371,2025-06-07,West,UPI,Delivered
503436,13520,2025-08-19,East,Debit Card,Delivered
503437,13368,2025-12-10,West,Debit Card,Delivered
503438,11083,2025-10-10,West,UPI,Delivered
503439,12091,2025-10-13,North,UPI,Delivered
503440,12219,2025-05-08,North,UPI,Returned
503441,13736,2025-07-26,West,UPI,Delivered
503442,13170,2025-09-15,West,Cash on Delivery,Delivered
503443,10432,2025-09-21,West,UPI,Delivered
503444,11550,2025-05-25,South,Net Banking,Delivered
503445,12418,2025-02-17,North,Credit Card,Delivered
503446,13748,2025-03-05,North,Debit Card,Delivered
503447,13786,2025-07-08,South,Credit Card,Delivered
503448,12507,2025-05-21,West,Debit Card,Delivered
503449,10591,2025-08-16,West,Credit Card,Delivered
503450,11479,2025-04-17,West,Credit Card,Delivered
503451,11289,2025-05-10,East,UPI,Delivered
503452,13953,2025-12-06,West,Cash on Delivery,Delivered
503453,10877,2025-05-31,South,Cash on Delivery,Returned
503454,12375,2025-08-01,South,UPI,Delivered
503455,13424,2025-08-11,North,UPI,Delivered
503456,14844,2025-01-16,North,Credit Card,Cancelled
503457,14997,2025-05-21,North,Cash on Delivery,Delivered
503458,14776,2025-09-15,North,Debit Card,Delivered
503459,13659,2025-04-24,West,Net Banking,Delivered
503460,13797,2025-11-17,South,UPI,Delivered
503461,13860,2025-01-26,North,UPI,Delivered
503462,14365,2025-10-13,South,UPI,Delivered
503463,14772,2025-02-07,East,Credit Card,Delivered
503464,12282,2025-01-25,East,Net Banking,Delivered
503465,12134,2025-02-21,West,UPI,Delivered
503466,12358,2025-12-05,West,Credit Card,Delivered
503467,13374,2025-04-01,West,Net Banking,Delivered
503468,13930,2025-05-18,South,Credit Card,Delivered
503469,14398,2025-07-28,West,Credit Card,Returned
503470,12330,2025-03-02,South,Credit Card,Delivered
503471,11854,2025-04-21,North,Debit Card,Delivered
503472,14916,2025-09-15,South,Net Banking,Delivered
503473,11151,2025-12-03,East,Cash on Delivery,Delivered
503474,11087,2025-05-15,South,Net Banking,Delivered
503475,13647,2025-03-01,North,Credit Card,Delivered
503476,10877,2025-07-08,South,UPI,Shipped
503477,12044,2025-12-02,North,UPI,Delivered
503478,11475,2025-04-23,West,UPI,Delivered
503479,10817,2025-01-27,East,Credit Card,Delivered
503480,12996,2025-01-01,East,Credit Card,Delivered
503481,11903,2025-08-02,West,Net Banking,Delivered
503482,12362,2025-03-27,South,UPI,Delivered
503483,10963,2025-06-04,West,UPI,Delivered
503484,13893,2025-03-21,East,Credit Card,Delivered
503485,11588,2025-03-01,East,Net Banking,Delivered
503486,11740,2025-11-05,South,UPI,Delivered
503487,11277,2025-02-05,Central,UPI,Delivered
503488,12222,2025-10-18,South,Credit Card,Delivered
503489,12368,2025-10-16,East,UPI,Delivered
503490,12706,2025-11-21,North,Cash on Delivery,Delivered
503491,14854,2025-12-29,West,Credit Card,Shipped
503492,14558,2025-06-24,South,Cash on Delivery,Delivered
503493,13126,2025-12-20,South,Cash on Delivery,Shipped
503494,10182,2025-12-18,South,UPI,Delivered
503495,13142,2025-03-30,West,UPI,Delivered
503496,10459,2025-02-28,West,UPI,Delivered
503497,13625,2025-03-02,South,Credit Card,Delivered
503498,11988,2025-08-30,West,UPI,Shipped
503499,14234,2025-10-10,East,Net Banking,Delivered
503500,14726,2025-08-13,South,UPI,Delivered
503501,12137,2025-08-10,South,Cash on Delivery,Delivered
503502,12359,2025-03-31,South,Credit Card,Shipped
503503,13036,2025-01-15,West,Credit Card,Delivered
503504,10966,2025-12-31,South,Debit Card,Cancelled
503505,14651,2025-07-04,North,Cash on Delivery,Delivered
503506,12210,2025-07-23,South,UPI,Delivered
503507,10809,2025-02-10,West,UPI,Delivered
503508,13876,2025-06-20,Central,Credit Card,Delivered
503509,11079,2025-09-25,West,Credit Card,Delivered
503510,10699,2025-07-15,West,UPI,Delivered
503511,12899,2025-09-07,East,Debit Card,Delivered
503512,13425,2025-07-14,Central,Credit Card,Delivered
503513,12931,2025-08-18,West,Credit Card,Delivered
503514,13358,2025-04-06,North,UPI,Delivered
503515,10584,2025-08-06,North,Net Banking,Delivered
503516,12438,2025-01-04,South,Credit Card,Cancelled
503517,11819,2025-01-05,West,Debit Card,Delivered
503518,14878,2025-02-15,South,UPI,Delivered
503519,10240,2025-11-27,West,Net Banking,Returned
503520,11507,2025-05-06,East,UPI,Shipped
503521,14724,2025-05-17,South,Cash on Delivery,Delivered
503522,14917,2025-05-16,Central,Credit Card,Delivered
503523,14175,2025-11-10,West,UPI,Delivered
503524,10375,2025-12-25,West,Debit Card,Returned
503525,12895,2025-11-15,North,Credit Card,Delivered
503526,12050,2025-07-08,North,Credit Card,Delivered
503527,14079,2025-05-23,South,Net Banking,Shipped
503528,10269,2025-03-14,South,Credit Card,Delivered
503529,10966,2025-06-27,South,UPI,Delivered
503530,12503,2025-12-16,North,UPI,Delivered
503531,10774,2025-08-14,West,Cash on Delivery,Delivered
503532,13529,2025-10-05,South,Credit Card,Delivered
503533,14155,2025-08-26,West,Credit Card,Delivered
503534,13587,2025-04-04,West,UPI,Shipped
503535,12255,2025-11-26,Central,Credit Card,Shipped
503536,14428,2025-07-16,West,Credit Card,Delivered
503537,10673,2025-03-05,North,Credit Card,Returned
503538,11319,2025-05-30,North,Cash on Delivery,Delivered
503539,12503,2025-05-21,North,Credit Card,Delivered
503540,10298,2025-08-19,North,Cash on Delivery,Delivered
503541,10488,2025-09-02,North,UPI,Delivered
503542,12035,2025-10-30,East,Cash on Delivery,Delivered
503543,14736,2025-12-13,South,Credit Card,Delivered
503544,14573,2025-10-04,South,UPI,Delivered
503545,12379,2025-01-31,West,Debit Card,Delivered
503546,10691,2025-02-07,North,Credit Card,Delivered
503547,10866,2025-02-08,South,Credit Card,Delivered
503548,11926,2025-06-13,South,UPI,Delivered
503549,11029,2025-12-22,East,Debit Card,Delivered
503550,10413,2025-09-24,South,UPI,Delivered
503551,13435,2025-03-10,East,Credit Card,Delivered
503552,13001,2025-10-17,Central,Cash on Delivery,Delivered
503553,11472,2025-08-17,Central,UPI,Delivered
503554,13946,2025-09-18,North,Net Banking,Delivered
503555,13934,2025-01-20,North,Credit Card,Delivered
503556,12511,2025-03-04,North,UPI,Delivered
503557,10493,2025-10-28,North,Net Banking,Delivered
503558,14614,2025-06-19,East,Debit Card,Delivered
503559,13416,2025-01-13,West,Credit Card,Delivered
503560,11246,2025-05-17,East,UPI,Delivered
503561,13131,2025-08-12,Central,Credit Card,Delivered
503562,12076,2025-04-04,North,UPI,Cancelled
503563,13243,2025-06-26,West,Net Banking,Delivered
503564,12421,2025-12-14,North,UPI,Delivered
503565,12479,2025-12-23,East,Net Banking,Returned
503566,13745,2025-06-05,North,Debit Card,Delivered
503567,13150,2025-05-01,South,Cash on Delivery,Delivered
503568,10402,2025-06-20,North,UPI,Delivered
503569,10321,2025-07-17,West,Credit Card,Delivered
503570,11532,2025-06-18,Central,Debit Card,Delivered
503571,12200,2025-06-21,East,Net Banking,Delivered
503572,11391,2025-06-06,East,UPI,Delivered
503573,13321,2025-11-20,South,Net Banking,Delivered
503574,10957,2025-07-29,South,UPI,Delivered
503575,13586,2025-10-08,North,Credit Card,Delivered
503576,13919,2025-07-15,East,UPI,Delivered
503577,10614,2025-09-27,West,UPI,Delivered
503578,13314,2025-07-06,South,Net Banking,Delivered
503579,14824,2025-03-03,West,UPI,Delivered
503580,10944,2025-05-25,South,Credit Card,Delivered
503581,14578,2025-08-14,Central,UPI,Delivered
503582,13110,2025-04-27,West,Net Banking,Cancelled
503583,13042,2025-07-25,East,Net Banking,Shipped
503584,10253,2025-12-22,West,Debit Card,Delivered
503585,13801,2025-03-07,West,Debit Card,Delivered
503586,12449,2025-10-28,East,Debit Card,Delivered
503587,13673,2025-11-23,West,Credit Card,Delivered
503588,14094,2025-01-28,West,Credit Card,Delivered
503589,12675,2025-11-11,West,Debit Card,Delivered
503590,11338,2025-09-21,North,Credit Card,Delivered
503591,10687,2025-08-09,East,UPI,Delivered
503592,10785,2025-01-10,East,UPI,Delivered
503593,14384,2025-10-04,West,Debit Card,Delivered
503594,10611,2025-10-18,East,Credit Card,Cancelled
503595,11960,2025-01-04,Central,Cash on Delivery,Cancelled
503596,11692,2025-06-30,Central,Credit Card,Shipped
503597,14378,2025-03-26,West,UPI,Delivered
503598,12446,2025-01-25,South,UPI,Returned
503599,14981,2025-01-20,North,Debit Card,Delivered
503600,13750,2025-07-18,North,Credit Card,Delivered
503601,14302,2025-07-18,West,Debit Card,Delivered
503602,10501,2025-04-06,West,UPI,Returned
503603,11282,2025-04-06,South,Net Banking,Delivered
503604,10666,2025-10-05,West,Cash on Delivery,Delivered
503605,12368,2025-02-18,East,UPI,Delivered
503606,13659,2025-03-30,West,Debit Card,Delivered
503607,10820,2025-01-06,North,UPI,Delivered
503608,10641,2025-05-26,West,UPI,Delivered
503609,13155,2025-01-12,Central,UPI,Delivered
503610,11141,2025-01-28,South,Credit Card,Delivered
503611,12456,2025-10-02,South,Net Banking,Delivered
503612,10249,2025-02-12,Central,Net Banking,Delivered
503613,13470,2025-04-09,South,UPI,Delivered
503614,12781,2025-05-23,North,Credit Card,Delivered
503615,13298,2025-10-19,East,UPI,Delivered
503616,11392,2025-04-07,South,Credit Card,Delivered
503617,11406,2025-03-26,North,Credit Card,Delivered
503618,14059,2025-10-25,South,Net Banking,Delivered
503619,13660,2025-04-01,Central,Net Banking,Delivered
503620,12996,2025-10-28,East,UPI,Shipped
503621,13208,2025-01-30,East,Debit Card,Delivered
503622,10481,2025-10-22,North,Credit Card,Delivered
503623,14323,2025-06-23,West,Credit Card,Delivered
503624,13906,2025-07-05,North,UPI,Delivered
503625,13040,2025-01-30,West,UPI,Delivered
503626,14615,2025-09-08,West,Net Banking,Shipped
503627,10817,2025-04-19,East,UPI,Delivered
503628,13504,2025-08-01,South,Net Banking,Delivered
503629,14831,2025-08-06,West,UPI,Delivered
503630,11565,2025-12-10,North,Credit Card,Delivered
503631,10073,2025-07-01,North,Debit Card,Delivered
503632,13738,2025-12-08,North,UPI,Delivered
503633,10035,2025-02-06,South,Cash on Delivery,Delivered
503634,14409,2025-12-12,East,Debit Card,Delivered
503635,10277,2025-05-30,North,UPI,Delivered
503636,13330,2025-04-07,East,Net Banking,Delivered
503637,11922,2025-01-24,South,Cash on Delivery,Delivered
503638,10995,2025-11-21,North,UPI,Delivered
503639,14531,2025-12-10,North,Net Banking,Delivered
503640,13795,2025-12-21,South,Cash on Delivery,Delivered
503641,11733,2025-05-02,East,UPI,Delivered
503642,11431,2025-03-27,East,UPI,Cancelled
503643,13745,2025-06-10,North,Debit Card,Delivered
503644,14227,2025-01-17,North,Cash on Delivery,Delivered
503645,13648,2025-09-01,North,Debit Card,Delivered
503646,13261,2025-09-25,South,Credit Card,Delivered
503647,11125,2025-10-13,Central,UPI,Delivered
503648,14307,2025-08-06,South,Cash on Delivery,Delivered
503649,13812,2025-01-06,East,UPI,Shipped
503650,12640,2025-09-24,South,UPI,Delivered
503651,12623,2025-08-23,North,Credit Card,Delivered
503652,12929,2025-05-04,East,Credit Card,Returned
503653,14189,2025-03-01,North,UPI,Shipped
503654,13780,2025-01-10,South,UPI,Delivered
503655,14323,2025-01-16,West,UPI,Delivered
503656,12597,2025-03-25,West,UPI,Delivered
503657,13198,2025-06-21,West,Cash on Delivery,Delivered
503658,14317,2025-05-27,East,UPI,Delivered
503659,11154,2025-04-10,North,Net Banking,Delivered
503660,12275,2025-09-28,Central,Net Banking,Delivered
503661,13182,2025-08-03,South,Debit Card,Returned
503662,14600,2025-03-26,East,Debit Card,Delivered
503663,10077,2025-02-08,West,Credit Card,Delivered
503664,11045,2025-01-05,South,Credit Card,Delivered
503665,11167,2025-03-27,West,Cash on Delivery,Delivered
503666,11659,2025-10-14,West,Net Banking,Shipped
503667,11419,2025-07-26,West,UPI,Delivered
503668,13036,2025-02-07,West,UPI,Delivered
503669,14473,2025-09-13,Central,UPI,Delivered
503670,13249,2025-06-29,North,UPI,Delivered
503671,11211,2025-01-19,South,Cash on Delivery,Delivered
503672,14371,2025-06-12,West,Credit Card,Delivered
503673,13231,2025-07-21,South,UPI,Delivered
503674,11079,2025-09-28,West,Debit Card,Delivered
503675,11844,2025-03-29,East,Credit Card,Delivered
503676,14000,2025-06-24,North,UPI,Delivered
503677,13761,2025-08-31,East,UPI,Delivered
503678,12976,2025-05-28,North,UPI,Delivered
503679,10708,2025-09-22,South,Credit Card,Delivered
503680,14071,2025-01-05,Central,Debit Card,Delivered
503681,11550,2025-05-19,South,Cash on Delivery,Delivered
503682,13913,2025-04-13,East,Credit Card,Delivered
503683,13298,2025-12-13,East,Debit Card,Delivered
503684,11342,2025-09-15,East,UPI,Delivered
503685,11043,2025-06-29,East,UPI,Delivered
503686,10646,2025-09-03,South,Credit Card,Cancelled
503687,11215,2025-05-28,East,Net Banking,Delivered
503688,10775,2025-01-21,East,Credit Card,Delivered
503689,13163,2025-11-03,North,UPI,Delivered
503690,13073,2025-06-07,North,Cash on Delivery,Delivered
503691,13019,2025-06-25,South,Credit Card,Returned
503692,13273,2025-09-14,West,UPI,Delivered
503693,14121,2025-09-22,North,Credit Card,Delivered
503694,14597,2025-04-23,South,Debit Card,Delivered
503695,11141,2025-06-17,South,Cash on Delivery,Delivered
503696,13023,2025-01-21,South,Net Banking,Shipped
503697,10391,2025-03-21,West,UPI,Delivered
503698,10604,2025-08-16,South,Credit Card,Delivered
503699,13340,2025-02-06,North,Credit Card,Delivered
503700,12484,2025-04-01,East,Credit Card,Delivered
503701,13851,2025-11-23,Central,UPI,Delivered
503702,12176,2025-06-01,North,Credit Card,Delivered
503703,10629,2025-06-27,South,Credit Card,Delivered
503704,14406,2025-07-01,Central,UPI,Delivered
503705,10413,2025-04-20,South,Credit Card,Shipped
503706,10926,2025-12-26,North,UPI,Delivered
503707,11401,2025-04-19,North,UPI,Delivered
503708,14979,2025-06-05,North,Cash on Delivery,Delivered
503709,12135,2025-09-17,West,Debit Card,Delivered
503710,12572,2025-03-08,North,Debit Card,Delivered
503711,13906,2025-09-17,North,UPI,Delivered
503712,13248,2025-09-28,South,UPI,Delivered
503713,14250,2025-02-06,North,UPI,Delivered
503714,12484,2025-09-27,East,UPI,Delivered
503715,14875,2025-05-03,West,Debit Card,Delivered
503716,14040,2025-08-12,West,UPI,Shipped
503717,12058,2025-07-14,North,UPI,Delivered
503718,11939,2025-03-23,West,UPI,Delivered
503719,14662,2025-02-19,South,UPI,Delivered
503720,13495,2025-03-19,Central,Credit Card,Delivered
503721,13184,2025-01-25,North,Debit Card,Shipped
503722,13848,2025-10-22,North,Cash on Delivery,Delivered
503723,12892,2025-01-26,North,UPI,Returned
503724,10781,2025-03-01,East,Debit Card,Returned
503725,11614,2025-11-04,South,UPI,Delivered
503726,12876,2025-03-11,South,Credit Card,Delivered
503727,10088,2025-06-03,North,Credit Card,Delivered
503728,12243,2025-02-17,West,UPI,Delivered
503729,13841,2025-02-23,East,Credit Card,Delivered
503730,10798,2025-04-24,South,Credit Card,Delivered
503731,10317,2025-10-04,North,Credit Card,Delivered
503732,14225,2025-04-20,West,Credit Card,Delivered
503733,13164,2025-03-13,West,UPI,Delivered
503734,10859,2025-01-18,East,Net Banking,Delivered
503735,14079,2025-01-15,South,Credit Card,Delivered
503736,13368,2025-02-11,West,UPI,Delivered
503737,11692,2025-01-20,Central,Cash on Delivery,Delivered
503738,11917,2025-01-16,East,Credit Card,Delivered
503739,10765,2025-05-15,North,Cash on Delivery,Delivered
503740,14217,2025-08-09,South,UPI,Delivered
503741,12609,2025-04-05,South,UPI,Delivered
503742,12873,2025-04-03,West,Debit Card,Delivered
503743,14458,2025-03-22,East,Cash on Delivery,Delivered
503744,10077,2025-03-19,West,UPI,Delivered
503745,10324,2025-12-17,North,Debit Card,Delivered
503746,10789,2025-05-26,East,UPI,Delivered
503747,10146,2025-11-16,Central,Net Banking,Shipped
503748,13368,2025-01-26,West,Credit Card,Delivered
503749,13238,2025-07-16,South,Net Banking,Delivered
503750,11033,2025-05-24,South,Credit Card,Delivered
503751,10732,2025-03-18,North,Cash on Delivery,Delivered
503752,10712,2025-11-10,North,UPI,Delivered
503753,14778,2025-12-18,South,UPI,Delivered
503754,13533,2025-07-20,Central,Cash on Delivery,Delivered
503755,13016,2025-10-30,South,UPI,Delivered
503756,11634,2025-11-23,North,Debit Card,Returned
503757,12210,2025-05-03,South,Credit Card,Delivered
503758,10459,2025-06-27,West,UPI,Delivered
503759,14994,2025-10-29,South,UPI,Delivered
503760,13836,2025-01-08,South,UPI,Returned
503761,13184,2025-01-02,North,Net Banking,Delivered
503762,13023,2025-05-26,South,Credit Card,Delivered
503763,12585,2025-02-05,North,Credit Card,Delivered
503764,11306,2025-03-29,South,Debit Card,Delivered
503765,11113,2025-04-29,East,Credit Card,Delivered
503766,12827,2025-02-11,North,Credit Card,Delivered
503767,10340,2025-12-24,West,Debit Card,Delivered
503768,10365,2025-05-19,North,Credit Card,Delivered
503769,12892,2025-02-28,North,UPI,Delivered
503770,14618,2025-06-29,West,Debit Card,Delivered
503771,14599,2025-07-21,West,UPI,Delivered
503772,10056,2025-08-09,South,Cash on Delivery,Delivered
503773,10537,2025-02-18,South,Debit Card,Delivered
503774,13006,2025-12-26,North,UPI,Delivered
503775,14288,2025-08-28,North,UPI,Delivered
503776,14784,2025-05-08,North,UPI,Delivered
503777,14345,2025-11-26,West,Net Banking,Delivered
503778,13456,2025-10-13,South,Net Banking,Delivered
503779,10985,2025-01-28,South,UPI,Cancelled
503780,10354,2025-04-03,South,Debit Card,Delivered
503781,10230,2025-06-28,South,Cash on Delivery,Delivered
503782,13141,2025-08-05,North,Debit Card,Delivered
503783,10171,2025-01-27,East,Credit Card,Returned
503784,13763,2025-05-07,West,UPI,Delivered
503785,13631,2025-04-08,East,Cash on Delivery,Delivered
503786,10401,2025-11-04,North,Cash on Delivery,Cancelled
503787,14566,2025-10-27,North,UPI,Delivered
503788,12662,2025-02-17,North,Credit Card,Cancelled
503789,14557,2025-12-20,South,UPI,Delivered
503790,14548,2025-09-29,East,Debit Card,Shipped
503791,10965,2025-07-07,South,UPI,Delivered
503792,11937,2025-10-30,North,Cash on Delivery,Delivered
503793,10659,2025-04-20,North,Net Banking,Delivered
503794,13928,2025-11-27,South,UPI,Delivered
503795,12584,2025-01-15,East,Debit Card,Delivered
503796,14657,2025-04-12,North,Credit Card,Delivered
503797,11022,2025-04-04,West,Net Banking,Delivered
503798,13511,2025-07-03,Central,UPI,Delivered
503799,14955,2025-08-07,North,Credit Card,Delivered
503800,13394,2025-05-09,West,Credit Card,Delivered
503801,10332,2025-06-02,West,UPI,Delivered
503802,13028,2025-11-16,West,UPI,Delivered
503803,10877,2025-04-02,South,Debit Card,Delivered
503804,10147,2025-02-12,North,UPI,Delivered
503805,11696,2025-09-27,South,Debit Card,Shipped
503806,11348,2025-09-05,North,Credit Card,Delivered
503807,13994,2025-03-09,South,UPI,Delivered
503808,11903,2025-09-27,West,Net Banking,Shipped
503809,13735,2025-07-27,West,Credit Card,Shipped
503810,10079,2025-08-14,North,UPI,Delivered
503811,10071,2025-07-24,West,Net Banking,Shipped
503812,10142,2025-05-25,West,UPI,Shipped
503813,11080,2025-04-02,East,Net Banking,Delivered
503814,11905,2025-05-18,South,Credit Card,Delivered
503815,13121,2025-01-17,West,Net Banking,Cancelled
503816,14936,2025-01-02,North,Credit Card,Delivered
503817,11812,2025-09-07,Central,UPI,Delivered
503818,10272,2025-11-17,East,UPI,Delivered
503819,10956,2025-04-29,North,Net Banking,Delivered
503820,14528,2025-07-16,East,Net Banking,Shipped
503821,13562,2025-12-21,West,UPI,Delivered
503822,14001,2025-08-02,North,Cash on Delivery,Delivered
503823,10612,2025-04-17,Central,Cash on Delivery,Delivered
503824,10662,2025-07-27,East,Credit Card,Shipped
503825,10569,2025-04-27,North,UPI,Delivered
503826,14326,2025-01-09,South,UPI,Cancelled
503827,11029,2025-05-22,East,Cash on Delivery,Delivered
503828,13279,2025-11-26,South,Debit Card,Delivered
503829,12637,2025-01-22,West,Cash on Delivery,Delivered
503830,12800,2025-09-29,East,UPI,Delivered
503831,10960,2025-06-18,East,Cash on Delivery,Delivered
503832,13243,2025-07-14,West,Debit Card,Delivered
503833,10214,2025-04-04,East,UPI,Delivered
503834,14972,2025-07-12,West,Credit Card,Shipped
503835,10132,2025-12-08,West,Net Banking,Delivered
503836,10241,2025-10-15,South,UPI,Shipped
503837,11645,2025-06-29,South,Debit Card,Delivered
503838,14201,2025-09-24,South,Debit Card,Delivered
503839,11305,2025-01-20,South,Credit Card,Delivered
503840,12413,2025-12-06,East,Credit Card,Delivered
503841,10086,2025-08-13,South,Net Banking,Returned
503842,10396,2025-06-18,South,Cash on Delivery,Delivered
503843,13122,2025-11-19,West,Credit Card,Delivered
503844,10952,2025-02-13,East,Debit Card,Delivered
503845,13540,2025-07-07,South,UPI,Delivered
503846,13976,2025-04-05,East,UPI,Delivered
503847,14297,2025-12-28,North,Net Banking,Delivered
503848,10658,2025-05-15,West,UPI,Delivered
503849,12323,2025-04-04,North,UPI,Delivered
503850,14758,2025-02-23,West,UPI,Delivered
503851,13916,2025-03-23,East,UPI,Delivered
503852,10591,2025-09-26,West,Debit Card,Delivered
503853,12576,2025-10-16,South,Cash on Delivery,Delivered
503854,14626,2025-05-15,West,UPI,Delivered
503855,12255,2025-06-07,Central,UPI,Delivered
503856,14232,2025-09-24,South,Cash on Delivery,Delivered
503857,12536,2025-11-22,East,Credit Card,Delivered
503858,10534,2025-10-04,North,Net Banking,Delivered
503859,10722,2025-10-15,West,Cash on Delivery,Delivered
503860,10228,2025-05-13,North,Cash on Delivery,Cancelled
503861,10960,2025-12-28,East,Credit Card,Delivered
503862,14512,2025-12-15,North,Credit Card,Shipped
503863,13311,2025-02-04,North,Debit Card,Delivered
503864,13761,2025-09-08,East,Debit Card,Delivered
503865,13185,2025-02-16,North,Debit Card,Delivered
503866,11967,2025-09-25,Central,Credit Card,Delivered
503867,11069,2025-10-20,West,Credit Card,Delivered
503868,14639,2025-02-13,South,UPI,Cancelled
503869,12632,2025-10-05,East,Debit Card,Delivered
503870,12462,2025-05-19,South,UPI,Delivered
503871,14981,2025-12-09,North,Credit Card,Delivered
503872,11957,2025-11-07,East,Debit Card,Delivered
503873,14314,2025-08-25,North,Debit Card,Delivered
503874,14363,2025-09-23,Central,Credit Card,Shipped
503875,11158,2025-06-19,South,Debit Card,Delivered
503876,10483,2025-08-04,West,Credit Card,Delivered
503877,14885,2025-04-27,South,Debit Card,Delivered
503878,12177,2025-08-26,South,UPI,Delivered
503879,10011,2025-09-13,West,Credit Card,Delivered
503880,12560,2025-09-01,North,Credit Card,Delivered
503881,13176,2025-12-02,West,Credit Card,Delivered
503882,13934,2025-11-28,North,UPI,Delivered
503883,14732,2025-03-29,West,Debit Card,Cancelled
503884,14600,2025-08-22,East,Credit Card,Delivered
503885,14715,2025-04-07,South,UPI,Delivered
503886,10153,2025-01-18,South,Cash on Delivery,Delivered
503887,13630,2025-04-21,East,Cash on Delivery,Delivered
503888,11106,2025-07-28,South,UPI,Delivered
503889,10917,2025-12-07,East,Debit Card,Delivered
503890,14056,2025-03-06,Central,Credit Card,Delivered
503891,12137,2025-05-03,South,UPI,Delivered
503892,14606,2025-08-26,North,Debit Card,Shipped
503893,10212,2025-12-30,North,Credit Card,Delivered
503894,14063,2025-05-03,East,Cash on Delivery,Shipped
503895,10669,2025-10-14,South,Debit Card,Delivered
503896,10859,2025-08-06,East,Credit Card,Delivered
503897,12445,2025-08-10,East,Credit Card,Delivered
503898,12025,2025-12-11,South,UPI,Delivered
503899,12484,2025-04-23,East,UPI,Delivered
503900,14715,2025-01-18,South,UPI,Delivered
503901,13366,2025-08-07,South,UPI,Delivered
503902,11468,2025-06-10,West,UPI,Shipped
503903,10836,2025-03-11,East,UPI,Delivered
503904,12150,2025-01-07,South,Net Banking,Delivered
503905,12303,2025-01-01,North,Credit Card,Delivered
503906,13084,2025-12-24,West,Debit Card,Delivered
503907,11348,2025-04-09,North,UPI,Shipped
503908,13892,2025-03-28,North,Net Banking,Delivered
503909,10501,2025-03-21,West,UPI,Delivered
503910,12888,2025-11-11,North,UPI,Delivered
503911,13194,2025-02-03,North,Credit Card,Returned
503912,11016,2025-08-14,West,UPI,Delivered
503913,14179,2025-08-11,East,UPI,Delivered
503914,13159,2025-06-29,West,Debit Card,Delivered
503915,13288,2025-01-08,Central,UPI,Delivered
503916,12552,2025-08-31,West,Net Banking,Delivered
503917,14579,2025-03-29,Central,UPI,Returned
503918,13538,2025-11-05,South,Cash on Delivery,Shipped
503919,11940,2025-05-23,South,Net Banking,Delivered
503920,11194,2025-01-28,South,Credit Card,Delivered
503921,10346,2025-05-22,South,UPI,Delivered
503922,10800,2025-03-31,West,Net Banking,Delivered
503923,14969,2025-07-05,North,Debit Card,Delivered
503924,12084,2025-11-09,North,Credit Card,Delivered
503925,14533,2025-06-29,South,UPI,Delivered
503926,10825,2025-02-06,West,Credit Card,Delivered
503927,12173,2025-01-02,South,Credit Card,Delivered
503928,14817,2025-02-03,North,Credit Card,Delivered
503929,10466,2025-11-10,East,Net Banking,Delivered
503930,13055,2025-08-14,North,Cash on Delivery,Delivered
503931,14615,2025-03-14,West,Cash on Delivery,Shipped
503932,14768,2025-12-30,South,Cash on Delivery,Delivered
503933,14279,2025-04-26,South,Net Banking,Delivered
503934,14323,2025-04-24,West,Credit Card,Shipped
503935,13324,2025-01-30,East,UPI,Returned
503936,11083,2025-03-24,West,Debit Card,Delivered
503937,13723,2025-07-27,East,Credit Card,Delivered
503938,14895,2025-04-17,Central,Debit Card,Delivered
503939,12691,2025-11-11,Central,UPI,Delivered
503940,11325,2025-07-05,West,Debit Card,Delivered
503941,12953,2025-06-01,North,UPI,Delivered
503942,13523,2025-05-30,North,Net Banking,Shipped
503943,11022,2025-06-09,West,Cash on Delivery,Delivered
503944,13663,2025-03-16,South,Cash on Delivery,Delivered
503945,13022,2025-12-15,West,Credit Card,Delivered
503946,13142,2025-06-19,West,Credit Card,Delivered
503947,11537,2025-07-06,Central,Net Banking,Delivered
503948,10761,2025-12-10,North,Debit Card,Delivered
503949,13193,2025-12-05,Central,Credit Card,Delivered
503950,13019,2025-11-07,South,Cash on Delivery,Delivered
503951,11720,2025-06-18,West,Credit Card,Delivered
503952,11497,2025-11-09,West,UPI,Returned
503953,11769,2025-02-22,North,Debit Card,Delivered
503954,12503,2025-09-14,North,Credit Card,Delivered
503955,14882,2025-03-01,East,UPI,Delivered
503956,13877,2025-08-10,West,UPI,Delivered
503957,14304,2025-03-17,South,Credit Card,Returned
503958,12590,2025-02-15,West,Cash on Delivery,Delivered
503959,12692,2025-09-17,West,UPI,Shipped
503960,11002,2025-01-15,East,Credit Card,Delivered
503961,13672,2025-12-03,South,UPI,Delivered
503962,12156,2025-04-26,South,Cash on Delivery,Delivered
503963,13780,2025-01-12,South,Credit Card,Delivered
503964,12097,2025-01-01,South,UPI,Delivered
503965,10542,2025-03-18,West,Credit Card,Delivered
503966,10836,2025-01-30,East,UPI,Delivered
503967,14104,2025-07-21,South,Credit Card,Shipped
503968,11313,2025-11-25,Central,Debit Card,Delivered
503969,11343,2025-02-19,South,Debit Card,Delivered
503970,14662,2025-05-10,South,UPI,Delivered
503971,13367,2025-01-06,North,Credit Card,Delivered
503972,10579,2025-03-16,West,Net Banking,Delivered
503973,10699,2025-12-12,West,Credit Card,Delivered
503974,11370,2025-12-14,South,Credit Card,Returned
503975,13055,2025-11-29,North,Credit Card,Delivered
503976,13822,2025-06-15,North,Credit Card,Returned
503977,11384,2025-11-28,South,UPI,Delivered
503978,14398,2025-12-05,West,Net Banking,Shipped
503979,10547,2025-10-01,Central,Net Banking,Delivered
503980,11018,2025-06-05,North,Debit Card,Delivered
503981,14865,2025-09-25,West,Cash on Delivery,Returned
503982,10660,2025-11-04,South,Credit Card,Delivered
503983,14484,2025-07-24,West,UPI,Delivered
503984,13584,2025-09-01,East,Credit Card,Delivered
503985,10358,2025-03-28,Central,Credit Card,Delivered
503986,12477,2025-04-10,North,UPI,Delivered
503987,12648,2025-07-05,North,Credit Card,Cancelled
503988,14677,2025-08-10,West,Credit Card,Delivered
503989,12155,2025-10-05,West,UPI,Delivered
503990,12288,2025-12-24,West,Credit Card,Delivered
503991,10571,2025-06-22,West,Net Banking,Delivered
503992,13257,2025-11-14,South,Credit Card,Delivered
503993,11034,2025-02-11,East,UPI,Delivered
503994,10384,2025-03-08,South,Debit Card,Cancelled
503995,14984,2025-07-11,North,Net Banking,Delivered
503996,11366,2025-05-23,West,Credit Card,Delivered
503997,10685,2025-06-03,South,UPI,Delivered
503998,13562,2025-04-04,West,Cash on Delivery,Delivered
503999,14158,2025-07-16,North,Debit Card,Delivered
504000,10315,2025-04-05,West,Cash on Delivery,Delivered
504001,10526,2025-09-06,West,Debit Card,Delivered
504002,10460,2025-01-22,South,UPI,Shipped
504003,10229,2025-02-23,North,Credit Card,Delivered
504004,13373,2025-05-05,South,UPI,Returned
504005,13027,2025-11-10,Central,Credit Card,Delivered
504006,13382,2025-07-26,East,Net Banking,Delivered
504007,12590,2025-06-30,West,Credit Card,Delivered
504008,14133,2025-12-21,West,Credit Card,Delivered
504009,12814,2025-10-02,South,Net Banking,Returned
504010,14615,2025-06-11,West,UPI,Delivered
504011,12480,2025-10-05,North,Credit Card,Delivered
504012,14005,2025-05-21,West,Debit Card,Delivered
504013,12087,2025-05-03,West,Cash on Delivery,Delivered
504014,12229,2025-07-11,North,UPI,Delivered
504015,14291,2025-02-25,West,Debit Card,Delivered
504016,10538,2025-10-25,Central,UPI,Shipped
504017,12908,2025-09-04,South,Credit Card,Delivered
504018,13697,2025-11-18,North,Debit Card,Returned
504019,13814,2025-07-10,South,Net Banking,Delivered
504020,13046,2025-06-19,West,UPI,Delivered
504021,12295,2025-08-07,West,Debit Card,Delivered
504022,11326,2025-02-03,North,UPI,Delivered
504023,14579,2025-10-12,Central,UPI,Delivered
504024,11879,2025-02-05,West,Net Banking,Shipped
504025,14046,2025-09-22,West,Cash on Delivery,Delivered
504026,10153,2025-12-07,South,UPI,Delivered
504027,11153,2025-10-25,West,UPI,Delivered
504028,11758,2025-08-16,North,UPI,Delivered
504029,13425,2025-03-08,Central,Credit Card,Delivered
504030,11614,2025-01-07,South,UPI,Delivered
504031,10204,2025-01-23,West,Cash on Delivery,Delivered
504032,10842,2025-01-23,West,Credit Card,Delivered
504033,11316,2025-09-29,North,UPI,Delivered
504034,10857,2025-03-10,South,Net Banking,Delivered
504035,10995,2025-01-13,North,Credit Card,Shipped
504036,13901,2025-09-23,West,Cash on Delivery,Delivered
504037,12112,2025-09-05,East,Cash on Delivery,Delivered
504038,12076,2025-02-28,North,Net Banking,Delivered
504039,14850,2025-09-15,South,Credit Card,Delivered
504040,12287,2025-07-27,North,UPI,Delivered
504041,14652,2025-05-09,South,Credit Card,Delivered
504042,11511,2025-07-17,East,Credit Card,Shipped
504043,12054,2025-11-06,South,Cash on Delivery,Delivered
504044,12029,2025-10-02,East,UPI,Delivered
504045,12811,2025-04-07,South,Credit Card,Delivered
504046,13011,2025-01-28,South,Credit Card,Delivered
504047,11253,2025-05-13,South,Credit Card,Delivered
504048,14026,2025-11-28,South,UPI,Delivered
504049,12545,2025-10-02,North,Cash on Delivery,Delivered
504050,10035,2025-04-14,South,Net Banking,Delivered
504051,13046,2025-02-11,West,UPI,Delivered
504052,14044,2025-06-02,South,Credit Card,Delivered
504053,11270,2025-10-18,North,Debit Card,Delivered
504054,10179,2025-01-09,West,Cash on Delivery,Delivered
504055,14082,2025-08-12,Central,UPI,Returned
504056,14886,2025-02-08,West,Debit Card,Cancelled
504057,10378,2025-02-07,South,Net Banking,Delivered
504058,14697,2025-09-28,South,UPI,Shipped
504059,11834,2025-04-19,Central,Net Banking,Delivered
504060,14721,2025-12-12,South,Net Banking,Shipped
504061,13303,2025-03-01,South,Cash on Delivery,Cancelled
504062,14491,2025-03-03,North,UPI,Cancelled
504063,13978,2025-01-31,East,UPI,Delivered
504064,10136,2025-01-30,Central,Credit Card,Returned
504065,10321,2025-03-07,West,Net Banking,Delivered
504066,12689,2025-09-20,North,Net Banking,Delivered
504067,10639,2025-06-07,North,Debit Card,Delivered
504068,12360,2025-06-10,North,Credit Card,Delivered
504069,14785,2025-12-25,East,UPI,Delivered
504070,11489,2025-04-21,North,Credit Card,Delivered
504071,12500,2025-02-07,South,UPI,Delivered
504072,11958,2025-07-31,North,Net Banking,Delivered
504073,13219,2025-05-17,South,Credit Card,Returned
504074,10949,2025-12-08,North,Credit Card,Delivered
504075,11318,2025-06-07,West,Debit Card,Delivered
504076,14333,2025-05-14,West,Credit Card,Delivered
504077,14103,2025-07-08,East,Debit Card,Delivered
504078,13996,2025-06-14,West,Net Banking,Delivered
504079,13911,2025-03-20,Central,UPI,Delivered
504080,12349,2025-09-09,West,UPI,Shipped
504081,13713,2025-07-25,North,UPI,Delivered
504082,11973,2025-05-28,South,UPI,Delivered
504083,10510,2025-10-13,Central,Net Banking,Shipped
504084,12013,2025-01-18,West,UPI,Delivered
504085,10778,2025-07-10,North,Net Banking,Delivered
504086,11996,2025-07-04,West,Cash on Delivery,Shipped
504087,11505,2025-08-05,West,UPI,Delivered
504088,13073,2025-03-29,North,Credit Card,Delivered
504089,11843,2025-04-05,West,Credit Card,Delivered
504090,13589,2025-10-01,West,Cash on Delivery,Delivered
504091,12624,2025-03-02,South,UPI,Delivered
504092,14617,2025-03-23,North,Net Banking,Delivered
504093,10466,2025-03-19,East,Cash on Delivery,Delivered
504094,13506,2025-07-15,North,Credit Card,Returned
504095,13429,2025-11-17,West,UPI,Delivered
504096,14770,2025-02-09,East,UPI,Delivered
504097,11890,2025-01-24,North,Cash on Delivery,Delivered
504098,11534,2025-06-09,West,UPI,Shipped
504099,10833,2025-09-23,North,Credit Card,Delivered
504100,11347,2025-05-17,West,UPI,Delivered
504101,12573,2025-02-08,West,Cash on Delivery,Delivered
504102,14234,2025-04-18,East,Debit Card,Delivered
504103,11431,2025-08-15,East,Cash on Delivery,Delivered
504104,10775,2025-03-10,East,Cash on Delivery,Delivered
504105,11369,2025-09-20,West,Credit Card,Returned
504106,10510,2025-10-06,Central,Cash on Delivery,Delivered
504107,14641,2025-12-11,South,UPI,Returned
504108,14409,2025-01-17,East,UPI,Shipped
504109,11557,2025-11-30,West,Debit Card,Delivered
504110,11246,2025-08-15,East,Credit Card,Delivered
504111,14558,2025-07-11,South,Cash on Delivery,Delivered
504112,10010,2025-11-17,South,Net Banking,Delivered
504113,13082,2025-12-08,West,Debit Card,Shipped
504114,14604,2025-01-28,West,Cash on Delivery,Delivered
504115,12604,2025-11-10,North,UPI,Delivered
504116,10015,2025-08-03,East,UPI,Delivered
504117,11079,2025-01-18,West,Credit Card,Delivered
504118,14626,2025-04-20,West,UPI,Delivered
504119,10081,2025-05-01,West,UPI,Returned
504120,12023,2025-10-27,North,UPI,Delivered
504121,13997,2025-03-05,North,Debit Card,Delivered
504122,14236,2025-02-06,East,UPI,Shipped
504123,12446,2025-01-03,South,Net Banking,Delivered
504124,11155,2025-09-27,North,Debit Card,Delivered
504125,13078,2025-05-15,Central,UPI,Delivered
504126,11341,2025-03-24,East,UPI,Delivered
504127,11291,2025-07-26,Central,Net Banking,Shipped
504128,14086,2025-06-16,North,Credit Card,Returned
504129,10755,2025-05-13,West,Credit Card,Delivered
504130,10030,2025-03-20,South,Credit Card,Delivered
504131,11709,2025-11-04,North,Credit Card,Delivered
504132,12510,2025-04-19,West,Credit Card,Delivered
504133,13588,2025-01-26,West,Debit Card,Returned
504134,13953,2025-06-16,West,Credit Card,Returned
504135,13385,2025-06-22,North,Cash on Delivery,Delivered
504136,13203,2025-11-29,East,Credit Card,Delivered
504137,13396,2025-01-31,North,UPI,Delivered
504138,11369,2025-05-31,West,Cash on Delivery,Delivered
504139,11943,2025-02-09,West,UPI,Delivered
504140,13161,2025-10-15,East,Debit Card,Delivered
504141,10321,2025-12-23,West,Net Banking,Delivered
504142,11493,2025-09-17,South,UPI,Shipped
504143,12083,2025-03-22,Central,UPI,Delivered
504144,12735,2025-12-06,Central,Credit Card,Delivered
504145,12484,2025-06-23,East,Credit Card,Cancelled
504146,13659,2025-03-16,West,UPI,Delivered
504147,12419,2025-02-11,West,Credit Card,Delivered
504148,14557,2025-04-07,South,UPI,Delivered
504149,11936,2025-06-16,West,UPI,Delivered
504150,12687,2025-07-17,East,Debit Card,Cancelled
504151,10018,2025-04-13,South,UPI,Shipped
504152,11566,2025-02-16,Central,Debit Card,Delivered
504153,14382,2025-06-15,West,Cash on Delivery,Delivered
504154,11689,2025-01-18,West,UPI,Delivered
504155,11282,2025-01-02,South,UPI,Delivered
504156,12791,2025-04-15,Central,Cash on Delivery,Delivered
504157,10393,2025-04-12,West,Debit Card,Delivered
504158,12725,2025-07-01,West,Net Banking,Shipped
504159,11525,2025-07-28,South,Net Banking,Delivered
504160,11948,2025-12-10,Central,Debit Card,Delivered
504161,14010,2025-08-04,West,Cash on Delivery,Delivered
504162,13376,2025-09-17,South,UPI,Delivered
504163,12285,2025-01-07,East,Credit Card,Delivered
504164,12981,2025-07-26,North,Debit Card,Delivered
504165,13890,2025-02-26,East,Debit Card,Delivered
504166,13792,2025-01-30,West,UPI,Delivered
504167,10905,2025-09-08,South,Net Banking,Returned
504168,11518,2025-08-09,Central,Net Banking,Delivered
504169,11778,2025-08-29,South,UPI,Delivered
504170,10917,2025-06-21,East,Credit Card,Delivered
504171,10061,2025-09-02,South,UPI,Delivered
504172,10843,2025-07-24,Central,Credit Card,Delivered
504173,14087,2025-08-19,North,Credit Card,Delivered
504174,12809,2025-12-12,Central,Credit Card,Delivered
504175,11737,2025-02-05,East,Credit Card,Cancelled
504176,13123,2025-04-09,West,Credit Card,Delivered
504177,13766,2025-09-15,West,Debit Card,Delivered
504178,11812,2025-05-22,Central,UPI,Delivered
504179,12379,2025-07-27,West,UPI,Delivered
504180,10315,2025-04-23,West,Credit Card,Delivered
504181,13068,2025-04-10,South,Debit Card,Delivered
504182,11817,2025-04-14,North,Credit Card,Delivered
504183,12216,2025-08-28,Central,Debit Card,Delivered
504184,12160,2025-08-29,West,Cash on Delivery,Delivered
504185,13233,2025-10-18,South,Debit Card,Cancelled
504186,12948,2025-05-29,North,Cash on Delivery,Returned
504187,12160,2025-08-08,West,UPI,Delivered
504188,10081,2025-03-23,West,Credit Card,Delivered
504189,13183,2025-10-15,East,Credit Card,Delivered
504190,14435,2025-05-31,East,Debit Card,Delivered
504191,13905,2025-05-14,West,Cash on Delivery,Delivered
504192,14907,2025-10-12,South,UPI,Delivered
504193,10676,2025-11-15,South,UPI,Delivered
504194,11090,2025-08-13,West,Debit Card,Delivered
504195,12769,2025-05-05,North,Credit Card,Returned
504196,11179,2025-04-06,Central,UPI,Delivered
504197,10165,2025-12-03,West,Cash on Delivery,Cancelled
504198,12060,2025-08-28,South,UPI,Delivered
504199,11457,2025-11-10,South,UPI,Delivered
504200,11341,2025-03-26,East,UPI,Delivered
504201,14777,2025-03-25,Central,Net Banking,Delivered
504202,11194,2025-12-09,South,Credit Card,Returned
504203,10639,2025-09-29,North,UPI,Delivered
504204,10621,2025-01-06,South,UPI,Delivered
504205,14079,2025-01-07,South,UPI,Returned
504206,13645,2025-01-14,East,UPI,Delivered
504207,10639,2025-01-03,North,Net Banking,Delivered
504208,11081,2025-08-13,West,UPI,Delivered
504209,13800,2025-11-01,North,Net Banking,Delivered
504210,11384,2025-10-19,South,UPI,Returned
504211,14907,2025-10-12,South,Cash on Delivery,Delivered
504212,12778,2025-06-17,West,Debit Card,Delivered
504213,10937,2025-05-12,South,Credit Card,Shipped
504214,14333,2025-05-01,West,Credit Card,Delivered
504215,11615,2025-08-24,Central,UPI,Shipped
504216,11462,2025-01-23,West,UPI,Delivered
504217,11661,2025-04-12,North,Cash on Delivery,Delivered
504218,13894,2025-05-12,West,UPI,Delivered
504219,10837,2025-10-01,East,UPI,Delivered
504220,11940,2025-01-01,South,Credit Card,Delivered
504221,10149,2025-02-01,West,Cash on Delivery,Delivered
504222,14180,2025-05-29,East,Credit Card,Delivered
504223,11736,2025-06-15,North,Credit Card,Cancelled
504224,11253,2025-10-24,South,Cash on Delivery,Delivered
504225,12996,2025-06-26,East,Debit Card,Delivered
504226,13588,2025-12-07,West,Cash on Delivery,Delivered
504227,14108,2025-04-03,West,UPI,Delivered
504228,11773,2025-04-27,East,Debit Card,Cancelled
504229,14107,2025-04-06,South,Cash on Delivery,Delivered
504230,12375,2025-02-28,South,Credit Card,Cancelled
504231,10512,2025-05-21,North,Credit Card,Shipped
504232,14280,2025-11-13,East,UPI,Delivered
504233,12816,2025-02-20,Central,Credit Card,Delivered
504234,13087,2025-09-12,West,UPI,Delivered
504235,14696,2025-04-01,East,Credit Card,Delivered
504236,12881,2025-11-17,West,Debit Card,Delivered
504237,10030,2025-11-01,South,Debit Card,Delivered
504238,14398,2025-06-26,West,Debit Card,Delivered
504239,11435,2025-04-13,North,Credit Card,Delivered
504240,12572,2025-05-22,North,UPI,Delivered
504241,11005,2025-01-30,North,UPI,Cancelled
504242,11503,2025-05-22,South,Credit Card,Cancelled
504243,13504,2025-07-22,South,Cash on Delivery,Delivered
504244,12195,2025-08-11,North,UPI,Delivered
504245,13206,2025-12-14,North,Debit Card,Shipped
504246,14169,2025-11-14,South,Credit Card,Delivered
504247,11737,2025-01-03,East,UPI,Delivered
504248,12926,2025-02-08,South,UPI,Shipped
504249,13938,2025-10-02,South,Debit Card,Delivered
504250,13645,2025-12-27,East,UPI,Delivered
504251,12772,2025-04-08,West,UPI,Delivered
504252,11951,2025-05-08,West,Credit Card,Delivered
504253,12090,2025-06-16,Central,Debit Card,Delivered
504254,12214,2025-09-23,South,Credit Card,Delivered
504255,11779,2025-12-11,West,Credit Card,Delivered
504256,13561,2025-05-31,West,Net Banking,Delivered
504257,10621,2025-09-05,South,UPI,Delivered
504258,14853,2025-02-28,North,Debit Card,Delivered
504259,13946,2025-08-06,North,Credit Card,Delivered
504260,11507,2025-03-24,East,Credit Card,Delivered
504261,10212,2025-04-12,North,Credit Card,Delivered
504262,13629,2025-05-28,South,UPI,Returned
504263,13737,2025-09-01,South,UPI,Delivered
504264,14836,2025-10-27,North,Credit Card,Cancelled
504265,11284,2025-10-01,North,Debit Card,Returned
504266,10412,2025-02-17,North,Cash on Delivery,Delivered
504267,14600,2025-11-27,East,Net Banking,Delivered
504268,11313,2025-09-07,Central,Net Banking,Delivered
504269,13675,2025-08-05,North,UPI,Delivered
504270,10296,2025-08-23,North,UPI,Returned
504271,13865,2025-01-01,North,Cash on Delivery,Delivered
504272,10627,2025-04-07,North,Net Banking,Delivered
504273,13544,2025-09-20,West,UPI,Delivered
504274,12726,2025-12-17,North,Debit Card,Delivered
504275,14786,2025-03-31,West,Credit Card,Delivered
504276,10177,2025-07-18,North,UPI,Delivered
504277,11473,2025-04-10,North,Net Banking,Delivered
504278,10337,2025-06-01,North,Cash on Delivery,Delivered
504279,14433,2025-03-10,South,Cash on Delivery,Delivered
504280,13055,2025-08-02,North,Credit Card,Delivered
504281,12744,2025-04-18,West,Net Banking,Delivered
504282,10649,2025-06-13,North,Credit Card,Delivered
504283,12500,2025-11-02,South,Cash on Delivery,Delivered
504284,12042,2025-09-05,Central,Cash on Delivery,Delivered
504285,11598,2025-10-29,West,Net Banking,Delivered
504286,13917,2025-07-17,West,Credit Card,Delivered
504287,10298,2025-10-06,North,Cash on Delivery,Delivered
504288,13292,2025-01-12,North,UPI,Delivered
504289,14169,2025-06-05,South,UPI,Delivered
504290,14570,2025-07-05,East,Credit Card,Delivered
504291,13793,2025-08-24,East,Net Banking,Delivered
504292,11422,2025-11-13,Central,UPI,Delivered
504293,13082,2025-08-12,West,Net Banking,Shipped
504294,10685,2025-02-03,South,Cash on Delivery,Delivered
504295,10591,2025-12-16,West,Credit Card,Delivered
504296,13256,2025-04-11,South,UPI,Delivered
504297,14302,2025-09-11,West,Debit Card,Delivered
504298,10324,2025-10-01,North,UPI,Delivered
504299,10531,2025-06-12,South,Credit Card,Delivered
504300,12913,2025-02-06,North,Debit Card,Shipped
504301,11076,2025-10-24,North,Credit Card,Delivered
504302,13138,2025-07-30,South,Credit Card,Delivered
504303,11057,2025-03-27,West,Credit Card,Cancelled
504304,10586,2025-04-01,East,UPI,Delivered
504305,12806,2025-09-08,South,UPI,Delivered
504306,14361,2025-07-27,North,Credit Card,Delivered
504307,13497,2025-10-22,South,Credit Card,Delivered
504308,14140,2025-09-17,East,Credit Card,Delivered
504309,11349,2025-11-04,South,UPI,Delivered
504310,14474,2025-04-23,East,UPI,Delivered
504311,11922,2025-10-02,South,Net Banking,Delivered
504312,14307,2025-04-02,South,Credit Card,Delivered
504313,12406,2025-09-30,East,Cash on Delivery,Returned
504314,11356,2025-06-22,North,Cash on Delivery,Delivered
504315,11319,2025-05-10,North,Credit Card,Delivered
504316,12924,2025-03-29,East,Credit Card,Delivered
504317,10397,2025-09-03,North,UPI,Delivered
504318,14664,2025-02-24,West,Credit Card,Delivered
504319,11369,2025-12-13,West,Net Banking,Delivered
504320,11702,2025-01-04,North,Cash on Delivery,Delivered
504321,11164,2025-12-22,West,Debit Card,Delivered
504322,10016,2025-11-12,West,Debit Card,Delivered
504323,13528,2025-01-29,North,Cash on Delivery,Delivered
504324,13040,2025-07-08,West,UPI,Cancelled
504325,14094,2025-02-15,West,Debit Card,Delivered
504326,10204,2025-04-07,West,Credit Card,Delivered
504327,14657,2025-02-18,North,UPI,Shipped
504328,11675,2025-04-30,North,Net Banking,Delivered
504329,14596,2025-05-26,North,UPI,Delivered
504330,10536,2025-11-28,West,UPI,Delivered
504331,13787,2025-09-06,East,Credit Card,Delivered
504332,12993,2025-03-15,South,UPI,Shipped
504333,11824,2025-09-30,South,Credit Card,Shipped
504334,10398,2025-04-17,South,UPI,Delivered
504335,13101,2025-12-18,Central,Credit Card,Delivered
504336,10128,2025-07-03,West,Credit Card,Delivered
504337,12572,2025-12-11,North,Cash on Delivery,Shipped
504338,13098,2025-11-04,East,Debit Card,Delivered
504339,13733,2025-03-12,South,Cash on Delivery,Delivered
504340,14961,2025-01-20,West,Net Banking,Shipped
504341,11319,2025-06-06,North,Net Banking,Delivered
504342,11631,2025-12-05,West,Net Banking,Delivered
504343,11737,2025-08-13,East,UPI,Delivered
504344,13726,2025-06-27,Central,Credit Card,Delivered
504345,14674,2025-04-28,South,Net Banking,Delivered
504346,14879,2025-06-08,Central,UPI,Delivered
504347,14750,2025-01-13,Central,UPI,Delivered
504348,14434,2025-02-25,South,Debit Card,Delivered
504349,14960,2025-08-28,North,Cash on Delivery,Returned
504350,11915,2025-10-02,West,Net Banking,Delivered
504351,14767,2025-11-22,West,Net Banking,Delivered
504352,13866,2025-06-05,East,Credit Card,Delivered
504353,10815,2025-03-21,South,Debit Card,Delivered
504354,10222,2025-04-24,West,Net Banking,Shipped
504355,11056,2025-02-02,East,Net Banking,Shipped
504356,13944,2025-04-24,West,Credit Card,Cancelled
504357,13228,2025-03-04,South,Net Banking,Delivered
504358,11099,2025-01-26,South,UPI,Delivered
504359,13777,2025-03-28,North,Cash on Delivery,Shipped
504360,10685,2025-09-14,South,Net Banking,Delivered
504361,14158,2025-04-03,North,UPI,Delivered
504362,14027,2025-07-19,West,Credit Card,Delivered
504363,14878,2025-12-28,South,Cash on Delivery,Delivered
504364,10736,2025-07-24,Central,Credit Card,Delivered
504365,14566,2025-03-25,North,UPI,Delivered
504366,11737,2025-04-17,East,Cash on Delivery,Returned
504367,12133,2025-09-04,West,Credit Card,Delivered
504368,12392,2025-01-05,South,Credit Card,Delivered
504369,13205,2025-09-25,North,Debit Card,Delivered
504370,14976,2025-10-31,East,Net Banking,Returned
504371,13078,2025-01-14,Central,Net Banking,Delivered
504372,14642,2025-11-05,Central,Debit Card,Delivered
504373,11290,2025-08-06,South,Cash on Delivery,Delivered
504374,12041,2025-08-22,East,UPI,Delivered
504375,12586,2025-02-14,North,Cash on Delivery,Delivered
504376,11637,2025-06-09,South,UPI,Delivered
504377,14888,2025-06-07,West,Cash on Delivery,Delivered
504378,13695,2025-09-25,West,UPI,Cancelled
504379,12454,2025-04-10,North,Debit Card,Delivered
504380,13818,2025-03-24,South,Net Banking,Delivered
504381,12385,2025-02-13,South,Credit Card,Delivered
504382,10083,2025-06-02,South,UPI,Delivered
504383,12788,2025-06-19,West,Credit Card,Delivered
504384,13201,2025-01-21,Central,UPI,Cancelled
504385,14903,2025-09-07,North,Debit Card,Cancelled
504386,10203,2025-07-08,North,Debit Card,Delivered
504387,12624,2025-11-18,South,UPI,Shipped
504388,10500,2025-12-23,East,Debit Card,Delivered
504389,10729,2025-01-21,West,UPI,Shipped
504390,13131,2025-10-09,Central,UPI,Delivered
504391,11151,2025-06-09,East,Credit Card,Delivered
504392,13808,2025-08-07,East,Credit Card,Cancelled
504393,12628,2025-01-17,South,UPI,Delivered
504394,11076,2025-01-04,North,Credit Card,Delivered
504395,12527,2025-02-08,North,Net Banking,Delivered
504396,10008,2025-09-28,North,Credit Card,Delivered
504397,14365,2025-10-16,South,Debit Card,Delivered
504398,10064,2025-07-08,West,UPI,Shipped
504399,10035,2025-05-22,South,Credit Card,Delivered
504400,13136,2025-12-12,North,Net Banking,Delivered
504401,14879,2025-10-30,Central,Debit Card,Delivered
504402,14323,2025-05-10,West,Net Banking,Delivered
504403,11276,2025-12-12,West,Debit Card,Delivered
504404,10964,2025-11-18,North,UPI,Delivered
504405,13201,2025-06-25,Central,UPI,Delivered
504406,14167,2025-07-13,South,Cash on Delivery,Delivered
504407,11847,2025-12-03,West,Credit Card,Delivered
504408,12210,2025-10-01,South,Debit Card,Returned
504409,10584,2025-06-28,North,Debit Card,Delivered
504410,10742,2025-08-28,South,UPI,Delivered
504411,12926,2025-05-12,South,Credit Card,Delivered
504412,10518,2025-03-22,East,Credit Card,Delivered
504413,10992,2025-06-10,North,Net Banking,Delivered
504414,11170,2025-06-30,North,Cash on Delivery,Shipped
504415,12274,2025-09-26,West,UPI,Shipped
504416,10223,2025-11-23,North,UPI,Cancelled
504417,12563,2025-02-27,West,Credit Card,Delivered
504418,14657,2025-07-10,North,UPI,Delivered
504419,10120,2025-11-17,South,Credit Card,Cancelled
504420,13223,2025-12-26,South,UPI,Cancelled
504421,14222,2025-02-11,North,UPI,Delivered
504422,11576,2025-04-05,North,UPI,Delivered
504423,10649,2025-12-22,North,UPI,Delivered
504424,10214,2025-03-30,East,UPI,Delivered
504425,13282,2025-04-19,North,Cash on Delivery,Returned
504426,12844,2025-08-21,Central,UPI,Delivered
504427,11132,2025-10-23,East,Debit Card,Returned
504428,14201,2025-12-16,South,Debit Card,Delivered
504429,13742,2025-04-12,West,UPI,Returned
504430,11396,2025-01-21,West,Cash on Delivery,Delivered
504431,13827,2025-03-24,North,Debit Card,Delivered
504432,11235,2025-06-10,South,UPI,Delivered
504433,13441,2025-07-17,South,UPI,Delivered
504434,10600,2025-02-11,West,Credit Card,Delivered
504435,13527,2025-02-06,North,Cash on Delivery,Delivered
504436,11194,2025-07-19,South,UPI,Shipped
504437,12948,2025-11-29,North,Credit Card,Delivered
504438,10834,2025-06-03,South,Credit Card,Delivered
504439,13695,2025-02-08,West,Credit Card,Delivered
504440,10297,2025-02-16,North,Debit Card,Delivered
504441,10800,2025-11-08,West,Debit Card,Delivered
504442,10897,2025-04-20,Central,UPI,Delivered
504443,10204,2025-07-05,West,Credit Card,Delivered
504444,13788,2025-07-04,West,Net Banking,Delivered
504445,14903,2025-11-23,North,Debit Card,Delivered
504446,13943,2025-08-04,North,Credit Card,Delivered
504447,14345,2025-04-20,West,Debit Card,Delivered
504448,10032,2025-07-19,North,Debit Card,Returned
504449,10596,2025-06-22,East,Net Banking,Delivered
504450,12880,2025-11-17,West,UPI,Delivered
504451,14892,2025-01-04,Central,Credit Card,Delivered
504452,13374,2025-03-02,West,Debit Card,Delivered
504453,11905,2025-06-20,South,Debit Card,Delivered
504454,10712,2025-12-27,North,Cash on Delivery,Delivered
504455,10744,2025-05-27,Central,Credit Card,Delivered
504456,11852,2025-12-08,South,Net Banking,Shipped
504457,13636,2025-12-22,North,Net Banking,Delivered
504458,10153,2025-05-09,South,UPI,Delivered
504459,14307,2025-05-27,South,UPI,Delivered
504460,14722,2025-02-20,East,Cash on Delivery,Delivered
504461,14486,2025-03-05,North,UPI,Delivered
504462,14595,2025-03-04,South,Credit Card,Returned
504463,10073,2025-10-12,North,Debit Card,Delivered
504464,14892,2025-02-12,Central,UPI,Returned
504465,11870,2025-03-11,South,Debit Card,Delivered
504466,14395,2025-09-13,South,UPI,Delivered
504467,10912,2025-10-22,West,Credit Card,Delivered
504468,12286,2025-01-23,South,Credit Card,Returned
504469,10218,2025-09-14,West,Net Banking,Shipped
504470,10198,2025-03-02,North,Net Banking,Cancelled
504471,14734,2025-07-26,East,Debit Card,Delivered
504472,14099,2025-10-08,West,UPI,Delivered
504473,12707,2025-05-12,East,Credit Card,Delivered
504474,12689,2025-12-31,North,Credit Card,Delivered
504475,13804,2025-12-30,South,UPI,Delivered
504476,11737,2025-01-01,East,Cash on Delivery,Delivered
504477,13870,2025-02-09,Central,UPI,Delivered
504478,12479,2025-10-04,East,Net Banking,Delivered
504479,13253,2025-09-04,North,Credit Card,Delivered
504480,14844,2025-05-18,North,Cash on Delivery,Delivered
504481,12406,2025-11-18,East,Credit Card,Delivered
504482,12143,2025-01-17,West,Debit Card,Delivered
504483,14560,2025-05-04,West,Debit Card,Delivered
504484,14550,2025-04-01,South,Debit Card,Delivered
504485,14966,2025-09-03,Central,UPI,Delivered
504486,12834,2025-04-23,South,Debit Card,Delivered
504487,11748,2025-05-06,West,Cash on Delivery,Delivered
504488,11203,2025-09-23,South,Net Banking,Delivered
504489,10164,2025-08-29,South,Cash on Delivery,Delivered
504490,13699,2025-05-18,South,Credit Card,Delivered
504491,11164,2025-09-03,West,Credit Card,Delivered
504492,13114,2025-08-26,South,Net Banking,Delivered
504493,14606,2025-10-30,North,UPI,Delivered
504494,14768,2025-01-09,South,Debit Card,Delivered
504495,10024,2025-02-15,West,Credit Card,Delivered
504496,11606,2025-12-25,East,UPI,Delivered
504497,14232,2025-05-04,South,Debit Card,Delivered
504498,12748,2025-03-09,West,UPI,Delivered
504499,14084,2025-12-31,South,Debit Card,Delivered
504500,14309,2025-11-20,East,Credit Card,Delivered
504501,12271,2025-05-12,West,Debit Card,Delivered
504502,11830,2025-12-27,East,Debit Card,Delivered
504503,12323,2025-08-25,North,Debit Card,Delivered
504504,13330,2025-08-01,East,Cash on Delivery,Returned
504505,11872,2025-02-28,South,Credit Card,Delivered
504506,13928,2025-06-02,South,Debit Card,Delivered
504507,14556,2025-10-08,Central,UPI,Delivered
504508,11421,2025-03-23,Central,Cash on Delivery,Delivered
504509,14844,2025-08-26,North,Debit Card,Delivered
504510,13190,2025-11-08,East,UPI,Delivered
504511,14426,2025-02-18,East,Credit Card,Delivered
504512,10521,2025-03-06,West,UPI,Cancelled
504513,11275,2025-07-08,South,Credit Card,Delivered
504514,11626,2025-01-09,North,UPI,Delivered
504515,11523,2025-04-06,South,Credit Card,Cancelled
504516,10831,2025-03-26,South,UPI,Shipped
504517,14389,2025-02-05,North,Debit Card,Returned
504518,12144,2025-03-24,North,Net Banking,Delivered
504519,14833,2025-06-12,Central,UPI,Delivered
504520,13008,2025-08-02,Central,Debit Card,Returned
504521,10673,2025-08-09,North,UPI,Delivered
504522,12809,2025-11-14,Central,UPI,Shipped
504523,14972,2025-11-15,West,UPI,Delivered
504524,12910,2025-04-29,West,UPI,Delivered
504525,10010,2025-03-17,South,Credit Card,Delivered
504526,14680,2025-03-10,East,Cash on Delivery,Delivered
504527,11172,2025-04-04,West,Cash on Delivery,Delivered
504528,13513,2025-11-15,East,UPI,Delivered
504529,12633,2025-11-13,East,Net Banking,Delivered
504530,11651,2025-12-21,West,Net Banking,Delivered
504531,11424,2025-10-20,North,UPI,Shipped
504532,14657,2025-09-11,North,UPI,Delivered
504533,14589,2025-01-04,South,Debit Card,Delivered
504534,12625,2025-02-25,North,UPI,Delivered
504535,11312,2025-02-12,North,Cash on Delivery,Delivered
504536,10518,2025-10-04,East,UPI,Delivered
504537,10767,2025-02-27,East,Net Banking,Delivered
504538,12664,2025-09-07,West,Debit Card,Delivered
504539,11552,2025-05-24,West,Credit Card,Delivered
504540,10209,2025-11-05,West,UPI,Shipped
504541,12321,2025-01-18,West,UPI,Cancelled
504542,13793,2025-11-09,East,Net Banking,Delivered
504543,14497,2025-12-17,North,Credit Card,Delivered
504544,13015,2025-06-15,Central,Credit Card,Delivered
504545,13687,2025-02-01,West,UPI,Delivered
504546,11855,2025-04-22,West,UPI,Delivered
504547,12541,2025-08-13,West,Credit Card,Returned
504548,13719,2025-10-02,North,Debit Card,Delivered
504549,13703,2025-12-06,South,UPI,Delivered
504550,12169,2025-10-31,South,UPI,Delivered
504551,12793,2025-03-15,South,UPI,Delivered
504552,14630,2025-06-03,West,UPI,Delivered
504553,13230,2025-04-20,West,Credit Card,Delivered
504554,13274,2025-12-04,North,Credit Card,Returned
504555,13973,2025-06-22,South,UPI,Delivered
504556,10583,2025-09-28,South,Debit Card,Delivered
504557,12668,2025-05-26,West,UPI,Delivered
504558,14808,2025-10-14,North,Net Banking,Delivered
504559,11844,2025-04-12,East,Net Banking,Shipped
504560,11489,2025-01-15,North,UPI,Delivered
504561,13084,2025-09-06,West,Credit Card,Delivered
504562,11083,2025-03-06,West,Credit Card,Delivered
504563,12865,2025-12-27,Central,Cash on Delivery,Delivered
504564,10765,2025-06-23,North,UPI,Delivered
504565,12996,2025-11-27,East,Debit Card,Returned
504566,13087,2025-12-24,West,Credit Card,Delivered
504567,12143,2025-01-30,West,Debit Card,Delivered
504568,11947,2025-02-10,Central,UPI,Delivered
504569,11236,2025-03-08,West,Debit Card,Delivered
504570,11675,2025-09-30,North,UPI,Delivered
504571,12557,2025-01-26,South,UPI,Cancelled
504572,11251,2025-04-28,West,UPI,Delivered
504573,13965,2025-11-25,Central,Credit Card,Delivered
504574,13619,2025-07-28,West,Net Banking,Delivered
504575,11366,2025-12-23,West,Credit Card,Delivered
504576,10497,2025-09-05,South,UPI,Delivered
504577,10002,2025-04-05,North,Credit Card,Shipped
504578,13066,2025-11-10,North,UPI,Delivered
504579,11036,2025-04-05,Central,Cash on Delivery,Delivered
504580,10064,2025-04-12,West,Credit Card,Delivered
504581,11831,2025-08-02,North,Credit Card,Delivered
504582,14827,2025-05-11,North,UPI,Delivered
504583,13518,2025-05-12,South,Credit Card,Delivered
504584,14329,2025-04-12,East,Cash on Delivery,Delivered
504585,10708,2025-02-26,South,UPI,Delivered
504586,10358,2025-07-12,Central,Debit Card,Delivered
504587,10058,2025-09-12,South,Debit Card,Delivered
504588,14790,2025-06-11,North,UPI,Delivered
504589,11515,2025-02-01,South,Debit Card,Delivered
504590,12349,2025-06-21,West,Debit Card,Delivered
504591,12022,2025-04-07,South,UPI,Delivered
504592,13721,2025-05-19,South,Credit Card,Shipped
504593,11565,2025-10-19,North,Credit Card,Cancelled
504594,12747,2025-05-21,North,Net Banking,Delivered
504595,14981,2025-11-09,North,UPI,Shipped
504596,12275,2025-06-02,Central,Cash on Delivery,Delivered
504597,12840,2025-07-17,North,Debit Card,Delivered
504598,12576,2025-12-12,South,Credit Card,Delivered
504599,14068,2025-05-12,West,Net Banking,Returned
504600,11351,2025-12-31,South,Debit Card,Delivered
504601,10825,2025-01-26,West,Credit Card,Delivered
504602,13833,2025-09-26,West,UPI,Delivered
504603,12131,2025-03-13,Central,Cash on Delivery,Delivered
504604,14598,2025-10-30,West,Net Banking,Delivered
504605,13283,2025-07-27,North,Cash on Delivery,Delivered
504606,12904,2025-06-19,North,UPI,Delivered
504607,10340,2025-08-19,West,Net Banking,Returned
504608,13721,2025-10-14,South,Cash on Delivery,Delivered
504609,13501,2025-06-17,North,Credit Card,Delivered
504610,13261,2025-08-03,South,Cash on Delivery,Delivered
504611,11356,2025-04-26,North,UPI,Delivered
504612,14757,2025-05-24,North,UPI,Delivered
504613,11626,2025-11-08,North,UPI,Delivered
504614,10739,2025-11-26,Central,UPI,Delivered
504615,14944,2025-02-05,South,Debit Card,Cancelled
504616,13795,2025-08-11,South,Cash on Delivery,Delivered
504617,12125,2025-08-24,West,UPI,Delivered
504618,14692,2025-12-18,West,Debit Card,Returned
504619,10466,2025-12-02,East,Credit Card,Returned
504620,10449,2025-07-03,North,UPI,Delivered
504621,13483,2025-08-30,South,Cash on Delivery,Delivered
504622,10864,2025-10-31,South,Cash on Delivery,Returned
504623,14610,2025-07-27,East,UPI,Delivered
504624,14248,2025-02-27,North,Debit Card,Shipped
504625,11542,2025-09-28,North,UPI,Returned
504626,14486,2025-05-29,North,Credit Card,Delivered
504627,10213,2025-03-05,North,Credit Card,Delivered
504628,12821,2025-05-15,East,UPI,Delivered
504629,14690,2025-11-04,Central,Debit Card,Returned
504630,14321,2025-01-19,Central,Net Banking,Delivered
504631,11817,2025-03-27,North,Net Banking,Delivered
504632,10890,2025-06-23,North,Debit Card,Delivered
504633,11032,2025-02-07,West,UPI,Delivered
504634,12629,2025-05-21,North,UPI,Delivered
504635,13066,2025-10-27,North,Credit Card,Delivered
504636,10156,2025-07-18,North,Credit Card,Shipped
504637,12119,2025-02-04,South,Debit Card,Delivered
504638,14197,2025-05-11,East,Credit Card,Cancelled
504639,12277,2025-08-15,North,UPI,Delivered
504640,10820,2025-05-24,North,UPI,Delivered
504641,14785,2025-05-24,East,Net Banking,Delivered
504642,11349,2025-07-13,South,UPI,Delivered
504643,14044,2025-12-24,South,Cash on Delivery,Delivered
504644,10949,2025-12-03,North,UPI,Delivered
504645,12165,2025-06-15,Central,Credit Card,Delivered
504646,12507,2025-01-24,West,UPI,Returned
504647,12568,2025-08-03,South,Credit Card,Delivered
504648,12638,2025-12-30,West,Net Banking,Shipped
504649,11103,2025-11-09,East,Cash on Delivery,Delivered
504650,12635,2025-08-24,South,Debit Card,Delivered
504651,12462,2025-05-03,South,Debit Card,Delivered
504652,11025,2025-02-25,North,Net Banking,Cancelled
504653,14948,2025-03-27,Central,UPI,Delivered
504654,14379,2025-11-18,East,Debit Card,Delivered
504655,14484,2025-03-19,West,Credit Card,Delivered
504656,13499,2025-04-02,West,UPI,Delivered
504657,10784,2025-11-29,Central,UPI,Delivered
504658,12926,2025-09-05,South,UPI,Delivered
504659,14157,2025-04-12,East,Debit Card,Delivered
504660,10182,2025-12-03,South,Credit Card,Delivered
504661,12536,2025-03-14,East,UPI,Shipped
504662,12028,2025-11-14,East,Credit Card,Delivered
504663,11042,2025-08-20,East,Credit Card,Delivered
504664,11928,2025-01-14,North,UPI,Delivered
504665,14917,2025-07-13,Central,Cash on Delivery,Delivered
504666,13686,2025-08-22,South,UPI,Returned
504667,11513,2025-07-07,West,Credit Card,Delivered
504668,13105,2025-10-04,East,Credit Card,Delivered
504669,11245,2025-01-30,West,Credit Card,Delivered
504670,13134,2025-01-25,South,UPI,Delivered
504671,14521,2025-07-06,East,Credit Card,Delivered
504672,12873,2025-08-19,West,UPI,Delivered
504673,13736,2025-12-21,West,Credit Card,Delivered
504674,12313,2025-05-14,South,UPI,Delivered
504675,12680,2025-05-11,West,UPI,Delivered
504676,13542,2025-04-22,South,UPI,Delivered
504677,14107,2025-05-09,South,Debit Card,Delivered
504678,13373,2025-03-06,South,Debit Card,Delivered
504679,14892,2025-01-26,Central,Cash on Delivery,Delivered
504680,14153,2025-01-18,West,UPI,Delivered
504681,13938,2025-05-14,South,Credit Card,Shipped
504682,14271,2025-07-22,South,Debit Card,Delivered
504683,11417,2025-09-11,Central,Cash on Delivery,Delivered
504684,12207,2025-02-09,West,Credit Card,Returned
504685,12906,2025-01-30,West,UPI,Shipped
504686,12362,2025-03-19,South,Credit Card,Shipped
504687,14284,2025-11-26,North,UPI,Delivered
504688,10134,2025-09-06,West,UPI,Delivered
504689,11026,2025-10-14,Central,Credit Card,Delivered
504690,14451,2025-06-13,South,Credit Card,Delivered
504691,10293,2025-12-01,East,UPI,Delivered
504692,11118,2025-02-17,North,Net Banking,Delivered
504693,11794,2025-03-19,North,Debit Card,Cancelled
504694,13814,2025-04-21,South,Credit Card,Delivered
504695,12886,2025-12-09,South,Debit Card,Delivered
504696,14784,2025-09-30,North,UPI,Delivered
504697,11125,2025-10-10,Central,UPI,Shipped
504698,14406,2025-12-30,Central,Net Banking,Delivered
504699,11426,2025-09-11,West,Net Banking,Delivered
504700,11236,2025-05-06,West,Debit Card,Delivered
504701,12557,2025-06-20,South,UPI,Delivered
504702,10347,2025-07-22,South,Credit Card,Delivered
504703,11959,2025-05-09,West,Credit Card,Delivered
504704,11817,2025-10-07,North,UPI,Delivered
504705,10785,2025-01-08,East,Debit Card,Delivered
504706,14347,2025-10-13,West,UPI,Delivered
504707,11964,2025-01-18,North,UPI,Delivered
504708,14907,2025-11-29,South,UPI,Delivered
504709,14536,2025-05-02,South,Debit Card,Delivered
504710,10956,2025-05-06,North,Cash on Delivery,Delivered
504711,12589,2025-08-16,West,Credit Card,Delivered
504712,13087,2025-03-24,West,Cash on Delivery,Delivered
504713,14144,2025-07-07,East,Net Banking,Delivered
504714,14473,2025-06-03,Central,Net Banking,Shipped
504715,13196,2025-05-04,South,UPI,Delivered
504716,10167,2025-12-20,South,Credit Card,Cancelled
504717,12462,2025-11-05,South,Debit Card,Delivered
504718,14468,2025-04-05,West,Credit Card,Shipped
504719,13637,2025-05-02,West,Debit Card,Delivered
504720,14397,2025-12-28,South,UPI,Delivered
504721,13435,2025-03-12,East,Credit Card,Delivered
504722,10217,2025-04-14,West,Debit Card,Delivered
504723,14857,2025-06-03,East,UPI,Delivered
504724,14613,2025-09-01,North,Net Banking,Delivered
504725,10625,2025-06-10,South,Debit Card,Delivered
504726,10572,2025-06-10,North,Credit Card,Delivered
504727,12768,2025-06-29,West,Credit Card,Shipped
504728,13847,2025-06-17,West,Cash on Delivery,Delivered
504729,11942,2025-02-23,South,Debit Card,Delivered
504730,10668,2025-08-27,West,Debit Card,Delivered
504731,12617,2025-12-20,Central,Net Banking,Delivered
504732,11718,2025-02-18,East,UPI,Delivered
504733,11797,2025-12-26,Central,UPI,Delivered
504734,13287,2025-05-14,South,UPI,Delivered
504735,14473,2025-10-16,Central,Credit Card,Delivered
504736,12877,2025-05-13,East,Cash on Delivery,Delivered
504737,13506,2025-05-26,North,Cash on Delivery,Shipped
504738,13374,2025-05-11,West,Credit Card,Delivered
504739,12840,2025-12-20,North,UPI,Delivered
504740,11567,2025-05-02,North,Net Banking,Delivered
504741,11926,2025-01-02,South,Cash on Delivery,Delivered
504742,11597,2025-03-06,North,UPI,Delivered
504743,14611,2025-10-18,North,Net Banking,Delivered
504744,14180,2025-11-20,East,Credit Card,Shipped
504745,12993,2025-02-04,South,UPI,Cancelled
504746,14590,2025-11-24,South,Cash on Delivery,Delivered
504747,14474,2025-10-12,East,UPI,Delivered
504748,14653,2025-11-30,South,UPI,Delivered
504749,11086,2025-10-25,West,Cash on Delivery,Delivered
504750,13658,2025-04-23,West,UPI,Delivered
504751,13125,2025-04-04,North,Credit Card,Delivered
504752,13736,2025-04-24,West,Cash on Delivery,Delivered
504753,11336,2025-01-07,North,Cash on Delivery,Delivered
504754,13542,2025-01-22,South,UPI,Delivered
504755,12098,2025-02-26,North,Credit Card,Delivered
504756,14211,2025-06-22,North,UPI,Delivered
504757,14034,2025-07-01,South,UPI,Delivered
504758,11036,2025-01-02,Central,Cash on Delivery,Delivered
504759,10895,2025-11-09,West,Credit Card,Delivered
504760,13658,2025-04-28,West,UPI,Delivered
504761,12833,2025-03-25,North,Debit Card,Cancelled
504762,12874,2025-11-27,South,UPI,Delivered
504763,13820,2025-10-17,Central,Cash on Delivery,Delivered
504764,14320,2025-02-13,South,Debit Card,Delivered
504765,11194,2025-03-10,South,Credit Card,Delivered
504766,12863,2025-02-22,South,Credit Card,Delivered
504767,14193,2025-12-16,South,Cash on Delivery,Delivered
504768,14410,2025-10-16,South,Cash on Delivery,Delivered
504769,11453,2025-11-28,South,Cash on Delivery,Delivered
504770,10521,2025-11-21,West,Credit Card,Delivered
504771,11158,2025-05-09,South,Net Banking,Delivered
504772,14749,2025-06-12,South,Credit Card,Delivered
504773,12363,2025-09-08,South,Debit Card,Delivered
504774,12144,2025-01-25,North,Credit Card,Delivered
504775,10065,2025-05-12,West,Debit Card,Delivered
504776,10249,2025-11-25,Central,Credit Card,Delivered
504777,13416,2025-04-28,West,UPI,Delivered
504778,13035,2025-08-24,East,UPI,Shipped
504779,12969,2025-04-25,North,Cash on Delivery,Delivered
504780,10557,2025-05-05,North,Credit Card,Delivered
504781,11798,2025-07-14,North,Cash on Delivery,Delivered
504782,14107,2025-04-04,South,Debit Card,Delivered
504783,10848,2025-07-31,South,UPI,Delivered
504784,14453,2025-05-07,North,UPI,Delivered
504785,10605,2025-05-18,North,Debit Card,Delivered
504786,10820,2025-05-28,North,UPI,Delivered
504787,12447,2025-10-23,West,UPI,Cancelled
504788,14747,2025-03-16,West,UPI,Delivered
504789,11668,2025-01-15,Central,Credit Card,Cancelled
504790,13368,2025-06-05,West,UPI,Delivered
504791,13028,2025-12-30,West,UPI,Delivered
504792,10734,2025-02-04,West,Debit Card,Shipped
504793,11253,2025-01-07,South,Cash on Delivery,Returned
504794,14664,2025-07-01,West,Cash on Delivery,Shipped
504795,10899,2025-06-19,West,Cash on Delivery,Delivered
504796,13542,2025-10-21,South,UPI,Delivered
504797,14844,2025-07-30,North,UPI,Delivered
504798,10603,2025-11-16,Central,UPI,Delivered
504799,12043,2025-02-26,West,Debit Card,Returned
504800,11097,2025-12-30,West,Net Banking,Delivered
504801,11085,2025-05-04,South,Credit Card,Delivered
504802,10602,2025-07-13,East,Credit Card,Delivered
504803,13306,2025-03-24,Central,Cash on Delivery,Delivered
504804,13796,2025-07-20,West,Credit Card,Delivered
504805,13450,2025-09-09,South,UPI,Returned
504806,14635,2025-12-03,North,Credit Card,Delivered
504807,10712,2025-01-02,North,UPI,Delivered
504808,11617,2025-09-27,South,UPI,Delivered
504809,11751,2025-08-29,South,Debit Card,Delivered
504810,11152,2025-05-26,Central,Debit Card,Delivered
504811,10692,2025-11-22,West,UPI,Cancelled
504812,12487,2025-03-17,West,Credit Card,Cancelled
504813,14213,2025-08-18,South,Net Banking,Delivered
504814,14784,2025-11-30,North,Net Banking,Delivered
504815,10639,2025-09-26,North,Credit Card,Delivered
504816,14169,2025-03-14,South,UPI,Delivered
504817,14175,2025-04-16,West,UPI,Delivered
504818,11983,2025-08-12,West,Net Banking,Delivered
504819,10554,2025-01-10,Central,UPI,Cancelled
504820,14957,2025-10-10,South,Net Banking,Delivered
504821,13357,2025-09-27,South,Credit Card,Shipped
504822,14909,2025-09-22,North,Credit Card,Shipped
504823,12474,2025-05-17,North,Credit Card,Delivered
504824,12025,2025-08-06,South,UPI,Delivered
504825,11246,2025-08-12,East,Debit Card,Delivered
504826,14917,2025-12-27,Central,UPI,Delivered
504827,11283,2025-10-18,West,Debit Card,Delivered
504828,10115,2025-06-03,North,UPI,Delivered
504829,12624,2025-06-18,South,UPI,Delivered
504830,11922,2025-12-31,South,UPI,Delivered
504831,11327,2025-04-16,East,UPI,Delivered
504832,13241,2025-05-01,North,UPI,Shipped
504833,11858,2025-03-08,East,UPI,Delivered
504834,12060,2025-10-13,South,Net Banking,Delivered
504835,10112,2025-10-12,South,Credit Card,Delivered
504836,13030,2025-03-25,North,Net Banking,Delivered
504837,10607,2025-11-20,East,Cash on Delivery,Delivered
504838,11052,2025-01-14,South,Credit Card,Delivered
504839,13657,2025-12-31,South,Credit Card,Delivered
504840,11580,2025-06-29,North,Debit Card,Delivered
504841,10795,2025-02-08,South,Debit Card,Delivered
504842,12980,2025-10-04,North,Credit Card,Delivered
504843,11060,2025-11-23,South,Debit Card,Delivered
504844,11369,2025-01-06,West,Credit Card,Delivered
504845,13184,2025-07-02,North,Cash on Delivery,Delivered
504846,13766,2025-02-09,West,Debit Card,Delivered
504847,13766,2025-07-17,West,UPI,Delivered
504848,12465,2025-06-02,West,UPI,Delivered
504849,12318,2025-09-09,West,Credit Card,Delivered
504850,13989,2025-08-17,North,UPI,Delivered
504851,10945,2025-03-30,North,Cash on Delivery,Delivered
504852,10739,2025-01-22,Central,Credit Card,Cancelled
504853,13392,2025-11-08,West,Net Banking,Delivered
504854,12098,2025-10-29,North,UPI,Delivered
504855,13625,2025-04-30,South,Debit Card,Delivered
504856,11303,2025-07-03,East,Credit Card,Delivered
504857,11646,2025-07-25,West,Net Banking,Delivered
504858,14522,2025-03-31,East,Cash on Delivery,Delivered
504859,12156,2025-04-26,South,Debit Card,Delivered
504860,13042,2025-06-12,East,UPI,Delivered
504861,10532,2025-04-14,South,Credit Card,Delivered
504862,10873,2025-05-28,Central,UPI,Shipped
504863,10169,2025-09-28,South,Credit Card,Delivered
504864,12168,2025-04-20,East,Credit Card,Delivered
504865,14951,2025-07-19,North,Credit Card,Delivered
504866,14412,2025-10-07,South,UPI,Delivered
504867,13234,2025-08-13,East,Credit Card,Shipped
504868,14348,2025-03-21,East,UPI,Shipped
504869,13056,2025-09-08,North,UPI,Delivered
504870,11875,2025-08-08,South,Net Banking,Delivered
504871,10838,2025-10-27,North,Net Banking,Shipped
504872,13331,2025-05-22,North,Credit Card,Delivered
504873,10945,2025-03-14,North,Net Banking,Delivered
504874,12138,2025-07-24,South,Credit Card,Shipped
504875,14178,2025-08-10,Central,UPI,Shipped
504876,10639,2025-06-09,North,UPI,Delivered
504877,10638,2025-03-21,South,Credit Card,Delivered
504878,11099,2025-04-25,South,Net Banking,Delivered
504879,12843,2025-01-25,North,UPI,Delivered
504880,11276,2025-06-26,West,UPI,Shipped
504881,12581,2025-10-06,West,Credit Card,Delivered
504882,11523,2025-10-20,South,UPI,Delivered
504883,12593,2025-08-08,Central,Credit Card,Delivered
504884,11402,2025-01-03,South,UPI,Delivered
504885,14901,2025-11-12,West,UPI,Delivered
504886,12520,2025-11-11,West,Cash on Delivery,Shipped
504887,13786,2025-02-02,South,Debit Card,Returned
504888,13567,2025-07-01,South,UPI,Delivered
504889,12507,2025-02-08,West,Credit Card,Returned
504890,11194,2025-06-02,South,UPI,Delivered
504891,12618,2025-03-04,West,Debit Card,Shipped
504892,13474,2025-03-30,West,Net Banking,Cancelled
504893,12355,2025-04-13,South,Credit Card,Delivered
504894,10409,2025-12-07,West,Credit Card,Delivered
504895,10086,2025-07-06,South,UPI,Delivered
504896,11665,2025-06-08,West,UPI,Delivered
504897,10736,2025-02-18,Central,Credit Card,Delivered
504898,14562,2025-08-10,North,Credit Card,Cancelled
504899,10857,2025-12-25,South,UPI,Delivered
504900,12018,2025-07-07,West,Credit Card,Delivered
504901,13631,2025-09-10,East,Credit Card,Returned
504902,14123,2025-12-31,West,UPI,Delivered
504903,12446,2025-07-11,South,Debit Card,Delivered
504904,10884,2025-09-01,West,UPI,Delivered
504905,11369,2025-03-12,West,Credit Card,Delivered
504906,12146,2025-12-13,South,Credit Card,Delivered
504907,11860,2025-03-18,North,Net Banking,Delivered
504908,11778,2025-08-09,South,Credit Card,Delivered
504909,10650,2025-12-09,South,UPI,Delivered
504910,14596,2025-09-21,North,UPI,Delivered
504911,10144,2025-09-26,North,UPI,Delivered
504912,12255,2025-10-09,Central,Debit Card,Delivered
504913,14901,2025-08-09,West,Net Banking,Delivered
504914,13374,2025-04-01,West,Debit Card,Delivered
504915,11814,2025-02-25,South,Cash on Delivery,Delivered
504916,10712,2025-04-16,North,Credit Card,Delivered
504917,14837,2025-10-14,Central,Credit Card,Delivered
504918,10067,2025-09-30,West,Net Banking,Delivered
504919,13475,2025-10-20,East,UPI,Delivered
504920,14437,2025-02-16,North,UPI,Delivered
504921,10126,2025-11-03,West,Net Banking,Delivered
504922,13693,2025-04-24,South,Credit Card,Delivered
504923,14997,2025-02-27,North,Debit Card,Delivered
504924,13260,2025-02-13,East,Debit Card,Delivered
504925,12124,2025-12-20,East,Debit Card,Delivered
504926,14415,2025-08-19,South,Credit Card,Delivered
504927,12856,2025-09-24,West,Debit Card,Delivered
504928,13810,2025-01-12,South,UPI,Delivered
504929,13023,2025-07-24,South,UPI,Shipped
504930,10179,2025-02-23,West,Credit Card,Delivered
504931,11049,2025-02-03,South,Debit Card,Delivered
504932,10394,2025-09-05,South,UPI,Delivered
504933,10532,2025-05-16,South,Net Banking,Delivered
504934,10074,2025-08-18,West,UPI,Delivered
504935,12155,2025-12-22,West,Net Banking,Delivered
504936,10871,2025-10-05,North,Debit Card,Delivered
504937,14323,2025-09-18,West,UPI,Returned
504938,13812,2025-01-20,East,UPI,Delivered
504939,12951,2025-08-03,North,Net Banking,Delivered
504940,12500,2025-08-20,South,UPI,Cancelled
504941,11294,2025-04-28,South,UPI,Delivered
504942,12429,2025-02-18,East,Cash on Delivery,Shipped
504943,13268,2025-04-29,East,Credit Card,Delivered
504944,13962,2025-05-27,West,Credit Card,Delivered
504945,10408,2025-08-06,West,UPI,Delivered
504946,13617,2025-08-16,North,Credit Card,Delivered
504947,13782,2025-09-20,South,Debit Card,Delivered
504948,12880,2025-12-02,West,Credit Card,Delivered
504949,11056,2025-01-10,East,Net Banking,Delivered
504950,12768,2025-12-29,West,Net Banking,Delivered
504951,12579,2025-05-30,West,Credit Card,Delivered
504952,12436,2025-08-06,Central,Debit Card,Delivered
504953,12360,2025-05-13,North,UPI,Delivered
504954,10561,2025-07-23,South,Credit Card,Delivered
504955,10890,2025-01-24,North,Debit Card,Delivered
504956,10496,2025-05-23,South,Debit Card,Delivered
504957,11219,2025-12-10,West,UPI,Delivered
504958,11338,2025-08-04,North,Net Banking,Delivered
504959,11235,2025-08-22,South,Debit Card,Delivered
504960,11034,2025-02-24,East,UPI,Delivered
504961,13740,2025-12-20,North,UPI,Delivered
504962,14137,2025-06-20,South,Debit Card,Shipped
504963,11660,2025-06-22,West,Debit Card,Delivered
504964,11532,2025-10-08,Central,Cash on Delivery,Delivered
504965,14264,2025-05-24,East,UPI,Delivered
504966,13196,2025-09-04,South,Credit Card,Delivered
504967,11482,2025-01-29,North,Cash on Delivery,Delivered
504968,13634,2025-11-16,South,Cash on Delivery,Cancelled
504969,11751,2025-05-04,South,Credit Card,Delivered
504970,13019,2025-06-22,South,Credit Card,Returned
504971,14969,2025-08-22,North,Cash on Delivery,Delivered
504972,11522,2025-12-31,East,UPI,Delivered
504973,14665,2025-01-26,South,Cash on Delivery,Delivered
504974,11624,2025-03-26,North,Cash on Delivery,Delivered
504975,12775,2025-02-19,South,Cash on Delivery,Delivered
504976,12356,2025-06-04,South,Cash on Delivery,Cancelled
504977,13968,2025-04-10,West,UPI,Delivered
504978,10297,2025-03-21,North,UPI,Delivered
504979,13205,2025-01-29,North,UPI,Delivered
504980,13865,2025-05-15,North,Credit Card,Delivered
504981,12414,2025-03-03,West,Credit Card,Delivered
504982,10525,2025-03-12,East,Debit Card,Delivered
504983,11235,2025-10-17,South,Net Banking,Delivered
504984,13466,2025-05-13,West,UPI,Delivered
504985,14518,2025-04-27,North,Credit Card,Delivered
504986,12156,2025-01-08,South,Credit Card,Delivered
504987,12888,2025-07-19,North,Debit Card,Delivered
504988,11127,2025-02-12,Central,UPI,Returned
504989,12112,2025-06-29,East,UPI,Cancelled
504990,11710,2025-11-26,North,UPI,Delivered
504991,13357,2025-09-14,South,Credit Card,Shipped
504992,14923,2025-02-07,North,Net Banking,Shipped
504993,14110,2025-09-20,East,Credit Card,Delivered
504994,10938,2025-12-03,South,Credit Card,Shipped
504995,12981,2025-07-03,North,Debit Card,Delivered
504996,10324,2025-10-07,North,Credit Card,Delivered
504997,11245,2025-10-18,West,Debit Card,Returned
504998,10832,2025-07-20,Central,Cash on Delivery,Delivered
504999,11702,2025-02-11,North,Net Banking,Delivered
505000,13464,2025-10-27,West,Credit Card,Delivered
505001,12562,2025-01-04,East,Net Banking,Delivered
505002,14680,2025-12-30,East,Net Banking,Delivered
505003,11045,2025-04-29,South,Net Banking,Delivered
505004,11856,2025-03-18,East,UPI,Delivered
505005,11669,2025-10-07,Central,Debit Card,Cancelled
505006,11179,2025-11-23,Central,UPI,Delivered
505007,14972,2025-05-03,West,Net Banking,Returned
505008,11974,2025-12-13,North,UPI,Returned
505009,14717,2025-12-16,South,Cash on Delivery,Delivered
505010,11993,2025-06-05,East,Debit Card,Delivered
505011,10999,2025-11-25,East,Debit Card,Shipped
505012,10603,2025-04-13,Central,Net Banking,Delivered
505013,14322,2025-12-25,North,Cash on Delivery,Delivered
505014,10153,2025-12-07,South,UPI,Delivered
505015,14842,2025-04-12,North,UPI,Returned
505016,12141,2025-02-14,East,Debit Card,Delivered
505017,11246,2025-12-11,East,UPI,Delivered
505018,13164,2025-03-11,West,Credit Card,Shipped
505019,10654,2025-02-18,West,Credit Card,Delivered
505020,10352,2025-04-29,North,Credit Card,Shipped
505021,14189,2025-12-06,North,UPI,Delivered
505022,12171,2025-10-23,South,Debit Card,Delivered
505023,12643,2025-01-18,South,Credit Card,Delivered
505024,10859,2025-02-16,East,Cash on Delivery,Delivered
505025,10298,2025-01-01,North,Credit Card,Delivered
505026,11873,2025-06-10,West,Credit Card,Delivered
505027,12593,2025-10-22,Central,UPI,Delivered
505028,13885,2025-04-22,West,Debit Card,Delivered
505029,12571,2025-01-23,South,UPI,Returned
505030,13962,2025-09-01,West,Cash on Delivery,Delivered
505031,10583,2025-09-27,South,Cash on Delivery,Returned
505032,10315,2025-09-10,West,Debit Card,Delivered
505033,10780,2025-10-20,South,UPI,Delivered
505034,13916,2025-03-12,East,Credit Card,Delivered
505035,13860,2025-03-17,North,UPI,Delivered
505036,10685,2025-06-14,South,UPI,Delivered
505037,10150,2025-09-20,East,Credit Card,Shipped
505038,13498,2025-04-19,North,Credit Card,Delivered
505039,14320,2025-06-29,South,Credit Card,Delivered
505040,13833,2025-05-25,West,Net Banking,Delivered
505041,10993,2025-07-09,North,Credit Card,Delivered
505042,13009,2025-06-14,West,Cash on Delivery,Delivered
505043,13848,2025-01-14,North,UPI,Delivered
505044,11294,2025-09-01,South,UPI,Delivered
505045,12704,2025-11-07,South,Credit Card,Delivered
505046,11585,2025-02-26,North,Net Banking,Delivered
505047,11105,2025-01-04,West,UPI,Delivered
505048,14860,2025-08-02,East,Credit Card,Delivered
505049,14593,2025-02-18,West,UPI,Delivered
505050,12282,2025-03-22,East,Net Banking,Cancelled
505051,10669,2025-02-04,South,UPI,Delivered
505052,13703,2025-06-30,South,Credit Card,Delivered
505053,11292,2025-06-09,Central,Net Banking,Shipped
505054,10816,2025-12-24,South,UPI,Delivered
505055,11940,2025-08-05,South,Cash on Delivery,Delivered
505056,12709,2025-09-23,Central,Credit Card,Shipped
505057,10497,2025-09-08,South,UPI,Delivered
505058,12943,2025-04-23,West,UPI,Delivered
505059,10073,2025-07-09,North,Credit Card,Shipped
505060,14499,2025-01-02,West,Cash on Delivery,Delivered
505061,14623,2025-03-04,North,Credit Card,Delivered
505062,13735,2025-04-30,West,Credit Card,Shipped
505063,12381,2025-09-02,South,UPI,Delivered
505064,11290,2025-09-29,South,UPI,Delivered
505065,13787,2025-05-11,East,UPI,Delivered
505066,14674,2025-08-05,South,UPI,Delivered
505067,10778,2025-01-18,North,Credit Card,Delivered
505068,12377,2025-08-19,South,UPI,Shipped
505069,11594,2025-10-25,West,Credit Card,Delivered
505070,11819,2025-08-20,West,Credit Card,Delivered
505071,12080,2025-05-04,West,UPI,Shipped
505072,14772,2025-02-19,East,Net Banking,Delivered
505073,11313,2025-06-26,Central,Cash on Delivery,Delivered
505074,12520,2025-01-03,West,UPI,Delivered
505075,14772,2025-03-13,East,UPI,Delivered
505076,12438,2025-05-05,South,Credit Card,Cancelled
505077,14371,2025-01-05,West,Debit Card,Delivered
505078,10291,2025-07-04,North,Debit Card,Returned
505079,14777,2025-03-25,Central,Debit Card,Delivered
505080,10917,2025-06-02,East,Credit Card,Delivered
505081,14901,2025-07-17,West,Credit Card,Delivered
505082,10854,2025-08-08,East,Net Banking,Delivered
505083,12277,2025-01-23,North,Cash on Delivery,Delivered
505084,11557,2025-05-18,West,Credit Card,Delivered
505085,12214,2025-06-10,South,UPI,Delivered
505086,11270,2025-03-14,North,Credit Card,Delivered
505087,14845,2025-07-14,North,Debit Card,Delivered
505088,11536,2025-04-07,East,Net Banking,Delivered
505089,13332,2025-03-15,North,Debit Card,Delivered
505090,10672,2025-01-27,East,Cash on Delivery,Cancelled
505091,14173,2025-06-12,East,Cash on Delivery,Delivered
505092,12786,2025-03-03,South,Credit Card,Returned
505093,14898,2025-09-20,South,Credit Card,Delivered
505094,12166,2025-07-18,East,UPI,Returned
505095,10960,2025-08-02,East,Debit Card,Delivered
505096,11761,2025-09-23,North,Debit Card,Delivered
505097,13749,2025-01-27,West,UPI,Returned
505098,13370,2025-03-09,Central,Debit Card,Delivered
505099,13943,2025-07-14,North,Net Banking,Delivered
505100,10359,2025-10-31,East,UPI,Delivered
505101,13000,2025-12-29,East,UPI,Delivered
505102,14677,2025-11-19,West,Debit Card,Delivered
505103,10541,2025-12-11,North,UPI,Delivered
505104,10482,2025-11-23,South,Net Banking,Cancelled
505105,13655,2025-10-29,East,Debit Card,Delivered
505106,11594,2025-04-08,West,UPI,Delivered
505107,13369,2025-07-21,West,Net Banking,Delivered
505108,12805,2025-09-05,West,Credit Card,Delivered
505109,14936,2025-12-14,North,Credit Card,Delivered
505110,14487,2025-01-11,North,UPI,Delivered
505111,13460,2025-02-01,East,UPI,Delivered
505112,11328,2025-11-24,South,Credit Card,Delivered
505113,11330,2025-05-28,South,UPI,Cancelled
505114,14452,2025-05-13,North,Net Banking,Delivered
505115,13016,2025-09-26,South,Net Banking,Delivered
505116,13996,2025-07-22,West,Debit Card,Delivered
505117,12301,2025-05-02,West,Debit Card,Delivered
505118,10519,2025-04-08,South,UPI,Delivered
505119,11685,2025-08-24,South,Debit Card,Delivered
505120,10787,2025-05-11,North,UPI,Delivered
505121,13958,2025-09-09,South,UPI,Shipped
505122,13567,2025-09-09,South,UPI,Delivered
505123,10453,2025-12-19,East,Net Banking,Delivered
505124,13184,2025-02-25,North,Net Banking,Delivered
505125,14414,2025-09-06,Central,Credit Card,Delivered
505126,13549,2025-07-21,Central,Credit Card,Delivered
505127,12618,2025-09-06,West,Cash on Delivery,Delivered
505128,11572,2025-10-29,Central,Debit Card,Delivered
505129,14482,2025-06-25,South,Debit Card,Delivered
505130,12161,2025-04-15,North,Credit Card,Delivered
505131,14321,2025-09-02,Central,UPI,Delivered
505132,13967,2025-08-13,West,UPI,Delivered
505133,14128,2025-12-19,South,UPI,Delivered
505134,14957,2025-05-31,South,Cash on Delivery,Delivered
505135,13804,2025-11-07,South,Cash on Delivery,Delivered
505136,10161,2025-02-23,East,UPI,Delivered
505137,11006,2025-11-17,South,UPI,Delivered
505138,10167,2025-08-07,South,Credit Card,Shipped
505139,10931,2025-11-03,Central,Cash on Delivery,Delivered
505140,10298,2025-08-24,North,UPI,Delivered
505141,12572,2025-12-13,North,Net Banking,Delivered
505142,10136,2025-06-13,Central,Net Banking,Delivered
505143,12416,2025-10-15,North,Cash on Delivery,Delivered
505144,14533,2025-12-25,South,Credit Card,Delivered
505145,13803,2025-02-26,West,Cash on Delivery,Delivered
505146,14736,2025-01-29,South,Debit Card,Delivered
505147,11114,2025-03-28,East,Net Banking,Delivered
505148,12720,2025-03-20,Central,Debit Card,Delivered
505149,11611,2025-12-29,South,Credit Card,Delivered
505150,12528,2025-11-04,West,Cash on Delivery,Delivered
505151,12874,2025-03-30,South,Net Banking,Delivered
505152,10171,2025-06-28,East,Debit Card,Delivered
505153,11163,2025-10-14,East,Credit Card,Delivered
505154,13587,2025-03-25,West,UPI,Delivered
505155,13919,2025-08-11,East,Net Banking,Returned
505156,12931,2025-05-24,West,Credit Card,Delivered
505157,11369,2025-06-13,West,Credit Card,Cancelled
505158,12076,2025-10-22,North,UPI,Delivered
505159,10490,2025-05-19,West,Credit Card,Delivered
505160,14777,2025-05-28,Central,Net Banking,Delivered
505161,14392,2025-11-08,West,UPI,Delivered
505162,10321,2025-08-29,West,Cash on Delivery,Delivered
505163,10803,2025-08-31,South,Credit Card,Delivered
505164,13001,2025-06-19,Central,Cash on Delivery,Delivered
505165,11154,2025-02-16,North,Debit Card,Delivered
505166,14686,2025-01-06,Central,Credit Card,Returned
505167,13839,2025-12-31,North,Cash on Delivery,Shipped
505168,11375,2025-02-04,West,Debit Card,Delivered
505169,10033,2025-03-12,West,Debit Card,Cancelled
505170,14049,2025-10-20,South,Credit Card,Delivered
505171,12167,2025-06-27,Central,UPI,Shipped
505172,13274,2025-05-03,North,Cash on Delivery,Delivered
505173,11449,2025-09-02,East,UPI,Delivered
505174,10696,2025-01-09,West,Cash on Delivery,Delivered
505175,13441,2025-11-27,South,Cash on Delivery,Delivered
505176,12301,2025-08-01,West,UPI,Delivered
505177,11175,2025-11-12,South,UPI,Delivered
505178,10673,2025-02-20,North,Debit Card,Delivered
505179,13000,2025-10-29,East,UPI,Shipped
505180,13694,2025-11-23,South,Credit Card,Delivered
505181,11429,2025-03-05,South,Credit Card,Delivered
505182,13739,2025-08-20,Central,UPI,Cancelled
505183,10892,2025-01-21,North,Net Banking,Delivered
505184,11725,2025-01-05,East,Credit Card,Delivered
505185,13788,2025-01-06,West,Credit Card,Shipped
505186,13374,2025-02-12,West,UPI,Delivered
505187,11367,2025-10-09,West,Net Banking,Delivered
505188,10607,2025-12-15,East,UPI,Delivered
505189,10212,2025-02-23,North,UPI,Delivered
505190,14235,2025-05-11,South,Cash on Delivery,Delivered
505191,10369,2025-05-19,West,UPI,Delivered
505192,10582,2025-08-03,East,UPI,Shipped
505193,11189,2025-01-25,North,Net Banking,Delivered
505194,12282,2025-03-06,East,Debit Card,Shipped
505195,13997,2025-09-17,North,Debit Card,Delivered
505196,11247,2025-07-17,Central,Credit Card,Delivered
505197,12791,2025-04-19,Central,UPI,Delivered
505198,10462,2025-01-16,East,Credit Card,Delivered
505199,12374,2025-07-22,West,Debit Card,Delivered
505200,10862,2025-05-22,North,Credit Card,Delivered
505201,11035,2025-12-24,North,Debit Card,Delivered
505202,11872,2025-04-23,South,UPI,Delivered
505203,13868,2025-03-15,South,Debit Card,Delivered
505204,13787,2025-02-22,East,Debit Card,Delivered
505205,12128,2025-04-28,North,Cash on Delivery,Delivered
505206,10600,2025-07-05,West,Cash on Delivery,Delivered
505207,11415,2025-03-04,West,Debit Card,Delivered
505208,12589,2025-05-21,West,Credit Card,Delivered
505209,14395,2025-10-28,South,UPI,Delivered
505210,14858,2025-08-14,South,Cash on Delivery,Delivered
505211,13250,2025-08-13,East,Debit Card,Returned
505212,11792,2025-07-02,East,Credit Card,Delivered
505213,13533,2025-06-10,Central,Net Banking,Shipped
505214,11702,2025-03-03,North,Debit Card,Delivered
505215,13201,2025-03-22,Central,Credit Card,Delivered
505216,11230,2025-11-25,West,Credit Card,Delivered
505217,11351,2025-01-16,South,Cash on Delivery,Delivered
505218,10369,2025-08-17,West,Net Banking,Delivered
505219,12150,2025-04-07,South,Credit Card,Delivered
505220,13167,2025-12-26,West,Debit Card,Delivered
505221,13994,2025-11-16,South,UPI,Delivered
505222,14099,2025-11-22,West,Cash on Delivery,Shipped
505223,14966,2025-05-20,Central,Debit Card,Delivered
505224,10450,2025-05-10,South,Cash on Delivery,Delivered
505225,12523,2025-05-23,South,UPI,Delivered
505226,12657,2025-12-03,South,UPI,Delivered
505227,14074,2025-06-29,Central,Net Banking,Returned
505228,11349,2025-06-12,South,UPI,Delivered
505229,10335,2025-12-17,South,Credit Card,Delivered
505230,11581,2025-05-03,South,Net Banking,Cancelled
505231,14919,2025-02-07,West,Credit Card,Delivered
505232,14535,2025-10-25,West,UPI,Delivered
505233,12025,2025-12-31,South,Credit Card,Cancelled
505234,14419,2025-08-20,East,Debit Card,Delivered
505235,10155,2025-12-03,South,UPI,Delivered
505236,11585,2025-09-09,North,Cash on Delivery,Delivered
505237,13699,2025-01-07,South,Credit Card,Delivered
505238,11083,2025-02-25,West,Debit Card,Delivered
505239,10976,2025-06-17,South,Debit Card,Delivered
505240,14358,2025-11-13,Central,Debit Card,Shipped
505241,13160,2025-08-07,West,Credit Card,Delivered
505242,14952,2025-03-06,West,UPI,Delivered
505243,10659,2025-07-13,North,Debit Card,Delivered
505244,11817,2025-04-03,North,Cash on Delivery,Delivered
505245,11572,2025-12-07,Central,Credit Card,Delivered
505246,14437,2025-06-19,North,Cash on Delivery,Returned
505247,11291,2025-08-14,Central,Credit Card,Shipped
505248,11807,2025-08-19,East,UPI,Delivered
505249,10696,2025-10-08,West,UPI,Delivered
505250,13930,2025-01-06,South,Net Banking,Delivered
505251,11189,2025-09-21,North,Debit Card,Delivered
505252,10331,2025-02-22,South,Credit Card,Delivered
505253,12227,2025-01-19,Central,Net Banking,Delivered
505254,12001,2025-09-22,North,Debit Card,Delivered
505255,10862,2025-06-10,North,Net Banking,Delivered
505256,10658,2025-09-21,West,Cash on Delivery,Delivered
505257,14522,2025-10-21,East,Debit Card,Delivered
505258,10327,2025-06-09,Central,Cash on Delivery,Shipped
505259,10505,2025-01-23,South,Credit Card,Delivered
505260,11235,2025-06-11,South,Net Banking,Delivered
505261,14776,2025-12-09,North,Cash on Delivery,Shipped
505262,10431,2025-01-07,Central,UPI,Delivered
505263,14127,2025-12-29,West,Net Banking,Delivered
505264,14500,2025-01-24,North,Credit Card,Delivered
505265,11927,2025-05-10,South,Credit Card,Delivered
505266,11484,2025-09-12,East,Net Banking,Delivered
505267,13452,2025-09-13,South,UPI,Delivered
505268,13579,2025-09-07,East,UPI,Delivered
505269,13950,2025-12-05,South,UPI,Delivered
505270,14197,2025-04-16,East,Debit Card,Shipped
505271,11361,2025-12-22,North,Cash on Delivery,Shipped
505272,13505,2025-11-08,North,Credit Card,Delivered
505273,10661,2025-12-14,West,Net Banking,Delivered
505274,12618,2025-02-01,West,UPI,Delivered
505275,13144,2025-03-18,Central,Net Banking,Delivered
505276,10790,2025-11-22,West,Debit Card,Delivered
505277,10378,2025-04-03,South,Credit Card,Delivered
505278,10955,2025-01-10,Central,Cash on Delivery,Delivered
505279,12153,2025-11-26,West,UPI,Delivered
505280,14484,2025-02-03,West,Net Banking,Delivered
505281,12726,2025-12-06,North,UPI,Cancelled
505282,13803,2025-04-21,West,Net Banking,Delivered
505283,10844,2025-10-16,West,UPI,Delivered
505284,10531,2025-12-10,South,UPI,Delivered
505285,11197,2025-04-07,South,UPI,Delivered
505286,11582,2025-11-09,East,UPI,Delivered
505287,12820,2025-05-30,East,Debit Card,Delivered
505288,14447,2025-07-23,North,Credit Card,Delivered
505289,12178,2025-08-10,West,UPI,Shipped
505290,12646,2025-02-01,North,Cash on Delivery,Delivered
505291,10025,2025-05-05,South,Credit Card,Delivered
505292,10159,2025-04-18,North,UPI,Delivered
505293,10422,2025-07-30,South,Debit Card,Delivered
505294,13561,2025-01-02,West,Credit Card,Delivered
505295,12484,2025-07-02,East,UPI,Delivered
505296,10945,2025-02-28,North,Credit Card,Delivered
505297,13049,2025-10-16,West,UPI,Delivered
505298,12801,2025-04-06,East,Debit Card,Shipped
505299,10453,2025-09-07,East,Net Banking,Delivered
505300,13266,2025-04-15,West,UPI,Delivered
505301,13892,2025-07-30,North,Net Banking,Delivered
505302,11447,2025-09-27,North,UPI,Delivered
505303,13506,2025-02-28,North,UPI,Delivered
505304,10981,2025-09-28,North,Debit Card,Delivered
505305,13845,2025-01-29,West,UPI,Shipped
505306,14589,2025-07-22,South,UPI,Delivered
505307,12267,2025-04-22,North,Credit Card,Delivered
505308,11234,2025-12-31,North,UPI,Delivered
505309,12043,2025-05-03,West,Credit Card,Delivered
505310,11266,2025-07-20,North,Debit Card,Delivered
505311,10009,2025-10-30,North,UPI,Delivered
505312,13313,2025-07-04,Central,Cash on Delivery,Shipped
505313,10212,2025-02-27,North,UPI,Delivered
505314,11031,2025-12-15,West,UPI,Delivered
505315,13682,2025-09-12,East,Cash on Delivery,Delivered
505316,13395,2025-08-17,North,Debit Card,Delivered
505317,10358,2025-12-07,Central,Credit Card,Delivered
505318,13374,2025-02-22,West,UPI,Delivered
505319,14665,2025-12-08,South,Debit Card,Delivered
505320,10366,2025-11-16,South,Credit Card,Delivered
505321,12131,2025-09-01,Central,Credit Card,Delivered
505322,13717,2025-12-04,East,Net Banking,Shipped
505323,13411,2025-09-15,North,Net Banking,Delivered
505324,11114,2025-03-01,East,Cash on Delivery,Delivered
505325,10795,2025-08-17,South,Cash on Delivery,Cancelled
505326,13971,2025-12-06,West,UPI,Delivered
505327,14794,2025-10-31,South,UPI,Delivered
505328,13892,2025-04-28,North,UPI,Delivered
505329,14833,2025-01-26,Central,UPI,Delivered
505330,13102,2025-12-06,West,Net Banking,Delivered
505331,14660,2025-05-30,West,Cash on Delivery,Delivered
505332,13521,2025-06-20,North,Cash on Delivery,Delivered
505333,14576,2025-09-10,West,Debit Card,Delivered
505334,10789,2025-01-20,East,Credit Card,Delivered
505335,14124,2025-12-15,West,Debit Card,Shipped
505336,10964,2025-10-31,North,Net Banking,Returned
505337,10135,2025-12-17,North,UPI,Delivered
505338,12640,2025-03-02,South,Credit Card,Delivered
505339,11610,2025-05-31,Central,Credit Card,Delivered
505340,10214,2025-08-24,East,Cash on Delivery,Delivered
505341,14901,2025-11-13,West,UPI,Cancelled
505342,13402,2025-08-18,West,Debit Card,Delivered
505343,14548,2025-12-02,East,Cash on Delivery,Shipped
505344,14997,2025-07-10,North,Debit Card,Delivered
505345,12004,2025-10-02,South,UPI,Delivered
505346,11289,2025-07-22,East,Debit Card,Cancelled
505347,10895,2025-07-23,West,UPI,Delivered
505348,12633,2025-08-16,East,Debit Card,Delivered
505349,13110,2025-09-26,West,Credit Card,Delivered
505350,12416,2025-06-28,North,Cash on Delivery,Delivered
505351,11974,2025-11-27,North,UPI,Delivered
505352,10815,2025-09-14,South,UPI,Delivered
505353,12267,2025-06-18,North,Debit Card,Delivered
505354,10430,2025-01-03,South,Credit Card,Delivered
505355,14374,2025-01-08,West,Debit Card,Delivered
505356,10229,2025-12-02,North,Cash on Delivery,Delivered
505357,11937,2025-04-17,North,Credit Card,Delivered
505358,10508,2025-02-09,West,UPI,Delivered
505359,13928,2025-07-07,South,Credit Card,Delivered
505360,11578,2025-09-21,East,Credit Card,Delivered
505361,10573,2025-11-26,South,Net Banking,Delivered
505362,12724,2025-08-31,South,Credit Card,Delivered
505363,14605,2025-06-14,West,Cash on Delivery,Delivered
505364,14573,2025-10-10,South,Net Banking,Delivered
505365,11265,2025-04-05,Central,Cash on Delivery,Delivered
505366,13664,2025-05-11,West,UPI,Delivered
505367,10146,2025-09-19,Central,Cash on Delivery,Delivered
505368,10650,2025-07-28,South,Net Banking,Delivered
505369,12562,2025-01-10,East,Debit Card,Delivered
505370,11130,2025-01-29,North,Cash on Delivery,Delivered
505371,14044,2025-05-28,South,UPI,Delivered
505372,14670,2025-12-01,North,Net Banking,Delivered
505373,10023,2025-03-07,West,UPI,Delivered
505374,11160,2025-01-12,West,Credit Card,Delivered
505375,12252,2025-01-13,East,Debit Card,Delivered
505376,12900,2025-12-30,South,UPI,Delivered
505377,14604,2025-04-12,West,UPI,Delivered
505378,14499,2025-06-22,West,UPI,Delivered
505379,13249,2025-08-01,North,Credit Card,Delivered
505380,11306,2025-06-18,South,UPI,Delivered
505381,13968,2025-07-27,West,Net Banking,Delivered
505382,10993,2025-12-13,North,Debit Card,Shipped
505383,14844,2025-03-03,North,Credit Card,Delivered
505384,10030,2025-01-09,South,UPI,Delivered
505385,12934,2025-05-05,South,UPI,Returned
505386,10453,2025-06-11,East,UPI,Delivered
505387,12090,2025-01-19,Central,UPI,Delivered
505388,13243,2025-12-12,West,Debit Card,Delivered
505389,13516,2025-03-28,North,Credit Card,Delivered
505390,13977,2025-01-18,North,Credit Card,Delivered
505391,13051,2025-08-25,North,Credit Card,Delivered
505392,11275,2025-06-23,South,Credit Card,Delivered
505393,14487,2025-04-14,North,Credit Card,Returned
505394,14103,2025-08-25,East,UPI,Delivered
505395,10785,2025-05-06,East,Credit Card,Shipped
505396,14179,2025-02-18,East,UPI,Delivered
505397,14878,2025-04-12,South,Cash on Delivery,Delivered
505398,13249,2025-03-15,North,Debit Card,Delivered
505399,11420,2025-06-20,West,UPI,Delivered
505400,13114,2025-05-18,South,UPI,Delivered
505401,11738,2025-03-26,South,Cash on Delivery,Shipped
505402,13446,2025-06-15,South,UPI,Delivered
505403,12801,2025-02-07,East,UPI,Delivered
505404,14662,2025-09-06,South,Credit Card,Delivered
505405,13166,2025-09-25,West,Credit Card,Delivered
505406,11055,2025-11-04,North,Cash on Delivery,Delivered
505407,13693,2025-04-15,South,Credit Card,Delivered
505408,11518,2025-12-14,Central,Cash on Delivery,Delivered
505409,11370,2025-01-24,South,Credit Card,Delivered
505410,12002,2025-10-14,West,UPI,Delivered
505411,10060,2025-03-23,North,UPI,Delivered
505412,14859,2025-09-12,West,Debit Card,Delivered
505413,12726,2025-01-23,North,Debit Card,Shipped
505414,13920,2025-11-23,North,Credit Card,Delivered
505415,11308,2025-03-13,North,UPI,Delivered
505416,13797,2025-04-28,South,UPI,Delivered
505417,12923,2025-02-07,North,UPI,Delivered
505418,12167,2025-06-05,Central,Net Banking,Delivered
505419,14869,2025-12-13,South,Net Banking,Shipped
505420,12528,2025-05-07,West,UPI,Delivered
505421,13366,2025-10-04,South,UPI,Delivered
505422,10073,2025-01-27,North,UPI,Shipped
505423,11522,2025-02-25,East,UPI,Delivered
505424,14486,2025-05-05,North,Cash on Delivery,Delivered
505425,13856,2025-12-28,West,Net Banking,Returned
505426,12750,2025-01-21,West,UPI,Delivered
505427,14538,2025-01-14,East,UPI,Delivered
505428,12484,2025-08-29,East,Debit Card,Delivered
505429,12917,2025-04-17,North,UPI,Delivered
505430,11942,2025-03-11,South,UPI,Delivered
505431,13180,2025-07-23,Central,Credit Card,Returned
505432,11614,2025-01-28,South,UPI,Delivered
505433,11961,2025-08-09,South,Credit Card,Delivered
505434,14848,2025-04-12,East,UPI,Delivered
505435,10563,2025-03-08,East,UPI,Delivered
505436,10523,2025-05-04,North,UPI,Delivered
505437,10214,2025-10-16,East,UPI,Delivered
505438,11620,2025-08-30,East,UPI,Delivered
505439,12040,2025-01-12,North,Credit Card,Shipped
505440,10482,2025-07-22,South,Credit Card,Delivered
505441,12824,2025-08-08,West,Debit Card,Delivered
505442,13007,2025-06-28,East,UPI,Delivered
505443,13815,2025-08-14,South,Cash on Delivery,Delivered
505444,14886,2025-08-02,West,UPI,Delivered
505445,13176,2025-12-25,West,Net Banking,Delivered
505446,10564,2025-09-25,West,UPI,Delivered
505447,10453,2025-01-19,East,Credit Card,Shipped
505448,13938,2025-12-17,South,UPI,Shipped
505449,13313,2025-11-11,Central,UPI,Delivered
505450,10790,2025-09-26,West,Credit Card,Delivered
505451,11283,2025-10-02,West,UPI,Delivered
505452,13813,2025-06-13,North,Credit Card,Delivered
505453,12914,2025-08-02,South,UPI,Delivered
505454,13015,2025-08-10,Central,Cash on Delivery,Delivered
505455,11029,2025-09-26,East,UPI,Delivered
505456,13217,2025-03-25,East,Debit Card,Delivered
505457,13910,2025-08-19,South,Credit Card,Delivered
505458,14471,2025-02-13,East,UPI,Delivered
505459,13748,2025-03-17,North,UPI,Delivered
505460,12975,2025-12-31,South,Cash on Delivery,Delivered
505461,13433,2025-12-03,South,Net Banking,Returned
505462,12479,2025-06-10,East,UPI,Delivered
505463,11117,2025-08-24,Central,UPI,Delivered
505464,14452,2025-11-04,North,UPI,Delivered
505465,12729,2025-12-25,South,Credit Card,Delivered
505466,13056,2025-04-27,North,Debit Card,Returned
505467,14958,2025-03-31,West,Credit Card,Delivered
505468,14927,2025-12-05,North,UPI,Delivered
505469,13019,2025-09-26,South,UPI,Delivered
505470,10161,2025-09-11,East,Credit Card,Delivered
505471,12028,2025-05-18,East,UPI,Delivered
505472,14695,2025-04-05,Central,UPI,Delivered
505473,11462,2025-06-04,West,Net Banking,Returned
505474,14997,2025-07-14,North,Credit Card,Shipped
505475,10425,2025-11-21,West,Net Banking,Delivered
505476,12926,2025-01-05,South,UPI,Delivered
505477,12634,2025-03-12,South,Net Banking,Delivered
505478,11291,2025-04-14,Central,Cash on Delivery,Delivered
505479,14767,2025-02-25,West,Credit Card,Delivered
505480,13175,2025-11-03,West,UPI,Shipped
505481,11139,2025-11-08,South,UPI,Delivered
505482,11957,2025-06-19,East,UPI,Delivered
505483,13674,2025-05-21,Central,UPI,Delivered
505484,11506,2025-02-03,Central,Cash on Delivery,Cancelled
505485,14435,2025-12-22,East,Net Banking,Delivered
505486,10801,2025-02-22,North,UPI,Delivered
505487,11344,2025-01-03,South,Net Banking,Delivered
505488,10708,2025-11-26,South,Net Banking,Delivered
505489,10521,2025-09-07,West,Credit Card,Delivered
505490,11516,2025-04-17,South,UPI,Delivered
505491,14997,2025-04-09,North,UPI,Delivered
505492,10482,2025-10-20,South,UPI,Delivered
505493,11047,2025-06-29,West,UPI,Delivered
505494,11369,2025-05-14,West,UPI,Shipped
505495,13175,2025-05-29,West,UPI,Delivered
505496,13790,2025-10-28,North,UPI,Delivered
505497,13820,2025-05-13,Central,UPI,Delivered
505498,10041,2025-09-16,West,UPI,Delivered
505499,13324,2025-10-03,East,Debit Card,Delivered
505500,13223,2025-07-23,South,Credit Card,Delivered
505501,12640,2025-03-02,South,Debit Card,Delivered
505502,11933,2025-06-09,East,Cash on Delivery,Delivered
505503,14042,2025-05-27,South,UPI,Delivered
505504,11744,2025-05-23,North,Cash on Delivery,Delivered
505505,11135,2025-11-26,North,UPI,Delivered
505506,11565,2025-11-09,North,UPI,Cancelled
505507,12253,2025-06-03,South,Debit Card,Cancelled
505508,11055,2025-11-22,North,Credit Card,Delivered
505509,13120,2025-04-21,East,UPI,Delivered
505510,14465,2025-03-31,West,Debit Card,Delivered
505511,13063,2025-02-18,West,UPI,Delivered
505512,12287,2025-05-11,North,Cash on Delivery,Returned
505513,14040,2025-07-30,West,Cash on Delivery,Delivered
505514,13800,2025-08-16,North,UPI,Delivered
505515,11872,2025-09-10,South,Debit Card,Delivered
505516,13098,2025-04-04,East,Cash on Delivery,Delivered
505517,13719,2025-06-14,North,Cash on Delivery,Delivered
505518,11236,2025-04-19,West,Credit Card,Delivered
505519,11870,2025-03-01,South,UPI,Delivered
505520,10528,2025-04-08,South,UPI,Shipped
505521,14945,2025-07-06,South,Cash on Delivery,Delivered
505522,10432,2025-08-24,West,UPI,Delivered
505523,10817,2025-03-22,East,Credit Card,Delivered
505524,12457,2025-02-11,North,UPI,Delivered
505525,14376,2025-05-31,South,UPI,Shipped
505526,11817,2025-03-14,North,UPI,Delivered
505527,13897,2025-01-27,North,UPI,Delivered
505528,13446,2025-03-22,South,Credit Card,Delivered
505529,13256,2025-08-21,South,Net Banking,Delivered
505530,14271,2025-06-23,South,Credit Card,Delivered
505531,10069,2025-09-30,Central,Credit Card,Delivered
505532,14661,2025-04-23,North,Debit Card,Shipped
505533,14194,2025-09-07,West,Credit Card,Delivered
505534,14696,2025-09-08,East,UPI,Delivered
505535,14026,2025-01-15,South,Net Banking,Delivered
505536,14430,2025-06-18,Central,Credit Card,Delivered
505537,10993,2025-03-14,North,Debit Card,Delivered
505538,11614,2025-09-27,South,Cash on Delivery,Delivered
505539,11594,2025-09-21,West,UPI,Delivered
505540,10547,2025-11-28,Central,Credit Card,Cancelled
505541,13718,2025-03-08,South,Debit Card,Shipped
505542,10667,2025-09-16,East,Credit Card,Delivered
505543,10255,2025-05-12,South,Cash on Delivery,Delivered
505544,13930,2025-05-04,South,Cash on Delivery,Delivered
505545,14558,2025-08-12,South,UPI,Delivered
505546,13881,2025-06-23,East,UPI,Cancelled
505547,14178,2025-09-27,Central,UPI,Delivered
505548,13064,2025-05-21,South,Credit Card,Delivered
505549,14484,2025-05-16,West,Credit Card,Delivered
505550,12546,2025-08-18,West,Credit Card,Shipped
505551,14948,2025-04-12,Central,Credit Card,Delivered
505552,10521,2025-10-29,West,Credit Card,Delivered
505553,14094,2025-10-14,West,Credit Card,Delivered
505554,13270,2025-04-01,South,UPI,Delivered
505555,13000,2025-07-28,East,Credit Card,Delivered
505556,13695,2025-02-04,West,UPI,Shipped
505557,14248,2025-03-03,North,Debit Card,Delivered
505558,14366,2025-06-01,West,Debit Card,Delivered
505559,10852,2025-03-06,North,UPI,Cancelled
505560,10965,2025-08-09,South,UPI,Shipped
505561,10079,2025-12-12,North,Net Banking,Delivered
505562,10650,2025-10-27,South,Net Banking,Shipped
505563,11341,2025-12-21,East,Cash on Delivery,Delivered
505564,13671,2025-02-20,North,Credit Card,Delivered
505565,12436,2025-04-18,Central,UPI,Returned
505566,13848,2025-12-10,North,UPI,Delivered
505567,12484,2025-06-23,East,UPI,Delivered
505568,12863,2025-10-16,South,Credit Card,Delivered
505569,10561,2025-07-11,South,UPI,Shipped
505570,13938,2025-12-23,South,Net Banking,Delivered
505571,13849,2025-06-16,West,Credit Card,Delivered
505572,11550,2025-09-01,South,Credit Card,Delivered
505573,11666,2025-09-12,North,UPI,Delivered
505574,11081,2025-02-27,West,UPI,Delivered
505575,14115,2025-01-26,North,UPI,Cancelled
505576,13800,2025-04-27,North,Net Banking,Delivered
505577,13125,2025-08-30,North,UPI,Delivered
505578,11194,2025-08-18,South,Net Banking,Returned
505579,10831,2025-11-27,South,UPI,Delivered
505580,10243,2025-09-10,West,UPI,Delivered
505581,10223,2025-04-03,North,UPI,Shipped
505582,10914,2025-08-09,North,UPI,Delivered
505583,10510,2025-07-14,Central,UPI,Delivered
505584,12868,2025-07-20,East,Credit Card,Delivered
505585,11824,2025-08-15,South,UPI,Delivered
505586,12280,2025-02-26,South,UPI,Cancelled
505587,13056,2025-03-11,North,Credit Card,Returned
505588,13370,2025-09-05,Central,Credit Card,Delivered
505589,13301,2025-03-14,West,UPI,Shipped
505590,11326,2025-09-12,North,UPI,Delivered
505591,14094,2025-09-21,West,UPI,Delivered
505592,14613,2025-04-01,North,Cash on Delivery,Delivered
505593,11599,2025-05-06,South,Credit Card,Shipped
505594,10081,2025-10-17,West,Net Banking,Cancelled
505595,14535,2025-08-28,West,UPI,Delivered
505596,14630,2025-11-21,West,UPI,Delivered
505597,10249,2025-01-10,Central,Net Banking,Shipped
505598,10026,2025-07-31,South,Credit Card,Delivered
505599,14128,2025-01-22,South,Credit Card,Delivered
505600,11522,2025-06-06,East,UPI,Returned
505601,14599,2025-06-08,West,UPI,Delivered
505602,11069,2025-09-19,West,Net Banking,Delivered
505603,14349,2025-04-20,South,UPI,Delivered
505604,10332,2025-09-20,West,Credit Card,Delivered
505605,11325,2025-12-19,West,Credit Card,Delivered
505606,14878,2025-01-13,South,UPI,Delivered
505607,11146,2025-03-04,South,Debit Card,Cancelled
505608,10654,2025-01-24,West,Net Banking,Delivered
505609,14325,2025-12-16,West,UPI,Delivered
505610,10596,2025-12-19,East,UPI,Delivered
505611,10497,2025-12-06,South,Credit Card,Delivered
505612,11639,2025-01-19,East,Credit Card,Delivered
505613,13243,2025-12-05,West,UPI,Shipped
505614,13627,2025-08-18,North,Credit Card,Delivered
505615,14447,2025-03-29,North,Cash on Delivery,Delivered
505616,12779,2025-03-10,North,Credit Card,Delivered
505617,12013,2025-05-30,West,Cash on Delivery,Delivered
505618,11830,2025-11-12,East,Net Banking,Delivered
505619,14281,2025-10-05,East,Credit Card,Delivered
505620,13688,2025-04-02,East,Debit Card,Delivered
505621,14558,2025-05-25,South,UPI,Cancelled
505622,14840,2025-12-17,West,UPI,Delivered
505623,11514,2025-06-24,South,UPI,Delivered
505624,12706,2025-05-25,North,UPI,Delivered
505625,13228,2025-07-10,South,Debit Card,Delivered
505626,10797,2025-05-15,South,Net Banking,Delivered
505627,10261,2025-01-29,North,Cash on Delivery,Delivered
505628,14388,2025-08-25,West,Credit Card,Delivered
505629,12747,2025-07-19,North,UPI,Delivered
505630,12939,2025-09-17,West,UPI,Delivered
505631,12860,2025-12-26,North,Cash on Delivery,Delivered
505632,13836,2025-04-28,South,Net Banking,Delivered
505633,10712,2025-09-29,North,Credit Card,Delivered
505634,13151,2025-03-21,Central,UPI,Delivered
505635,12399,2025-12-08,East,Credit Card,Delivered
505636,14524,2025-03-16,Central,Net Banking,Delivered
505637,12650,2025-07-06,North,Credit Card,Cancelled
505638,14732,2025-02-10,West,Cash on Delivery,Delivered
505639,11805,2025-09-03,Central,UPI,Shipped
505640,14851,2025-11-12,North,Cash on Delivery,Delivered
505641,14418,2025-02-27,Central,Credit Card,Delivered
505642,13011,2025-08-18,South,Credit Card,Delivered
505643,11807,2025-04-22,East,Credit Card,Delivered
505644,11915,2025-07-23,West,UPI,Delivered
505645,13919,2025-02-09,East,Debit Card,Delivered
505646,13000,2025-02-27,East,UPI,Delivered
505647,12058,2025-07-08,North,Credit Card,Delivered
505648,13246,2025-06-22,South,Credit Card,Delivered
505649,13736,2025-03-18,West,UPI,Returned
505650,10112,2025-02-17,South,UPI,Delivered
505651,10460,2025-03-31,South,UPI,Shipped
505652,10482,2025-01-11,South,Debit Card,Delivered
505653,11151,2025-02-25,East,UPI,Delivered
505654,12187,2025-10-06,North,Credit Card,Delivered
505655,14072,2025-02-02,East,UPI,Delivered
505656,11794,2025-06-29,North,UPI,Delivered
505657,10083,2025-04-26,South,UPI,Delivered
505658,12472,2025-01-28,Central,Credit Card,Delivered
505659,14981,2025-04-25,North,UPI,Delivered
505660,11781,2025-08-08,South,Credit Card,Delivered
505661,14823,2025-08-14,South,Net Banking,Delivered
505662,10512,2025-08-31,North,Net Banking,Delivered
505663,10836,2025-06-28,East,Cash on Delivery,Delivered
505664,13690,2025-11-04,Central,UPI,Delivered
505665,12572,2025-07-19,North,Credit Card,Returned
505666,13884,2025-09-22,North,UPI,Delivered
505667,14371,2025-10-01,West,UPI,Shipped
505668,11273,2025-07-13,Central,UPI,Delivered
505669,13485,2025-03-23,North,UPI,Delivered
505670,13120,2025-06-17,East,Cash on Delivery,Delivered
505671,14352,2025-03-07,South,Net Banking,Delivered
505672,12199,2025-01-22,North,Credit Card,Delivered
505673,10253,2025-12-02,West,Credit Card,Delivered
505674,12961,2025-04-11,East,Credit Card,Delivered
505675,14807,2025-12-18,North,UPI,Delivered
505676,10070,2025-11-26,East,Cash on Delivery,Delivered
505677,11201,2025-12-27,West,UPI,Delivered
505678,11600,2025-06-25,East,UPI,Delivered
505679,13887,2025-09-29,North,Credit Card,Delivered
505680,11639,2025-02-18,East,Debit Card,Delivered
505681,11194,2025-12-20,South,Cash on Delivery,Delivered
505682,13301,2025-04-11,West,Debit Card,Delivered
505683,10227,2025-03-04,South,UPI,Delivered
505684,10825,2025-11-08,West,Credit Card,Delivered
505685,12091,2025-12-20,North,UPI,Returned
505686,11817,2025-12-30,North,UPI,Delivered
505687,11769,2025-11-29,North,Credit Card,Delivered
505688,10542,2025-02-06,West,Net Banking,Delivered
505689,11840,2025-07-26,South,Credit Card,Cancelled
505690,14044,2025-08-10,South,Net Banking,Delivered
505691,12120,2025-08-11,West,Debit Card,Delivered
505692,13019,2025-12-15,South,Debit Card,Delivered
505693,10797,2025-12-20,South,Credit Card,Delivered
505694,10339,2025-02-01,East,UPI,Delivered
505695,14436,2025-12-30,South,Net Banking,Delivered
505696,11679,2025-05-31,North,Debit Card,Delivered
505697,11787,2025-03-15,West,UPI,Delivered
505698,14425,2025-03-13,West,UPI,Delivered
505699,13613,2025-10-04,West,Debit Card,Delivered
505700,13844,2025-07-22,West,Credit Card,Delivered
505701,13479,2025-04-13,North,UPI,Delivered
505702,10529,2025-06-24,South,UPI,Delivered
505703,14804,2025-07-30,South,Credit Card,Cancelled
505704,14578,2025-09-10,Central,Debit Card,Delivered
505705,11181,2025-12-20,West,UPI,Delivered
505706,14073,2025-11-14,West,Debit Card,Delivered
505707,12098,2025-10-21,North,UPI,Delivered
505708,13489,2025-12-20,West,Debit Card,Shipped
505709,10801,2025-06-03,North,Cash on Delivery,Shipped
505710,12763,2025-10-23,North,Credit Card,Delivered
505711,10625,2025-05-24,South,Debit Card,Delivered
505712,12748,2025-01-19,West,UPI,Delivered
505713,11228,2025-01-29,West,Cash on Delivery,Delivered
505714,12307,2025-12-31,South,Credit Card,Delivered
505715,13413,2025-07-08,North,Credit Card,Delivered
505716,14422,2025-06-13,South,UPI,Delivered
505717,10800,2025-12-07,West,UPI,Delivered
505718,14508,2025-09-23,South,UPI,Delivered
505719,11988,2025-06-24,West,Credit Card,Delivered
505720,14262,2025-06-21,Central,UPI,Delivered
505721,12624,2025-04-26,South,Credit Card,Delivered
505722,14361,2025-12-30,North,Credit Card,Delivered
505723,13382,2025-09-08,East,Credit Card,Delivered
505724,12605,2025-01-07,South,Credit Card,Delivered
505725,11576,2025-07-16,North,UPI,Delivered
505726,14859,2025-10-02,West,Credit Card,Delivered
505727,14059,2025-02-02,South,Cash on Delivery,Delivered
505728,11939,2025-06-01,West,UPI,Cancelled
505729,10808,2025-01-23,South,UPI,Delivered
505730,13946,2025-09-12,North,Cash on Delivery,Delivered
505731,14957,2025-03-27,South,UPI,Delivered
505732,11407,2025-12-22,Central,UPI,Delivered
505733,14604,2025-06-30,West,Credit Card,Delivered
505734,10621,2025-05-29,South,UPI,Delivered
505735,14772,2025-12-04,East,Debit Card,Delivered
505736,13790,2025-04-12,North,UPI,Delivered
505737,11764,2025-04-01,South,Debit Card,Delivered
505738,11532,2025-02-06,Central,UPI,Delivered
505739,13280,2025-02-18,West,Debit Card,Shipped
505740,13053,2025-02-08,South,Cash on Delivery,Delivered
505741,14615,2025-01-30,West,Credit Card,Shipped
505742,13888,2025-02-12,South,UPI,Delivered
505743,12775,2025-07-25,South,Credit Card,Delivered
505744,14652,2025-08-14,South,Credit Card,Delivered
505745,13049,2025-02-01,West,UPI,Delivered
505746,14295,2025-05-06,West,Net Banking,Delivered
505747,14250,2025-04-05,North,Credit Card,Delivered
505748,14615,2025-01-02,West,Debit Card,Delivered
505749,10326,2025-10-30,West,UPI,Delivered
505750,13009,2025-04-09,West,Credit Card,Delivered
505751,12392,2025-01-23,South,Net Banking,Cancelled
505752,12507,2025-12-07,West,Credit Card,Delivered
505753,12354,2025-08-06,East,Credit Card,Delivered
505754,14232,2025-08-10,South,UPI,Delivered
505755,11611,2025-10-24,South,Cash on Delivery,Delivered
505756,12363,2025-10-25,South,Credit Card,Delivered
505757,10988,2025-03-13,West,Net Banking,Delivered
505758,11276,2025-06-16,West,UPI,Delivered
505759,13374,2025-08-13,West,Cash on Delivery,Returned
505760,10591,2025-05-18,West,Credit Card,Delivered
505761,10919,2025-07-29,South,UPI,Delivered
505762,12704,2025-04-22,South,Credit Card,Delivered
505763,10216,2025-08-16,South,Debit Card,Delivered
505764,10626,2025-08-21,South,Net Banking,Delivered
505765,14369,2025-02-19,North,UPI,Delivered
505766,14280,2025-11-27,East,Credit Card,Delivered
505767,11773,2025-08-24,East,Credit Card,Delivered
505768,11776,2025-09-14,West,UPI,Delivered
505769,14695,2025-07-19,Central,Credit Card,Delivered
505770,10128,2025-07-16,West,UPI,Delivered
505771,12999,2025-01-01,North,UPI,Returned
505772,13069,2025-10-10,East,Credit Card,Delivered
505773,13992,2025-12-31,West,UPI,Delivered
505774,14772,2025-07-08,East,Credit Card,Delivered
505775,11817,2025-05-05,North,UPI,Delivered
505776,12245,2025-06-25,West,Credit Card,Delivered
505777,13425,2025-10-06,Central,Cash on Delivery,Delivered
505778,14853,2025-12-31,North,Debit Card,Delivered
505779,14492,2025-05-19,North,Net Banking,Shipped
505780,13407,2025-12-22,East,Credit Card,Delivered
505781,14325,2025-04-12,West,Debit Card,Shipped
505782,10430,2025-10-14,South,Credit Card,Delivered
505783,11922,2025-11-07,South,Debit Card,Delivered
505784,10065,2025-11-14,West,Credit Card,Cancelled
505785,10861,2025-05-27,North,UPI,Delivered
505786,13223,2025-12-18,South,Cash on Delivery,Delivered
505787,14473,2025-10-23,Central,Debit Card,Delivered
505788,13234,2025-12-24,East,Debit Card,Delivered
505789,13388,2025-09-30,South,Credit Card,Delivered
505790,10521,2025-12-21,West,Debit Card,Delivered
505791,13392,2025-01-12,West,Credit Card,Delivered
505792,12318,2025-05-23,West,UPI,Delivered
505793,13321,2025-06-16,South,UPI,Delivered
505794,11657,2025-09-26,Central,Credit Card,Delivered
505795,13001,2025-04-04,Central,Credit Card,Delivered
505796,12167,2025-04-16,Central,Credit Card,Returned
505797,12878,2025-10-02,South,Credit Card,Delivered
505798,10722,2025-07-20,West,Debit Card,Delivered
505799,12026,2025-11-09,North,Net Banking,Delivered
505800,11905,2025-04-02,South,UPI,Delivered
505801,13747,2025-08-24,North,Debit Card,Delivered
505802,13595,2025-03-01,South,Cash on Delivery,Shipped
505803,14575,2025-08-23,West,UPI,Delivered
505804,13231,2025-07-03,South,Debit Card,Shipped
505805,11586,2025-12-26,West,Cash on Delivery,Delivered
505806,13968,2025-08-21,West,Debit Card,Returned
505807,12546,2025-05-07,West,UPI,Delivered
505808,10948,2025-04-11,North,UPI,Delivered
505809,13800,2025-05-15,North,UPI,Delivered
505810,10651,2025-08-21,South,Cash on Delivery,Delivered
505811,10867,2025-03-09,North,Cash on Delivery,Delivered
505812,13853,2025-03-28,North,Credit Card,Cancelled
505813,13906,2025-08-24,North,Cash on Delivery,Delivered
505814,14007,2025-04-18,North,UPI,Delivered
505815,11481,2025-05-17,North,UPI,Delivered
505816,14382,2025-09-22,West,Credit Card,Delivered
505817,13685,2025-11-29,North,Cash on Delivery,Delivered
505818,14211,2025-03-04,North,Credit Card,Shipped
505819,13617,2025-08-18,North,Cash on Delivery,Delivered
505820,12995,2025-08-26,North,Credit Card,Delivered
505821,10550,2025-12-15,East,Credit Card,Delivered
505822,13627,2025-09-04,North,Cash on Delivery,Delivered
505823,13521,2025-06-08,North,UPI,Delivered
505824,11576,2025-02-07,North,UPI,Shipped
505825,13744,2025-09-01,South,Credit Card,Delivered
505826,12833,2025-01-07,North,UPI,Delivered
505827,12882,2025-12-26,North,Credit Card,Delivered
505828,11872,2025-03-18,South,Credit Card,Delivered
505829,10590,2025-09-14,Central,Credit Card,Delivered
505830,11069,2025-02-06,West,Debit Card,Delivered
505831,13899,2025-12-16,West,UPI,Shipped
505832,11369,2025-03-07,West,Cash on Delivery,Delivered
505833,10011,2025-04-10,West,Credit Card,Delivered
505834,14984,2025-11-28,North,Net Banking,Shipped
505835,11033,2025-09-18,South,UPI,Delivered
505836,13355,2025-11-08,South,UPI,Delivered
505837,14643,2025-02-11,East,Cash on Delivery,Delivered
505838,13078,2025-02-18,Central,UPI,Delivered
505839,14046,2025-10-29,West,UPI,Delivered
505840,14886,2025-03-12,West,Debit Card,Delivered
505841,14345,2025-09-03,West,Credit Card,Delivered
505842,12876,2025-01-02,South,Debit Card,Cancelled
505843,11855,2025-11-19,West,Credit Card,Delivered
505844,12466,2025-03-03,West,UPI,Delivered
505845,14253,2025-12-02,West,Debit Card,Delivered
505846,14309,2025-01-27,East,UPI,Delivered
505847,14277,2025-12-08,Central,Credit Card,Delivered
505848,13068,2025-03-08,South,Credit Card,Delivered
505849,12443,2025-05-25,South,UPI,Delivered
505850,11572,2025-08-02,Central,UPI,Delivered
505851,10019,2025-11-23,South,UPI,Delivered
505852,13882,2025-02-26,North,Cash on Delivery,Delivered
505853,11401,2025-10-13,North,Credit Card,Delivered
505854,11669,2025-07-30,Central,Debit Card,Delivered
505855,14258,2025-07-12,South,UPI,Shipped
505856,10255,2025-04-24,South,UPI,Shipped
505857,14652,2025-05-02,South,Credit Card,Delivered
505858,10010,2025-12-26,South,Net Banking,Delivered
505859,14705,2025-04-13,East,UPI,Shipped
505860,12320,2025-06-04,North,Cash on Delivery,Delivered
505861,10518,2025-03-15,East,Net Banking,Returned
505862,13436,2025-12-20,West,Net Banking,Delivered
505863,14520,2025-06-24,East,UPI,Delivered
505864,12245,2025-01-14,West,Credit Card,Delivered
505865,13525,2025-06-16,North,Net Banking,Delivered
505866,14898,2025-02-24,South,Debit Card,Shipped
505867,11204,2025-01-26,South,Credit Card,Delivered
505868,14155,2025-02-13,West,Net Banking,Delivered
505869,11493,2025-03-10,South,Debit Card,Delivered
505870,12180,2025-02-07,West,Cash on Delivery,Shipped
505871,11419,2025-12-02,West,UPI,Delivered
505872,12284,2025-01-12,West,Debit Card,Delivered
505873,10027,2025-04-15,North,Credit Card,Delivered
505874,11524,2025-09-01,North,Debit Card,Returned
505875,12282,2025-12-30,East,UPI,Shipped
505876,13231,2025-09-30,South,Credit Card,Shipped
505877,13249,2025-10-08,North,Cash on Delivery,Delivered
505878,13009,2025-07-11,West,UPI,Returned
505879,11480,2025-03-29,Central,Debit Card,Delivered
505880,14758,2025-05-19,West,Cash on Delivery,Delivered
505881,12004,2025-05-26,South,Credit Card,Shipped
505882,11069,2025-06-13,West,Debit Card,Delivered
505883,12856,2025-09-16,West,Debit Card,Delivered
505884,13804,2025-12-05,South,Credit Card,Delivered
505885,10062,2025-11-22,Central,Credit Card,Delivered
505886,11396,2025-03-28,West,Net Banking,Delivered
505887,14175,2025-11-23,West,Credit Card,Delivered
505888,12595,2025-12-30,East,UPI,Delivered
505889,12093,2025-08-27,West,Net Banking,Cancelled
505890,14669,2025-09-22,North,UPI,Delivered
505891,10459,2025-07-13,West,Credit Card,Delivered
505892,13159,2025-05-08,West,UPI,Cancelled
505893,11738,2025-05-02,South,Credit Card,Delivered
505894,10344,2025-09-01,West,UPI,Delivered
505895,11052,2025-02-16,South,Credit Card,Delivered
505896,13208,2025-11-16,East,Credit Card,Cancelled
505897,10136,2025-12-31,Central,Net Banking,Delivered
505898,13048,2025-04-22,Central,Credit Card,Delivered
505899,14797,2025-10-30,North,Credit Card,Delivered
505900,14033,2025-03-16,North,Credit Card,Delivered
505901,11758,2025-10-25,North,Debit Card,Delivered
505902,10673,2025-11-01,North,Net Banking,Delivered
505903,12375,2025-01-30,South,UPI,Delivered
505904,12010,2025-01-08,West,Cash on Delivery,Delivered
505905,14873,2025-12-07,West,UPI,Returned
505906,14957,2025-01-08,South,Credit Card,Delivered
505907,12104,2025-08-27,South,UPI,Delivered
505908,10729,2025-07-10,West,Credit Card,Delivered
505909,14584,2025-05-08,North,Credit Card,Delivered
505910,14026,2025-01-11,South,UPI,Delivered
505911,12621,2025-09-13,South,UPI,Delivered
505912,11869,2025-08-21,West,Cash on Delivery,Delivered
505913,12295,2025-07-05,West,Net Banking,Delivered
505914,14548,2025-05-01,East,Net Banking,Delivered
505915,10898,2025-06-16,West,Credit Card,Delivered
505916,14081,2025-05-24,South,Cash on Delivery,Delivered
505917,10088,2025-11-23,North,UPI,Delivered
505918,14622,2025-12-18,East,UPI,Delivered
505919,12565,2025-04-11,East,UPI,Delivered
505920,11116,2025-01-22,East,Debit Card,Delivered
505921,10015,2025-07-18,East,UPI,Delivered
505922,12882,2025-09-26,North,UPI,Delivered
505923,11233,2025-03-23,West,UPI,Delivered
505924,13224,2025-06-19,North,Net Banking,Delivered
505925,11417,2025-01-13,Central,Cash on Delivery,Delivered
505926,10451,2025-07-16,North,Net Banking,Delivered
505927,12589,2025-04-05,West,UPI,Delivered
505928,12906,2025-09-24,West,UPI,Delivered
505929,12308,2025-11-15,Central,Debit Card,Delivered
505930,12339,2025-12-24,West,UPI,Shipped
505931,13034,2025-02-20,South,Debit Card,Delivered
505932,12693,2025-07-07,East,Net Banking,Returned
505933,10651,2025-10-30,South,UPI,Delivered
505934,10966,2025-01-04,South,Credit Card,Delivered
505935,10689,2025-09-20,Central,UPI,Cancelled
505936,13529,2025-12-09,South,Cash on Delivery,Delivered
505937,12705,2025-01-31,Central,UPI,Delivered
505938,12196,2025-04-28,West,Credit Card,Shipped
505939,14044,2025-07-28,South,UPI,Delivered
505940,11654,2025-07-21,South,Net Banking,Delivered
505941,12926,2025-03-27,South,UPI,Delivered
505942,10365,2025-01-30,North,Credit Card,Returned
505943,13788,2025-06-06,West,Debit Card,Cancelled
505944,13544,2025-07-28,West,Credit Card,Delivered
505945,14064,2025-02-12,South,UPI,Delivered
505946,14467,2025-03-26,East,Cash on Delivery,Delivered
505947,13848,2025-06-25,North,Credit Card,Delivered
505948,14268,2025-08-19,North,Credit Card,Shipped
505949,11758,2025-12-26,North,Net Banking,Shipped
505950,11744,2025-05-30,North,Debit Card,Delivered
505951,14738,2025-11-15,Central,UPI,Delivered
505952,14599,2025-09-17,West,Credit Card,Delivered
505953,12821,2025-12-12,East,UPI,Shipped
505954,11870,2025-01-03,South,Credit Card,Cancelled
505955,14380,2025-12-03,West,Credit Card,Delivered
505956,11639,2025-08-23,East,Debit Card,Delivered
505957,10748,2025-12-05,East,Net Banking,Returned
505958,13259,2025-03-23,North,Net Banking,Delivered
505959,10213,2025-09-09,North,Net Banking,Delivered
505960,11932,2025-11-03,West,Cash on Delivery,Delivered
505961,14086,2025-06-03,North,Debit Card,Delivered
505962,11493,2025-10-18,South,Debit Card,Delivered
505963,14671,2025-12-02,West,UPI,Delivered
505964,14792,2025-09-28,East,Credit Card,Delivered
505965,14126,2025-06-23,Central,Credit Card,Delivered
505966,14945,2025-01-24,South,Debit Card,Shipped
505967,12719,2025-01-02,North,UPI,Delivered
505968,12929,2025-07-06,East,Net Banking,Delivered
505969,14225,2025-06-13,West,UPI,Delivered
505970,12521,2025-02-14,North,Credit Card,Delivered
505971,12084,2025-12-17,North,Cash on Delivery,Shipped
505972,13155,2025-04-04,Central,Credit Card,Delivered
505973,13367,2025-07-23,North,Debit Card,Delivered
505974,13814,2025-05-03,South,UPI,Delivered
505975,13415,2025-02-06,East,Credit Card,Returned
505976,13792,2025-04-28,West,Net Banking,Delivered
505977,13437,2025-12-07,North,Net Banking,Delivered
505978,12460,2025-05-20,North,Net Banking,Delivered
505979,10661,2025-05-02,West,UPI,Delivered
505980,13976,2025-08-20,East,Net Banking,Returned
505981,10149,2025-08-17,West,UPI,Delivered
505982,14968,2025-08-16,North,UPI,Delivered
505983,14192,2025-11-24,Central,Cash on Delivery,Delivered
505984,13424,2025-08-07,North,UPI,Delivered
505985,14850,2025-06-04,South,UPI,Delivered
505986,13142,2025-12-22,West,UPI,Delivered
505987,10277,2025-01-07,North,Net Banking,Delivered
505988,12882,2025-01-03,North,UPI,Shipped
505989,11402,2025-01-04,South,Net Banking,Delivered
505990,11877,2025-08-04,North,UPI,Delivered
505991,12350,2025-09-21,North,Debit Card,Delivered
505992,13927,2025-02-14,South,Cash on Delivery,Delivered
505993,12579,2025-07-24,West,UPI,Delivered
505994,12427,2025-07-20,East,Cash on Delivery,Delivered
505995,11523,2025-09-07,South,UPI,Shipped
505996,12772,2025-07-31,West,Credit Card,Delivered
505997,11254,2025-05-13,North,UPI,Delivered
505998,11326,2025-06-23,North,Credit Card,Delivered
505999,13848,2025-03-10,North,Debit Card,Delivered
506000,11738,2025-10-18,South,Net Banking,Delivered
506001,10250,2025-05-23,East,Credit Card,Shipped
506002,11744,2025-01-17,North,Cash on Delivery,Delivered
506003,13256,2025-11-28,South,Credit Card,Delivered
506004,14115,2025-09-05,North,UPI,Delivered
506005,14827,2025-08-16,North,Credit Card,Delivered
506006,13794,2025-06-20,North,UPI,Delivered
506007,12191,2025-12-01,North,Credit Card,Delivered
506008,11511,2025-07-25,East,UPI,Delivered
506009,10639,2025-04-01,North,Credit Card,Delivered
506010,13207,2025-04-24,South,Net Banking,Delivered
506011,12615,2025-01-22,North,Debit Card,Delivered
506012,13456,2025-05-17,South,UPI,Delivered
506013,11186,2025-10-30,West,UPI,Shipped
506014,11640,2025-08-01,East,UPI,Delivered
506015,11474,2025-01-03,West,Credit Card,Delivered
506016,14043,2025-10-14,South,Credit Card,Delivered
506017,10826,2025-01-13,North,Net Banking,Delivered
506018,13123,2025-01-02,West,Credit Card,Shipped
506019,10250,2025-09-20,East,Net Banking,Delivered
506020,12827,2025-10-12,North,Cash on Delivery,Delivered
506021,10315,2025-05-12,West,UPI,Returned
506022,10857,2025-12-10,South,Credit Card,Delivered
506023,10573,2025-08-22,South,Debit Card,Delivered
506024,11765,2025-08-31,West,Credit Card,Delivered
506025,11744,2025-06-22,North,UPI,Delivered
506026,14179,2025-09-21,East,Net Banking,Delivered
506027,11106,2025-02-11,South,Cash on Delivery,Delivered
506028,10437,2025-05-25,West,UPI,Shipped
506029,13097,2025-12-06,South,UPI,Cancelled
506030,13505,2025-11-21,North,Credit Card,Delivered
506031,11489,2025-12-21,North,Net Banking,Delivered
506032,13088,2025-10-24,North,Credit Card,Cancelled
506033,13934,2025-02-23,North,UPI,Delivered
506034,11772,2025-06-09,East,UPI,Delivered
506035,12687,2025-08-11,East,Credit Card,Delivered
506036,10719,2025-08-11,Central,Debit Card,Delivered
506037,10115,2025-02-12,North,Net Banking,Delivered
506038,14905,2025-03-10,Central,Debit Card,Delivered
506039,11514,2025-04-10,South,UPI,Shipped
506040,11407,2025-07-23,Central,Debit Card,Delivered
506041,14878,2025-07-27,South,Credit Card,Delivered
506042,13706,2025-09-29,Central,UPI,Delivered
506043,13015,2025-06-10,Central,Net Banking,Delivered
506044,13562,2025-06-03,West,Credit Card,Delivered
506045,13625,2025-10-06,South,UPI,Delivered
506046,13876,2025-03-30,Central,Debit Card,Delivered
506047,10324,2025-07-01,North,UPI,Delivered
506048,12115,2025-12-06,West,UPI,Delivered
506049,11493,2025-02-16,South,Credit Card,Delivered
506050,10341,2025-09-01,North,UPI,Delivered
506051,12114,2025-09-06,North,UPI,Delivered
506052,13160,2025-08-29,West,Debit Card,Delivered
506053,10871,2025-04-28,North,Credit Card,Delivered
506054,11532,2025-06-13,Central,Net Banking,Delivered
506055,13257,2025-10-18,South,UPI,Delivered
506056,12993,2025-06-20,South,Net Banking,Delivered
506057,14392,2025-01-05,West,UPI,Shipped
506058,14010,2025-09-17,West,Debit Card,Delivered
506059,14846,2025-02-27,Central,UPI,Shipped
506060,13068,2025-07-19,South,Cash on Delivery,Delivered
506061,13555,2025-12-29,North,UPI,Delivered
506062,14345,2025-05-18,West,Credit Card,Returned
506063,14248,2025-11-14,North,UPI,Delivered
506064,13660,2025-08-25,Central,Debit Card,Delivered
506065,12564,2025-05-28,North,UPI,Delivered
506066,11375,2025-10-15,West,Debit Card,Delivered
506067,14422,2025-10-31,South,Net Banking,Delivered
506068,13938,2025-08-07,South,Cash on Delivery,Delivered
506069,14235,2025-06-26,South,Credit Card,Returned
506070,10684,2025-10-09,North,Credit Card,Delivered
506071,11590,2025-06-12,West,Debit Card,Delivered
506072,12171,2025-10-11,South,Net Banking,Delivered
506073,14238,2025-11-17,North,Net Banking,Delivered
506074,14503,2025-07-05,North,Net Banking,Returned
506075,11435,2025-01-06,North,Cash on Delivery,Delivered
506076,13504,2025-02-19,South,Debit Card,Delivered
506077,10386,2025-11-01,East,UPI,Delivered
506078,12098,2025-02-15,North,Net Banking,Delivered
506079,12486,2025-08-05,North,Credit Card,Delivered
506080,13886,2025-07-28,East,UPI,Delivered
506081,14499,2025-12-12,West,Debit Card,Delivered
506082,11714,2025-04-06,South,Debit Card,Delivered
506083,12704,2025-01-25,South,Credit Card,Shipped
506084,13298,2025-12-18,East,Credit Card,Delivered
506085,11666,2025-05-05,North,Credit Card,Returned
506086,14934,2025-12-27,West,UPI,Delivered
506087,14419,2025-03-04,East,Credit Card,Delivered
506088,11500,2025-12-05,South,Net Banking,Delivered
506089,12599,2025-11-18,North,UPI,Delivered
506090,11143,2025-06-12,East,Credit Card,Delivered
506091,12629,2025-12-02,North,UPI,Delivered
506092,13488,2025-10-16,West,UPI,Delivered
506093,10432,2025-08-31,West,Credit Card,Delivered
506094,14397,2025-11-02,South,UPI,Delivered
506095,13055,2025-06-01,North,Net Banking,Delivered
506096,14956,2025-04-05,South,Net Banking,Shipped
506097,10127,2025-12-03,Central,UPI,Delivered
506098,14201,2025-04-07,South,Cash on Delivery,Delivered
506099,14015,2025-10-20,West,UPI,Delivered
506100,10653,2025-12-22,West,UPI,Delivered
506101,11698,2025-03-04,West,Debit Card,Returned
506102,14468,2025-09-05,West,Credit Card,Delivered
506103,12643,2025-11-15,South,Credit Card,Cancelled
506104,12058,2025-10-02,North,UPI,Delivered
506105,14558,2025-02-08,South,Cash on Delivery,Delivered
506106,10476,2025-04-14,South,Net Banking,Delivered
506107,12418,2025-03-24,North,Cash on Delivery,Delivered
506108,13325,2025-07-19,East,UPI,Delivered
506109,13123,2025-04-15,West,Debit Card,Delivered
506110,11343,2025-06-28,South,Debit Card,Delivered
506111,12900,2025-03-01,South,Net Banking,Delivered
506112,13617,2025-09-13,North,Net Banking,Shipped
506113,13014,2025-12-04,West,Credit Card,Shipped
506114,13495,2025-07-25,Central,UPI,Shipped
506115,11296,2025-07-29,South,Cash on Delivery,Delivered
506116,14206,2025-08-17,Central,UPI,Delivered
506117,12300,2025-12-14,East,UPI,Delivered
506118,14944,2025-05-02,South,Net Banking,Delivered
506119,10113,2025-05-04,Central,UPI,Delivered
506120,11936,2025-12-19,West,UPI,Delivered
506121,10880,2025-05-15,Central,UPI,Delivered
506122,12863,2025-07-07,South,UPI,Delivered
506123,11227,2025-05-13,West,Debit Card,Delivered
506124,13752,2025-04-01,West,Credit Card,Delivered
506125,14451,2025-04-12,South,UPI,Returned
506126,11034,2025-06-10,East,UPI,Delivered
506127,10785,2025-12-23,East,Debit Card,Shipped
506128,14419,2025-05-05,East,Credit Card,Delivered
506129,11843,2025-10-20,West,Credit Card,Delivered
506130,12222,2025-05-23,South,UPI,Delivered
506131,11083,2025-09-30,West,Credit Card,Delivered
506132,12173,2025-02-06,South,Credit Card,Delivered
506133,11149,2025-09-16,North,Credit Card,Delivered
506134,13397,2025-06-03,North,Credit Card,Delivered
506135,12560,2025-04-14,North,UPI,Delivered
506136,13993,2025-05-01,West,Cash on Delivery,Delivered
506137,11578,2025-10-28,East,UPI,Delivered
506138,12589,2025-05-14,West,Debit Card,Delivered
506139,11316,2025-04-09,North,Credit Card,Delivered
506140,14687,2025-08-04,Central,UPI,Delivered
506141,12662,2025-08-31,North,Debit Card,Shipped
506142,10838,2025-08-19,North,Credit Card,Delivered
506143,11374,2025-08-14,South,Debit Card,Returned
506144,10413,2025-01-13,South,UPI,Delivered
506145,10135,2025-11-09,North,UPI,Delivered
506146,12691,2025-08-23,Central,UPI,Delivered
506147,11713,2025-11-25,West,UPI,Delivered
506148,14836,2025-03-24,North,UPI,Delivered
506149,10826,2025-08-31,North,UPI,Delivered
506150,14027,2025-08-12,West,Net Banking,Delivered
506151,11599,2025-12-07,South,UPI,Delivered
506152,11096,2025-08-12,North,Credit Card,Delivered
506153,14860,2025-07-04,East,Credit Card,Cancelled
506154,14065,2025-06-23,West,Debit Card,Delivered
506155,13223,2025-09-25,South,Debit Card,Delivered
506156,13548,2025-04-07,South,Credit Card,Delivered
506157,14961,2025-11-17,West,UPI,Delivered
506158,13051,2025-11-01,North,UPI,Delivered
506159,10515,2025-05-07,West,Credit Card,Delivered
506160,10321,2025-08-03,West,Credit Card,Delivered
506161,13404,2025-01-28,Central,Debit Card,Delivered
506162,13367,2025-02-19,North,Cash on Delivery,Delivered
506163,13800,2025-09-25,North,UPI,Shipped
506164,10543,2025-03-24,North,UPI,Delivered
506165,14745,2025-09-01,South,Credit Card,Delivered
506166,12840,2025-08-13,North,UPI,Delivered
506167,13306,2025-01-18,Central,UPI,Delivered
506168,10166,2025-08-14,West,Credit Card,Delivered
506169,14821,2025-12-29,North,Cash on Delivery,Delivered
506170,12897,2025-04-21,North,UPI,Returned
506171,12900,2025-11-20,South,Credit Card,Shipped
506172,14736,2025-03-17,South,Credit Card,Delivered
506173,14662,2025-01-23,South,Cash on Delivery,Delivered
506174,11082,2025-06-05,North,Debit Card,Delivered
506175,14670,2025-07-22,North,UPI,Delivered
506176,13747,2025-08-08,North,UPI,Cancelled
506177,10091,2025-02-09,West,Credit Card,Delivered
506178,11198,2025-04-08,South,Credit Card,Delivered
506179,12116,2025-10-31,South,Debit Card,Delivered
506180,13006,2025-06-11,North,Credit Card,Delivered
506181,13573,2025-08-01,South,UPI,Delivered
506182,11029,2025-04-02,East,UPI,Cancelled
506183,14228,2025-07-09,Central,UPI,Delivered
506184,14275,2025-06-11,South,Debit Card,Delivered
506185,13243,2025-02-26,West,Cash on Delivery,Delivered
506186,14624,2025-08-21,West,Credit Card,Returned
506187,14108,2025-01-29,West,UPI,Delivered
506188,11086,2025-12-12,West,Debit Card,Delivered
506189,14044,2025-07-24,South,Debit Card,Delivered
506190,14778,2025-05-04,South,Debit Card,Delivered
506191,10673,2025-12-20,North,Debit Card,Delivered
506192,14895,2025-01-08,Central,Debit Card,Delivered
506193,10125,2025-12-15,South,Debit Card,Delivered
506194,12663,2025-04-17,North,Net Banking,Delivered
506195,13921,2025-12-26,East,Cash on Delivery,Cancelled
506196,14003,2025-04-02,South,UPI,Delivered
506197,13738,2025-06-07,North,Debit Card,Delivered
506198,12706,2025-12-09,North,Cash on Delivery,Delivered
506199,13315,2025-12-15,East,Debit Card,Returned
506200,13563,2025-03-25,Central,UPI,Delivered
506201,12533,2025-12-03,South,Debit Card,Delivered
506202,13064,2025-02-08,South,UPI,Delivered
506203,14280,2025-02-02,East,UPI,Shipped
506204,11578,2025-11-30,East,UPI,Cancelled
506205,12671,2025-10-14,East,Cash on Delivery,Delivered
506206,10041,2025-07-27,West,Debit Card,Delivered
506207,13505,2025-10-04,North,Cash on Delivery,Delivered
506208,10960,2025-06-27,East,Net Banking,Delivered
506209,12460,2025-07-07,North,Cash on Delivery,Delivered
506210,11029,2025-08-03,East,Credit Card,Delivered
506211,10115,2025-12-12,North,Credit Card,Delivered
506212,12472,2025-07-20,Central,Debit Card,Delivered
506213,12171,2025-11-10,South,UPI,Delivered
506214,12171,2025-06-21,South,Debit Card,Delivered
506215,11025,2025-07-26,North,Cash on Delivery,Delivered
506216,14758,2025-10-15,West,Net Banking,Delivered
506217,10019,2025-02-28,South,UPI,Delivered
506218,14497,2025-12-25,North,UPI,Delivered
506219,13749,2025-08-24,West,Net Banking,Delivered
506220,10832,2025-03-22,Central,UPI,Delivered
506221,12414,2025-06-26,West,Cash on Delivery,Delivered
506222,14951,2025-11-13,North,Credit Card,Delivered
506223,13281,2025-02-09,West,Cash on Delivery,Delivered
506224,10628,2025-03-23,North,Net Banking,Delivered
506225,12339,2025-06-11,West,Debit Card,Delivered
506226,12390,2025-04-23,South,UPI,Delivered
506227,14064,2025-03-30,South,UPI,Delivered
506228,14604,2025-01-12,West,Debit Card,Delivered
506229,10411,2025-12-29,East,UPI,Delivered
506230,11582,2025-09-22,East,Net Banking,Delivered
506231,11507,2025-08-20,East,UPI,Delivered
506232,14981,2025-03-30,North,Credit Card,Delivered
506233,12881,2025-08-04,West,Credit Card,Delivered
506234,14436,2025-02-18,South,Cash on Delivery,Returned
506235,12177,2025-09-27,South,Cash on Delivery,Delivered
506236,13685,2025-10-31,North,Debit Card,Delivered
506237,11447,2025-11-09,North,Debit Card,Delivered
506238,14589,2025-12-15,South,Debit Card,Delivered
506239,12320,2025-03-01,North,Debit Card,Delivered
506240,14072,2025-12-03,East,Cash on Delivery,Returned
506241,11294,2025-09-03,South,Debit Card,Delivered
506242,13535,2025-10-26,South,Cash on Delivery,Delivered
506243,12076,2025-08-02,North,Credit Card,Delivered
506244,10151,2025-03-23,West,Cash on Delivery,Delivered
506245,12116,2025-12-13,South,Debit Card,Delivered
506246,12831,2025-03-05,North,Cash on Delivery,Delivered
506247,10739,2025-09-15,Central,UPI,Delivered
506248,10895,2025-09-14,West,Debit Card,Delivered
506249,12375,2025-04-28,South,Cash on Delivery,Delivered
506250,11740,2025-11-16,South,UPI,Delivered
506251,12256,2025-11-24,North,Cash on Delivery,Cancelled
506252,12360,2025-12-07,North,UPI,Delivered
506253,10681,2025-01-24,East,Cash on Delivery,Returned
506254,10884,2025-08-24,West,UPI,Delivered
506255,14287,2025-11-11,West,Net Banking,Delivered
506256,10795,2025-04-12,South,UPI,Delivered
506257,13397,2025-11-08,North,UPI,Returned
506258,12144,2025-01-05,North,Debit Card,Delivered
506259,14858,2025-04-19,South,UPI,Delivered
506260,10323,2025-07-02,Central,Debit Card,Delivered
506261,14197,2025-04-29,East,Debit Card,Delivered
506262,12515,2025-10-19,East,Cash on Delivery,Delivered
506263,10030,2025-11-24,South,Credit Card,Delivered
506264,11338,2025-12-16,North,Debit Card,Delivered
506265,12091,2025-07-02,North,UPI,Delivered
506266,11585,2025-05-18,North,UPI,Shipped
506267,11849,2025-03-26,South,Credit Card,Delivered
506268,14608,2025-06-23,South,Cash on Delivery,Cancelled
506269,11842,2025-02-21,West,UPI,Delivered
506270,12145,2025-08-14,North,UPI,Delivered
506271,13867,2025-08-14,East,Credit Card,Returned
506272,14027,2025-05-12,West,Debit Card,Delivered
506273,10423,2025-07-03,North,Net Banking,Delivered
506274,13585,2025-09-24,South,Net Banking,Delivered
506275,12466,2025-04-15,West,UPI,Delivered
506276,10658,2025-06-27,West,Net Banking,Delivered
506277,11345,2025-07-08,East,UPI,Delivered
506278,10222,2025-05-31,West,Cash on Delivery,Cancelled
506279,11837,2025-04-23,West,Credit Card,Delivered
506280,11291,2025-10-13,Central,Debit Card,Delivered
506281,11942,2025-05-03,South,Credit Card,Delivered
506282,12999,2025-03-29,North,UPI,Cancelled
506283,13733,2025-01-25,South,Debit Card,Delivered
506284,13105,2025-01-30,East,UPI,Delivered
506285,13460,2025-06-16,East,Credit Card,Delivered
506286,14379,2025-03-15,East,UPI,Delivered
506287,14412,2025-03-14,South,Credit Card,Returned
506288,14347,2025-04-22,West,Credit Card,Delivered
506289,10747,2025-07-30,Central,Cash on Delivery,Delivered
506290,11273,2025-06-29,Central,Cash on Delivery,Delivered
506291,12575,2025-01-05,South,Debit Card,Delivered
506292,11829,2025-11-28,South,UPI,Delivered
506293,10650,2025-07-21,South,Credit Card,Delivered
506294,11458,2025-09-13,West,UPI,Delivered
506295,14883,2025-05-22,South,Debit Card,Delivered
506296,11767,2025-01-20,West,UPI,Delivered
506297,12146,2025-04-10,South,Net Banking,Delivered
506298,10034,2025-10-08,East,UPI,Shipped
506299,13663,2025-06-18,South,UPI,Cancelled
506300,12119,2025-11-21,South,UPI,Delivered
506301,10521,2025-08-21,West,Debit Card,Delivered
506302,14858,2025-04-01,South,Credit Card,Shipped
506303,13938,2025-09-15,South,UPI,Delivered
506304,13696,2025-01-28,North,UPI,Delivered
506305,14803,2025-02-13,South,Cash on Delivery,Delivered
506306,12090,2025-05-21,Central,UPI,Cancelled
506307,13660,2025-03-26,Central,Debit Card,Returned
506308,11012,2025-10-26,East,Credit Card,Delivered
506309,13548,2025-11-07,South,Debit Card,Delivered
506310,10067,2025-11-16,West,Credit Card,Shipped
506311,10623,2025-09-25,East,Credit Card,Delivered
506312,12172,2025-10-24,East,Debit Card,Delivered
506313,10061,2025-02-13,South,Credit Card,Delivered
506314,12362,2025-01-11,South,Credit Card,Delivered
506315,12666,2025-10-02,West,UPI,Delivered
506316,13185,2025-11-12,North,Credit Card,Returned
506317,10509,2025-07-19,Central,Credit Card,Delivered
506318,10884,2025-07-18,West,Credit Card,Delivered
506319,13149,2025-05-01,West,Cash on Delivery,Delivered
506320,13368,2025-01-14,West,Cash on Delivery,Shipped
506321,10128,2025-03-05,West,UPI,Delivered
506322,12775,2025-08-08,South,Debit Card,Delivered
506323,13975,2025-06-01,South,UPI,Delivered
506324,10335,2025-09-03,South,Credit Card,Cancelled
506325,12117,2025-04-05,South,Credit Card,Delivered
506326,11659,2025-09-25,West,UPI,Shipped
506327,14597,2025-07-12,South,Credit Card,Delivered
506328,10907,2025-02-27,South,UPI,Delivered
506329,11610,2025-04-04,Central,UPI,Delivered
506330,14531,2025-10-25,North,Credit Card,Delivered
506331,11675,2025-01-01,North,Net Banking,Shipped
506332,12722,2025-12-28,Central,Debit Card,Delivered
506333,10157,2025-11-24,South,Debit Card,Delivered
506334,14927,2025-07-25,North,Credit Card,Cancelled
506335,14175,2025-07-12,West,Credit Card,Delivered
506336,13240,2025-08-12,East,UPI,Delivered
506337,10297,2025-02-07,North,Cash on Delivery,Delivered
506338,10368,2025-11-28,North,UPI,Delivered
506339,12802,2025-11-04,East,Cash on Delivery,Delivered
506340,11436,2025-04-21,West,Debit Card,Delivered
506341,13191,2025-09-09,Central,Credit Card,Delivered
506342,13072,2025-12-02,West,Credit Card,Shipped
506343,14238,2025-03-25,North,UPI,Delivered
506344,11417,2025-12-30,Central,Debit Card,Delivered
506345,12983,2025-06-09,East,Cash on Delivery,Delivered
506346,13938,2025-06-04,South,Net Banking,Delivered
506347,12509,2025-04-08,East,Credit Card,Delivered
506348,14197,2025-07-08,East,Credit Card,Delivered
506349,10648,2025-03-27,South,Credit Card,Delivered
506350,13737,2025-03-03,South,UPI,Delivered
506351,14732,2025-09-16,West,Net Banking,Delivered
506352,11681,2025-03-22,West,Debit Card,Shipped
506353,11870,2025-12-13,South,Debit Card,Shipped
506354,10420,2025-12-25,South,Credit Card,Cancelled
506355,13270,2025-04-05,South,UPI,Delivered
506356,12846,2025-10-14,North,Debit Card,Delivered
506357,10201,2025-08-09,South,UPI,Shipped
506358,13820,2025-07-11,Central,UPI,Delivered
506359,14194,2025-06-19,West,UPI,Delivered
506360,14570,2025-02-27,East,Debit Card,Delivered
506361,12807,2025-02-12,North,Credit Card,Delivered
506362,12308,2025-06-09,Central,UPI,Delivered
506363,14419,2025-06-07,East,UPI,Delivered
506364,12042,2025-08-23,Central,Credit Card,Delivered
506365,13357,2025-12-05,South,Cash on Delivery,Shipped
506366,13158,2025-10-28,West,UPI,Delivered
506367,11894,2025-05-24,West,Debit Card,Cancelled
506368,10444,2025-01-10,East,Net Banking,Delivered
506369,10102,2025-11-26,South,Credit Card,Delivered
506370,12190,2025-12-14,East,UPI,Delivered
506371,12462,2025-09-25,South,Net Banking,Delivered
506372,14168,2025-06-05,West,Net Banking,Delivered
506373,12123,2025-01-18,North,UPI,Delivered
506374,11417,2025-10-11,Central,UPI,Returned
506375,12362,2025-08-19,South,UPI,Delivered
506376,11190,2025-09-27,West,UPI,Delivered
506377,10467,2025-09-21,East,Credit Card,Delivered
506378,10573,2025-12-22,South,UPI,Cancelled
506379,11614,2025-09-16,South,UPI,Delivered
506380,10064,2025-07-21,West,Credit Card,Returned
506381,11082,2025-05-17,North,Debit Card,Delivered
506382,13989,2025-02-16,North,Cash on Delivery,Delivered
506383,11169,2025-03-04,South,Net Banking,Delivered
506384,10560,2025-03-18,South,UPI,Delivered
506385,14768,2025-12-08,South,Cash on Delivery,Delivered
506386,13189,2025-05-01,North,UPI,Delivered
506387,10295,2025-01-13,South,Credit Card,Delivered
506388,10303,2025-06-28,West,UPI,Cancelled
506389,13142,2025-11-12,West,Cash on Delivery,Delivered
506390,12775,2025-11-27,South,Credit Card,Delivered
506391,10331,2025-06-06,South,Credit Card,Delivered
506392,11099,2025-01-16,South,UPI,Delivered
506393,14658,2025-09-03,West,UPI,Delivered
506394,12944,2025-07-11,South,Debit Card,Shipped
506395,12255,2025-12-07,Central,Credit Card,Delivered
506396,11267,2025-02-24,South,Credit Card,Delivered
506397,10658,2025-11-30,West,Debit Card,Delivered
506398,12063,2025-11-07,North,UPI,Delivered
506399,14626,2025-07-07,West,Cash on Delivery,Delivered
506400,10237,2025-06-18,North,UPI,Delivered
506401,14960,2025-07-27,North,UPI,Delivered
506402,11019,2025-01-09,North,Debit Card,Delivered
506403,12096,2025-01-06,South,Credit Card,Delivered
506404,10222,2025-04-12,West,UPI,Delivered
506405,13014,2025-05-26,West,Net Banking,Delivered
506406,12473,2025-10-07,South,Cash on Delivery,Delivered
506407,13405,2025-02-20,East,Credit Card,Delivered
506408,12786,2025-09-30,South,UPI,Delivered
506409,12040,2025-08-16,North,UPI,Delivered
506410,13752,2025-10-04,West,UPI,Delivered
506411,10126,2025-03-24,West,UPI,Delivered
506412,12779,2025-11-14,North,UPI,Delivered
506413,10575,2025-12-13,West,Debit Card,Delivered
506414,12233,2025-04-27,West,UPI,Delivered
506415,14010,2025-03-16,West,Credit Card,Delivered
506416,10693,2025-11-06,North,Credit Card,Returned
506417,14692,2025-06-20,West,Net Banking,Delivered
506418,14486,2025-08-02,North,UPI,Delivered
506419,12128,2025-07-30,North,Credit Card,Delivered
506420,10032,2025-05-31,North,UPI,Delivered
506421,13997,2025-08-28,North,Cash on Delivery,Delivered
506422,14444,2025-05-01,North,Debit Card,Shipped
506423,10848,2025-11-05,South,Net Banking,Delivered
506424,14604,2025-08-03,West,Credit Card,Delivered
506425,14598,2025-10-23,West,Net Banking,Delivered
506426,12406,2025-09-22,East,UPI,Delivered
506427,14044,2025-06-01,South,Debit Card,Delivered
506428,12280,2025-11-28,South,UPI,Shipped
506429,12900,2025-03-17,South,Credit Card,Delivered
506430,11617,2025-08-12,South,Cash on Delivery,Delivered
506431,10782,2025-05-10,North,UPI,Delivered
506432,13797,2025-09-08,South,UPI,Delivered
506433,10010,2025-11-22,South,UPI,Shipped
506434,12994,2025-09-17,East,Credit Card,Delivered
506435,14374,2025-11-13,West,Credit Card,Returned
506436,11083,2025-07-24,West,UPI,Delivered
506437,11685,2025-05-06,South,UPI,Delivered
506438,13022,2025-07-11,West,Credit Card,Delivered
506439,11245,2025-02-05,West,Credit Card,Delivered
506440,14284,2025-02-10,North,Credit Card,Delivered
506441,11870,2025-12-25,South,Debit Card,Delivered
506442,13001,2025-06-15,Central,Credit Card,Returned
506443,11110,2025-12-04,East,UPI,Delivered
506444,10204,2025-05-23,West,Cash on Delivery,Delivered
506445,10840,2025-10-31,North,Debit Card,Returned
506446,10226,2025-12-19,South,UPI,Delivered
506447,12392,2025-08-22,South,Cash on Delivery,Delivered
506448,13020,2025-08-16,South,Cash on Delivery,Delivered
506449,10221,2025-07-10,East,UPI,Delivered
506450,10463,2025-01-25,Central,Credit Card,Delivered
506451,12479,2025-09-17,East,UPI,Delivered
506452,14048,2025-01-18,South,Credit Card,Delivered
506453,13208,2025-04-30,East,Net Banking,Delivered
506454,10522,2025-12-19,Central,Cash on Delivery,Delivered
506455,14484,2025-03-25,West,Credit Card,Delivered
506456,14611,2025-08-01,North,UPI,Returned
506457,11647,2025-11-25,West,Credit Card,Delivered
506458,13160,2025-03-06,West,UPI,Returned
506459,12519,2025-01-27,East,Net Banking,Shipped
506460,14725,2025-07-26,North,Credit Card,Delivered
506461,12606,2025-03-29,South,Cash on Delivery,Delivered
506462,14810,2025-08-24,North,Credit Card,Delivered
506463,10980,2025-02-19,North,Debit Card,Delivered
506464,11757,2025-07-02,East,UPI,Shipped
506465,13957,2025-12-31,East,UPI,Shipped
506466,13969,2025-08-21,Central,Debit Card,Shipped
506467,13733,2025-07-05,South,Debit Card,Shipped
506468,14337,2025-03-30,South,Net Banking,Delivered
506469,13579,2025-03-27,East,Cash on Delivery,Shipped
506470,13247,2025-04-14,North,Cash on Delivery,Delivered
506471,12346,2025-04-20,East,Cash on Delivery,Delivered
506472,12384,2025-04-30,South,Cash on Delivery,Returned
506473,12082,2025-03-29,East,UPI,Delivered
506474,13180,2025-02-25,Central,Credit Card,Delivered
506475,12084,2025-06-04,North,UPI,Delivered
506476,10722,2025-03-31,West,Debit Card,Delivered
506477,10532,2025-10-21,South,Credit Card,Delivered
506478,14634,2025-12-27,North,Debit Card,Delivered
506479,10123,2025-07-15,North,Debit Card,Delivered
506480,10526,2025-01-23,West,UPI,Delivered
506481,12282,2025-03-24,East,Credit Card,Delivered
506482,11334,2025-07-03,North,UPI,Delivered
506483,12080,2025-07-26,West,UPI,Returned
506484,10595,2025-08-11,East,Credit Card,Delivered
506485,10646,2025-03-29,South,Credit Card,Delivered
506486,14057,2025-02-22,West,UPI,Delivered
506487,13859,2025-07-21,South,UPI,Delivered
506488,10521,2025-07-19,West,Debit Card,Delivered
506489,13411,2025-07-14,North,Debit Card,Delivered
506490,13126,2025-01-04,South,UPI,Delivered
506491,13634,2025-12-27,South,UPI,Returned
506492,12425,2025-01-21,Central,Debit Card,Delivered
506493,11366,2025-11-06,West,UPI,Shipped
506494,13386,2025-09-01,North,UPI,Delivered
506495,11890,2025-05-06,North,UPI,Delivered
506496,11079,2025-12-31,West,UPI,Cancelled
506497,12093,2025-07-20,West,Debit Card,Delivered
506498,13876,2025-02-21,Central,UPI,Delivered
506499,12436,2025-08-31,Central,Debit Card,Cancelled
506500,11514,2025-07-30,South,Credit Card,Shipped
506501,14203,2025-05-25,West,Credit Card,Delivered
506502,14450,2025-02-13,East,Debit Card,Delivered
506503,12215,2025-04-17,West,Net Banking,Delivered
506504,11906,2025-06-01,Central,Credit Card,Shipped
506505,13143,2025-04-23,Central,UPI,Delivered
506506,10291,2025-08-11,North,Credit Card,Delivered
506507,13525,2025-06-04,North,Credit Card,Delivered
506508,13962,2025-06-23,West,Cash on Delivery,Delivered
506509,12035,2025-12-13,East,Debit Card,Delivered
506510,10846,2025-12-13,North,UPI,Delivered
506511,10140,2025-06-12,North,UPI,Delivered
506512,13249,2025-07-04,North,Credit Card,Delivered
506513,11364,2025-10-12,South,Net Banking,Shipped
506514,12370,2025-11-09,South,UPI,Delivered
506515,11966,2025-07-17,Central,Credit Card,Delivered
506516,10848,2025-02-24,South,Credit Card,Delivered
506517,12601,2025-03-12,West,Credit Card,Delivered
506518,12350,2025-07-17,North,UPI,Delivered
506519,13196,2025-02-22,South,Net Banking,Returned
506520,11276,2025-01-14,West,Debit Card,Delivered
506521,11058,2025-01-21,West,Cash on Delivery,Delivered
506522,14118,2025-12-26,South,UPI,Delivered
506523,13575,2025-01-14,North,Credit Card,Delivered
506524,13917,2025-11-05,West,UPI,Delivered
506525,10610,2025-04-25,North,UPI,Delivered
506526,11097,2025-12-18,West,Net Banking,Shipped
506527,12969,2025-08-06,North,UPI,Delivered
506528,14327,2025-07-14,West,UPI,Delivered
506529,14501,2025-07-26,West,Credit Card,Shipped
506530,14203,2025-12-07,West,Debit Card,Delivered
506531,10214,2025-12-16,East,Debit Card,Delivered
506532,14155,2025-04-21,West,UPI,Delivered
506533,14535,2025-06-16,West,Cash on Delivery,Delivered
506534,10280,2025-04-11,South,UPI,Returned
506535,12134,2025-06-18,West,Cash on Delivery,Delivered
506536,12750,2025-06-05,West,Credit Card,Delivered
506537,11158,2025-09-15,South,UPI,Delivered
506538,12638,2025-10-05,West,UPI,Delivered
506539,14474,2025-08-24,East,Credit Card,Delivered
506540,14384,2025-05-08,West,Cash on Delivery,Delivered
506541,14714,2025-12-18,West,Net Banking,Delivered
506542,12478,2025-05-03,South,Cash on Delivery,Delivered
506543,12104,2025-07-08,South,Credit Card,Delivered
506544,13396,2025-12-02,North,Debit Card,Delivered
506545,12135,2025-10-19,West,Credit Card,Delivered
506546,10208,2025-12-03,West,UPI,Delivered
506547,13664,2025-11-01,West,UPI,Shipped
506548,11417,2025-09-16,Central,UPI,Delivered
506549,10238,2025-10-06,North,UPI,Delivered
506550,10096,2025-12-23,South,Debit Card,Delivered
506551,14671,2025-08-19,West,Debit Card,Delivered
506552,11276,2025-06-05,West,Credit Card,Shipped
506553,12294,2025-04-19,Central,Credit Card,Delivered
506554,14770,2025-12-27,East,UPI,Delivered
506555,12385,2025-11-24,South,UPI,Delivered
506556,10393,2025-02-02,West,Credit Card,Delivered
506557,12843,2025-05-06,North,Credit Card,Shipped
506558,10453,2025-03-09,East,Credit Card,Delivered
506559,10485,2025-09-02,South,Cash on Delivery,Delivered
506560,14304,2025-11-23,South,Debit Card,Delivered
506561,11465,2025-09-24,North,Net Banking,Delivered
506562,13464,2025-05-16,West,UPI,Delivered
506563,12609,2025-10-03,South,UPI,Shipped
506564,11090,2025-03-03,West,UPI,Returned
506565,12641,2025-06-20,North,Debit Card,Delivered
506566,10335,2025-04-13,South,Credit Card,Delivered
506567,11769,2025-04-02,North,UPI,Cancelled
506568,12667,2025-03-16,South,Cash on Delivery,Delivered
506569,11127,2025-04-24,Central,Credit Card,Delivered
506570,13374,2025-05-01,West,Credit Card,Delivered
506571,10252,2025-08-02,South,Cash on Delivery,Delivered
506572,12479,2025-07-17,East,UPI,Delivered
506573,13645,2025-09-20,East,Debit Card,Delivered
506574,12198,2025-05-18,North,Debit Card,Delivered
506575,14416,2025-06-17,West,Cash on Delivery,Returned
506576,13231,2025-01-04,South,Net Banking,Delivered
506577,14805,2025-07-20,East,UPI,Delivered
506578,11429,2025-04-12,South,UPI,Delivered
506579,14702,2025-01-19,West,UPI,Delivered
506580,13114,2025-01-22,South,UPI,Delivered
506581,13789,2025-12-25,North,Debit Card,Delivered
506582,14548,2025-05-09,East,UPI,Delivered
506583,12840,2025-05-29,North,Credit Card,Cancelled
506584,14361,2025-08-26,North,Debit Card,Delivered
506585,12784,2025-01-07,East,Debit Card,Delivered
506586,13073,2025-11-29,North,Net Banking,Delivered
506587,12281,2025-01-23,Central,UPI,Delivered
506588,10712,2025-03-31,North,Credit Card,Shipped
506589,12851,2025-01-18,West,Cash on Delivery,Delivered
506590,14892,2025-03-12,Central,Credit Card,Delivered
506591,13987,2025-03-07,West,UPI,Delivered
506592,13800,2025-02-22,North,UPI,Delivered
506593,13280,2025-07-11,West,Cash on Delivery,Delivered
506594,11775,2025-05-22,West,UPI,Delivered
506595,10822,2025-01-25,North,Net Banking,Delivered
506596,11100,2025-09-07,North,UPI,Delivered
506597,10034,2025-02-02,East,UPI,Delivered
506598,13433,2025-06-25,South,UPI,Returned
506599,14106,2025-02-08,South,UPI,Delivered
506600,11362,2025-07-31,West,Credit Card,Delivered
506601,10469,2025-12-30,West,Net Banking,Delivered
506602,11702,2025-05-13,North,Credit Card,Returned
506603,11473,2025-04-23,North,Debit Card,Returned
506604,12302,2025-05-29,West,UPI,Delivered
506605,11342,2025-11-11,East,Cash on Delivery,Shipped
506606,11731,2025-03-18,North,Cash on Delivery,Delivered
506607,14570,2025-01-14,East,UPI,Delivered
506608,11696,2025-02-23,South,Net Banking,Delivered
506609,13976,2025-09-10,East,Debit Card,Delivered
506610,13201,2025-06-22,Central,Credit Card,Delivered
506611,11718,2025-06-18,East,Net Banking,Delivered
506612,14133,2025-04-02,West,Cash on Delivery,Delivered
506613,13057,2025-05-09,Central,Credit Card,Returned
506614,10041,2025-05-10,West,Credit Card,Delivered
506615,10332,2025-03-13,West,Debit Card,Delivered
506616,13820,2025-09-12,Central,UPI,Delivered
506617,12286,2025-05-21,South,UPI,Delivered
506618,12078,2025-11-03,South,Credit Card,Delivered
506619,10712,2025-05-06,North,UPI,Delivered
506620,10772,2025-09-08,West,UPI,Delivered
506621,14044,2025-01-02,South,UPI,Delivered
506622,14194,2025-01-10,West,UPI,Delivered
506623,12885,2025-10-13,South,UPI,Delivered
506624,11493,2025-08-12,South,Credit Card,Delivered
506625,14679,2025-03-06,East,Cash on Delivery,Delivered
506626,13196,2025-04-19,South,Credit Card,Delivered
506627,14040,2025-10-27,West,Cash on Delivery,Delivered
506628,10019,2025-02-11,South,Credit Card,Delivered
506629,12301,2025-09-16,West,UPI,Delivered
506630,14400,2025-04-21,West,Net Banking,Delivered
506631,11723,2025-01-28,South,UPI,Shipped
506632,13697,2025-02-20,North,Credit Card,Delivered
506633,13367,2025-08-01,North,Credit Card,Delivered
506634,10739,2025-05-05,Central,Credit Card,Delivered
506635,13928,2025-09-26,South,Net Banking,Delivered
506636,10571,2025-02-09,West,UPI,Shipped
506637,13703,2025-06-03,South,UPI,Delivered
506638,14960,2025-12-26,North,Net Banking,Returned
506639,14804,2025-06-07,South,Credit Card,Delivered
506640,14055,2025-10-21,North,UPI,Delivered
506641,12742,2025-12-27,South,Credit Card,Delivered
506642,13437,2025-09-29,North,Credit Card,Shipped
506643,13705,2025-04-20,West,Debit Card,Shipped
506644,10041,2025-08-22,West,Debit Card,Delivered
506645,10518,2025-11-07,East,Credit Card,Delivered
506646,13068,2025-06-26,South,UPI,Delivered
506647,10034,2025-05-07,East,UPI,Delivered
506648,14576,2025-03-21,West,Credit Card,Delivered
506649,12503,2025-02-21,North,Debit Card,Delivered
506650,11307,2025-11-01,South,Debit Card,Delivered
506651,12015,2025-10-31,West,Net Banking,Returned
506652,14301,2025-11-26,West,Credit Card,Delivered
506653,14647,2025-03-23,West,Debit Card,Returned
506654,10586,2025-10-21,East,UPI,Delivered
506655,13940,2025-09-30,Central,Debit Card,Delivered
506656,12984,2025-02-10,East,Credit Card,Delivered
506657,13016,2025-11-06,South,Debit Card,Cancelled
506658,13946,2025-10-23,North,Net Banking,Delivered
506659,11091,2025-10-14,North,UPI,Delivered
506660,12720,2025-12-12,Central,Debit Card,Delivered
506661,11614,2025-06-03,South,UPI,Delivered
506662,10482,2025-08-20,South,UPI,Delivered
506663,10523,2025-11-28,North,UPI,Delivered
506664,10669,2025-05-26,South,UPI,Delivered
506665,13155,2025-10-18,Central,Credit Card,Delivered
506666,10529,2025-02-25,South,Net Banking,Delivered
506667,12936,2025-01-30,North,UPI,Delivered
506668,13027,2025-03-16,Central,Credit Card,Delivered
506669,14556,2025-02-21,Central,UPI,Delivered
506670,13201,2025-07-15,Central,Credit Card,Returned
506671,14934,2025-11-07,West,Debit Card,Delivered
506672,10150,2025-08-16,East,Net Banking,Shipped
506673,13586,2025-05-18,North,UPI,Delivered
506674,10129,2025-07-01,North,Credit Card,Delivered
506675,13716,2025-10-17,North,Debit Card,Returned
506676,11964,2025-07-10,North,UPI,Cancelled
506677,13135,2025-06-08,North,Cash on Delivery,Delivered
506678,11564,2025-07-11,Central,UPI,Delivered
506679,10781,2025-06-27,East,UPI,Delivered
506680,13688,2025-12-29,East,UPI,Delivered
506681,14557,2025-02-06,South,UPI,Cancelled
506682,10893,2025-08-12,East,Debit Card,Returned
506683,14623,2025-06-09,North,Credit Card,Delivered
506684,10682,2025-07-28,North,Credit Card,Delivered
506685,13742,2025-10-18,West,UPI,Delivered
506686,14808,2025-09-06,North,Credit Card,Delivered
506687,10722,2025-07-04,West,Cash on Delivery,Delivered
506688,12227,2025-12-07,Central,Credit Card,Cancelled
506689,11716,2025-10-15,South,Credit Card,Delivered
506690,11980,2025-08-14,South,Cash on Delivery,Delivered
506691,13826,2025-08-14,East,Debit Card,Delivered
506692,13375,2025-01-08,North,UPI,Delivered
506693,14858,2025-01-23,South,UPI,Shipped
506694,10906,2025-08-11,West,Cash on Delivery,Returned
506695,12788,2025-12-15,West,Net Banking,Delivered
506696,12298,2025-06-15,North,Net Banking,Delivered
506697,14615,2025-10-02,West,Cash on Delivery,Returned
506698,10055,2025-10-28,North,Debit Card,Delivered
506699,14955,2025-02-05,North,Net Banking,Delivered
506700,12456,2025-06-26,South,Debit Card,Delivered
506701,13201,2025-07-07,Central,Credit Card,Delivered
506702,11837,2025-11-08,West,Credit Card,Delivered
506703,14307,2025-11-16,South,UPI,Delivered
506704,12896,2025-11-14,Central,UPI,Delivered
506705,13382,2025-08-15,East,UPI,Delivered
506706,13303,2025-02-28,South,Credit Card,Delivered
506707,11855,2025-09-14,West,Debit Card,Delivered
506708,10375,2025-04-07,West,Cash on Delivery,Delivered
506709,14086,2025-07-28,North,UPI,Shipped
506710,11466,2025-09-06,West,Credit Card,Delivered
506711,14290,2025-11-29,West,Debit Card,Delivered
506712,13123,2025-09-18,West,Debit Card,Delivered
506713,11807,2025-02-27,East,Debit Card,Delivered
506714,13056,2025-02-26,North,Net Banking,Delivered
506715,13288,2025-06-19,Central,Cash on Delivery,Delivered
506716,13597,2025-03-14,East,UPI,Delivered
506717,14164,2025-12-07,North,Cash on Delivery,Cancelled
506718,10784,2025-01-22,Central,Net Banking,Delivered
506719,14736,2025-02-22,South,Cash on Delivery,Delivered
506720,12104,2025-02-26,South,Credit Card,Shipped
506721,14345,2025-04-13,West,Cash on Delivery,Shipped
506722,11083,2025-04-22,West,UPI,Delivered
506723,10140,2025-11-03,North,Net Banking,Delivered
506724,12952,2025-09-18,South,Debit Card,Delivered
506725,11645,2025-05-15,South,UPI,Delivered
506726,14921,2025-11-16,North,Net Banking,Delivered
506727,10521,2025-07-04,West,Net Banking,Delivered
506728,10229,2025-01-26,North,Credit Card,Delivered
506729,10222,2025-01-25,West,Debit Card,Delivered
506730,11069,2025-11-21,West,UPI,Delivered
506731,12992,2025-09-21,East,Credit Card,Delivered
506732,12589,2025-01-09,West,UPI,Delivered
506733,11786,2025-11-06,Central,Credit Card,Delivered
506734,10453,2025-08-08,East,Credit Card,Delivered
506735,11165,2025-10-03,West,UPI,Delivered
506736,10897,2025-07-14,Central,Credit Card,Delivered
506737,13791,2025-06-21,North,Credit Card,Delivered
506738,13949,2025-06-19,East,Debit Card,Delivered
506739,13938,2025-04-22,South,UPI,Delivered
506740,14859,2025-06-20,West,Debit Card,Delivered
506741,14465,2025-08-02,West,Credit Card,Delivered
506742,12552,2025-06-23,West,UPI,Shipped
506743,12128,2025-10-17,North,Debit Card,Delivered
506744,14603,2025-03-09,South,Credit Card,Delivered
506745,13134,2025-05-26,South,Credit Card,Shipped
506746,11487,2025-05-19,West,Cash on Delivery,Returned
506747,12906,2025-08-07,West,Net Banking,Delivered
506748,14966,2025-11-25,Central,UPI,Delivered
506749,14293,2025-01-25,North,Credit Card,Delivered
506750,11417,2025-09-09,Central,Debit Card,Cancelled
506751,14777,2025-08-03,Central,Credit Card,Delivered
506752,14906,2025-06-14,North,Credit Card,Delivered
506753,11146,2025-03-22,South,Cash on Delivery,Delivered
506754,14518,2025-11-04,North,UPI,Delivered
506755,14455,2025-03-18,Central,UPI,Delivered
506756,10193,2025-11-20,North,Credit Card,Delivered
506757,13420,2025-10-11,East,UPI,Shipped
506758,11534,2025-06-07,West,Credit Card,Delivered
506759,13437,2025-06-23,North,Credit Card,Returned
506760,14597,2025-06-17,South,UPI,Delivered
506761,12560,2025-05-29,North,Cash on Delivery,Returned
506762,12123,2025-05-23,North,Credit Card,Delivered
506763,14626,2025-05-11,West,Credit Card,Shipped
506764,14879,2025-12-03,Central,Cash on Delivery,Cancelled
506765,10303,2025-04-07,West,UPI,Delivered
506766,14627,2025-09-21,South,Debit Card,Delivered
506767,10413,2025-12-12,South,Credit Card,Delivered
506768,11715,2025-06-14,South,Credit Card,Delivered
506769,13876,2025-01-19,Central,Credit Card,Delivered
506770,13938,2025-10-10,South,UPI,Delivered
506771,13695,2025-01-16,West,Net Banking,Delivered
506772,10185,2025-01-02,East,Credit Card,Delivered
506773,10654,2025-01-10,West,Cash on Delivery,Delivered
506774,14693,2025-04-16,West,Net Banking,Delivered
506775,10407,2025-01-17,South,Cash on Delivery,Shipped
506776,10393,2025-07-23,West,UPI,Delivered
506777,14219,2025-01-07,South,Debit Card,Shipped
506778,13268,2025-07-20,East,Cash on Delivery,Delivered
506779,11797,2025-02-15,Central,Debit Card,Delivered
506780,10801,2025-06-27,North,UPI,Delivered
506781,14464,2025-01-10,Central,UPI,Delivered
506782,14950,2025-09-29,North,Debit Card,Delivered
506783,10240,2025-09-14,West,Debit Card,Delivered
506784,12856,2025-05-17,West,UPI,Cancelled
506785,11327,2025-01-13,East,Net Banking,Cancelled
506786,14203,2025-07-08,West,Debit Card,Delivered
506787,11761,2025-05-24,North,Credit Card,Shipped
506788,13641,2025-08-14,East,Credit Card,Delivered
506789,12771,2025-10-13,Central,UPI,Delivered
506790,12783,2025-07-24,South,Credit Card,Returned
506791,14330,2025-11-24,East,Credit Card,Delivered
506792,12401,2025-07-02,East,Cash on Delivery,Delivered
506793,14274,2025-01-11,East,Credit Card,Delivered
506794,11854,2025-11-27,North,Net Banking,Delivered
506795,10848,2025-02-17,South,Debit Card,Delivered
506796,12323,2025-09-20,North,UPI,Delivered
506797,12557,2025-09-14,South,UPI,Delivered
506798,12450,2025-03-28,South,Debit Card,Delivered
506799,14088,2025-02-01,North,Net Banking,Delivered
506800,12907,2025-11-14,East,Net Banking,Delivered
506801,14485,2025-05-23,North,Debit Card,Delivered
506802,12628,2025-04-02,South,Credit Card,Delivered
506803,11101,2025-07-08,South,Credit Card,Delivered
506804,10639,2025-03-19,North,Debit Card,Delivered
506805,14389,2025-11-29,North,UPI,Delivered
506806,10275,2025-02-03,West,Credit Card,Delivered
506807,10596,2025-05-28,East,UPI,Delivered
506808,10313,2025-04-28,North,UPI,Delivered
506809,12167,2025-01-24,Central,UPI,Delivered
506810,12729,2025-01-28,South,Debit Card,Delivered
506811,10095,2025-09-24,West,Cash on Delivery,Delivered
506812,12634,2025-08-31,South,Credit Card,Delivered
506813,12014,2025-08-02,South,Credit Card,Delivered
506814,13920,2025-02-07,North,Credit Card,Delivered
506815,14196,2025-07-28,Central,UPI,Delivered
506816,13495,2025-08-02,Central,Debit Card,Delivered
506817,12420,2025-05-09,South,UPI,Delivered
506818,11068,2025-05-01,West,UPI,Delivered
506819,14282,2025-07-31,West,UPI,Delivered
506820,11737,2025-06-10,East,Credit Card,Delivered
506821,11817,2025-04-19,North,UPI,Delivered
506822,14604,2025-03-06,West,Credit Card,Delivered
506823,14885,2025-03-05,South,Credit Card,Delivered
506824,14530,2025-01-09,South,Net Banking,Delivered
506825,14994,2025-02-01,South,UPI,Delivered
506826,14393,2025-11-06,North,UPI,Delivered
506827,13587,2025-05-05,West,Cash on Delivery,Delivered
506828,11483,2025-10-09,South,UPI,Delivered
506829,14777,2025-11-14,Central,Net Banking,Delivered
506830,14420,2025-04-19,East,UPI,Delivered
506831,11204,2025-06-19,South,Credit Card,Delivered
506832,12501,2025-06-25,South,UPI,Delivered
506833,10339,2025-09-02,East,Credit Card,Returned
506834,14778,2025-09-13,South,Cash on Delivery,Delivered
506835,12950,2025-10-13,West,Debit Card,Cancelled
506836,11236,2025-08-20,West,UPI,Delivered
506837,11475,2025-05-31,West,Net Banking,Cancelled
506838,14901,2025-04-13,West,Debit Card,Delivered
506839,13160,2025-01-25,West,Cash on Delivery,Delivered
506840,12153,2025-05-21,West,UPI,Shipped
506841,12563,2025-06-02,West,UPI,Delivered
506842,10501,2025-09-30,West,Debit Card,Delivered
506843,10368,2025-04-18,North,Cash on Delivery,Delivered
506844,13049,2025-01-27,West,Net Banking,Delivered
506845,12624,2025-05-19,South,Credit Card,Delivered
506846,11832,2025-05-14,South,Credit Card,Delivered
506847,12914,2025-03-20,South,UPI,Delivered
506848,10355,2025-10-20,West,Cash on Delivery,Delivered
506849,14736,2025-08-12,South,Net Banking,Delivered
506850,11482,2025-08-04,North,UPI,Delivered
506851,10350,2025-07-22,East,UPI,Returned
506852,10822,2025-04-16,North,Debit Card,Delivered
506853,10486,2025-06-14,South,Credit Card,Cancelled
506854,10871,2025-07-21,North,Debit Card,Delivered
506855,12135,2025-11-11,West,UPI,Delivered
506856,13755,2025-01-10,North,Net Banking,Delivered
506857,11370,2025-09-14,South,Credit Card,Delivered
506858,12232,2025-08-25,South,Net Banking,Delivered
506859,14657,2025-02-21,North,Debit Card,Delivered
506860,11496,2025-08-03,West,Credit Card,Delivered
506861,14033,2025-05-26,North,Debit Card,Delivered
506862,10775,2025-12-09,East,UPI,Delivered
506863,10870,2025-09-18,North,Credit Card,Delivered
506864,12330,2025-12-24,South,Credit Card,Delivered
506865,11167,2025-08-11,West,Credit Card,Delivered
506866,14553,2025-04-13,East,UPI,Returned
506867,10247,2025-07-31,South,Credit Card,Delivered
506868,13069,2025-12-15,East,Debit Card,Delivered
506869,13098,2025-02-17,East,UPI,Delivered
506870,10323,2025-10-16,Central,Net Banking,Delivered
506871,13733,2025-07-04,South,Credit Card,Delivered
506872,12396,2025-04-13,South,Debit Card,Delivered
506873,13686,2025-08-12,South,Cash on Delivery,Cancelled
506874,14182,2025-10-08,West,Credit Card,Delivered
506875,11637,2025-10-27,South,Net Banking,Delivered
506876,12479,2025-04-01,East,UPI,Returned
506877,11326,2025-04-21,North,Net Banking,Delivered
506878,10991,2025-11-18,North,Net Banking,Delivered
506879,10006,2025-05-08,West,Cash on Delivery,Delivered
506880,14836,2025-09-08,North,UPI,Delivered
506881,12259,2025-07-15,North,UPI,Delivered
506882,10065,2025-06-02,West,UPI,Delivered
506883,10043,2025-10-06,South,Credit Card,Shipped
506884,11462,2025-12-22,West,UPI,Delivered
506885,10067,2025-12-09,West,Credit Card,Delivered
506886,11905,2025-04-30,South,Cash on Delivery,Delivered
506887,10307,2025-10-11,West,UPI,Delivered
506888,10185,2025-09-21,East,UPI,Delivered
506889,13420,2025-08-13,East,Net Banking,Delivered
506890,14568,2025-09-11,West,Debit Card,Delivered
506891,12098,2025-06-06,North,UPI,Delivered
506892,14228,2025-07-03,Central,Debit Card,Delivered
506893,10142,2025-01-15,West,Debit Card,Delivered
506894,13938,2025-10-20,South,Credit Card,Delivered
506895,10307,2025-12-29,West,UPI,Delivered
506896,14238,2025-04-30,North,Cash on Delivery,Delivered
506897,14453,2025-12-07,North,Debit Card,Delivered
506898,13979,2025-09-05,North,UPI,Delivered
506899,14155,2025-04-28,West,UPI,Delivered
506900,12895,2025-04-02,North,UPI,Delivered
506901,11346,2025-02-05,Central,Net Banking,Delivered
506902,13280,2025-12-02,West,Credit Card,Delivered
506903,12252,2025-01-12,East,UPI,Delivered
506904,10029,2025-01-28,South,UPI,Delivered
506905,12442,2025-10-16,North,Cash on Delivery,Delivered
506906,13319,2025-03-16,Central,Debit Card,Delivered
506907,10067,2025-03-20,West,UPI,Shipped
506908,13184,2025-07-30,North,Net Banking,Delivered
506909,13326,2025-07-02,South,UPI,Delivered
506910,10776,2025-03-20,South,UPI,Delivered
506911,12203,2025-07-20,West,UPI,Delivered
506912,14842,2025-07-24,North,UPI,Delivered
506913,14465,2025-11-02,West,Credit Card,Delivered
506914,12104,2025-01-29,South,UPI,Shipped
506915,11785,2025-11-10,West,Credit Card,Delivered
506916,10612,2025-10-09,Central,UPI,Delivered
506917,10167,2025-01-23,South,Net Banking,Delivered
506918,11505,2025-01-17,West,UPI,Delivered
506919,14715,2025-05-13,South,Credit Card,Cancelled
506920,14807,2025-02-28,North,Credit Card,Delivered
506921,14107,2025-05-24,South,Cash on Delivery,Delivered
506922,11793,2025-04-13,North,Cash on Delivery,Delivered
506923,10699,2025-04-04,West,Cash on Delivery,Delivered
506924,13064,2025-09-18,South,Debit Card,Delivered
506925,13291,2025-10-09,West,Credit Card,Delivered
506926,12169,2025-06-20,South,UPI,Delivered
506927,13526,2025-05-06,North,Net Banking,Delivered
506928,13797,2025-03-27,South,Debit Card,Delivered
506929,13967,2025-07-05,West,UPI,Delivered
506930,12575,2025-04-19,South,UPI,Delivered
506931,14010,2025-01-02,West,Debit Card,Delivered
506932,10127,2025-02-13,Central,Cash on Delivery,Shipped
506933,13469,2025-07-23,West,UPI,Shipped
506934,11176,2025-04-16,North,Credit Card,Delivered
506935,11367,2025-08-07,West,Cash on Delivery,Cancelled
506936,10467,2025-04-19,East,Cash on Delivery,Delivered
506937,10939,2025-02-13,Central,Debit Card,Delivered
506938,14965,2025-08-05,West,Credit Card,Cancelled
506939,12129,2025-11-01,South,Credit Card,Delivered
506940,14654,2025-04-01,West,Credit Card,Returned
506941,10795,2025-03-22,South,Credit Card,Delivered
506942,10999,2025-07-04,East,Debit Card,Delivered
506943,12875,2025-05-14,North,Credit Card,Delivered
506944,11783,2025-12-04,North,UPI,Delivered
506945,13282,2025-10-26,North,Debit Card,Delivered
506946,12159,2025-02-13,East,Credit Card,Delivered
506947,14104,2025-03-07,South,Credit Card,Delivered
506948,12205,2025-10-28,West,Net Banking,Delivered
506949,12947,2025-01-19,South,Credit Card,Delivered
506950,11626,2025-08-31,North,Cash on Delivery,Delivered
506951,13585,2025-09-05,South,Credit Card,Shipped
506952,13347,2025-01-04,North,Debit Card,Delivered
506953,12034,2025-04-07,South,Debit Card,Delivered
506954,11394,2025-12-20,West,Credit Card,Delivered
506955,13152,2025-04-06,Central,UPI,Delivered
506956,14733,2025-07-29,North,Cash on Delivery,Delivered
506957,10651,2025-08-24,South,UPI,Delivered
506958,14046,2025-05-17,West,UPI,Delivered
506959,12786,2025-12-23,South,Credit Card,Delivered
506960,12689,2025-02-17,North,Net Banking,Delivered
506961,14824,2025-06-13,West,UPI,Delivered
506962,13107,2025-07-14,South,Credit Card,Delivered
506963,14197,2025-10-01,East,Credit Card,Delivered
506964,12629,2025-10-23,North,UPI,Returned
506965,11266,2025-11-17,North,UPI,Delivered
506966,13541,2025-06-30,South,Net Banking,Delivered
506967,14628,2025-04-24,East,Cash on Delivery,Delivered
506968,14250,2025-11-05,North,UPI,Delivered
506969,10975,2025-03-03,North,Net Banking,Delivered
506970,11605,2025-05-06,North,Debit Card,Delivered
506971,12638,2025-06-12,West,Debit Card,Delivered
506972,12940,2025-07-04,South,Credit Card,Delivered
506973,10949,2025-11-13,North,UPI,Delivered
506974,11135,2025-05-20,North,Credit Card,Delivered
506975,13853,2025-08-31,North,Debit Card,Delivered
506976,13721,2025-02-18,South,Cash on Delivery,Delivered
506977,14241,2025-05-30,North,UPI,Delivered
506978,14680,2025-03-31,East,Cash on Delivery,Delivered
506979,11555,2025-11-20,North,UPI,Delivered
506980,14337,2025-11-23,South,Net Banking,Delivered
506981,13397,2025-12-17,North,Debit Card,Delivered
506982,14803,2025-10-05,South,Debit Card,Delivered
506983,11369,2025-12-25,West,Net Banking,Delivered
506984,11366,2025-10-23,West,UPI,Delivered
506985,13586,2025-05-27,North,Debit Card,Delivered
506986,14656,2025-02-22,West,Cash on Delivery,Delivered
506987,14175,2025-10-13,West,Credit Card,Delivered
506988,13700,2025-06-03,South,Credit Card,Delivered
506989,11974,2025-05-30,North,UPI,Delivered
506990,13658,2025-03-02,West,Credit Card,Delivered
506991,14059,2025-03-14,South,Debit Card,Delivered
506992,13827,2025-10-29,North,UPI,Delivered
506993,13450,2025-02-27,South,UPI,Delivered
506994,10229,2025-01-29,North,Credit Card,Cancelled
506995,13374,2025-08-12,West,Net Banking,Delivered
506996,12449,2025-02-22,East,Credit Card,Shipped
506997,14824,2025-06-08,West,Credit Card,Delivered
506998,13117,2025-10-15,South,UPI,Delivered
506999,13122,2025-01-09,West,UPI,Delivered
507000,14974,2025-02-06,East,Credit Card,Delivered
507001,10478,2025-09-21,North,Net Banking,Delivered
507002,11396,2025-03-09,West,UPI,Delivered
507003,13357,2025-11-04,South,UPI,Delivered
507004,11594,2025-10-29,West,Credit Card,Delivered
507005,11762,2025-09-30,West,Net Banking,Delivered
507006,14503,2025-01-21,North,Credit Card,Delivered
507007,12993,2025-02-17,South,UPI,Delivered
507008,10519,2025-09-22,South,Cash on Delivery,Delivered
507009,11567,2025-09-09,North,Credit Card,Delivered
507010,10375,2025-01-05,West,Net Banking,Delivered
507011,12868,2025-01-06,East,UPI,Cancelled
507012,10837,2025-08-18,East,Net Banking,Delivered
507013,14325,2025-02-15,West,UPI,Delivered
507014,12980,2025-04-07,North,Cash on Delivery,Delivered
507015,10294,2025-04-22,Central,Cash on Delivery,Delivered
507016,11518,2025-07-26,Central,UPI,Delivered
507017,13161,2025-12-23,East,UPI,Delivered
507018,11701,2025-05-11,South,Net Banking,Delivered
507019,12625,2025-06-08,North,UPI,Returned
507020,14579,2025-04-13,Central,Net Banking,Delivered
507021,11786,2025-05-15,Central,UPI,Delivered
507022,11702,2025-01-16,North,Debit Card,Delivered
507023,14153,2025-04-02,West,UPI,Delivered
507024,11612,2025-08-15,South,Net Banking,Delivered
507025,10386,2025-05-23,East,Credit Card,Delivered
507026,10884,2025-09-20,West,Credit Card,Delivered
507027,14768,2025-12-21,South,UPI,Delivered
507028,14680,2025-04-22,East,Debit Card,Shipped
507029,11102,2025-08-28,South,Credit Card,Delivered
507030,12851,2025-07-03,West,UPI,Delivered
507031,10672,2025-04-08,East,Debit Card,Delivered
507032,13437,2025-05-27,North,UPI,Delivered
507033,10905,2025-07-25,South,Credit Card,Delivered
507034,10240,2025-01-19,West,Credit Card,Delivered
507035,14175,2025-03-28,West,UPI,Shipped
507036,11651,2025-09-17,West,UPI,Delivered
507037,10542,2025-07-11,West,UPI,Delivered
507038,14211,2025-05-10,North,Credit Card,Delivered
507039,13875,2025-07-23,North,Cash on Delivery,Returned
507040,13489,2025-01-23,West,Debit Card,Delivered
507041,14587,2025-07-03,South,Cash on Delivery,Delivered
507042,12503,2025-04-17,North,UPI,Delivered
507043,10631,2025-03-23,Central,UPI,Delivered
507044,10298,2025-12-03,North,UPI,Delivered
507045,11611,2025-06-08,South,Net Banking,Cancelled
507046,10444,2025-11-10,East,Net Banking,Shipped
507047,12747,2025-09-25,North,Credit Card,Delivered
507048,10069,2025-05-01,Central,Credit Card,Delivered
507049,12274,2025-06-12,West,Credit Card,Delivered
507050,10871,2025-01-04,North,Cash on Delivery,Delivered
507051,11873,2025-10-11,West,UPI,Shipped
507052,13441,2025-08-18,South,Debit Card,Delivered
507053,11793,2025-10-16,North,UPI,Returned
507054,11737,2025-11-26,East,UPI,Delivered
507055,14959,2025-07-25,North,Debit Card,Delivered
507056,13661,2025-01-05,North,Debit Card,Shipped
507057,12627,2025-09-23,South,Credit Card,Delivered
507058,12993,2025-06-02,South,UPI,Delivered
507059,13180,2025-01-17,Central,Debit Card,Returned
507060,10120,2025-08-31,South,Debit Card,Delivered
507061,10402,2025-07-08,North,Debit Card,Delivered
507062,13305,2025-07-31,South,UPI,Cancelled
507063,11859,2025-11-12,South,UPI,Delivered
507064,10270,2025-10-16,Central,Cash on Delivery,Delivered
507065,11506,2025-05-17,Central,Credit Card,Delivered
507066,10641,2025-06-27,West,Credit Card,Delivered
507067,14605,2025-06-08,West,Net Banking,Delivered
507068,10993,2025-06-23,North,UPI,Delivered
507069,10700,2025-08-31,South,Net Banking,Delivered
507070,13201,2025-04-21,Central,Credit Card,Delivered
507071,12662,2025-05-12,North,Debit Card,Delivered
507072,12970,2025-01-31,South,Credit Card,Delivered
507073,12232,2025-01-04,South,Cash on Delivery,Delivered
507074,12384,2025-01-18,South,UPI,Delivered
507075,13944,2025-12-04,West,UPI,Delivered
507076,11081,2025-08-20,West,UPI,Delivered
507077,12030,2025-10-17,West,UPI,Returned
507078,14803,2025-02-17,South,Credit Card,Delivered
507079,10931,2025-03-04,Central,UPI,Delivered
507080,11482,2025-09-27,North,UPI,Delivered
507081,10935,2025-03-31,South,Credit Card,Cancelled
507082,10096,2025-03-28,South,Credit Card,Delivered
507083,11366,2025-10-16,West,Credit Card,Delivered
507084,10227,2025-03-22,South,UPI,Delivered
507085,10757,2025-06-19,West,UPI,Delivered
507086,11852,2025-06-09,South,Net Banking,Delivered
507087,10097,2025-04-22,West,Credit Card,Delivered
507088,13824,2025-04-09,West,Cash on Delivery,Delivered
507089,14035,2025-06-20,West,UPI,Delivered
507090,12107,2025-07-04,Central,Debit Card,Delivered
507091,14922,2025-05-23,South,Credit Card,Delivered
507092,13465,2025-11-02,West,UPI,Delivered
507093,13786,2025-08-31,South,Credit Card,Delivered
507094,10939,2025-03-12,Central,Credit Card,Delivered
507095,14232,2025-03-04,South,Credit Card,Delivered
507096,14745,2025-03-11,South,UPI,Cancelled
507097,11183,2025-05-21,West,UPI,Cancelled
507098,13504,2025-04-14,South,Credit Card,Shipped
507099,13800,2025-05-26,North,Cash on Delivery,Delivered
507100,11532,2025-06-12,Central,Credit Card,Delivered
507101,12429,2025-01-01,East,Credit Card,Delivered
507102,10499,2025-08-04,North,UPI,Delivered
507103,10836,2025-05-05,East,Cash on Delivery,Delivered
507104,10298,2025-02-05,North,Debit Card,Delivered
507105,12886,2025-08-30,South,Cash on Delivery,Delivered
507106,13201,2025-07-27,Central,UPI,Delivered
507107,14604,2025-09-12,West,Credit Card,Delivered
507108,12786,2025-10-29,South,UPI,Delivered
507109,11325,2025-09-10,West,UPI,Delivered
507110,10294,2025-06-14,Central,UPI,Delivered
507111,14470,2025-05-02,East,Credit Card,Delivered
507112,12454,2025-03-23,North,Debit Card,Delivered
507113,13752,2025-10-27,West,UPI,Shipped
507114,10070,2025-12-15,East,Net Banking,Shipped
507115,12493,2025-11-20,South,UPI,Delivered
507116,11654,2025-03-17,South,UPI,Delivered
507117,10146,2025-11-29,Central,UPI,Delivered
507118,13932,2025-11-30,South,Credit Card,Delivered
507119,12625,2025-06-28,North,UPI,Delivered
507120,11685,2025-07-21,South,Net Banking,Delivered
507121,14077,2025-03-27,North,Debit Card,Delivered
507122,12290,2025-09-22,Central,Credit Card,Delivered
507123,10019,2025-12-03,South,Credit Card,Delivered
507124,14739,2025-12-10,East,Credit Card,Delivered
507125,11292,2025-03-10,Central,Debit Card,Delivered
507126,14197,2025-04-16,East,Cash on Delivery,Delivered
507127,14128,2025-03-06,South,Credit Card,Delivered
507128,10793,2025-01-27,North,Credit Card,Delivered
507129,12421,2025-01-06,North,Credit Card,Shipped
507130,10199,2025-11-05,South,Cash on Delivery,Delivered
507131,11813,2025-04-27,North,Debit Card,Delivered
507132,13724,2025-05-26,North,Net Banking,Cancelled
507133,11185,2025-06-13,North,Credit Card,Delivered
507134,10591,2025-04-07,West,Debit Card,Shipped
507135,12596,2025-11-06,North,Debit Card,Delivered
507136,12752,2025-06-11,South,Credit Card,Delivered
507137,13445,2025-10-15,South,UPI,Delivered
507138,13860,2025-02-20,North,Credit Card,Delivered
507139,13544,2025-05-11,West,Net Banking,Delivered
507140,14274,2025-11-17,East,Debit Card,Delivered
507141,11091,2025-09-11,North,Cash on Delivery,Delivered
507142,12933,2025-12-07,South,UPI,Delivered
507143,11837,2025-01-13,West,Credit Card,Delivered
507144,14827,2025-01-08,North,Debit Card,Delivered
507145,12255,2025-09-21,Central,UPI,Delivered
507146,14810,2025-11-10,North,UPI,Delivered
507147,13901,2025-12-13,West,Debit Card,Delivered
507148,13660,2025-12-25,Central,Debit Card,Delivered
507149,12516,2025-12-09,West,Credit Card,Delivered
507150,12273,2025-05-16,North,UPI,Delivered
507151,12694,2025-11-13,South,Debit Card,Delivered
507152,11482,2025-09-05,North,Debit Card,Delivered
507153,14557,2025-07-18,South,UPI,Delivered
507154,14030,2025-03-17,North,UPI,Delivered
507155,14059,2025-12-24,South,Credit Card,Delivered
507156,12214,2025-12-29,South,Credit Card,Returned
507157,10346,2025-04-04,South,UPI,Returned
507158,13488,2025-11-26,West,Credit Card,Shipped
507159,11905,2025-01-18,South,Debit Card,Cancelled
507160,14398,2025-06-21,West,Cash on Delivery,Delivered
507161,13951,2025-05-28,Central,Net Banking,Delivered
507162,10711,2025-01-02,East,Net Banking,Returned
507163,13086,2025-01-30,South,UPI,Delivered
507164,13527,2025-06-21,North,Credit Card,Shipped
507165,12926,2025-09-07,South,UPI,Delivered
507166,12628,2025-02-16,South,UPI,Returned
507167,11125,2025-10-26,Central,Credit Card,Delivered
507168,11179,2025-01-11,Central,UPI,Delivered
507169,13893,2025-10-02,East,UPI,Delivered
507170,10091,2025-01-04,West,Debit Card,Delivered
507171,13946,2025-06-15,North,UPI,Delivered
507172,12694,2025-07-20,South,Debit Card,Delivered
507173,14693,2025-06-11,West,Cash on Delivery,Cancelled
507174,14988,2025-11-03,North,Debit Card,Delivered
507175,13385,2025-08-27,North,UPI,Delivered
507176,12112,2025-04-14,East,Debit Card,Delivered
507177,12430,2025-12-05,East,Credit Card,Delivered
507178,11001,2025-02-06,West,Debit Card,Delivered
507179,10505,2025-08-12,South,Credit Card,Returned
507180,12988,2025-02-28,South,UPI,Delivered
507181,14076,2025-12-30,West,UPI,Cancelled
507182,11328,2025-08-08,South,Debit Card,Delivered
507183,12148,2025-12-27,West,Credit Card,Delivered
507184,12857,2025-10-01,Central,UPI,Delivered
507185,14571,2025-01-25,South,Debit Card,Shipped
507186,10673,2025-07-26,North,Net Banking,Delivered
507187,11184,2025-01-25,North,Credit Card,Delivered
507188,14615,2025-03-25,West,Debit Card,Delivered
507189,10188,2025-09-05,West,UPI,Returned
507190,13357,2025-09-05,South,Debit Card,Delivered
507191,13259,2025-02-20,North,Debit Card,Delivered
507192,11949,2025-01-10,West,UPI,Delivered
507193,12390,2025-06-26,South,Debit Card,Delivered
507194,14320,2025-05-05,South,Debit Card,Delivered
507195,10799,2025-06-15,East,Debit Card,Delivered
507196,11151,2025-12-14,East,Credit Card,Delivered
507197,12624,2025-05-06,South,Credit Card,Delivered
507198,12098,2025-10-29,North,Credit Card,Delivered
507199,12962,2025-09-04,South,UPI,Delivered
507200,14624,2025-03-11,West,UPI,Delivered
507201,14610,2025-01-11,East,UPI,Cancelled
507202,11135,2025-03-24,North,Cash on Delivery,Delivered
507203,11523,2025-06-09,South,Debit Card,Delivered
507204,10791,2025-02-27,South,Credit Card,Delivered
507205,14654,2025-12-07,West,Debit Card,Delivered
507206,12039,2025-03-20,South,UPI,Shipped
507207,12300,2025-07-04,East,UPI,Delivered
507208,14065,2025-03-18,West,UPI,Shipped
507209,12625,2025-03-12,North,Net Banking,Shipped
507210,10604,2025-04-26,South,Cash on Delivery,Delivered
507211,12245,2025-07-04,West,UPI,Cancelled
507212,13223,2025-11-19,South,Credit Card,Delivered
507213,13663,2025-01-15,South,UPI,Delivered
507214,13287,2025-12-06,South,Net Banking,Delivered
507215,10603,2025-01-03,Central,UPI,Delivered
507216,11530,2025-02-27,West,Credit Card,Delivered
507217,13736,2025-10-10,West,Credit Card,Delivered
507218,14437,2025-07-07,North,Credit Card,Delivered
507219,10229,2025-09-16,North,UPI,Delivered
507220,10210,2025-06-24,East,Debit Card,Delivered
507221,13280,2025-03-06,West,Net Banking,Delivered
507222,12819,2025-01-11,Central,UPI,Delivered
507223,10763,2025-10-08,North,Debit Card,Cancelled
507224,12821,2025-07-10,East,Net Banking,Returned
507225,14880,2025-01-04,North,UPI,Delivered
507226,13223,2025-12-05,South,Cash on Delivery,Delivered
507227,12299,2025-02-23,Central,UPI,Delivered
507228,14187,2025-03-01,North,UPI,Delivered
507229,11047,2025-06-05,West,Credit Card,Delivered
507230,12121,2025-05-18,North,Net Banking,Delivered
507231,12704,2025-06-13,South,Credit Card,Delivered
507232,12586,2025-03-21,North,Credit Card,Delivered
507233,14624,2025-11-11,West,Debit Card,Delivered
507234,11478,2025-06-22,West,Net Banking,Returned
507235,10279,2025-06-28,North,Debit Card,Delivered
507236,14605,2025-02-15,West,UPI,Delivered
507237,11071,2025-09-13,Central,Debit Card,Returned
507238,11932,2025-12-15,West,UPI,Delivered
507239,12720,2025-05-12,Central,Credit Card,Delivered
507240,14886,2025-06-19,West,Net Banking,Returned
507241,12747,2025-05-16,North,UPI,Delivered
507242,12292,2025-04-15,Central,Credit Card,Delivered
507243,13008,2025-10-29,Central,Credit Card,Delivered
507244,14869,2025-01-26,South,Net Banking,Delivered
507245,14135,2025-01-01,West,Net Banking,Delivered
507246,10819,2025-09-11,South,Credit Card,Delivered
507247,14068,2025-07-30,West,Credit Card,Cancelled
507248,14250,2025-07-29,North,Net Banking,Delivered
507249,13523,2025-03-31,North,Net Banking,Delivered
507250,13364,2025-02-08,South,Credit Card,Delivered
507251,12258,2025-01-27,East,UPI,Delivered
507252,13271,2025-07-17,South,Credit Card,Delivered
507253,13752,2025-08-18,West,Cash on Delivery,Delivered
507254,10609,2025-01-16,East,Debit Card,Delivered
507255,11305,2025-11-19,South,Net Banking,Delivered
507256,10950,2025-01-22,West,UPI,Delivered
507257,14250,2025-03-14,North,Debit Card,Delivered
507258,13466,2025-07-03,West,Debit Card,Shipped
507259,12301,2025-05-15,West,Credit Card,Delivered
507260,14179,2025-11-28,East,Debit Card,Delivered
507261,13655,2025-01-01,East,Net Banking,Returned
507262,14597,2025-07-27,South,Cash on Delivery,Delivered
507263,10380,2025-01-14,West,UPI,Delivered
507264,12610,2025-08-10,North,Credit Card,Returned
507265,13598,2025-09-01,South,UPI,Delivered
507266,11018,2025-05-27,North,Credit Card,Delivered
507267,11660,2025-10-02,West,Credit Card,Shipped
507268,12146,2025-03-18,South,Net Banking,Delivered
507269,14030,2025-04-18,North,Cash on Delivery,Delivered
507270,12526,2025-11-26,West,Credit Card,Delivered
507271,12522,2025-04-21,North,Cash on Delivery,Delivered
507272,12202,2025-05-05,North,Credit Card,Delivered
507273,11128,2025-04-03,West,Net Banking,Delivered
507274,14628,2025-08-25,East,UPI,Delivered
507275,11609,2025-09-05,Central,UPI,Delivered
507276,12924,2025-05-23,East,UPI,Delivered
507277,10729,2025-07-28,West,Cash on Delivery,Delivered
507278,12220,2025-11-15,Central,UPI,Delivered
507279,14555,2025-01-23,South,Debit Card,Delivered
507280,14981,2025-01-10,North,Credit Card,Returned
507281,11844,2025-09-13,East,Net Banking,Delivered
507282,10753,2025-06-26,South,UPI,Delivered
507283,11585,2025-09-11,North,Credit Card,Delivered
507284,11660,2025-12-18,West,Credit Card,Returned
507285,13284,2025-10-17,East,UPI,Delivered
507286,12541,2025-04-05,West,UPI,Delivered
507287,13897,2025-10-22,North,UPI,Delivered
507288,13573,2025-03-21,South,UPI,Shipped
507289,11275,2025-08-06,South,Net Banking,Delivered
507290,13971,2025-07-28,West,Debit Card,Delivered
507291,14284,2025-04-10,North,Credit Card,Delivered
507292,13073,2025-01-23,North,Debit Card,Delivered
507293,14652,2025-10-08,South,Credit Card,Delivered
507294,13967,2025-07-16,West,Debit Card,Delivered
507295,13061,2025-09-04,South,UPI,Delivered
507296,14562,2025-03-31,North,Net Banking,Delivered
507297,13082,2025-09-10,West,Debit Card,Delivered
507298,12656,2025-01-06,East,Net Banking,Delivered
507299,11817,2025-01-19,North,UPI,Delivered
507300,14454,2025-10-02,West,Net Banking,Delivered
507301,10609,2025-04-20,East,UPI,Delivered
507302,12420,2025-04-05,South,Debit Card,Delivered
507303,12753,2025-03-28,North,UPI,Delivered
507304,12856,2025-01-13,West,UPI,Delivered
507305,13324,2025-12-08,East,UPI,Delivered
507306,12591,2025-07-14,West,Credit Card,Delivered
507307,11304,2025-03-17,South,UPI,Delivered
507308,14325,2025-08-17,West,UPI,Delivered
507309,13366,2025-06-08,South,Cash on Delivery,Delivered
507310,14330,2025-11-29,East,UPI,Delivered
507311,11394,2025-01-23,West,UPI,Delivered
507312,13249,2025-07-24,North,UPI,Returned
507313,13638,2025-11-22,West,UPI,Delivered
507314,11951,2025-08-28,West,UPI,Delivered
507315,14107,2025-11-10,South,Net Banking,Delivered
507316,10011,2025-07-14,West,Cash on Delivery,Cancelled
507317,13057,2025-07-18,Central,Credit Card,Delivered
507318,13149,2025-05-18,West,Credit Card,Delivered
507319,12738,2025-08-11,North,Cash on Delivery,Delivered
507320,13222,2025-11-20,North,Net Banking,Delivered
507321,10809,2025-11-22,West,Credit Card,Delivered
507322,13495,2025-12-04,Central,Debit Card,Delivered
507323,11702,2025-08-03,North,UPI,Delivered
507324,12306,2025-01-08,South,UPI,Delivered
507325,11685,2025-08-04,South,UPI,Delivered
507326,12421,2025-10-11,North,Credit Card,Shipped
507327,13185,2025-09-12,North,Credit Card,Returned
507328,14238,2025-11-19,North,UPI,Delivered
507329,12472,2025-07-24,Central,Net Banking,Shipped
507330,11639,2025-06-10,East,Credit Card,Delivered
507331,12492,2025-04-24,Central,Credit Card,Delivered
507332,13513,2025-09-02,East,Credit Card,Delivered
507333,11765,2025-12-02,West,UPI,Delivered
507334,12121,2025-07-22,North,Cash on Delivery,Delivered
507335,12899,2025-08-05,East,UPI,Shipped
507336,11484,2025-05-25,East,UPI,Delivered
507337,11025,2025-05-14,North,Credit Card,Delivered
507338,10682,2025-06-23,North,UPI,Returned
507339,11801,2025-09-27,North,UPI,Delivered
507340,10235,2025-06-14,North,Net Banking,Delivered
507341,13008,2025-04-17,Central,Credit Card,Delivered
507342,10857,2025-09-05,South,Cash on Delivery,Returned
507343,11925,2025-11-28,East,Cash on Delivery,Delivered
507344,11366,2025-12-05,West,Cash on Delivery,Delivered
507345,13223,2025-12-07,South,UPI,Delivered
507346,14297,2025-01-29,North,Cash on Delivery,Delivered
507347,13236,2025-08-08,West,UPI,Shipped
507348,12786,2025-07-28,South,Debit Card,Delivered
507349,13417,2025-02-18,West,Net Banking,Delivered
507350,10146,2025-01-02,Central,UPI,Delivered
507351,10609,2025-07-17,East,UPI,Delivered
507352,10485,2025-03-30,South,Debit Card,Delivered
507353,10500,2025-07-30,East,Credit Card,Delivered
507354,11321,2025-03-11,Central,Debit Card,Delivered
507355,12726,2025-07-12,North,UPI,Delivered
507356,10582,2025-02-15,East,Cash on Delivery,Delivered
507357,14689,2025-03-04,South,Credit Card,Delivered
507358,14316,2025-04-29,South,Net Banking,Delivered
507359,14873,2025-08-14,West,Debit Card,Delivered
507360,10212,2025-12-07,North,Cash on Delivery,Shipped
507361,14304,2025-01-27,South,Credit Card,Returned
507362,14072,2025-07-10,East,UPI,Delivered
507363,14548,2025-10-06,East,Debit Card,Delivered
507364,12704,2025-08-16,South,Cash on Delivery,Shipped
507365,13992,2025-12-22,West,Net Banking,Delivered
507366,10250,2025-08-12,East,Credit Card,Delivered
507367,10373,2025-10-22,Central,Net Banking,Cancelled
507368,10600,2025-02-27,West,Debit Card,Delivered
507369,14599,2025-10-28,West,Cash on Delivery,Delivered
507370,10298,2025-07-28,North,Credit Card,Delivered
507371,10509,2025-05-22,Central,UPI,Delivered
507372,14664,2025-05-30,West,UPI,Delivered
507373,10537,2025-01-17,South,Debit Card,Delivered
507374,14396,2025-08-28,East,Debit Card,Delivered
507375,13996,2025-02-07,West,Debit Card,Delivered
507376,10200,2025-12-12,South,Debit Card,Delivered
507377,10105,2025-10-14,North,Credit Card,Delivered
507378,12740,2025-04-08,North,UPI,Shipped
507379,14985,2025-02-27,South,Net Banking,Delivered
507380,14430,2025-12-13,Central,UPI,Delivered
507381,11565,2025-01-17,North,Cash on Delivery,Delivered
507382,11966,2025-04-30,Central,UPI,Delivered
507383,11975,2025-01-23,West,UPI,Delivered
507384,13737,2025-07-29,South,Credit Card,Delivered
507385,11737,2025-08-01,East,UPI,Delivered
507386,10722,2025-05-28,West,Cash on Delivery,Delivered
507387,13800,2025-04-06,North,Credit Card,Delivered
507388,12339,2025-09-17,West,UPI,Returned
507389,10380,2025-03-14,West,Cash on Delivery,Delivered
507390,14001,2025-11-27,North,Net Banking,Delivered
507391,13015,2025-02-18,Central,Cash on Delivery,Delivered
507392,12503,2025-08-10,North,UPI,Shipped
507393,13433,2025-12-31,South,UPI,Delivered
507394,12589,2025-10-09,West,Credit Card,Delivered
507395,13301,2025-02-01,West,UPI,Delivered
507396,14387,2025-01-28,North,UPI,Delivered
507397,13149,2025-11-03,West,Cash on Delivery,Delivered
507398,13374,2025-06-17,West,Cash on Delivery,Delivered
507399,13150,2025-02-06,South,Cash on Delivery,Delivered
507400,12722,2025-08-22,Central,Credit Card,Delivered
507401,10832,2025-06-28,Central,UPI,Delivered
507402,11702,2025-02-26,North,UPI,Delivered
507403,13529,2025-08-21,South,Credit Card,Delivered
507404,12174,2025-12-02,East,Debit Card,Delivered
507405,12082,2025-03-13,East,Debit Card,Delivered
507406,13860,2025-07-14,North,Credit Card,Delivered
507407,10030,2025-01-03,South,Net Banking,Delivered
507408,13465,2025-07-21,West,Cash on Delivery,Delivered
507409,12503,2025-07-10,North,Net Banking,Delivered
507410,11920,2025-07-26,East,Credit Card,Shipped
507411,11733,2025-04-21,East,Cash on Delivery,Delivered
507412,10836,2025-12-13,East,Cash on Delivery,Delivered
507413,11692,2025-02-20,Central,Credit Card,Delivered
507414,12000,2025-08-26,West,Credit Card,Delivered
507415,12243,2025-05-14,West,UPI,Returned
507416,13429,2025-10-08,West,Cash on Delivery,Delivered
507417,12314,2025-08-14,West,UPI,Shipped
507418,14037,2025-01-26,West,Credit Card,Delivered
507419,13260,2025-08-04,East,Debit Card,Cancelled
507420,10930,2025-03-21,South,Net Banking,Delivered
507421,11402,2025-10-19,South,Credit Card,Delivered
507422,10399,2025-01-21,South,Debit Card,Delivered
507423,14749,2025-08-10,South,Debit Card,Shipped
507424,14475,2025-02-18,Central,UPI,Delivered
507425,10429,2025-12-06,Central,Cash on Delivery,Shipped
507426,12960,2025-03-01,East,Credit Card,Delivered
507427,14817,2025-12-28,North,UPI,Delivered
507428,13800,2025-08-30,North,Credit Card,Delivered
507429,12517,2025-01-19,East,Debit Card,Delivered
507430,11208,2025-03-19,North,Net Banking,Shipped
507431,11407,2025-12-22,Central,Debit Card,Delivered
507432,13747,2025-05-11,North,Credit Card,Delivered
507433,13951,2025-08-02,Central,Debit Card,Delivered
507434,12706,2025-05-08,North,Credit Card,Shipped
507435,10605,2025-04-17,North,Cash on Delivery,Delivered
507436,14683,2025-06-30,East,Cash on Delivery,Delivered
507437,14270,2025-07-13,West,UPI,Delivered
507438,10682,2025-11-14,North,Credit Card,Delivered
507439,10280,2025-02-14,South,Credit Card,Delivered
507440,12748,2025-02-26,West,Debit Card,Delivered
507441,11430,2025-12-23,West,Credit Card,Delivered
507442,11427,2025-07-02,West,Credit Card,Returned
507443,10448,2025-10-02,South,Credit Card,Delivered
507444,14778,2025-11-13,South,Credit Card,Delivered
507445,14197,2025-01-05,East,UPI,Delivered
507446,10574,2025-06-03,North,Debit Card,Delivered
507447,14420,2025-01-19,East,Credit Card,Delivered
507448,13488,2025-01-31,West,Cash on Delivery,Returned
507449,11651,2025-05-27,West,Credit Card,Delivered
507450,14402,2025-12-28,West,UPI,Shipped
507451,13070,2025-12-03,North,Credit Card,Delivered
507452,14288,2025-12-12,North,Debit Card,Delivered
507453,12398,2025-05-05,North,Credit Card,Returned
507454,12568,2025-11-24,South,UPI,Delivered
507455,11469,2025-12-26,South,Credit Card,Delivered
507456,11974,2025-01-25,North,Credit Card,Delivered
507457,12924,2025-06-02,East,Cash on Delivery,Delivered
507458,14758,2025-08-25,West,UPI,Delivered
507459,13080,2025-08-02,South,Credit Card,Delivered
507460,10722,2025-05-21,West,Credit Card,Delivered
507461,10035,2025-10-25,South,UPI,Delivered
507462,14302,2025-05-23,West,Credit Card,Delivered
507463,11858,2025-01-23,East,Debit Card,Delivered
507464,11591,2025-10-11,West,UPI,Delivered
507465,14058,2025-04-22,East,Debit Card,Delivered
507466,14747,2025-09-26,West,Credit Card,Delivered
507467,13800,2025-04-06,North,Cash on Delivery,Delivered
507468,10842,2025-11-27,West,Debit Card,Delivered
507469,11999,2025-06-21,South,Credit Card,Shipped
507470,13860,2025-10-18,North,Cash on Delivery,Delivered
507471,14569,2025-10-30,West,Debit Card,Delivered
507472,14994,2025-08-23,South,Net Banking,Delivered
507473,12623,2025-11-02,North,Cash on Delivery,Delivered
507474,14166,2025-03-28,East,Cash on Delivery,Delivered
507475,10228,2025-10-23,North,UPI,Delivered
507476,11439,2025-11-29,South,UPI,Delivered
507477,11890,2025-07-17,North,Debit Card,Delivered
507478,14884,2025-08-09,West,UPI,Delivered
507479,10019,2025-10-25,South,Credit Card,Delivered
507480,11552,2025-05-23,West,Credit Card,Delivered
507481,14664,2025-03-01,West,Credit Card,Delivered
507482,11545,2025-11-10,West,Net Banking,Delivered
507483,11103,2025-10-16,East,Credit Card,Delivered
507484,13720,2025-01-02,South,Net Banking,Delivered
507485,13790,2025-06-02,North,Net Banking,Delivered
507486,12414,2025-09-11,West,Debit Card,Cancelled
507487,14758,2025-02-28,West,Credit Card,Delivered
507488,10993,2025-09-08,North,UPI,Delivered
507489,14596,2025-01-25,North,Debit Card,Cancelled
507490,13838,2025-05-13,North,Net Banking,Delivered
507491,11873,2025-08-31,West,Credit Card,Delivered
507492,14081,2025-03-03,South,UPI,Delivered
507493,10656,2025-04-14,South,Debit Card,Returned
507494,10647,2025-03-19,East,Net Banking,Delivered
507495,14664,2025-07-28,West,Credit Card,Delivered
507496,10483,2025-04-15,West,Debit Card,Delivered
507497,10020,2025-04-01,East,Net Banking,Delivered
507498,11983,2025-06-13,West,UPI,Delivered
507499,10521,2025-12-20,West,UPI,Delivered
507500,14366,2025-04-25,West,Debit Card,Shipped
507501,14626,2025-05-30,West,Credit Card,Delivered
507502,12466,2025-08-21,West,Credit Card,Delivered
507503,12174,2025-03-27,East,Cash on Delivery,Delivered
507504,12768,2025-01-28,West,Net Banking,Delivered
507505,11110,2025-02-17,East,UPI,Delivered
507506,11506,2025-07-07,Central,Credit Card,Delivered
507507,10510,2025-03-25,Central,Net Banking,Delivered
507508,12286,2025-03-04,South,UPI,Delivered
507509,13136,2025-01-02,North,UPI,Delivered
507510,14664,2025-10-06,West,UPI,Shipped
507511,13762,2025-02-20,South,Credit Card,Delivered
507512,13686,2025-08-14,South,UPI,Delivered
507513,11552,2025-03-21,West,Debit Card,Delivered
507514,14485,2025-09-03,North,Credit Card,Delivered
507515,14758,2025-07-25,West,Credit Card,Delivered
507516,14677,2025-04-26,West,UPI,Delivered
507517,10182,2025-09-14,South,Net Banking,Delivered
507518,13099,2025-01-15,South,UPI,Delivered
507519,13280,2025-08-05,West,Net Banking,Delivered
507520,11492,2025-02-12,South,UPI,Delivered
507521,14966,2025-04-13,Central,Credit Card,Delivered
507522,11471,2025-10-21,South,Net Banking,Delivered
507523,11069,2025-03-04,West,Credit Card,Delivered
507524,12478,2025-08-19,South,UPI,Delivered
507525,11639,2025-08-26,East,Debit Card,Delivered
507526,14631,2025-11-03,South,UPI,Delivered
507527,12255,2025-09-07,Central,UPI,Delivered
507528,12100,2025-03-19,Central,UPI,Shipped
507529,13201,2025-03-24,Central,Credit Card,Delivered
507530,10405,2025-06-03,South,Credit Card,Delivered
507531,13845,2025-08-18,West,Credit Card,Delivered
507532,13897,2025-04-07,North,UPI,Delivered
507533,12421,2025-06-23,North,Net Banking,Delivered
507534,14791,2025-05-20,North,UPI,Cancelled
507535,12993,2025-04-03,South,Cash on Delivery,Shipped
507536,13544,2025-05-20,West,UPI,Delivered
507537,14634,2025-01-29,North,Net Banking,Delivered
507538,13400,2025-12-27,North,UPI,Delivered
507539,12206,2025-03-02,East,Debit Card,Delivered
507540,10123,2025-02-10,North,UPI,Delivered
507541,13707,2025-05-28,South,Debit Card,Delivered
507542,14844,2025-10-29,North,Credit Card,Delivered
507543,12400,2025-09-04,North,Credit Card,Delivered
507544,11731,2025-06-07,North,Debit Card,Delivered
507545,12650,2025-10-22,North,UPI,Delivered
507546,13707,2025-09-03,South,UPI,Delivered
507547,10006,2025-10-23,West,Net Banking,Delivered
507548,14482,2025-06-28,South,Net Banking,Delivered
507549,14474,2025-09-15,East,Cash on Delivery,Delivered
507550,12781,2025-08-06,North,UPI,Delivered
507551,10608,2025-06-05,West,UPI,Delivered
507552,13426,2025-11-03,Central,UPI,Delivered
507553,10673,2025-04-30,North,Debit Card,Delivered
507554,12597,2025-09-21,West,UPI,Delivered
507555,10478,2025-10-14,North,Credit Card,Delivered
507556,13030,2025-02-08,North,UPI,Delivered
507557,11610,2025-07-07,Central,Cash on Delivery,Delivered
507558,14198,2025-08-30,South,Credit Card,Delivered
507559,14052,2025-03-24,Central,UPI,Delivered
507560,14994,2025-07-24,South,Credit Card,Delivered
507561,11306,2025-05-24,South,UPI,Delivered
507562,10298,2025-10-06,North,UPI,Delivered
507563,12272,2025-07-01,East,Debit Card,Delivered
507564,10417,2025-11-21,North,Debit Card,Delivered
507565,10871,2025-01-12,North,Credit Card,Delivered
507566,13069,2025-10-19,East,UPI,Delivered
507567,13047,2025-02-26,North,UPI,Delivered
507568,10214,2025-06-03,East,Credit Card,Shipped
507569,12271,2025-04-02,West,Credit Card,Returned
507570,12712,2025-03-31,South,Net Banking,Delivered
507571,11357,2025-01-04,South,UPI,Cancelled
507572,14406,2025-08-09,Central,Debit Card,Delivered
507573,10786,2025-05-24,South,UPI,Delivered
507574,11286,2025-01-22,North,Credit Card,Delivered
507575,10771,2025-07-11,West,Credit Card,Delivered
507576,10588,2025-04-17,North,UPI,Delivered
507577,14432,2025-11-22,North,Cash on Delivery,Delivered
507578,11402,2025-08-08,South,UPI,Returned
507579,13683,2025-08-27,West,UPI,Delivered
507580,12190,2025-12-07,East,Debit Card,Delivered
507581,13245,2025-08-06,Central,UPI,Delivered
507582,14655,2025-02-08,Central,UPI,Shipped
507583,14270,2025-09-02,West,Cash on Delivery,Delivered
507584,10335,2025-05-30,South,UPI,Delivered
507585,14271,2025-01-30,South,UPI,Delivered
507586,12306,2025-06-10,South,UPI,Delivered
507587,11786,2025-04-14,Central,UPI,Delivered
507588,13429,2025-06-07,West,Cash on Delivery,Delivered
507589,14768,2025-11-05,South,UPI,Delivered
507590,10481,2025-05-14,North,Net Banking,Delivered
507591,13893,2025-02-23,East,Net Banking,Delivered
507592,10995,2025-12-01,North,Credit Card,Delivered
507593,11936,2025-02-05,West,Cash on Delivery,Delivered
507594,14412,2025-11-15,South,UPI,Delivered
507595,12807,2025-05-11,North,Credit Card,Delivered
507596,10326,2025-11-09,West,UPI,Delivered
507597,12600,2025-03-21,North,Debit Card,Cancelled
507598,13997,2025-09-29,North,UPI,Delivered
507599,12706,2025-04-30,North,Net Banking,Delivered
507600,10809,2025-05-14,West,Credit Card,Delivered
507601,12280,2025-07-24,South,UPI,Delivered
507602,14634,2025-09-22,North,UPI,Delivered
507603,13368,2025-08-21,West,Debit Card,Delivered
507604,13719,2025-01-28,North,Cash on Delivery,Delivered
507605,13979,2025-10-28,North,Cash on Delivery,Cancelled
507606,10464,2025-02-27,South,Net Banking,Delivered
507607,13001,2025-01-29,Central,Credit Card,Delivered
507608,11915,2025-12-17,West,Cash on Delivery,Delivered
507609,10676,2025-11-09,South,Debit Card,Delivered
507610,10993,2025-02-02,North,UPI,Delivered
507611,13954,2025-04-18,North,UPI,Delivered
507612,10789,2025-09-29,East,Credit Card,Delivered
507613,11576,2025-12-11,North,UPI,Cancelled
507614,11435,2025-07-10,North,UPI,Delivered
507615,10236,2025-03-22,North,Debit Card,Delivered
507616,12362,2025-03-23,South,UPI,Delivered
507617,13887,2025-04-06,North,Debit Card,Shipped
507618,10106,2025-05-26,South,UPI,Returned
507619,10572,2025-02-26,North,Net Banking,Delivered
507620,13664,2025-08-06,West,UPI,Delivered
507621,13053,2025-08-30,South,Cash on Delivery,Cancelled
507622,13647,2025-10-11,North,UPI,Shipped
507623,11137,2025-06-17,West,Credit Card,Delivered
507624,14072,2025-05-16,East,Net Banking,Delivered
507625,12458,2025-05-21,South,UPI,Delivered
507626,13128,2025-06-21,North,Net Banking,Delivered
507627,10470,2025-02-16,Central,Cash on Delivery,Delivered
507628,11006,2025-01-10,South,UPI,Cancelled
507629,13920,2025-10-24,North,Credit Card,Delivered
507630,11097,2025-07-14,West,UPI,Delivered
507631,10470,2025-11-26,Central,Debit Card,Delivered
507632,13068,2025-01-15,South,UPI,Delivered
507633,12818,2025-08-04,East,Net Banking,Delivered
507634,13121,2025-07-08,West,Debit Card,Delivered
507635,13169,2025-09-10,West,Debit Card,Cancelled
507636,12564,2025-11-26,North,Credit Card,Delivered
507637,12527,2025-02-21,North,Credit Card,Delivered
507638,14632,2025-02-28,West,UPI,Delivered
507639,12738,2025-06-25,North,UPI,Cancelled
507640,13164,2025-10-22,West,Cash on Delivery,Delivered
507641,11351,2025-05-06,South,Credit Card,Delivered
507642,14402,2025-02-11,West,Credit Card,Shipped
507643,10119,2025-11-03,Central,UPI,Delivered
507644,12874,2025-11-02,South,Net Banking,Delivered
507645,11957,2025-12-14,East,Debit Card,Returned
507646,13098,2025-12-27,East,UPI,Cancelled
507647,11837,2025-09-11,West,UPI,Delivered
507648,13658,2025-03-07,West,UPI,Delivered
507649,10095,2025-02-27,West,Debit Card,Delivered
507650,12081,2025-05-07,South,UPI,Delivered
507651,14198,2025-01-04,South,Cash on Delivery,Delivered
507652,11267,2025-08-23,South,Credit Card,Delivered
507653,10256,2025-02-01,North,Net Banking,Delivered
507654,12545,2025-06-24,North,Debit Card,Delivered
507655,14887,2025-03-03,South,UPI,Delivered
507656,10315,2025-08-14,West,Credit Card,Delivered
507657,10339,2025-05-24,East,Credit Card,Delivered
507658,13057,2025-01-18,Central,Cash on Delivery,Delivered
507659,11266,2025-08-08,North,UPI,Delivered
507660,12101,2025-08-22,West,Debit Card,Delivered
507661,14197,2025-08-23,East,Credit Card,Delivered
507662,10977,2025-12-28,Central,Debit Card,Delivered
507663,13663,2025-11-17,South,UPI,Delivered
507664,12586,2025-03-21,North,Cash on Delivery,Delivered
507665,14558,2025-10-20,South,Cash on Delivery,Delivered
507666,14878,2025-03-14,South,Credit Card,Delivered
507667,12479,2025-12-03,East,UPI,Delivered
507668,13013,2025-04-10,North,Net Banking,Delivered
507669,13793,2025-09-13,East,Debit Card,Delivered
507670,11612,2025-11-11,South,Debit Card,Returned
507671,11116,2025-12-17,East,Net Banking,Cancelled
507672,14844,2025-06-11,North,Debit Card,Shipped
507673,12210,2025-10-20,South,Cash on Delivery,Delivered
507674,10010,2025-06-11,South,Cash on Delivery,Shipped
507675,14234,2025-12-23,East,Credit Card,Shipped
507676,13078,2025-05-09,Central,UPI,Delivered
507677,10816,2025-11-05,South,Credit Card,Delivered
507678,10146,2025-09-10,Central,Cash on Delivery,Delivered
507679,11472,2025-03-03,Central,UPI,Delivered
507680,14654,2025-05-23,West,Debit Card,Shipped
507681,14680,2025-08-11,East,UPI,Delivered
507682,11568,2025-11-03,West,Net Banking,Delivered
507683,14224,2025-01-14,North,Debit Card,Delivered
507684,12267,2025-12-30,North,Credit Card,Delivered
507685,13340,2025-04-08,North,Debit Card,Cancelled
507686,11693,2025-02-28,West,UPI,Returned
507687,12635,2025-06-29,South,Net Banking,Delivered
507688,11482,2025-01-01,North,Credit Card,Delivered
507689,10297,2025-08-15,North,UPI,Delivered
507690,10678,2025-05-25,South,UPI,Delivered
507691,11469,2025-11-08,South,UPI,Delivered
507692,14886,2025-05-13,West,Debit Card,Delivered
507693,14846,2025-05-25,Central,Debit Card,Delivered
507694,14187,2025-10-01,North,UPI,Delivered
507695,11155,2025-12-11,North,Debit Card,Delivered
507696,12263,2025-11-07,West,Credit Card,Delivered
507697,12253,2025-02-16,South,Cash on Delivery,Delivered
507698,11970,2025-07-27,South,Debit Card,Delivered
507699,10222,2025-08-27,West,Credit Card,Delivered
507700,12742,2025-08-30,South,UPI,Delivered
507701,10357,2025-04-14,West,Credit Card,Cancelled
507702,14062,2025-10-04,West,UPI,Shipped
507703,13525,2025-06-06,North,Debit Card,Delivered
507704,11802,2025-07-07,South,Debit Card,Delivered
507705,13294,2025-06-23,West,UPI,Delivered
507706,11163,2025-04-10,East,UPI,Delivered
507707,11347,2025-01-10,West,Cash on Delivery,Delivered
507708,11585,2025-03-25,North,UPI,Delivered
507709,14042,2025-02-22,South,Credit Card,Delivered
507710,11033,2025-05-07,South,Net Banking,Delivered
507711,12898,2025-05-15,Central,Debit Card,Delivered
507712,10984,2025-10-13,Central,Credit Card,Delivered
507713,11436,2025-12-15,West,Debit Card,Delivered
507714,11176,2025-02-24,North,UPI,Delivered
507715,13287,2025-09-01,South,Credit Card,Delivered
507716,12694,2025-03-06,South,UPI,Delivered
507717,13674,2025-01-21,Central,UPI,Delivered
507718,11081,2025-09-20,West,UPI,Delivered
507719,10047,2025-10-27,Central,Net Banking,Delivered
507720,13470,2025-11-20,South,Debit Card,Delivered
507721,10582,2025-12-25,East,UPI,Cancelled
507722,11241,2025-09-05,West,Credit Card,Delivered
507723,11536,2025-05-23,East,UPI,Returned
507724,13799,2025-04-08,South,Net Banking,Returned
507725,13201,2025-01-02,Central,Credit Card,Delivered
507726,10898,2025-12-23,West,UPI,Delivered
507727,13070,2025-05-11,North,Debit Card,Cancelled
507728,13615,2025-06-25,East,Cash on Delivery,Delivered
507729,11983,2025-02-16,West,Credit Card,Delivered
507730,11240,2025-08-29,North,Debit Card,Delivered
507731,13465,2025-12-22,West,UPI,Delivered
507732,13134,2025-01-27,South,Debit Card,Delivered
507733,10386,2025-02-05,East,Cash on Delivery,Delivered
507734,13405,2025-12-05,East,Debit Card,Delivered
507735,12498,2025-12-20,East,UPI,Delivered
507736,13827,2025-12-02,North,Debit Card,Shipped
507737,10934,2025-06-29,West,Net Banking,Delivered
507738,11311,2025-02-20,Central,Credit Card,Delivered
507739,12789,2025-12-08,South,Debit Card,Delivered
507740,12462,2025-06-09,South,UPI,Returned
507741,11966,2025-09-15,Central,Credit Card,Shipped
507742,13793,2025-01-17,East,UPI,Delivered
507743,12907,2025-10-06,East,Net Banking,Delivered
507744,13625,2025-06-21,South,UPI,Cancelled
507745,10748,2025-10-29,East,UPI,Delivered
507746,13714,2025-02-23,West,Credit Card,Delivered
507747,12361,2025-01-13,North,Credit Card,Delivered
507748,10160,2025-07-21,North,Cash on Delivery,Delivered
507749,11167,2025-11-23,West,UPI,Delivered
507750,10127,2025-09-03,Central,Net Banking,Delivered
507751,12335,2025-09-28,Central,Debit Card,Delivered
507752,11654,2025-08-16,South,Debit Card,Delivered
507753,14944,2025-03-03,South,UPI,Delivered
507754,14392,2025-07-20,West,Credit Card,Delivered
507755,14178,2025-06-01,Central,Credit Card,Delivered
507756,12571,2025-03-11,South,Debit Card,Delivered
507757,14081,2025-07-08,South,Debit Card,Delivered
507758,11351,2025-11-23,South,Cash on Delivery,Delivered
507759,12891,2025-07-27,North,UPI,Delivered
507760,12010,2025-05-11,West,Credit Card,Returned
507761,10826,2025-06-06,North,Debit Card,Delivered
507762,10354,2025-10-04,South,Credit Card,Delivered
507763,12876,2025-02-23,South,Cash on Delivery,Delivered
507764,10499,2025-09-01,North,Net Banking,Delivered
507765,13659,2025-08-03,West,Net Banking,Delivered
507766,14624,2025-01-11,West,Debit Card,Delivered
507767,10791,2025-08-07,South,Credit Card,Delivered
507768,12405,2025-07-24,North,Credit Card,Shipped
507769,13761,2025-07-20,East,UPI,Delivered
507770,11448,2025-03-13,North,Cash on Delivery,Delivered
507771,14623,2025-04-19,North,UPI,Delivered
507772,14485,2025-01-27,North,Net Banking,Delivered
507773,10521,2025-12-15,West,UPI,Cancelled
507774,10135,2025-10-16,North,Credit Card,Delivered
507775,14887,2025-01-05,South,Credit Card,Delivered
507776,14795,2025-09-22,North,UPI,Delivered
507777,12160,2025-05-21,West,UPI,Shipped
507778,10246,2025-08-13,West,UPI,Delivered
507779,13172,2025-12-16,South,Cash on Delivery,Delivered
507780,11481,2025-03-30,North,Net Banking,Delivered
507781,14695,2025-05-14,Central,UPI,Delivered
507782,14032,2025-04-13,East,UPI,Delivered
507783,13306,2025-11-26,Central,Credit Card,Delivered
507784,11433,2025-05-05,West,UPI,Delivered
507785,13573,2025-10-31,South,UPI,Delivered
507786,11464,2025-03-24,South,Net Banking,Delivered
507787,10179,2025-09-24,West,UPI,Delivered
507788,12603,2025-09-20,West,Cash on Delivery,Delivered
507789,12498,2025-12-27,East,Debit Card,Delivered
507790,13876,2025-02-26,Central,Net Banking,Delivered
507791,14379,2025-10-14,East,Debit Card,Delivered
507792,11813,2025-07-06,North,Credit Card,Delivered
507793,12300,2025-06-23,East,Credit Card,Delivered
507794,12401,2025-12-03,East,UPI,Shipped
507795,11642,2025-12-01,North,Debit Card,Delivered
507796,13786,2025-05-15,South,UPI,Delivered
507797,12662,2025-04-04,North,UPI,Delivered
507798,14598,2025-12-17,West,UPI,Cancelled
507799,13313,2025-01-09,Central,UPI,Delivered
507800,11041,2025-01-09,East,Credit Card,Delivered
507801,10799,2025-04-23,East,Net Banking,Delivered
507802,11896,2025-05-02,West,UPI,Delivered
507803,11767,2025-04-18,West,Credit Card,Delivered
507804,12086,2025-12-08,North,Credit Card,Delivered
507805,10893,2025-09-29,East,Credit Card,Delivered
507806,14895,2025-09-15,Central,UPI,Delivered
507807,10712,2025-07-17,North,Credit Card,Delivered
507808,13328,2025-04-28,North,Credit Card,Delivered
507809,10065,2025-06-05,West,Net Banking,Delivered
507810,12086,2025-05-08,North,UPI,Delivered
507811,11562,2025-02-12,North,Net Banking,Shipped
507812,11941,2025-03-04,West,Debit Card,Delivered
507813,12553,2025-05-25,East,Cash on Delivery,Delivered
507814,13082,2025-10-02,West,Cash on Delivery,Delivered
507815,13008,2025-01-23,Central,Debit Card,Delivered
507816,13223,2025-12-30,South,Cash on Delivery,Delivered
507817,14268,2025-10-02,North,UPI,Delivered
507818,14480,2025-05-09,East,UPI,Cancelled
507819,13751,2025-10-26,East,UPI,Shipped
507820,10396,2025-10-08,South,Net Banking,Delivered
507821,14823,2025-07-01,South,UPI,Delivered
507822,14758,2025-09-19,West,Net Banking,Delivered
507823,13630,2025-08-16,East,Credit Card,Delivered
507824,12640,2025-09-08,South,Net Banking,Shipped
507825,11270,2025-03-22,North,Net Banking,Delivered
507826,13844,2025-03-17,West,Debit Card,Delivered
507827,14425,2025-10-08,West,Cash on Delivery,Delivered
507828,13393,2025-07-21,South,Debit Card,Delivered
507829,13217,2025-04-29,East,UPI,Delivered
507830,10945,2025-09-09,North,Cash on Delivery,Delivered
507831,11823,2025-05-02,West,Debit Card,Delivered
507832,13686,2025-06-23,South,Credit Card,Shipped
507833,10081,2025-12-25,West,Credit Card,Delivered
507834,13268,2025-02-28,East,Debit Card,Delivered
507835,13889,2025-02-24,North,Debit Card,Delivered
507836,11696,2025-06-01,South,Net Banking,Delivered
507837,10377,2025-11-27,South,UPI,Delivered
507838,14145,2025-06-01,South,Cash on Delivery,Delivered
507839,10689,2025-06-17,Central,UPI,Delivered
507840,11889,2025-05-28,South,Credit Card,Shipped
507841,13605,2025-12-09,South,UPI,Delivered
507842,14132,2025-07-16,West,Credit Card,Delivered
507843,14363,2025-05-04,Central,Debit Card,Cancelled
507844,12715,2025-08-16,South,Credit Card,Delivered
507845,12437,2025-11-29,South,UPI,Shipped
507846,14288,2025-07-13,North,Credit Card,Delivered
507847,12900,2025-12-15,South,Debit Card,Shipped
507848,12986,2025-03-20,North,Cash on Delivery,Delivered
507849,12219,2025-01-08,North,Credit Card,Shipped
507850,11899,2025-12-20,North,Credit Card,Delivered
507851,12460,2025-02-24,North,Cash on Delivery,Delivered
507852,11862,2025-02-06,North,Net Banking,Delivered
507853,11744,2025-12-12,North,UPI,Delivered
507854,14972,2025-09-06,West,Credit Card,Delivered
507855,11702,2025-07-19,North,Net Banking,Shipped
507856,11299,2025-09-27,Central,Debit Card,Delivered
507857,11809,2025-03-30,East,Debit Card,Delivered
507858,13042,2025-08-14,East,UPI,Cancelled
507859,14587,2025-11-19,South,Credit Card,Delivered
507860,13991,2025-06-09,Central,Debit Card,Delivered
507861,14253,2025-12-01,West,Credit Card,Delivered
507862,14335,2025-05-02,North,Credit Card,Delivered
507863,14622,2025-10-01,East,Debit Card,Delivered
507864,11175,2025-08-25,South,Credit Card,Delivered
507865,12342,2025-09-24,North,Debit Card,Delivered
507866,11961,2025-11-26,South,Credit Card,Delivered
507867,11940,2025-05-12,South,Credit Card,Delivered
507868,13324,2025-07-01,East,UPI,Cancelled
507869,12058,2025-07-12,North,Cash on Delivery,Delivered
507870,13161,2025-04-20,East,Debit Card,Delivered
507871,11942,2025-08-02,South,UPI,Delivered
507872,11571,2025-08-28,West,UPI,Delivered
507873,11804,2025-05-21,East,UPI,Delivered
507874,14072,2025-03-14,East,Debit Card,Delivered
507875,13084,2025-01-03,West,Credit Card,Shipped
507876,14879,2025-01-02,Central,Credit Card,Delivered
507877,14205,2025-12-10,East,Debit Card,Delivered
507878,12482,2025-07-29,East,Debit Card,Delivered
507879,11217,2025-11-08,West,Debit Card,Delivered
507880,13435,2025-02-27,East,UPI,Delivered
507881,13697,2025-08-05,North,Net Banking,Delivered
507882,12371,2025-09-14,Central,UPI,Delivered
507883,11135,2025-04-23,North,Debit Card,Delivered
507884,12874,2025-03-12,South,UPI,Delivered
507885,11284,2025-04-12,North,Net Banking,Delivered
507886,14715,2025-02-14,South,Debit Card,Delivered
507887,13215,2025-05-24,West,UPI,Shipped
507888,11473,2025-05-03,North,Credit Card,Delivered
507889,11065,2025-09-30,South,Debit Card,Delivered
507890,13655,2025-08-18,East,UPI,Delivered
507891,13613,2025-01-30,West,UPI,Delivered
507892,13068,2025-10-20,South,Credit Card,Delivered
507893,13152,2025-10-01,Central,Cash on Delivery,Delivered
507894,13098,2025-07-23,East,UPI,Delivered
507895,11837,2025-08-28,West,Credit Card,Delivered
507896,14696,2025-09-24,East,Net Banking,Delivered
507897,12456,2025-03-01,South,Credit Card,Delivered
507898,10095,2025-08-23,West,UPI,Delivered
507899,11778,2025-09-04,South,Debit Card,Delivered
507900,10641,2025-06-03,West,Cash on Delivery,Returned
507901,11854,2025-03-21,North,Credit Card,Delivered
507902,13122,2025-02-07,West,Net Banking,Delivered
507903,10111,2025-05-17,North,UPI,Delivered
507904,14397,2025-08-13,South,Debit Card,Delivered
507905,13128,2025-08-30,North,UPI,Delivered
507906,11494,2025-07-30,North,Debit Card,Delivered
507907,11572,2025-02-15,Central,Credit Card,Shipped
507908,12377,2025-06-21,South,UPI,Delivered
507909,11252,2025-02-11,South,Credit Card,Returned
507910,10023,2025-01-23,West,Debit Card,Delivered
507911,10129,2025-12-28,North,Cash on Delivery,Delivered
507912,11823,2025-10-17,West,Net Banking,Delivered
507913,10613,2025-08-18,North,Cash on Delivery,Delivered
507914,10109,2025-07-16,Central,Net Banking,Delivered
507915,14337,2025-07-12,South,Credit Card,Shipped
507916,11382,2025-06-03,Central,Net Banking,Delivered
507917,12580,2025-02-24,West,Debit Card,Delivered
507918,10875,2025-09-12,South,Debit Card,Delivered
507919,10228,2025-01-15,North,UPI,Delivered
507920,13788,2025-06-30,West,UPI,Delivered
507921,10619,2025-03-20,East,UPI,Delivered
507922,10127,2025-01-11,Central,UPI,Delivered
507923,13021,2025-02-27,North,Credit Card,Delivered
507924,10067,2025-08-27,West,UPI,Delivered
507925,12235,2025-10-25,South,UPI,Shipped
507926,11462,2025-12-03,West,Debit Card,Returned
507927,11615,2025-07-16,Central,Credit Card,Delivered
507928,10020,2025-06-10,East,UPI,Delivered
507929,14842,2025-06-21,North,Net Banking,Delivered
507930,12638,2025-12-11,West,UPI,Delivered
507931,12948,2025-05-15,North,Credit Card,Cancelled
507932,13397,2025-08-14,North,Debit Card,Delivered
507933,14042,2025-11-04,South,Credit Card,Delivered
507934,13122,2025-09-26,West,Credit Card,Delivered
507935,13875,2025-02-01,North,UPI,Delivered
507936,12297,2025-10-22,North,UPI,Delivered
507937,11890,2025-03-19,North,Debit Card,Delivered
507938,14169,2025-11-15,South,Net Banking,Cancelled
507939,14376,2025-01-20,South,UPI,Delivered
507940,10673,2025-01-16,North,Cash on Delivery,Delivered
507941,12786,2025-06-07,South,Credit Card,Delivered
507942,13489,2025-04-15,West,Cash on Delivery,Shipped
507943,10421,2025-08-02,South,Credit Card,Delivered
507944,14663,2025-12-23,North,Debit Card,Delivered
507945,12653,2025-03-15,East,UPI,Delivered
507946,13288,2025-03-13,Central,Net Banking,Delivered
507947,10870,2025-08-09,North,UPI,Delivered
507948,11343,2025-11-30,South,Cash on Delivery,Delivered
507949,10605,2025-07-22,North,Credit Card,Shipped
507950,11342,2025-08-13,East,UPI,Delivered
507951,12519,2025-12-28,East,Debit Card,Delivered
507952,14211,2025-02-18,North,Net Banking,Delivered
507953,12738,2025-04-11,North,Credit Card,Delivered
507954,11233,2025-08-17,West,UPI,Delivered
507955,10220,2025-05-13,North,Net Banking,Delivered
507956,13186,2025-12-27,South,Credit Card,Delivered
507957,12150,2025-10-26,South,UPI,Delivered
507958,14921,2025-02-16,North,Cash on Delivery,Delivered
507959,13947,2025-07-06,East,Net Banking,Delivered
507960,14088,2025-07-16,North,Credit Card,Delivered
507961,10062,2025-09-12,Central,Credit Card,Delivered
507962,13939,2025-01-19,South,Debit Card,Delivered
507963,10953,2025-11-08,West,Credit Card,Delivered
507964,13019,2025-06-03,South,Debit Card,Delivered
507965,12290,2025-07-13,Central,UPI,Delivered
507966,12940,2025-04-02,South,UPI,Delivered
507967,10657,2025-05-11,Central,UPI,Delivered
507968,12335,2025-12-01,Central,Net Banking,Delivered
507969,10177,2025-02-19,North,Net Banking,Delivered
507970,10204,2025-08-14,West,Credit Card,Delivered
507971,13368,2025-09-23,West,Credit Card,Returned
507972,14772,2025-07-03,East,Debit Card,Delivered
507973,13938,2025-12-20,South,Credit Card,Delivered
507974,12398,2025-01-16,North,Debit Card,Returned
507975,10273,2025-10-20,Central,Debit Card,Delivered
507976,10222,2025-04-10,West,Credit Card,Delivered
507977,10775,2025-10-05,East,UPI,Delivered
507978,14886,2025-10-15,West,Cash on Delivery,Delivered
507979,12041,2025-03-22,East,UPI,Delivered
507980,14258,2025-11-25,South,UPI,Delivered
507981,13588,2025-09-09,West,Net Banking,Delivered
507982,13105,2025-06-29,East,Net Banking,Shipped
507983,14763,2025-02-02,South,UPI,Delivered
507984,11141,2025-04-30,South,Net Banking,Delivered
507985,12320,2025-04-07,North,Cash on Delivery,Cancelled
507986,14374,2025-01-14,West,UPI,Delivered
507987,12843,2025-04-11,North,UPI,Delivered
507988,11242,2025-11-13,South,UPI,Delivered
507989,11025,2025-08-13,North,Debit Card,Delivered
507990,13823,2025-11-17,East,Debit Card,Shipped
507991,10064,2025-08-27,West,UPI,Delivered
507992,14598,2025-03-27,West,UPI,Delivered
507993,10090,2025-01-30,North,UPI,Delivered
507994,13223,2025-10-10,South,Credit Card,Shipped
507995,13101,2025-03-05,Central,Net Banking,Delivered
507996,12984,2025-10-16,East,UPI,Shipped
507997,12425,2025-11-05,Central,Net Banking,Delivered
507998,14307,2025-03-21,South,Net Banking,Shipped
507999,13373,2025-06-04,South,UPI,Delivered
508000,13958,2025-06-14,South,Cash on Delivery,Delivered
508001,10584,2025-12-16,North,Credit Card,Returned
508002,10240,2025-10-26,West,Credit Card,Delivered
508003,10139,2025-07-30,South,Debit Card,Delivered
508004,10722,2025-04-09,West,Net Banking,Delivered
508005,13406,2025-09-24,East,Debit Card,Delivered
508006,12529,2025-02-21,West,Debit Card,Delivered
508007,13820,2025-05-06,Central,Credit Card,Delivered
508008,10936,2025-05-02,West,Credit Card,Delivered
508009,11872,2025-02-01,South,UPI,Delivered
508010,14485,2025-12-02,North,Credit Card,Delivered
508011,14691,2025-10-12,Central,Debit Card,Delivered
508012,14626,2025-10-19,West,UPI,Cancelled
508013,14136,2025-03-29,East,Credit Card,Delivered
508014,13511,2025-06-20,Central,Credit Card,Delivered
508015,14597,2025-11-04,South,UPI,Delivered
508016,13638,2025-11-05,West,Cash on Delivery,Delivered
508017,14781,2025-03-09,South,UPI,Cancelled
508018,10124,2025-05-13,South,UPI,Delivered
508019,14626,2025-03-24,West,Net Banking,Delivered
508020,12864,2025-06-25,West,Net Banking,Delivered
508021,10565,2025-04-22,North,Credit Card,Delivered
508022,11060,2025-09-14,South,Cash on Delivery,Delivered
508023,14307,2025-12-21,South,Cash on Delivery,Shipped
508024,12593,2025-09-15,Central,UPI,Delivered
508025,14914,2025-07-10,East,Credit Card,Delivered
508026,10596,2025-02-28,East,UPI,Delivered
508027,12114,2025-09-19,North,Credit Card,Delivered
508028,11681,2025-04-14,West,UPI,Delivered
508029,12637,2025-08-18,West,UPI,Delivered
508030,13237,2025-07-31,South,Cash on Delivery,Returned
508031,13376,2025-12-05,South,Net Banking,Delivered
508032,10009,2025-06-25,North,Net Banking,Delivered
508033,10454,2025-02-17,South,UPI,Delivered
508034,10167,2025-04-30,South,Credit Card,Delivered
508035,14374,2025-12-10,West,Net Banking,Delivered
508036,11580,2025-11-25,North,Debit Card,Cancelled
508037,11872,2025-02-01,South,Credit Card,Delivered
508038,12301,2025-12-26,West,UPI,Shipped
508039,14292,2025-09-10,East,Net Banking,Delivered
508040,10069,2025-09-18,Central,Net Banking,Delivered
508041,10600,2025-03-26,West,UPI,Shipped
508042,13497,2025-01-17,South,Credit Card,Delivered
508043,14838,2025-01-24,South,Credit Card,Delivered
508044,13276,2025-12-13,East,Debit Card,Delivered
508045,11326,2025-04-22,North,Cash on Delivery,Shipped
508046,12653,2025-03-23,East,Credit Card,Delivered
508047,14882,2025-12-08,East,Credit Card,Delivered
508048,12704,2025-01-06,South,UPI,Delivered
508049,11903,2025-10-11,West,UPI,Delivered
508050,11951,2025-04-16,West,UPI,Delivered
508051,14853,2025-05-28,North,Net Banking,Cancelled
508052,13661,2025-07-27,North,Credit Card,Delivered
508053,13505,2025-05-27,North,UPI,Delivered
508054,11152,2025-01-08,Central,Credit Card,Delivered
508055,12882,2025-10-01,North,UPI,Returned
508056,11819,2025-10-20,West,Cash on Delivery,Delivered
508057,11200,2025-07-08,East,Credit Card,Delivered
508058,14518,2025-06-22,North,UPI,Delivered
508059,11948,2025-08-11,Central,Debit Card,Delivered
508060,11425,2025-02-07,East,Net Banking,Cancelled
508061,14673,2025-01-02,East,Credit Card,Delivered
508062,10968,2025-08-12,West,Net Banking,Cancelled
508063,13790,2025-02-28,North,UPI,Returned
508064,13330,2025-03-16,East,Credit Card,Shipped
508065,14622,2025-05-13,East,Net Banking,Delivered
508066,14203,2025-12-28,West,UPI,Delivered
508067,13588,2025-08-09,West,UPI,Delivered
508068,11587,2025-07-31,North,Debit Card,Delivered
508069,12536,2025-05-28,East,Credit Card,Delivered
508070,14739,2025-03-23,East,Debit Card,Delivered
508071,10113,2025-07-04,Central,UPI,Delivered
508072,14030,2025-12-03,North,Net Banking,Delivered
508073,11276,2025-03-09,West,Debit Card,Delivered
508074,10903,2025-10-02,East,UPI,Cancelled
508075,11154,2025-09-06,North,UPI,Returned
508076,10295,2025-09-10,South,Cash on Delivery,Shipped
508077,14965,2025-03-28,West,Credit Card,Delivered
508078,14396,2025-10-10,East,UPI,Delivered
508079,12655,2025-04-26,West,UPI,Delivered
508080,13645,2025-06-19,East,UPI,Returned
508081,12872,2025-09-09,East,Credit Card,Delivered
508082,14104,2025-10-28,South,Net Banking,Shipped
508083,14270,2025-11-30,West,UPI,Delivered
508084,11158,2025-11-20,South,Credit Card,Delivered
508085,12352,2025-07-15,West,Net Banking,Delivered
508086,13243,2025-12-09,West,Debit Card,Delivered
508087,14895,2025-02-05,Central,UPI,Delivered
508088,13484,2025-08-18,North,UPI,Delivered
508089,14526,2025-05-13,West,UPI,Delivered
508090,14280,2025-10-10,East,UPI,Returned
508091,13003,2025-06-14,South,Cash on Delivery,Delivered
508092,14512,2025-01-27,North,Debit Card,Cancelled
508093,11926,2025-04-05,South,Credit Card,Delivered
508094,11933,2025-11-28,East,Net Banking,Delivered
508095,13953,2025-06-24,West,Debit Card,Delivered
508096,10659,2025-03-17,North,Credit Card,Delivered
508097,11537,2025-05-08,Central,UPI,Delivered
508098,13123,2025-09-03,West,Debit Card,Cancelled
508099,12150,2025-10-05,South,Debit Card,Delivered
508100,14719,2025-07-02,West,Net Banking,Delivered
508101,14805,2025-11-27,East,Credit Card,Cancelled
508102,12578,2025-12-26,North,UPI,Delivered
508103,12768,2025-02-21,West,Credit Card,Delivered
508104,13691,2025-12-25,West,Cash on Delivery,Delivered
508105,12336,2025-04-12,West,UPI,Delivered
508106,10932,2025-09-13,North,UPI,Delivered
508107,13800,2025-03-18,North,UPI,Shipped
508108,13752,2025-09-19,West,Net Banking,Delivered
508109,11235,2025-11-06,South,UPI,Returned
508110,14207,2025-01-02,East,UPI,Delivered
508111,13149,2025-07-22,West,Cash on Delivery,Delivered
508112,11182,2025-11-24,North,Debit Card,Delivered
508113,13324,2025-06-07,East,UPI,Delivered
508114,11164,2025-12-13,West,UPI,Delivered
508115,11347,2025-05-08,West,Credit Card,Delivered
508116,14287,2025-05-12,West,UPI,Delivered
508117,14662,2025-12-10,South,Debit Card,Returned
508118,11304,2025-12-18,South,Credit Card,Delivered
508119,14655,2025-02-11,Central,Credit Card,Delivered
508120,11194,2025-12-21,South,Credit Card,Delivered
508121,10592,2025-06-19,Central,UPI,Shipped
508122,10291,2025-11-03,North,UPI,Delivered
508123,11217,2025-09-16,West,UPI,Delivered
508124,11961,2025-07-29,South,Debit Card,Delivered
508125,14652,2025-02-06,South,Credit Card,Delivered
508126,11217,2025-01-22,West,Debit Card,Delivered
508127,11869,2025-06-10,West,Cash on Delivery,Shipped
508128,13737,2025-08-18,South,Cash on Delivery,Delivered
508129,11523,2025-12-25,South,UPI,Delivered
508130,13495,2025-12-20,Central,UPI,Delivered
508131,12208,2025-12-09,East,Cash on Delivery,Delivered
508132,10964,2025-11-14,North,Credit Card,Delivered
508133,13737,2025-02-04,South,Net Banking,Delivered
508134,10133,2025-10-12,South,UPI,Delivered
508135,11475,2025-11-18,West,UPI,Delivered
508136,11817,2025-11-02,North,UPI,Delivered
508137,12340,2025-01-14,Central,Cash on Delivery,Delivered
508138,13466,2025-02-17,West,UPI,Delivered
508139,12349,2025-10-27,West,UPI,Delivered
508140,13056,2025-08-30,North,Credit Card,Delivered
508141,13064,2025-03-13,South,Net Banking,Delivered
508142,11902,2025-09-16,South,Net Banking,Delivered
508143,14685,2025-07-18,West,UPI,Delivered
508144,14792,2025-04-08,East,Net Banking,Delivered
508145,13002,2025-10-31,West,UPI,Delivered
508146,10350,2025-05-06,East,UPI,Delivered
508147,12513,2025-06-09,West,UPI,Delivered
508148,10898,2025-09-22,West,Debit Card,Delivered
508149,12472,2025-09-04,Central,UPI,Shipped
508150,10923,2025-07-04,North,Net Banking,Returned
508151,13584,2025-10-29,East,Cash on Delivery,Delivered
508152,10403,2025-02-27,South,UPI,Delivered
508153,14778,2025-07-03,South,Cash on Delivery,Delivered
508154,10960,2025-09-28,East,Cash on Delivery,Delivered
508155,13374,2025-04-29,West,Debit Card,Shipped
508156,14608,2025-08-11,South,Credit Card,Delivered
508157,11251,2025-05-24,West,Net Banking,Delivered
508158,14686,2025-08-27,Central,Credit Card,Delivered
508159,11981,2025-02-15,Central,Debit Card,Delivered
508160,14817,2025-08-17,North,UPI,Delivered
508161,14872,2025-11-23,West,UPI,Delivered
508162,10920,2025-10-18,North,Credit Card,Delivered
508163,14198,2025-03-07,South,UPI,Delivered
508164,10946,2025-11-09,South,UPI,Delivered
508165,11113,2025-10-17,East,Debit Card,Shipped
508166,10423,2025-08-15,North,UPI,Delivered
508167,10767,2025-10-14,East,UPI,Delivered
508168,13231,2025-01-12,South,UPI,Delivered
508169,12299,2025-06-24,Central,UPI,Shipped
508170,14009,2025-08-09,East,UPI,Delivered
508171,11682,2025-03-06,East,Net Banking,Delivered
508172,14858,2025-05-09,South,Credit Card,Shipped
508173,10240,2025-12-01,West,Credit Card,Delivered
508174,10307,2025-09-07,West,Credit Card,Delivered
508175,13573,2025-07-14,South,UPI,Delivered
508176,14484,2025-09-27,West,Cash on Delivery,Delivered
508177,14035,2025-07-01,West,Net Banking,Returned
508178,12503,2025-11-19,North,UPI,Delivered
508179,11366,2025-12-06,West,UPI,Delivered
508180,10067,2025-11-02,West,Debit Card,Delivered
508181,12613,2025-04-10,Central,Debit Card,Delivered
508182,12435,2025-12-13,South,UPI,Delivered
508183,11748,2025-08-29,West,Credit Card,Delivered
508184,12983,2025-04-26,East,Credit Card,Delivered
508185,13713,2025-06-13,North,Net Banking,Delivered
508186,13571,2025-08-27,West,UPI,Delivered
508187,11336,2025-01-11,North,Credit Card,Delivered
508188,13015,2025-06-16,Central,Credit Card,Delivered
508189,10729,2025-01-10,West,Credit Card,Delivered
508190,10606,2025-02-20,North,Cash on Delivery,Delivered
508191,13978,2025-10-15,East,Credit Card,Delivered
508192,13536,2025-11-24,South,Debit Card,Delivered
508193,13893,2025-02-16,East,Cash on Delivery,Shipped
508194,10741,2025-01-13,West,UPI,Delivered
508195,14599,2025-11-19,West,Credit Card,Delivered
508196,10655,2025-11-05,West,UPI,Delivered
508197,14397,2025-11-05,South,Debit Card,Delivered
508198,11799,2025-05-01,Central,UPI,Delivered
508199,10526,2025-10-25,West,UPI,Delivered
508200,11447,2025-10-12,North,Cash on Delivery,Delivered
508201,10885,2025-09-02,West,Debit Card,Returned
508202,12509,2025-02-16,East,Net Banking,Delivered
508203,14768,2025-08-07,South,Cash on Delivery,Delivered
508204,11665,2025-10-13,West,Cash on Delivery,Delivered
508205,13142,2025-05-03,West,UPI,Delivered
508206,14497,2025-01-14,North,Credit Card,Shipped
508207,13222,2025-09-10,North,Cash on Delivery,Returned
508208,11847,2025-03-20,West,UPI,Delivered
508209,14960,2025-08-26,North,Cash on Delivery,Delivered
508210,10916,2025-11-11,South,Net Banking,Delivered
508211,12672,2025-04-20,North,Credit Card,Delivered
508212,14040,2025-12-28,West,Credit Card,Delivered
508213,10006,2025-03-05,West,UPI,Delivered
508214,13575,2025-02-13,North,Credit Card,Delivered
508215,11349,2025-09-27,South,UPI,Delivered
508216,10822,2025-04-01,North,UPI,Delivered
508217,11382,2025-08-27,Central,Net Banking,Returned
508218,14851,2025-10-27,North,Credit Card,Cancelled
508219,14499,2025-11-13,West,Debit Card,Delivered
508220,11052,2025-09-15,South,Cash on Delivery,Delivered
508221,10591,2025-08-31,West,UPI,Delivered
508222,11855,2025-03-20,West,UPI,Delivered
508223,13048,2025-11-26,Central,Credit Card,Delivered
508224,14384,2025-08-26,West,Cash on Delivery,Delivered
508225,14848,2025-09-22,East,Net Banking,Cancelled
508226,13815,2025-07-08,South,Debit Card,Delivered
508227,13073,2025-07-14,North,Debit Card,Delivered
508228,10692,2025-06-15,West,Credit Card,Delivered
508229,10362,2025-07-17,East,Credit Card,Delivered
508230,13064,2025-03-09,South,Cash on Delivery,Delivered
508231,12768,2025-07-14,West,Net Banking,Delivered
508232,14280,2025-08-25,East,Debit Card,Delivered
508233,11635,2025-06-07,South,Debit Card,Cancelled
508234,10192,2025-08-16,West,Credit Card,Delivered
508235,12167,2025-03-03,Central,UPI,Returned
508236,14859,2025-05-15,West,Credit Card,Shipped
508237,14035,2025-06-09,West,UPI,Delivered
508238,10160,2025-04-17,North,UPI,Delivered
508239,14416,2025-11-26,West,Credit Card,Delivered
508240,12410,2025-08-31,West,UPI,Delivered
508241,11862,2025-08-31,North,Credit Card,Delivered
508242,11765,2025-04-11,West,UPI,Delivered
508243,13057,2025-08-13,Central,Credit Card,Delivered
508244,12718,2025-10-09,North,Credit Card,Delivered
508245,13358,2025-02-12,North,Net Banking,Delivered
508246,12955,2025-12-31,South,Debit Card,Delivered
508247,10702,2025-11-14,South,Net Banking,Returned
508248,11305,2025-01-23,South,Credit Card,Delivered
508249,14250,2025-03-05,North,Net Banking,Delivered
508250,13383,2025-11-24,South,Cash on Delivery,Delivered
508251,12296,2025-07-02,South,UPI,Delivered
508252,10890,2025-05-24,North,Debit Card,Delivered
508253,10039,2025-04-30,West,UPI,Delivered
508254,11572,2025-09-22,Central,Credit Card,Delivered
508255,10268,2025-09-17,South,UPI,Delivered
508256,12466,2025-02-08,West,Net Banking,Delivered
508257,14158,2025-10-27,North,Credit Card,Delivered
508258,11438,2025-10-24,South,Debit Card,Delivered
508259,14284,2025-09-26,North,Credit Card,Delivered
508260,13587,2025-03-17,West,UPI,Shipped
508261,10620,2025-10-07,East,UPI,Delivered
508262,13285,2025-02-17,North,Credit Card,Shipped
508263,10739,2025-07-24,Central,UPI,Delivered
508264,13349,2025-04-09,West,UPI,Delivered
508265,10695,2025-10-15,West,UPI,Delivered
508266,12005,2025-10-04,South,UPI,Shipped
508267,12918,2025-06-08,Central,UPI,Delivered
508268,10244,2025-11-16,North,Credit Card,Delivered
508269,10748,2025-06-12,East,Debit Card,Cancelled
508270,11622,2025-05-24,South,UPI,Delivered
508271,12362,2025-06-17,South,Credit Card,Shipped
508272,14332,2025-03-31,North,UPI,Delivered
508273,10914,2025-02-07,North,UPI,Delivered
508274,11771,2025-09-16,East,UPI,Cancelled
508275,12436,2025-06-14,Central,UPI,Delivered
508276,11496,2025-04-10,West,Credit Card,Delivered
508277,13201,2025-09-15,Central,Credit Card,Delivered
508278,11303,2025-09-16,East,Credit Card,Delivered
508279,13917,2025-04-14,West,Credit Card,Delivered
508280,12589,2025-06-24,West,Net Banking,Delivered
508281,10436,2025-04-16,East,Net Banking,Delivered
508282,13205,2025-04-21,North,Debit Card,Delivered
508283,12929,2025-12-12,East,UPI,Delivered
508284,11726,2025-01-27,Central,UPI,Delivered
508285,10056,2025-02-07,South,Debit Card,Delivered
508286,10988,2025-06-21,West,Cash on Delivery,Delivered
508287,12079,2025-01-08,West,Net Banking,Delivered
508288,10982,2025-01-23,Central,UPI,Delivered
508289,12980,2025-05-14,North,UPI,Delivered
508290,13631,2025-02-28,East,Net Banking,Delivered
508291,14323,2025-02-27,West,Credit Card,Delivered
508292,13293,2025-09-13,West,Credit Card,Delivered
508293,13513,2025-10-09,East,UPI,Shipped
508294,13123,2025-12-01,West,Net Banking,Delivered
508295,14934,2025-06-24,West,UPI,Delivered
508296,11326,2025-04-06,North,Debit Card,Delivered
508297,11348,2025-05-27,North,Debit Card,Delivered
508298,10623,2025-04-27,East,Credit Card,Delivered
508299,12480,2025-08-28,North,Credit Card,Cancelled
508300,10490,2025-12-21,West,Credit Card,Delivered
508301,11366,2025-06-03,West,UPI,Delivered
508302,12470,2025-11-04,South,UPI,Returned
508303,14803,2025-11-29,South,Net Banking,Delivered
508304,14836,2025-10-30,North,Debit Card,Delivered
508305,13786,2025-07-19,South,Debit Card,Delivered
508306,11983,2025-01-14,West,UPI,Delivered
508307,14375,2025-06-03,East,Credit Card,Delivered
508308,14419,2025-02-16,East,UPI,Delivered
508309,14581,2025-09-05,South,Debit Card,Delivered
508310,13261,2025-04-04,South,UPI,Delivered
508311,10991,2025-08-20,North,UPI,Delivered
508312,10466,2025-04-16,East,Credit Card,Shipped
508313,14599,2025-08-16,West,Credit Card,Delivered
508314,10271,2025-09-15,East,UPI,Delivered
508315,11497,2025-06-07,West,Debit Card,Delivered
508316,12488,2025-10-07,West,Cash on Delivery,Shipped
508317,10105,2025-09-02,North,UPI,Delivered
508318,14569,2025-03-23,West,Debit Card,Cancelled
508319,11451,2025-01-23,Central,Debit Card,Cancelled
508320,10139,2025-04-27,South,Debit Card,Delivered
508321,14972,2025-03-11,West,Credit Card,Delivered
508322,11572,2025-03-16,Central,Credit Card,Shipped
508323,14421,2025-05-15,South,Debit Card,Delivered
508324,12314,2025-08-13,West,Cash on Delivery,Delivered
508325,13383,2025-05-18,South,Net Banking,Delivered
508326,11207,2025-12-07,East,UPI,Returned
508327,12579,2025-07-20,West,Debit Card,Cancelled
508328,11306,2025-08-28,South,Cash on Delivery,Delivered
508329,14771,2025-01-25,East,Credit Card,Delivered
508330,10297,2025-08-05,North,UPI,Delivered
508331,11384,2025-10-07,South,Debit Card,Delivered
508332,14507,2025-01-12,West,Debit Card,Delivered
508333,12459,2025-07-18,South,UPI,Delivered
508334,13080,2025-05-14,South,UPI,Delivered
508335,13322,2025-11-11,South,Debit Card,Delivered
508336,10345,2025-03-24,South,Cash on Delivery,Delivered
508337,10085,2025-11-24,West,UPI,Returned
508338,14696,2025-02-05,East,Debit Card,Delivered
508339,11369,2025-11-13,West,Credit Card,Delivered
508340,11936,2025-08-19,West,UPI,Delivered
508341,13479,2025-04-10,North,Cash on Delivery,Delivered
508342,11183,2025-07-18,West,Cash on Delivery,Delivered
508343,13735,2025-07-12,West,UPI,Delivered
508344,12340,2025-06-19,Central,Debit Card,Delivered
508345,14325,2025-05-22,West,Net Banking,Delivered
508346,11406,2025-09-05,North,Cash on Delivery,Delivered
508347,10996,2025-11-17,South,UPI,Delivered
508348,14202,2025-01-12,North,Cash on Delivery,Delivered
508349,11657,2025-07-30,Central,UPI,Delivered
508350,12110,2025-09-27,Central,Net Banking,Delivered
508351,14027,2025-11-19,West,Net Banking,Delivered
508352,13245,2025-04-25,Central,Net Banking,Delivered
508353,12263,2025-12-21,West,UPI,Shipped
508354,11266,2025-11-19,North,Debit Card,Delivered
508355,13882,2025-09-27,North,UPI,Delivered
508356,10880,2025-10-28,Central,UPI,Delivered
508357,14655,2025-05-17,Central,Net Banking,Shipped
508358,10736,2025-06-06,Central,Credit Card,Delivered
508359,14076,2025-03-02,West,UPI,Delivered
508360,12167,2025-10-16,Central,Debit Card,Delivered
508361,10909,2025-11-24,North,Net Banking,Returned
508362,12061,2025-06-17,West,Credit Card,Delivered
508363,11085,2025-12-24,South,UPI,Delivered
508364,10667,2025-01-23,East,Credit Card,Shipped
508365,11195,2025-02-28,East,Credit Card,Shipped
508366,14387,2025-12-22,North,Debit Card,Shipped
508367,10530,2025-11-08,East,Net Banking,Delivered
508368,14877,2025-06-20,West,Cash on Delivery,Delivered
508369,10026,2025-03-25,South,UPI,Delivered
508370,13368,2025-09-05,West,UPI,Cancelled
508371,14324,2025-11-10,East,Net Banking,Delivered
508372,14685,2025-05-14,West,Credit Card,Delivered
508373,10702,2025-10-15,South,Debit Card,Delivered
508374,13553,2025-07-12,West,Credit Card,Delivered
508375,10537,2025-07-07,South,Net Banking,Delivered
508376,11801,2025-06-01,North,Credit Card,Delivered
508377,13729,2025-06-06,East,Cash on Delivery,Delivered
508378,11761,2025-01-08,North,Credit Card,Delivered
508379,11580,2025-09-26,North,UPI,Delivered
508380,10585,2025-03-04,South,UPI,Shipped
508381,10324,2025-01-25,North,Net Banking,Delivered
508382,10583,2025-06-06,South,Cash on Delivery,Delivered
508383,14419,2025-07-06,East,Cash on Delivery,Delivered
508384,10057,2025-11-13,East,Debit Card,Delivered
508385,13529,2025-03-29,South,Credit Card,Delivered
508386,13897,2025-05-05,North,UPI,Delivered
508387,12924,2025-08-31,East,UPI,Delivered
508388,13723,2025-01-26,East,Debit Card,Shipped
508389,13324,2025-03-25,East,Credit Card,Delivered
508390,12324,2025-07-15,South,Net Banking,Delivered
508391,11947,2025-10-05,Central,Cash on Delivery,Delivered
508392,14721,2025-05-15,South,UPI,Delivered
508393,14874,2025-11-14,West,UPI,Shipped
508394,13319,2025-04-28,Central,UPI,Delivered
508395,10968,2025-09-23,West,UPI,Delivered
508396,12294,2025-10-14,Central,Debit Card,Delivered
508397,12545,2025-01-26,North,Debit Card,Delivered
508398,13848,2025-07-02,North,Credit Card,Delivered
508399,13411,2025-08-27,North,Credit Card,Delivered
508400,12632,2025-04-19,East,UPI,Returned
508401,13468,2025-03-31,North,UPI,Cancelled
508402,10119,2025-10-08,Central,UPI,Cancelled
508403,13938,2025-04-30,South,Credit Card,Delivered
508404,11040,2025-06-29,West,Net Banking,Delivered
508405,13358,2025-01-18,North,Cash on Delivery,Delivered
508406,10576,2025-06-01,West,Debit Card,Delivered
508407,10580,2025-04-18,South,UPI,Delivered
508408,10167,2025-05-23,South,Credit Card,Shipped
508409,14581,2025-09-21,South,UPI,Delivered
508410,13101,2025-02-12,Central,UPI,Delivered
508411,11846,2025-08-05,South,Cash on Delivery,Delivered
508412,13990,2025-01-24,North,UPI,Delivered
508413,13201,2025-09-07,Central,Credit Card,Returned
508414,13180,2025-04-12,Central,Net Banking,Delivered
508415,12488,2025-11-17,West,Cash on Delivery,Delivered
508416,10039,2025-01-26,West,UPI,Delivered
508417,11312,2025-11-26,North,UPI,Delivered
508418,10547,2025-06-03,Central,Credit Card,Delivered
508419,13380,2025-11-18,West,Credit Card,Delivered
508420,11257,2025-09-27,West,UPI,Delivered
508421,12301,2025-05-09,West,UPI,Cancelled
508422,11806,2025-04-04,South,Credit Card,Delivered
508423,10699,2025-02-06,West,UPI,Delivered
508424,14804,2025-10-01,South,UPI,Delivered
508425,14680,2025-06-07,East,Credit Card,Delivered
508426,10428,2025-06-04,South,UPI,Delivered
508427,14186,2025-07-07,West,Cash on Delivery,Cancelled
508428,12497,2025-04-23,South,Debit Card,Delivered
508429,13921,2025-01-30,East,Credit Card,Cancelled
508430,10739,2025-09-02,Central,UPI,Delivered
508431,10651,2025-04-10,South,Net Banking,Delivered
508432,14492,2025-01-21,North,UPI,Delivered
508433,14528,2025-01-18,East,Cash on Delivery,Delivered
508434,12379,2025-06-11,West,Net Banking,Delivered
508435,14397,2025-06-08,South,Credit Card,Delivered
508436,13409,2025-01-10,North,Debit Card,Delivered
508437,10903,2025-12-27,East,UPI,Shipped
508438,11666,2025-09-07,North,Credit Card,Delivered
508439,10667,2025-01-04,East,Net Banking,Delivered
508440,13923,2025-01-15,South,UPI,Delivered
508441,14931,2025-02-22,East,UPI,Delivered
508442,12813,2025-07-06,Central,Net Banking,Delivered
508443,13357,2025-02-24,South,Credit Card,Delivered
508444,13793,2025-08-21,East,Debit Card,Cancelled
508445,11099,2025-06-05,South,Net Banking,Delivered
508446,11702,2025-05-19,North,UPI,Delivered
508447,12113,2025-06-11,East,Credit Card,Delivered
508448,13056,2025-09-07,North,Credit Card,Delivered
508449,14299,2025-05-05,West,Debit Card,Delivered
508450,11288,2025-04-26,North,Net Banking,Returned
508451,12405,2025-12-16,North,Credit Card,Delivered
508452,13818,2025-08-07,South,UPI,Delivered
508453,10448,2025-10-08,South,Net Banking,Delivered
508454,12625,2025-08-28,North,Cash on Delivery,Delivered
508455,10706,2025-04-12,South,Credit Card,Delivered
508456,12768,2025-02-09,West,Debit Card,Delivered
508457,13893,2025-04-03,East,UPI,Shipped
508458,11185,2025-07-10,North,UPI,Delivered
508459,14293,2025-01-11,North,Credit Card,Delivered
508460,11696,2025-07-07,South,Credit Card,Shipped
508461,10934,2025-07-11,West,UPI,Returned
508462,12376,2025-09-03,Central,UPI,Shipped
508463,14419,2025-05-12,East,Debit Card,Cancelled
508464,10335,2025-11-26,South,Debit Card,Delivered
508465,11661,2025-11-06,North,UPI,Delivered
508466,13331,2025-12-02,North,Credit Card,Delivered
508467,11823,2025-02-25,West,Credit Card,Delivered
508468,10344,2025-12-16,West,Credit Card,Delivered
508469,11682,2025-12-21,East,Cash on Delivery,Delivered
508470,14155,2025-02-13,West,Credit Card,Cancelled
508471,14857,2025-07-28,East,Credit Card,Delivered
508472,10194,2025-09-18,North,UPI,Returned
508473,12929,2025-07-14,East,UPI,Returned
508474,10525,2025-03-21,East,Net Banking,Delivered
508475,13469,2025-03-09,West,Cash on Delivery,Delivered
508476,10039,2025-05-17,West,UPI,Delivered
508477,10071,2025-01-04,West,Net Banking,Shipped
508478,13938,2025-12-07,South,Credit Card,Delivered
508479,10365,2025-04-27,North,Credit Card,Delivered
508480,11532,2025-04-05,Central,UPI,Delivered
508481,14804,2025-07-28,South,Credit Card,Delivered
508482,14931,2025-01-16,East,Cash on Delivery,Delivered
508483,10788,2025-04-21,East,UPI,Delivered
508484,12893,2025-11-22,West,UPI,Shipped
508485,12881,2025-08-10,West,Debit Card,Delivered
508486,12307,2025-09-28,South,UPI,Delivered
508487,14635,2025-12-29,North,Credit Card,Delivered
508488,13832,2025-06-08,West,UPI,Returned
508489,13882,2025-04-04,North,Cash on Delivery,Delivered
508490,11366,2025-12-02,West,Credit Card,Delivered
508491,12221,2025-10-27,South,UPI,Delivered
508492,12490,2025-06-13,North,UPI,Delivered
508493,11510,2025-10-23,Central,UPI,Delivered
508494,10483,2025-11-15,West,Credit Card,Returned
508495,10623,2025-09-12,East,UPI,Delivered
508496,10881,2025-11-15,North,Credit Card,Delivered
508497,10995,2025-09-30,North,Net Banking,Delivered
508498,11217,2025-02-07,West,Net Banking,Delivered
508499,11291,2025-07-01,Central,Credit Card,Delivered
508500,12326,2025-07-06,South,Debit Card,Returned
508501,12613,2025-01-25,Central,Debit Card,Delivered
508502,11560,2025-11-29,West,UPI,Delivered
508503,14570,2025-05-22,East,Debit Card,Delivered
508504,12848,2025-05-04,Central,Net Banking,Delivered
508505,13989,2025-01-25,North,Net Banking,Delivered
508506,14632,2025-10-18,West,Credit Card,Delivered
508507,10795,2025-12-01,South,UPI,Delivered
508508,12190,2025-06-24,East,Credit Card,Shipped
508509,12214,2025-08-20,South,Credit Card,Delivered
508510,11813,2025-05-25,North,Credit Card,Delivered
508511,10043,2025-12-11,South,Credit Card,Delivered
508512,14127,2025-01-23,West,UPI,Delivered
508513,10563,2025-08-12,East,UPI,Delivered
508514,14981,2025-05-02,North,UPI,Cancelled
508515,13919,2025-08-11,East,Cash on Delivery,Shipped
508516,12997,2025-08-18,Central,Credit Card,Delivered
508517,10757,2025-01-17,West,UPI,Delivered
508518,12634,2025-10-12,South,Credit Card,Delivered
508519,11326,2025-01-02,North,Debit Card,Delivered
508520,11278,2025-09-24,North,Debit Card,Delivered
508521,14194,2025-01-16,West,Cash on Delivery,Delivered
508522,11937,2025-12-03,North,UPI,Shipped
508523,12301,2025-01-21,West,Cash on Delivery,Delivered
508524,14258,2025-09-08,South,Cash on Delivery,Cancelled
508525,10450,2025-10-04,South,Credit Card,Delivered
508526,13056,2025-01-06,North,Cash on Delivery,Delivered
508527,12984,2025-10-29,East,UPI,Delivered
508528,12171,2025-08-25,South,UPI,Delivered
508529,14195,2025-01-23,West,Debit Card,Delivered
508530,14732,2025-11-10,West,Cash on Delivery,Delivered
508531,12376,2025-07-04,Central,UPI,Delivered
508532,12330,2025-08-12,South,Debit Card,Delivered
508533,12575,2025-02-08,South,Cash on Delivery,Returned
508534,13686,2025-01-31,South,UPI,Delivered
508535,13414,2025-01-02,East,UPI,Delivered
508536,11091,2025-12-08,North,Debit Card,Delivered
508537,10315,2025-06-14,West,Debit Card,Delivered
508538,14768,2025-10-27,South,UPI,Delivered
508539,11326,2025-05-07,North,Cash on Delivery,Delivered
508540,13256,2025-11-15,South,Credit Card,Delivered
508541,14192,2025-03-16,Central,Credit Card,Delivered
508542,11516,2025-11-05,South,Net Banking,Delivered
508543,13245,2025-03-17,Central,Credit Card,Delivered
508544,10541,2025-12-16,North,Credit Card,Delivered
508545,14863,2025-10-02,West,Credit Card,Delivered
508546,10291,2025-10-28,North,Debit Card,Delivered
508547,12245,2025-08-23,West,UPI,Delivered
508548,12751,2025-02-24,South,UPI,Delivered
508549,14003,2025-07-18,South,Net Banking,Delivered
508550,10605,2025-01-29,North,Debit Card,Delivered
508551,12257,2025-10-31,North,UPI,Delivered
508552,11514,2025-11-24,South,Credit Card,Delivered
508553,11572,2025-03-04,Central,UPI,Delivered
508554,13944,2025-05-29,West,Net Banking,Delivered
508555,10030,2025-11-09,South,UPI,Delivered
508556,13806,2025-09-26,Central,UPI,Delivered
508557,14099,2025-06-04,West,Debit Card,Delivered
508558,14546,2025-07-15,North,Cash on Delivery,Delivered
508559,13205,2025-12-10,North,Credit Card,Delivered
508560,11688,2025-04-15,North,Net Banking,Delivered
508561,12189,2025-09-22,Central,Credit Card,Delivered
508562,14860,2025-03-15,East,Debit Card,Delivered
508563,14446,2025-03-16,East,Credit Card,Delivered
508564,12367,2025-04-07,North,Debit Card,Delivered
508565,14732,2025-08-29,West,UPI,Delivered
508566,14169,2025-05-19,South,Credit Card,Delivered
508567,14545,2025-04-19,South,Cash on Delivery,Delivered
508568,13488,2025-01-28,West,Debit Card,Returned
508569,14329,2025-04-12,East,UPI,Delivered
508570,14497,2025-12-16,North,UPI,Returned
508571,10470,2025-04-29,Central,Debit Card,Delivered
508572,14844,2025-03-13,North,UPI,Delivered
508573,11689,2025-01-27,West,UPI,Delivered
508574,12253,2025-05-30,South,Net Banking,Delivered
508575,14015,2025-06-19,West,Debit Card,Shipped
508576,13392,2025-06-09,West,Debit Card,Delivered
508577,14507,2025-05-22,West,UPI,Delivered
508578,12054,2025-06-03,South,Credit Card,Delivered
508579,11902,2025-09-07,South,Credit Card,Delivered
508580,10153,2025-07-02,South,Debit Card,Delivered
508581,12363,2025-07-22,South,Net Banking,Delivered
508582,13690,2025-03-12,Central,UPI,Delivered
508583,11519,2025-07-02,West,Cash on Delivery,Cancelled
508584,12363,2025-06-22,South,Debit Card,Delivered
508585,11080,2025-01-30,East,Credit Card,Cancelled
508586,13919,2025-11-18,East,Debit Card,Delivered
508587,10295,2025-12-21,South,Debit Card,Delivered
508588,13589,2025-06-03,West,UPI,Cancelled
508589,11931,2025-03-30,South,UPI,Delivered
508590,10205,2025-08-09,North,UPI,Delivered
508591,14310,2025-11-07,West,Cash on Delivery,Delivered
508592,12492,2025-12-24,Central,Net Banking,Delivered
508593,13074,2025-11-17,South,UPI,Returned
508594,13730,2025-01-25,West,Debit Card,Delivered
508595,13351,2025-04-08,North,Cash on Delivery,Delivered
508596,13723,2025-02-11,East,Cash on Delivery,Returned
508597,13875,2025-10-27,North,Credit Card,Returned
508598,13031,2025-03-10,South,Debit Card,Delivered
508599,11869,2025-12-27,West,Credit Card,Delivered
508600,11227,2025-09-21,West,UPI,Delivered
508601,14552,2025-12-28,North,Credit Card,Delivered
508602,14863,2025-03-04,West,UPI,Delivered
508603,11823,2025-07-25,West,Credit Card,Delivered
508604,10569,2025-05-28,North,UPI,Delivered
508605,11090,2025-11-25,West,Debit Card,Delivered
508606,13424,2025-09-12,North,Cash on Delivery,Cancelled
508607,10836,2025-09-08,East,Debit Card,Shipped
508608,13951,2025-09-18,Central,Credit Card,Delivered
508609,14628,2025-05-09,East,Credit Card,Returned
508610,14836,2025-01-11,North,Credit Card,Delivered
508611,10047,2025-01-17,Central,Debit Card,Delivered
508612,14804,2025-03-09,South,UPI,Delivered
508613,13768,2025-01-05,West,Net Banking,Cancelled
508614,10423,2025-07-25,North,UPI,Delivered
508615,12129,2025-03-23,South,Net Banking,Delivered
508616,13565,2025-03-08,South,Credit Card,Delivered
508617,14796,2025-09-02,North,Credit Card,Delivered
508618,10798,2025-09-24,South,UPI,Shipped
508619,10629,2025-08-27,South,Credit Card,Delivered
508620,12415,2025-08-19,Central,UPI,Returned
508621,14858,2025-08-16,South,Net Banking,Delivered
508622,14872,2025-06-02,West,UPI,Delivered
508623,11125,2025-02-11,Central,UPI,Delivered
508624,11614,2025-10-18,South,UPI,Delivered
508625,14572,2025-03-20,East,Credit Card,Delivered
508626,13738,2025-02-28,North,Credit Card,Delivered
508627,14875,2025-04-27,West,UPI,Delivered
508628,14508,2025-09-06,South,Net Banking,Delivered
508629,11061,2025-02-17,West,Credit Card,Delivered
508630,13862,2025-08-01,West,Credit Card,Delivered
508631,10236,2025-09-16,North,UPI,Delivered
508632,14133,2025-01-24,West,UPI,Delivered
508633,13086,2025-08-24,South,UPI,Delivered
508634,14794,2025-07-16,South,UPI,Shipped
508635,14813,2025-12-23,South,Cash on Delivery,Returned
508636,10247,2025-02-02,South,Debit Card,Shipped
508637,10785,2025-11-22,East,Debit Card,Delivered
508638,12478,2025-06-24,South,UPI,Delivered
508639,14435,2025-02-22,East,Credit Card,Delivered
508640,14119,2025-06-22,North,Credit Card,Shipped
508641,14842,2025-07-30,North,UPI,Shipped
508642,13166,2025-11-09,West,UPI,Delivered
508643,11303,2025-08-01,East,Debit Card,Delivered
508644,10126,2025-07-17,West,UPI,Shipped
508645,11091,2025-10-23,North,Debit Card,Delivered
508646,13441,2025-01-03,South,Cash on Delivery,Returned
508647,14640,2025-02-18,Central,Credit Card,Delivered
508648,11626,2025-01-14,North,Debit Card,Delivered
508649,14419,2025-07-25,East,Net Banking,Returned
508650,12024,2025-07-13,West,Debit Card,Delivered
508651,11555,2025-10-08,North,UPI,Delivered
508652,12609,2025-09-17,South,UPI,Delivered
508653,12269,2025-09-04,West,UPI,Delivered
508654,14598,2025-03-04,West,Credit Card,Delivered
508655,12390,2025-02-24,South,UPI,Delivered
508656,11402,2025-09-15,South,Credit Card,Delivered
508657,14255,2025-01-23,North,Net Banking,Delivered
508658,14995,2025-04-18,South,Cash on Delivery,Delivered
508659,13301,2025-06-25,West,Debit Card,Delivered
508660,11270,2025-01-15,North,Net Banking,Returned
508661,11194,2025-11-03,South,Credit Card,Shipped
508662,10289,2025-06-01,East,UPI,Delivered
508663,10384,2025-10-03,South,Net Banking,Delivered
508664,14599,2025-11-08,West,Net Banking,Returned
508665,10493,2025-02-07,North,UPI,Delivered
508666,12478,2025-10-08,South,Credit Card,Shipped
508667,13553,2025-03-27,West,Cash on Delivery,Cancelled
508668,14297,2025-11-20,North,Cash on Delivery,Delivered
508669,10826,2025-03-21,North,Credit Card,Delivered
508670,12245,2025-11-16,West,UPI,Delivered
508671,11275,2025-06-20,South,UPI,Delivered
508672,11294,2025-03-12,South,Net Banking,Delivered
508673,11527,2025-03-29,East,Debit Card,Delivered
508674,13021,2025-02-26,North,Debit Card,Delivered
508675,10080,2025-06-16,South,UPI,Delivered
508676,12096,2025-04-29,South,Credit Card,Delivered
508677,10912,2025-10-12,West,Credit Card,Shipped
508678,14853,2025-08-24,North,Credit Card,Delivered
508679,13006,2025-11-16,North,UPI,Delivered
508680,14389,2025-10-30,North,Credit Card,Delivered
508681,10961,2025-01-20,North,Debit Card,Delivered
508682,14096,2025-01-07,West,Net Banking,Delivered
508683,12125,2025-07-29,West,UPI,Delivered
508684,10862,2025-08-26,North,Net Banking,Shipped
508685,13867,2025-12-16,East,UPI,Delivered
508686,13872,2025-04-24,South,Credit Card,Delivered
508687,14981,2025-11-05,North,UPI,Delivered
508688,13952,2025-06-07,South,Net Banking,Delivered
508689,10710,2025-11-18,North,Credit Card,Returned
508690,11635,2025-05-07,South,Debit Card,Delivered
508691,12303,2025-07-22,North,Credit Card,Shipped
508692,10625,2025-08-12,South,Credit Card,Delivered
508693,13993,2025-03-11,West,UPI,Delivered
508694,12694,2025-12-14,South,Cash on Delivery,Delivered
508695,14739,2025-04-30,East,Debit Card,Delivered
508696,13031,2025-06-02,South,Credit Card,Cancelled
508697,12668,2025-01-23,West,UPI,Delivered
508698,10349,2025-05-20,South,Credit Card,Delivered
508699,10731,2025-04-22,South,Credit Card,Delivered
508700,14293,2025-05-18,North,Debit Card,Delivered
508701,14959,2025-06-29,North,UPI,Delivered
508702,12128,2025-04-29,North,Debit Card,Delivered
508703,14096,2025-05-10,West,Cash on Delivery,Delivered
508704,13207,2025-07-07,South,Net Banking,Delivered
508705,14807,2025-03-22,North,UPI,Delivered
508706,11192,2025-07-20,West,UPI,Delivered
508707,12801,2025-11-23,East,Credit Card,Delivered
508708,12097,2025-03-15,South,Credit Card,Delivered
508709,12784,2025-10-05,East,Credit Card,Delivered
508710,11362,2025-05-06,West,UPI,Delivered
508711,12552,2025-06-05,West,Credit Card,Delivered
508712,13199,2025-07-02,East,Debit Card,Cancelled
508713,10406,2025-04-16,Central,Cash on Delivery,Shipped
508714,13782,2025-11-30,South,Debit Card,Shipped
508715,13597,2025-05-27,East,UPI,Delivered
508716,14438,2025-01-01,North,UPI,Delivered
508717,12176,2025-07-03,North,Credit Card,Delivered
508718,10298,2025-03-29,North,Cash on Delivery,Returned
508719,12361,2025-07-11,North,Debit Card,Delivered
508720,10673,2025-03-28,North,Net Banking,Delivered
508721,13298,2025-03-10,East,UPI,Delivered
508722,10229,2025-12-06,North,Credit Card,Delivered
508723,11905,2025-04-20,South,UPI,Shipped
508724,10413,2025-12-26,South,UPI,Delivered
508725,10019,2025-06-21,South,Net Banking,Delivered
508726,14817,2025-06-26,North,Debit Card,Delivered
508727,14981,2025-04-09,North,UPI,Delivered
508728,12863,2025-02-05,South,Net Banking,Delivered
508729,11194,2025-08-13,South,Debit Card,Delivered
508730,14587,2025-12-10,South,Credit Card,Delivered
508731,14628,2025-10-20,East,UPI,Delivered
508732,14317,2025-09-10,East,Cash on Delivery,Delivered
508733,12800,2025-02-20,East,Debit Card,Delivered
508734,10366,2025-10-20,South,Net Banking,Returned
508735,10453,2025-06-02,East,Cash on Delivery,Delivered
508736,14522,2025-12-08,East,UPI,Delivered
508737,14419,2025-08-25,East,Debit Card,Delivered
508738,12222,2025-09-18,South,UPI,Delivered
508739,11665,2025-05-16,West,Credit Card,Delivered
508740,13283,2025-09-11,North,Debit Card,Delivered
508741,14081,2025-11-05,South,Credit Card,Delivered
508742,13727,2025-04-15,South,Credit Card,Shipped
508743,13160,2025-10-10,West,UPI,Delivered
508744,11151,2025-11-13,East,Debit Card,Delivered
508745,11333,2025-11-17,East,UPI,Delivered
508746,13690,2025-03-25,Central,UPI,Delivered
508747,14065,2025-07-18,West,UPI,Delivered
508748,10585,2025-02-14,South,UPI,Delivered
508749,10915,2025-07-08,West,Credit Card,Delivered
508750,13470,2025-02-19,South,UPI,Delivered
508751,11983,2025-10-31,West,UPI,Delivered
508752,12900,2025-07-20,South,UPI,Delivered
508753,13155,2025-06-24,Central,Net Banking,Delivered
508754,13936,2025-05-22,Central,Net Banking,Delivered
508755,14077,2025-10-02,North,Debit Card,Delivered
508756,11414,2025-07-09,South,Debit Card,Delivered
508757,12781,2025-05-14,North,Net Banking,Delivered
508758,10611,2025-04-11,East,UPI,Delivered
508759,14253,2025-12-12,West,Debit Card,Delivered
508760,14274,2025-09-26,East,UPI,Delivered
508761,11512,2025-12-23,North,Credit Card,Delivered
508762,10785,2025-10-29,East,Cash on Delivery,Returned
508763,10340,2025-02-02,West,Net Banking,Shipped
508764,12968,2025-04-26,East,Credit Card,Delivered
508765,10468,2025-04-07,North,Cash on Delivery,Delivered
508766,13470,2025-02-10,South,UPI,Delivered
508767,13460,2025-11-25,East,Cash on Delivery,Delivered
508768,13150,2025-07-26,South,Net Banking,Delivered
508769,14420,2025-01-29,East,Debit Card,Shipped
508770,11928,2025-09-20,North,UPI,Delivered
508771,14548,2025-04-05,East,Net Banking,Delivered
508772,10177,2025-07-01,North,UPI,Delivered
508773,10573,2025-01-11,South,UPI,Delivered
508774,12112,2025-02-11,East,Credit Card,Delivered
508775,13055,2025-09-18,North,UPI,Delivered
508776,10153,2025-01-02,South,Credit Card,Delivered
508777,12924,2025-02-12,East,Credit Card,Delivered
508778,11549,2025-01-04,East,UPI,Delivered
508779,14482,2025-12-03,South,Credit Card,Returned
508780,12735,2025-04-05,Central,UPI,Delivered
508781,13024,2025-02-28,South,UPI,Delivered
508782,14749,2025-01-30,South,Debit Card,Delivered
508783,13882,2025-03-29,North,Debit Card,Delivered
508784,12245,2025-11-26,West,Credit Card,Delivered
508785,12442,2025-08-08,North,Cash on Delivery,Delivered
508786,13299,2025-05-08,South,Cash on Delivery,Delivered
508787,10984,2025-06-20,Central,Credit Card,Delivered
508788,10453,2025-12-18,East,Debit Card,Delivered
508789,11572,2025-08-13,Central,Net Banking,Delivered
508790,13943,2025-10-01,North,UPI,Delivered
508791,11305,2025-06-14,South,Net Banking,Delivered
508792,10645,2025-06-07,West,UPI,Delivered
508793,11079,2025-07-16,West,UPI,Delivered
508794,13465,2025-11-11,West,UPI,Delivered
508795,13150,2025-01-30,South,Net Banking,Delivered
508796,13511,2025-07-15,Central,Cash on Delivery,Delivered
508797,11626,2025-06-18,North,Credit Card,Delivered
508798,14545,2025-11-03,South,Debit Card,Delivered
508799,12303,2025-12-10,North,Credit Card,Returned
508800,12627,2025-03-08,South,UPI,Delivered
508801,14768,2025-07-03,South,Net Banking,Delivered
508802,14897,2025-08-26,South,Credit Card,Delivered
508803,13376,2025-07-21,South,Debit Card,Delivered
508804,14743,2025-04-19,West,Debit Card,Delivered
508805,12782,2025-08-06,West,UPI,Delivered
508806,11549,2025-03-17,East,Net Banking,Delivered
508807,11592,2025-11-17,East,UPI,Delivered
508808,12880,2025-01-02,West,Debit Card,Shipped
508809,13102,2025-01-11,West,UPI,Delivered
508810,12253,2025-03-17,South,Credit Card,Delivered
508811,14462,2025-04-02,West,UPI,Delivered
508812,12181,2025-04-07,East,Cash on Delivery,Delivered
508813,11375,2025-06-19,West,Credit Card,Delivered
508814,10039,2025-09-16,West,Net Banking,Delivered
508815,14868,2025-10-24,Central,Net Banking,Shipped
508816,14173,2025-11-01,East,UPI,Returned
508817,13159,2025-03-24,West,Credit Card,Delivered
508818,14197,2025-03-23,East,Cash on Delivery,Delivered
508819,14098,2025-10-20,South,Credit Card,Delivered
508820,14674,2025-12-14,South,UPI,Delivered
508821,11965,2025-08-11,West,Debit Card,Delivered
508822,12860,2025-09-20,North,Debit Card,Shipped
508823,10501,2025-02-07,West,Debit Card,Delivered
508824,14845,2025-05-13,North,Credit Card,Delivered
508825,14930,2025-03-02,South,UPI,Delivered
508826,13996,2025-03-24,West,Credit Card,Delivered
508827,12316,2025-07-24,West,Credit Card,Delivered
508828,12545,2025-01-28,North,UPI,Delivered
508829,12229,2025-07-04,North,Net Banking,Delivered
508830,11481,2025-05-10,North,Credit Card,Delivered
508831,12704,2025-03-11,South,Debit Card,Delivered
508832,10262,2025-07-26,West,Cash on Delivery,Delivered
508833,14964,2025-06-05,West,Credit Card,Delivered
508834,12167,2025-02-06,Central,Credit Card,Shipped
508835,14651,2025-08-05,North,UPI,Delivered
508836,13691,2025-04-06,West,Credit Card,Delivered
508837,11466,2025-09-06,West,Credit Card,Delivered
508838,11087,2025-07-02,South,UPI,Shipped
508839,14981,2025-04-11,North,UPI,Delivered
508840,13916,2025-08-16,East,UPI,Delivered
508841,11265,2025-12-04,Central,Debit Card,Delivered
508842,10326,2025-01-03,West,Net Banking,Delivered
508843,13546,2025-03-12,West,UPI,Delivered
508844,11523,2025-04-07,South,Debit Card,Delivered
508845,11083,2025-03-26,West,Credit Card,Delivered
508846,13739,2025-08-27,Central,UPI,Returned
508847,13466,2025-06-25,West,Credit Card,Shipped
508848,12462,2025-10-20,South,Net Banking,Delivered
508849,14727,2025-05-11,South,Credit Card,Delivered
508850,13466,2025-06-26,West,Debit Card,Delivered
508851,14510,2025-04-11,North,UPI,Delivered
508852,10933,2025-08-05,West,UPI,Delivered
508853,11500,2025-07-07,South,Credit Card,Cancelled
508854,10521,2025-09-03,West,Debit Card,Delivered
508855,11531,2025-12-19,North,UPI,Delivered
508856,14874,2025-09-26,West,Credit Card,Delivered
508857,14831,2025-06-30,West,Cash on Delivery,Delivered
508858,13863,2025-11-02,East,Credit Card,Delivered
508859,12655,2025-06-03,West,Credit Card,Delivered
508860,13952,2025-06-30,South,Credit Card,Delivered
508861,12851,2025-02-26,West,Debit Card,Delivered
508862,10019,2025-02-15,South,UPI,Delivered
508863,12572,2025-12-16,North,UPI,Returned
508864,13073,2025-03-27,North,UPI,Delivered
508865,11347,2025-08-23,West,Cash on Delivery,Delivered
508866,10993,2025-03-23,North,UPI,Delivered
508867,11376,2025-06-27,Central,Credit Card,Delivered
508868,13194,2025-11-22,North,Debit Card,Delivered
508869,10712,2025-04-03,North,Debit Card,Delivered
508870,13665,2025-07-17,South,Debit Card,Delivered
508871,12160,2025-06-11,West,Credit Card,Shipped
508872,11806,2025-08-14,South,UPI,Delivered
508873,14082,2025-07-12,Central,Cash on Delivery,Delivered
508874,12593,2025-05-26,Central,UPI,Returned
508875,11928,2025-09-11,North,Cash on Delivery,Delivered
508876,14425,2025-10-10,West,UPI,Delivered
508877,11873,2025-01-10,West,UPI,Delivered
508878,14335,2025-05-10,North,UPI,Cancelled
508879,12584,2025-11-11,East,Credit Card,Delivered
508880,11020,2025-04-01,East,UPI,Delivered
508881,13144,2025-03-04,Central,Credit Card,Shipped
508882,11438,2025-01-15,South,Credit Card,Cancelled
508883,10722,2025-08-30,West,Net Banking,Delivered
508884,10439,2025-07-12,West,Debit Card,Delivered
508885,11213,2025-12-27,South,Debit Card,Delivered
508886,13747,2025-08-04,North,Debit Card,Delivered
508887,14235,2025-09-19,South,UPI,Cancelled
508888,14354,2025-08-09,East,Debit Card,Cancelled
508889,11366,2025-05-14,West,Credit Card,Delivered
508890,13374,2025-10-21,West,Net Banking,Delivered
508891,11141,2025-10-31,South,UPI,Delivered
508892,13191,2025-01-15,Central,Debit Card,Delivered
508893,14482,2025-11-24,South,Debit Card,Delivered
508894,10204,2025-01-29,West,UPI,Delivered
508895,14931,2025-09-15,East,UPI,Delivered
508896,14183,2025-11-27,North,Cash on Delivery,Shipped
508897,13870,2025-07-20,Central,UPI,Delivered
508898,13525,2025-03-29,North,Credit Card,Delivered
508899,13908,2025-06-11,West,Net Banking,Delivered
508900,14975,2025-01-24,South,Debit Card,Delivered
508901,13906,2025-08-29,North,Debit Card,Delivered
508902,11797,2025-04-12,Central,Debit Card,Delivered
508903,13150,2025-10-08,South,UPI,Delivered
508904,11710,2025-04-27,North,Net Banking,Delivered
508905,14864,2025-02-02,West,UPI,Delivered
508906,14538,2025-12-30,East,Credit Card,Delivered
508907,12924,2025-09-11,East,Cash on Delivery,Delivered
508908,13956,2025-10-26,North,Credit Card,Shipped
508909,14579,2025-01-17,Central,UPI,Delivered
508910,11228,2025-01-07,West,UPI,Delivered
508911,12993,2025-01-27,South,Cash on Delivery,Delivered
508912,12462,2025-02-05,South,Net Banking,Delivered
508913,13913,2025-09-28,East,UPI,Delivered
508914,11932,2025-03-11,West,Cash on Delivery,Delivered
508915,13618,2025-07-04,North,UPI,Delivered
508916,12065,2025-08-16,East,Cash on Delivery,Delivered
508917,10561,2025-03-10,South,Net Banking,Delivered
508918,10536,2025-02-22,West,Cash on Delivery,Delivered
508919,10602,2025-08-25,East,UPI,Delivered
508920,10153,2025-07-16,South,UPI,Cancelled
508921,12731,2025-01-02,East,Debit Card,Shipped
508922,13426,2025-04-17,Central,Credit Card,Delivered
508923,10625,2025-05-26,South,UPI,Delivered
508924,13138,2025-06-09,South,Debit Card,Delivered
508925,13069,2025-08-27,East,Net Banking,Delivered
508926,10722,2025-05-06,West,UPI,Delivered
508927,12071,2025-06-06,South,UPI,Delivered
508928,13836,2025-11-01,South,Credit Card,Delivered
508929,10081,2025-07-27,West,Credit Card,Cancelled
508930,10721,2025-07-22,North,Net Banking,Cancelled
508931,14981,2025-11-12,North,UPI,Returned
508932,13736,2025-05-07,West,Debit Card,Delivered
508933,12371,2025-10-11,Central,UPI,Delivered
508934,13219,2025-12-08,South,UPI,Delivered
508935,14280,2025-06-04,East,Credit Card,Delivered
508936,14253,2025-05-16,West,UPI,Delivered
508937,11646,2025-05-31,West,UPI,Delivered
508938,12513,2025-02-01,West,Net Banking,Shipped
508939,13253,2025-01-15,North,UPI,Delivered
508940,10351,2025-12-13,Central,Credit Card,Delivered
508941,14749,2025-05-08,South,Cash on Delivery,Delivered
508942,12210,2025-04-06,South,Net Banking,Delivered
508943,11889,2025-11-09,South,Credit Card,Delivered
508944,14570,2025-10-30,East,UPI,Returned
508945,10598,2025-04-11,South,Cash on Delivery,Delivered
508946,10185,2025-04-28,East,Debit Card,Delivered
508947,13495,2025-01-10,Central,UPI,Shipped
508948,11960,2025-04-27,Central,Cash on Delivery,Delivered
508949,13882,2025-12-14,North,UPI,Cancelled
508950,10332,2025-06-29,West,Debit Card,Delivered
508951,11954,2025-08-12,North,Credit Card,Delivered
508952,11176,2025-08-12,North,Cash on Delivery,Delivered
508953,13766,2025-09-05,West,Cash on Delivery,Delivered
508954,11120,2025-09-11,West,Debit Card,Delivered
508955,12339,2025-11-15,West,Debit Card,Delivered
508956,14144,2025-11-22,East,Net Banking,Delivered
508957,14602,2025-05-17,South,Net Banking,Delivered
508958,13684,2025-08-18,South,Debit Card,Delivered
508959,12192,2025-12-16,East,UPI,Delivered
508960,12944,2025-02-10,South,UPI,Delivered
508961,13517,2025-02-09,East,Debit Card,Delivered
508962,14417,2025-09-29,West,Debit Card,Delivered
508963,14486,2025-09-09,North,Credit Card,Delivered
508964,14669,2025-01-25,North,Net Banking,Cancelled
508965,14100,2025-05-18,Central,Credit Card,Cancelled
508966,10721,2025-01-09,North,Debit Card,Delivered
508967,13800,2025-10-23,North,UPI,Shipped
508968,14120,2025-02-26,Central,Credit Card,Delivered
508969,14425,2025-10-29,West,Credit Card,Delivered
508970,14635,2025-04-29,North,UPI,Delivered
508971,12610,2025-09-20,North,UPI,Delivered
508972,13351,2025-06-20,North,UPI,Delivered
508973,10049,2025-12-26,South,Net Banking,Delivered
508974,12950,2025-07-23,West,UPI,Delivered
508975,12418,2025-02-26,North,Net Banking,Returned
508976,14829,2025-05-25,Central,Debit Card,Delivered
508977,14548,2025-01-25,East,Debit Card,Delivered
508978,14043,2025-04-21,South,Debit Card,Delivered
508979,10283,2025-02-24,South,Cash on Delivery,Shipped
508980,12059,2025-05-27,North,Debit Card,Delivered
508981,13545,2025-02-01,West,Debit Card,Delivered
508982,10143,2025-03-28,North,Credit Card,Delivered
508983,11177,2025-06-09,North,Net Banking,Delivered
508984,14484,2025-03-13,West,UPI,Delivered
508985,10640,2025-01-22,East,Credit Card,Delivered
508986,10250,2025-08-26,East,UPI,Delivered
508987,13000,2025-07-02,East,Credit Card,Delivered
508988,14756,2025-05-16,North,Credit Card,Delivered
508989,14214,2025-02-15,West,Cash on Delivery,Delivered
508990,14882,2025-01-05,East,Cash on Delivery,Delivered
508991,13830,2025-01-12,South,Debit Card,Delivered
508992,12243,2025-01-27,West,UPI,Delivered
508993,14756,2025-03-25,North,Credit Card,Cancelled
508994,12181,2025-02-05,East,UPI,Delivered
508995,11786,2025-02-21,Central,Credit Card,Delivered
508996,12295,2025-05-10,West,UPI,Returned
508997,14115,2025-03-15,North,Debit Card,Delivered
508998,14613,2025-09-05,North,UPI,Delivered
508999,11823,2025-01-12,West,Net Banking,Delivered
509000,12362,2025-02-24,South,Net Banking,Delivered
509001,14531,2025-12-02,North,UPI,Shipped
509002,10229,2025-09-11,North,UPI,Returned
509003,13969,2025-06-08,Central,Cash on Delivery,Delivered
509004,12317,2025-04-01,South,Debit Card,Delivered
509005,11918,2025-06-09,South,Cash on Delivery,Delivered
509006,12290,2025-11-16,Central,Credit Card,Shipped
509007,12145,2025-04-14,North,UPI,Shipped
509008,13845,2025-04-01,West,Credit Card,Delivered
509009,14654,2025-11-11,West,Cash on Delivery,Returned
509010,12515,2025-10-08,East,UPI,Delivered
509011,14205,2025-12-26,East,Cash on Delivery,Delivered
509012,13729,2025-03-09,East,Credit Card,Delivered
509013,11675,2025-06-21,North,UPI,Delivered
509014,13021,2025-06-20,North,Credit Card,Delivered
509015,13405,2025-05-23,East,UPI,Delivered
509016,10115,2025-08-13,North,Credit Card,Delivered
509017,12026,2025-07-16,North,UPI,Delivered
509018,14969,2025-07-17,North,Cash on Delivery,Delivered
509019,13249,2025-06-22,North,UPI,Returned
509020,11692,2025-06-02,Central,Debit Card,Delivered
509021,11266,2025-06-02,North,Net Banking,Delivered
509022,11027,2025-01-10,South,Debit Card,Delivered
509023,12058,2025-07-09,North,Debit Card,Cancelled
509024,10946,2025-01-12,South,Credit Card,Delivered
509025,10663,2025-01-29,West,UPI,Cancelled
509026,11855,2025-02-12,West,UPI,Delivered
509027,13116,2025-03-29,South,Debit Card,Cancelled
509028,10715,2025-12-10,South,Net Banking,Delivered
509029,10219,2025-04-21,West,Net Banking,Delivered
509030,10165,2025-03-10,West,Credit Card,Delivered
509031,11354,2025-04-29,North,Cash on Delivery,Delivered
509032,10932,2025-09-24,North,Debit Card,Delivered
509033,12769,2025-12-29,North,UPI,Delivered
509034,12326,2025-09-04,South,UPI,Delivered
509035,11646,2025-11-15,West,Credit Card,Delivered
509036,14211,2025-01-22,North,Debit Card,Shipped
509037,12586,2025-11-22,North,UPI,Delivered
509038,10468,2025-07-11,North,UPI,Delivered
509039,11496,2025-03-31,West,Credit Card,Delivered
509040,14878,2025-05-14,South,Cash on Delivery,Delivered
509041,14888,2025-12-18,West,Debit Card,Delivered
509042,11289,2025-10-26,East,UPI,Cancelled
509043,10809,2025-05-05,West,UPI,Delivered
509044,12536,2025-12-21,East,Net Banking,Delivered
509045,12462,2025-07-09,South,Net Banking,Returned
509046,12100,2025-11-19,Central,Credit Card,Delivered
509047,12706,2025-03-23,North,UPI,Shipped
509048,11153,2025-08-15,West,Debit Card,Shipped
509049,10582,2025-06-29,East,Credit Card,Delivered
509050,12937,2025-12-22,West,Net Banking,Delivered
509051,14679,2025-11-20,East,UPI,Returned
509052,10673,2025-11-09,North,Credit Card,Delivered
509053,13587,2025-06-01,West,Credit Card,Delivered
509054,12245,2025-06-03,West,Credit Card,Delivered
509055,11484,2025-11-01,East,Cash on Delivery,Delivered
509056,14309,2025-08-09,East,Debit Card,Shipped
509057,12331,2025-10-21,North,Net Banking,Delivered
509058,13007,2025-02-05,East,UPI,Shipped
509059,12272,2025-05-02,East,Credit Card,Delivered
509060,10406,2025-07-01,Central,UPI,Delivered
509061,13057,2025-04-06,Central,Cash on Delivery,Delivered
509062,12145,2025-04-14,North,UPI,Delivered
509063,10444,2025-03-23,East,UPI,Delivered
509064,13064,2025-01-24,South,UPI,Returned
509065,10049,2025-06-17,South,Credit Card,Delivered
509066,11024,2025-12-04,West,UPI,Delivered
509067,13953,2025-04-13,West,UPI,Delivered
509068,10179,2025-09-21,West,Credit Card,Delivered
509069,13292,2025-08-19,North,Debit Card,Delivered
509070,14768,2025-07-01,South,Debit Card,Shipped
509071,10826,2025-04-25,North,UPI,Delivered
509072,12137,2025-09-24,South,Debit Card,Shipped
509073,12969,2025-12-29,North,UPI,Cancelled
509074,12301,2025-08-15,West,Cash on Delivery,Delivered
509075,13180,2025-08-04,Central,UPI,Delivered
509076,12071,2025-12-17,South,Credit Card,Delivered
509077,10728,2025-10-25,North,UPI,Delivered
509078,10456,2025-09-19,South,Credit Card,Delivered
509079,13788,2025-01-03,West,UPI,Delivered
509080,11194,2025-11-26,South,Net Banking,Delivered
509081,14284,2025-12-20,North,Credit Card,Delivered
509082,13782,2025-11-17,South,Credit Card,Delivered
509083,10240,2025-02-05,West,Cash on Delivery,Delivered
509084,10991,2025-07-03,North,Credit Card,Delivered
509085,11473,2025-06-29,North,UPI,Delivered
509086,13056,2025-05-05,North,UPI,Delivered
509087,14095,2025-06-09,South,Debit Card,Returned
509088,10295,2025-04-22,South,UPI,Delivered
509089,11264,2025-05-14,West,Debit Card,Shipped
509090,11917,2025-12-01,East,Cash on Delivery,Delivered
509091,10893,2025-07-21,East,Credit Card,Delivered
509092,12804,2025-06-01,East,UPI,Delivered
509093,12449,2025-11-24,East,Debit Card,Delivered
509094,11603,2025-12-03,North,Credit Card,Delivered
509095,12638,2025-03-18,West,UPI,Delivered
509096,11817,2025-09-22,North,Credit Card,Delivered
509097,11744,2025-09-11,North,Credit Card,Delivered
509098,11347,2025-03-11,West,Debit Card,Delivered
509099,12775,2025-01-23,South,Debit Card,Delivered
509100,12275,2025-12-08,Central,Debit Card,Delivered
509101,10964,2025-08-01,North,UPI,Delivered
509102,10065,2025-09-30,West,Net Banking,Delivered
509103,10739,2025-04-08,Central,Cash on Delivery,Delivered
509104,10213,2025-05-03,North,UPI,Delivered
509105,12205,2025-01-25,West,UPI,Delivered
509106,11103,2025-02-07,East,Credit Card,Delivered
509107,12152,2025-09-16,South,Cash on Delivery,Delivered
509108,11668,2025-07-14,Central,UPI,Returned
509109,12761,2025-09-27,South,Credit Card,Delivered
509110,13689,2025-09-23,West,UPI,Delivered
509111,12456,2025-03-07,South,Credit Card,Delivered
509112,10300,2025-07-18,East,Credit Card,Shipped
509113,10083,2025-05-22,South,Credit Card,Delivered
509114,11049,2025-08-29,South,UPI,Shipped
509115,12171,2025-07-28,South,Net Banking,Delivered
509116,10222,2025-05-06,West,Debit Card,Delivered
509117,11663,2025-09-23,West,Cash on Delivery,Delivered
509118,14482,2025-12-21,South,UPI,Delivered
509119,10460,2025-11-01,South,Net Banking,Delivered
509120,14767,2025-06-25,West,Debit Card,Delivered
509121,14325,2025-02-16,West,UPI,Delivered
509122,14203,2025-03-01,West,UPI,Delivered
509123,14371,2025-10-08,West,UPI,Delivered
509124,10402,2025-05-15,North,Credit Card,Delivered
509125,10739,2025-11-29,Central,Cash on Delivery,Delivered
509126,10659,2025-05-01,North,UPI,Delivered
509127,10562,2025-06-16,North,Cash on Delivery,Delivered
509128,11663,2025-02-12,West,Credit Card,Delivered
509129,14197,2025-02-15,East,Debit Card,Delivered
509130,11276,2025-08-05,West,Debit Card,Delivered
509131,11233,2025-10-26,West,Debit Card,Delivered
509132,13445,2025-10-12,South,Credit Card,Delivered
509133,10495,2025-12-05,Central,Credit Card,Cancelled
509134,11838,2025-04-13,Central,Cash on Delivery,Delivered
509135,11495,2025-03-27,East,Debit Card,Delivered
509136,14282,2025-07-13,West,Debit Card,Delivered
509137,12629,2025-08-02,North,Credit Card,Delivered
509138,13291,2025-12-21,West,UPI,Delivered
509139,10638,2025-08-14,South,UPI,Delivered
509140,14658,2025-07-16,West,Cash on Delivery,Delivered
509141,11634,2025-06-04,North,Debit Card,Cancelled
509142,13600,2025-12-04,West,Cash on Delivery,Shipped
509143,14784,2025-01-03,North,Net Banking,Delivered
509144,12604,2025-11-08,North,UPI,Delivered
509145,12597,2025-11-16,West,Credit Card,Delivered
509146,10592,2025-10-04,Central,UPI,Delivered
509147,11990,2025-01-24,South,Net Banking,Delivered
509148,14307,2025-05-28,South,UPI,Delivered
509149,10662,2025-11-04,East,Debit Card,Delivered
509150,14611,2025-01-13,North,Debit Card,Returned
509151,13408,2025-08-06,South,Debit Card,Delivered
509152,12153,2025-06-20,West,Net Banking,Delivered
509153,12814,2025-12-16,South,Debit Card,Delivered
509154,10736,2025-03-19,Central,UPI,Delivered
509155,11073,2025-08-27,North,UPI,Delivered
509156,11445,2025-09-02,South,UPI,Delivered
509157,11960,2025-04-12,Central,Cash on Delivery,Delivered
509158,14602,2025-01-30,South,UPI,Delivered
509159,11872,2025-09-28,South,Credit Card,Delivered
509160,12675,2025-07-22,West,Credit Card,Delivered
509161,10791,2025-07-31,South,Credit Card,Delivered
509162,13745,2025-06-02,North,Credit Card,Delivered
509163,12886,2025-06-15,South,Debit Card,Cancelled
509164,12253,2025-02-12,South,UPI,Delivered
509165,14758,2025-02-09,West,UPI,Delivered
509166,14492,2025-05-31,North,Net Banking,Delivered
509167,13374,2025-02-13,West,Credit Card,Delivered
509168,14626,2025-03-22,West,UPI,Shipped
509169,12907,2025-09-14,East,Debit Card,Delivered
509170,14182,2025-04-13,West,UPI,Cancelled
509171,12098,2025-12-04,North,UPI,Delivered
509172,10444,2025-02-10,East,UPI,Delivered
509173,14974,2025-11-14,East,UPI,Delivered
509174,10801,2025-07-07,North,Net Banking,Cancelled
509175,11275,2025-07-27,South,UPI,Shipped
509176,10795,2025-04-18,South,Net Banking,Delivered
509177,11717,2025-11-25,East,Credit Card,Delivered
509178,11464,2025-11-30,South,UPI,Delivered
509179,13084,2025-07-13,West,UPI,Shipped
509180,14981,2025-02-26,North,UPI,Shipped
509181,10255,2025-05-01,South,Credit Card,Delivered
509182,13943,2025-10-25,North,Cash on Delivery,Delivered
509183,10630,2025-03-26,East,UPI,Delivered
509184,10095,2025-03-07,West,Credit Card,Delivered
509185,13256,2025-03-11,South,Net Banking,Delivered
509186,14412,2025-08-21,South,Net Banking,Delivered
509187,10858,2025-08-31,South,Debit Card,Delivered
509188,11737,2025-09-24,East,Credit Card,Delivered
509189,10817,2025-01-04,East,Debit Card,Delivered
509190,14566,2025-03-20,North,Credit Card,Delivered
509191,11367,2025-08-06,West,Net Banking,Delivered
509192,12280,2025-08-24,South,Credit Card,Delivered
509193,14517,2025-03-20,East,Net Banking,Delivered
509194,12848,2025-06-26,Central,Credit Card,Delivered
509195,14680,2025-08-30,East,Credit Card,Delivered
509196,14640,2025-06-14,Central,Debit Card,Delivered
509197,12362,2025-10-03,South,UPI,Delivered
509198,13005,2025-12-18,South,Credit Card,Delivered
509199,11141,2025-11-25,South,Net Banking,Delivered
509200,14959,2025-06-27,North,Credit Card,Delivered
509201,11404,2025-06-08,West,Debit Card,Shipped
509202,13968,2025-10-27,West,Debit Card,Delivered
509203,11579,2025-01-31,West,Net Banking,Delivered
509204,11580,2025-11-27,North,Credit Card,Returned
509205,10521,2025-02-10,West,Cash on Delivery,Shipped
509206,12884,2025-01-04,North,Cash on Delivery,Delivered
509207,11235,2025-09-27,South,UPI,Delivered
509208,10726,2025-06-23,East,Debit Card,Returned
509209,11114,2025-11-06,East,Debit Card,Delivered
509210,11273,2025-04-02,Central,Credit Card,Delivered
509211,12584,2025-03-30,East,UPI,Delivered
509212,11964,2025-03-28,North,UPI,Delivered
509213,10371,2025-02-02,West,Debit Card,Delivered
509214,12748,2025-05-17,West,UPI,Delivered
509215,13990,2025-06-15,North,Credit Card,Cancelled
509216,12961,2025-03-30,East,UPI,Delivered
509217,14881,2025-03-23,East,UPI,Delivered
509218,10504,2025-02-12,North,Net Banking,Delivered
509219,14156,2025-05-15,South,UPI,Delivered
509220,12590,2025-12-10,West,UPI,Delivered
509221,12660,2025-10-23,West,Credit Card,Delivered
509222,12649,2025-12-07,West,Debit Card,Delivered
509223,11650,2025-04-29,East,UPI,Delivered
509224,11644,2025-11-14,West,Credit Card,Delivered
509225,13228,2025-07-02,South,Debit Card,Delivered
509226,10221,2025-02-04,East,Debit Card,Delivered
509227,13029,2025-06-20,West,Cash on Delivery,Delivered
509228,13691,2025-01-11,West,UPI,Delivered
509229,11817,2025-12-01,North,Cash on Delivery,Delivered
509230,11073,2025-03-20,North,Cash on Delivery,Shipped
509231,11050,2025-05-13,North,Net Banking,Delivered
509232,10408,2025-06-17,West,Cash on Delivery,Delivered
509233,10459,2025-08-24,West,UPI,Delivered
509234,10806,2025-10-29,East,Cash on Delivery,Returned
509235,10093,2025-01-21,West,Debit Card,Delivered
509236,11348,2025-05-17,North,UPI,Delivered
509237,11542,2025-11-23,North,Debit Card,Delivered
509238,14978,2025-06-04,North,Debit Card,Delivered
509239,14963,2025-09-30,East,Debit Card,Delivered
509240,10912,2025-03-07,West,Net Banking,Delivered
509241,11047,2025-08-20,West,Debit Card,Delivered
509242,12517,2025-01-26,East,UPI,Delivered
509243,10729,2025-12-31,West,UPI,Delivered
509244,12584,2025-07-19,East,Credit Card,Delivered
509245,12044,2025-06-22,North,Credit Card,Delivered
509246,11645,2025-07-02,South,Debit Card,Delivered
509247,14167,2025-02-09,South,UPI,Delivered
509248,14189,2025-09-29,North,Credit Card,Delivered
509249,14946,2025-07-31,South,UPI,Delivered
509250,11091,2025-08-12,North,UPI,Delivered
509251,14485,2025-06-09,North,Debit Card,Returned
509252,12759,2025-02-04,South,UPI,Delivered
509253,13046,2025-11-16,West,Net Banking,Delivered
509254,14521,2025-05-01,East,Debit Card,Delivered
509255,14727,2025-10-13,South,Credit Card,Delivered
509256,13699,2025-06-19,South,Credit Card,Delivered
509257,11774,2025-12-02,West,Debit Card,Delivered
509258,12503,2025-08-19,North,Debit Card,Delivered
509259,13156,2025-04-10,South,Net Banking,Delivered
509260,14193,2025-08-21,South,UPI,Delivered
509261,13368,2025-01-02,West,Net Banking,Delivered
509262,11869,2025-01-16,West,Net Banking,Shipped
509263,12140,2025-08-09,West,Net Banking,Cancelled
509264,10244,2025-09-20,North,UPI,Delivered
509265,14632,2025-07-02,West,UPI,Shipped
509266,10453,2025-01-23,East,Debit Card,Returned
509267,12996,2025-09-04,East,Cash on Delivery,Delivered
509268,14404,2025-09-14,South,UPI,Cancelled
509269,12153,2025-04-26,West,Debit Card,Delivered
509270,14053,2025-03-10,West,UPI,Delivered
509271,14072,2025-05-21,East,Cash on Delivery,Delivered
509272,10295,2025-02-21,South,Net Banking,Delivered
509273,12112,2025-04-06,East,UPI,Delivered
509274,13525,2025-02-24,North,UPI,Delivered
509275,12160,2025-10-12,West,Credit Card,Delivered
509276,12804,2025-05-26,East,Credit Card,Delivered
509277,13056,2025-10-10,North,Credit Card,Delivered
509278,10739,2025-02-19,Central,Net Banking,Cancelled
509279,12111,2025-10-25,North,Cash on Delivery,Delivered
509280,10139,2025-07-14,South,Credit Card,Delivered
509281,10734,2025-08-10,West,UPI,Delivered
509282,12624,2025-05-18,South,Credit Card,Delivered
509283,12953,2025-01-09,North,Debit Card,Shipped
509284,10714,2025-01-03,North,Credit Card,Shipped
509285,13839,2025-12-08,North,UPI,Delivered
509286,11899,2025-02-07,North,UPI,Delivered
509287,14622,2025-03-11,East,Debit Card,Delivered
509288,11974,2025-03-10,North,Debit Card,Delivered
509289,10734,2025-06-07,West,Debit Card,Delivered
509290,13848,2025-09-27,North,UPI,Delivered
509291,12924,2025-01-02,East,UPI,Delivered
509292,11969,2025-12-19,West,UPI,Delivered
509293,11817,2025-04-11,North,Net Banking,Delivered
509294,10738,2025-05-16,Central,Credit Card,Delivered
509295,11737,2025-11-26,East,Credit Card,Delivered
509296,10142,2025-08-01,West,UPI,Delivered
509297,12575,2025-03-24,South,Credit Card,Delivered
509298,14522,2025-12-21,East,Credit Card,Delivered
509299,14034,2025-10-01,South,Net Banking,Delivered
509300,10139,2025-05-21,South,Cash on Delivery,Delivered
509301,14447,2025-10-29,North,Net Banking,Delivered
509302,12307,2025-05-20,South,Credit Card,Delivered
509303,10935,2025-10-23,South,Credit Card,Delivered
509304,13820,2025-03-29,Central,Net Banking,Delivered
509305,11637,2025-11-19,South,UPI,Delivered
509306,11283,2025-10-08,West,Credit Card,Cancelled
509307,10788,2025-08-29,East,Credit Card,Delivered
509308,12484,2025-04-22,East,Credit Card,Delivered
509309,10477,2025-10-28,South,Credit Card,Delivered
509310,13977,2025-05-21,North,Debit Card,Delivered
509311,12402,2025-06-01,West,Credit Card,Delivered
509312,12290,2025-07-23,Central,UPI,Delivered
509313,10010,2025-09-15,South,Credit Card,Delivered
509314,14133,2025-10-02,West,Credit Card,Delivered
509315,12521,2025-08-02,North,UPI,Delivered
509316,12253,2025-10-07,South,Credit Card,Delivered
509317,13868,2025-07-08,South,UPI,Cancelled
509318,10307,2025-05-13,West,UPI,Delivered
509319,11871,2025-03-21,Central,Net Banking,Delivered
509320,12970,2025-04-11,South,Debit Card,Delivered
509321,12359,2025-12-24,South,Credit Card,Cancelled
509322,10885,2025-03-05,West,Cash on Delivery,Delivered
509323,11511,2025-01-12,East,Credit Card,Delivered
509324,11515,2025-05-03,South,UPI,Delivered
509325,14965,2025-12-31,West,Credit Card,Returned
509326,11657,2025-04-19,Central,Cash on Delivery,Delivered
509327,11006,2025-07-06,South,Debit Card,Delivered
509328,14167,2025-12-18,South,Debit Card,Delivered
509329,12155,2025-07-25,West,UPI,Delivered
509330,12274,2025-02-16,West,UPI,Returned
509331,12823,2025-11-05,East,Credit Card,Delivered
509332,13064,2025-04-09,South,UPI,Delivered
509333,13040,2025-11-25,West,UPI,Delivered
509334,10165,2025-08-22,West,Cash on Delivery,Delivered
509335,14143,2025-08-09,South,UPI,Delivered
509336,10956,2025-03-19,North,UPI,Delivered
509337,11475,2025-08-05,West,UPI,Cancelled
509338,10838,2025-06-23,North,Credit Card,Delivered
509339,13892,2025-04-16,North,Credit Card,Delivered
509340,13008,2025-06-14,Central,Credit Card,Shipped
509341,13836,2025-04-23,South,Net Banking,Delivered
509342,13332,2025-05-26,North,UPI,Delivered
509343,10521,2025-05-12,West,Debit Card,Delivered
509344,11522,2025-03-25,East,Credit Card,Delivered
509345,12597,2025-01-01,West,Credit Card,Delivered
509346,11532,2025-09-10,Central,Cash on Delivery,Delivered
509347,11018,2025-01-24,North,Debit Card,Delivered
509348,14396,2025-10-25,East,Credit Card,Returned
509349,13800,2025-07-07,North,UPI,Delivered
509350,11755,2025-04-21,North,UPI,Delivered
509351,13884,2025-01-24,North,UPI,Delivered
509352,13207,2025-02-25,South,Debit Card,Delivered
509353,10020,2025-03-10,East,UPI,Delivered
509354,11936,2025-01-18,West,Credit Card,Delivered
509355,11468,2025-08-16,West,Credit Card,Shipped
509356,11074,2025-02-27,West,Cash on Delivery,Delivered
509357,11275,2025-06-12,South,Credit Card,Delivered
509358,14726,2025-05-12,South,Cash on Delivery,Delivered
509359,12484,2025-08-07,East,Debit Card,Delivered
509360,14284,2025-11-27,North,Credit Card,Delivered
509361,11056,2025-10-11,East,Credit Card,Delivered
509362,10845,2025-05-19,West,UPI,Delivered
509363,14486,2025-01-03,North,Net Banking,Delivered
509364,12536,2025-12-22,East,Debit Card,Delivered
509365,14517,2025-09-16,East,Credit Card,Delivered
509366,10307,2025-10-08,West,Net Banking,Delivered
509367,14606,2025-11-28,North,Credit Card,Returned
509368,12129,2025-01-12,South,Credit Card,Cancelled
509369,10764,2025-02-22,South,Credit Card,Delivered
509370,13488,2025-09-11,West,Cash on Delivery,Delivered
509371,14040,2025-04-06,West,Net Banking,Delivered
509372,10229,2025-08-20,North,Cash on Delivery,Delivered
509373,14944,2025-09-23,South,Credit Card,Delivered
509374,13548,2025-04-22,South,Credit Card,Delivered
509375,11626,2025-02-16,North,UPI,Delivered
509376,10739,2025-07-01,Central,UPI,Delivered
509377,12005,2025-08-23,South,UPI,Delivered
509378,11083,2025-09-11,West,Cash on Delivery,Delivered
509379,12530,2025-01-07,West,Credit Card,Delivered
509380,13958,2025-12-10,South,UPI,Delivered
509381,13374,2025-10-15,West,Credit Card,Delivered
509382,12232,2025-10-06,South,Net Banking,Delivered
509383,10601,2025-11-02,North,Credit Card,Delivered
509384,14800,2025-07-14,South,Cash on Delivery,Delivered
509385,11367,2025-01-25,West,Cash on Delivery,Delivered
509386,11402,2025-01-06,South,Credit Card,Delivered
509387,13288,2025-12-19,Central,UPI,Delivered
509388,13910,2025-05-23,South,Debit Card,Delivered
509389,14921,2025-07-10,North,Credit Card,Delivered
509390,14859,2025-05-28,West,Net Banking,Delivered
509391,14598,2025-06-20,West,UPI,Delivered
509392,12229,2025-04-06,North,UPI,Delivered
509393,10806,2025-07-14,East,Credit Card,Shipped
509394,13012,2025-09-17,South,UPI,Delivered
509395,10083,2025-08-24,South,UPI,Delivered
509396,10964,2025-01-06,North,Net Banking,Delivered
509397,10012,2025-02-28,South,Cash on Delivery,Delivered
509398,10880,2025-09-06,Central,UPI,Delivered
509399,12428,2025-02-21,Central,Net Banking,Delivered
509400,12013,2025-10-02,West,UPI,Delivered
509401,11876,2025-05-02,West,Credit Card,Delivered
509402,14198,2025-01-26,South,Credit Card,Delivered
509403,13439,2025-10-31,East,Credit Card,Delivered
509404,14694,2025-08-05,West,Credit Card,Shipped
509405,12282,2025-07-02,East,Net Banking,Delivered
509406,11369,2025-03-30,West,UPI,Delivered
509407,10609,2025-02-07,East,Credit Card,Delivered
509408,13428,2025-03-25,East,UPI,Delivered
509409,14253,2025-04-18,West,Credit Card,Returned
509410,10894,2025-06-12,North,UPI,Delivered
509411,14430,2025-07-16,Central,UPI,Delivered
509412,12693,2025-09-10,East,Credit Card,Delivered
509413,10702,2025-08-15,South,UPI,Delivered
509414,13276,2025-01-03,East,UPI,Delivered
509415,12653,2025-10-24,East,Net Banking,Delivered
509416,10136,2025-06-09,Central,Net Banking,Cancelled
509417,12043,2025-10-19,West,Cash on Delivery,Cancelled
509418,13973,2025-01-30,South,Cash on Delivery,Delivered
509419,12863,2025-04-26,South,UPI,Delivered
509420,11421,2025-06-16,Central,UPI,Delivered
509421,14657,2025-04-03,North,Debit Card,Shipped
509422,11189,2025-08-06,North,Net Banking,Delivered
509423,11280,2025-04-19,South,UPI,Delivered
509424,11813,2025-03-30,North,Credit Card,Delivered
509425,14516,2025-07-07,North,Cash on Delivery,Delivered
509426,12597,2025-07-03,West,UPI,Delivered
509427,13480,2025-07-29,South,Credit Card,Cancelled
509428,14886,2025-07-05,West,Debit Card,Delivered
509429,13968,2025-10-09,West,Credit Card,Delivered
509430,10835,2025-07-03,North,Debit Card,Delivered
509431,13993,2025-12-27,West,UPI,Shipped
509432,13801,2025-05-17,West,UPI,Delivered
509433,11157,2025-10-15,South,Credit Card,Delivered
509434,11650,2025-11-29,East,Cash on Delivery,Delivered
509435,13625,2025-04-17,South,Credit Card,Delivered
509436,11193,2025-03-29,South,Cash on Delivery,Delivered
509437,11021,2025-05-05,North,Net Banking,Delivered
509438,13582,2025-07-16,South,Debit Card,Delivered
509439,14438,2025-04-20,North,Credit Card,Delivered
509440,10368,2025-11-14,North,UPI,Delivered
509441,12284,2025-02-17,West,Debit Card,Returned
509442,13117,2025-11-18,South,UPI,Shipped
509443,13447,2025-07-09,West,Credit Card,Delivered
509444,14981,2025-04-21,North,Net Banking,Delivered
509445,13484,2025-08-10,North,UPI,Shipped
509446,13180,2025-03-10,Central,Net Banking,Shipped
509447,14957,2025-07-03,South,Credit Card,Delivered
509448,10296,2025-11-26,North,Credit Card,Shipped
509449,10365,2025-06-13,North,Debit Card,Shipped
509450,12891,2025-10-19,North,Debit Card,Delivered
509451,11829,2025-01-07,South,Credit Card,Delivered
509452,10493,2025-08-09,North,Debit Card,Delivered
509453,11542,2025-08-07,North,Credit Card,Delivered
509454,13436,2025-02-27,West,Net Banking,Delivered
509455,14438,2025-10-03,North,UPI,Shipped
509456,10482,2025-02-20,South,Debit Card,Delivered
509457,12775,2025-08-03,South,Credit Card,Delivered
509458,11499,2025-06-10,East,Debit Card,Delivered
509459,13409,2025-01-01,North,UPI,Delivered
509460,12827,2025-03-08,North,Credit Card,Delivered
509461,14641,2025-02-19,South,Cash on Delivery,Delivered
509462,10179,2025-02-04,West,Credit Card,Delivered
509463,12400,2025-06-12,North,Credit Card,Delivered
509464,10942,2025-11-11,South,UPI,Delivered
509465,12750,2025-11-29,West,Credit Card,Delivered
509466,14310,2025-04-07,West,Net Banking,Delivered
509467,14587,2025-01-13,South,UPI,Delivered
509468,12040,2025-10-05,North,Credit Card,Delivered
509469,14106,2025-02-25,South,Debit Card,Cancelled
509470,11415,2025-03-22,West,Credit Card,Shipped
509471,10034,2025-07-21,East,UPI,Shipped
509472,14320,2025-09-08,South,UPI,Delivered
509473,10603,2025-08-07,Central,UPI,Delivered
509474,10085,2025-01-15,West,UPI,Delivered
509475,11808,2025-04-19,South,UPI,Shipped
509476,11933,2025-10-25,East,Debit Card,Delivered
509477,10384,2025-05-04,South,UPI,Delivered
509478,14117,2025-03-12,North,Cash on Delivery,Returned
509479,12079,2025-07-04,West,Credit Card,Delivered
509480,12504,2025-07-11,East,Credit Card,Delivered
509481,11345,2025-11-24,East,UPI,Delivered
509482,12623,2025-03-01,North,UPI,Delivered
509483,13890,2025-01-31,East,Net Banking,Delivered
509484,14562,2025-02-24,North,Debit Card,Delivered
509485,14868,2025-06-11,Central,UPI,Returned
509486,12182,2025-08-13,West,Debit Card,Delivered
509487,14957,2025-05-12,South,UPI,Shipped
509488,11489,2025-04-12,North,Debit Card,Delivered
509489,10035,2025-12-12,South,Cash on Delivery,Delivered
509490,13893,2025-08-12,East,Debit Card,Delivered
509491,10871,2025-08-19,North,Net Banking,Delivered
509492,10255,2025-12-28,South,Debit Card,Delivered
509493,14631,2025-02-28,South,UPI,Delivered
509494,14014,2025-10-24,West,Net Banking,Delivered
509495,10518,2025-08-06,East,Credit Card,Cancelled
509496,13938,2025-10-10,South,Net Banking,Delivered
509497,14264,2025-03-20,East,Credit Card,Delivered
509498,14558,2025-05-29,South,UPI,Shipped
509499,12793,2025-04-01,South,UPI,Delivered
509500,13581,2025-08-14,Central,Credit Card,Delivered
509501,13875,2025-05-19,North,Credit Card,Delivered
509502,13513,2025-12-09,East,Net Banking,Delivered
509503,13293,2025-04-24,West,UPI,Delivered
509504,12816,2025-01-22,Central,Net Banking,Delivered
509505,12455,2025-01-23,Central,Credit Card,Delivered
509506,14981,2025-03-06,North,Credit Card,Cancelled
509507,11718,2025-02-28,East,Credit Card,Delivered
509508,10453,2025-03-30,East,Credit Card,Delivered
509509,13884,2025-07-17,North,UPI,Delivered
509510,11052,2025-04-24,South,UPI,Delivered
509511,12729,2025-01-28,South,UPI,Delivered
509512,10489,2025-07-29,South,Debit Card,Delivered
509513,13176,2025-08-27,West,Debit Card,Delivered
509514,14736,2025-09-14,South,Debit Card,Delivered
509515,13685,2025-10-12,North,Cash on Delivery,Delivered
509516,11057,2025-02-15,West,Credit Card,Delivered
509517,14871,2025-11-29,West,Debit Card,Delivered
509518,11547,2025-07-04,South,Debit Card,Returned
509519,12236,2025-05-20,North,Cash on Delivery,Shipped
509520,12553,2025-06-16,East,Debit Card,Delivered
509521,14959,2025-08-01,North,UPI,Shipped
509522,10335,2025-06-08,South,Debit Card,Delivered
509523,13546,2025-02-08,West,Credit Card,Delivered
509524,11845,2025-04-12,South,UPI,Delivered
509525,10390,2025-12-02,South,UPI,Cancelled
509526,14689,2025-04-20,South,Net Banking,Delivered
509527,13035,2025-09-21,East,Credit Card,Delivered
509528,13830,2025-10-25,South,Credit Card,Delivered
509529,11203,2025-12-01,South,UPI,Delivered
509530,13869,2025-11-30,South,UPI,Delivered
509531,14192,2025-04-06,Central,Net Banking,Delivered
509532,12202,2025-03-02,North,Credit Card,Delivered
509533,12944,2025-05-19,South,Credit Card,Delivered
509534,14874,2025-08-18,West,UPI,Delivered
509535,14280,2025-02-01,East,UPI,Delivered
509536,12280,2025-05-13,South,UPI,Delivered
509537,13392,2025-08-23,West,UPI,Delivered
509538,13970,2025-11-28,East,UPI,Shipped
509539,10119,2025-08-23,Central,UPI,Delivered
509540,13027,2025-08-30,Central,Net Banking,Delivered
509541,14921,2025-10-22,North,Debit Card,Delivered
509542,14758,2025-09-06,West,Net Banking,Delivered
509543,14203,2025-01-23,West,Credit Card,Delivered
509544,10532,2025-08-13,South,UPI,Shipped
509545,14974,2025-05-24,East,Credit Card,Cancelled
509546,13127,2025-11-02,South,UPI,Delivered
509547,11091,2025-03-13,North,UPI,Returned
509548,13436,2025-08-13,West,Debit Card,Delivered
509549,14325,2025-02-17,West,Net Banking,Delivered
509550,10569,2025-02-03,North,UPI,Delivered
509551,14606,2025-09-11,North,Net Banking,Delivered
509552,14622,2025-03-04,East,Credit Card,Delivered
509553,10067,2025-04-12,West,Credit Card,Delivered
509554,14541,2025-01-17,East,Net Banking,Delivered
509555,14757,2025-08-29,North,Debit Card,Delivered
509556,10179,2025-10-17,West,Net Banking,Delivered
509557,11486,2025-09-13,West,Net Banking,Delivered
509558,11901,2025-12-27,North,Credit Card,Delivered
509559,11779,2025-03-08,West,Debit Card,Delivered
509560,13857,2025-10-07,North,Debit Card,Delivered
509561,11824,2025-09-23,South,Credit Card,Delivered
509562,14796,2025-01-05,North,UPI,Delivered
509563,14976,2025-01-31,East,UPI,Delivered
509564,11605,2025-06-01,North,Credit Card,Delivered
509565,12607,2025-09-24,East,Credit Card,Delivered
509566,12875,2025-02-20,North,UPI,Shipped
509567,12993,2025-09-04,South,UPI,Delivered
509568,11905,2025-02-17,South,UPI,Delivered
509569,10801,2025-11-30,North,UPI,Shipped
509570,10266,2025-05-12,North,Credit Card,Delivered
509571,10532,2025-05-16,South,UPI,Delivered
509572,14545,2025-01-07,South,UPI,Delivered
509573,11415,2025-04-29,West,UPI,Delivered
509574,10380,2025-10-15,West,Cash on Delivery,Delivered
509575,13194,2025-12-08,North,UPI,Delivered
509576,10370,2025-10-05,West,Credit Card,Delivered
509577,10339,2025-08-06,East,Debit Card,Delivered
509578,13185,2025-04-25,North,UPI,Delivered
509579,13046,2025-06-13,West,Cash on Delivery,Delivered
509580,10205,2025-10-12,North,UPI,Shipped
509581,12358,2025-08-11,West,Net Banking,Delivered
509582,12230,2025-03-27,North,Credit Card,Delivered
509583,12814,2025-07-08,South,Credit Card,Delivered
509584,13752,2025-02-22,West,Credit Card,Delivered
509585,11425,2025-11-24,East,Cash on Delivery,Delivered
509586,12210,2025-12-07,South,Debit Card,Delivered
509587,14021,2025-01-15,East,Net Banking,Returned
509588,14626,2025-05-07,West,UPI,Delivered
509589,14496,2025-06-25,South,Cash on Delivery,Delivered
509590,12446,2025-04-28,South,UPI,Delivered
509591,12654,2025-07-01,North,UPI,Cancelled
509592,12706,2025-03-09,North,UPI,Delivered
509593,14392,2025-11-21,West,Cash on Delivery,Delivered
509594,14248,2025-12-22,North,Credit Card,Delivered
509595,11572,2025-07-11,Central,UPI,Delivered
509596,10795,2025-07-13,South,Credit Card,Delivered
509597,11931,2025-06-27,South,Credit Card,Delivered
509598,11462,2025-02-16,West,UPI,Delivered
509599,14771,2025-05-22,East,Credit Card,Shipped
509600,11348,2025-01-09,North,UPI,Cancelled
509601,10884,2025-01-12,West,Cash on Delivery,Shipped
509602,14535,2025-04-02,West,Net Banking,Delivered
509603,10439,2025-01-13,West,UPI,Delivered
509604,11319,2025-10-04,North,Cash on Delivery,Delivered
509605,12248,2025-02-07,West,Debit Card,Delivered
509606,13057,2025-11-04,Central,Credit Card,Delivered
509607,11661,2025-10-09,North,Credit Card,Delivered
509608,12541,2025-10-05,West,Cash on Delivery,Delivered
509609,10977,2025-09-01,Central,UPI,Returned
509610,12961,2025-09-01,East,Credit Card,Delivered
509611,12091,2025-11-24,North,Debit Card,Delivered
509612,14292,2025-02-06,East,Debit Card,Delivered
509613,12131,2025-08-20,Central,UPI,Shipped
509614,12274,2025-06-22,West,Cash on Delivery,Shipped
509615,13048,2025-09-08,Central,UPI,Delivered
509616,10610,2025-04-30,North,Credit Card,Cancelled
509617,10771,2025-12-08,West,UPI,Delivered
509618,14002,2025-11-29,South,Credit Card,Delivered
509619,11375,2025-01-14,West,Cash on Delivery,Delivered
509620,13495,2025-10-01,Central,Debit Card,Delivered
509621,10497,2025-12-19,South,Credit Card,Delivered
509622,14158,2025-05-15,North,Cash on Delivery,Delivered
509623,14948,2025-07-07,Central,UPI,Delivered
509624,11903,2025-02-24,West,UPI,Returned
509625,12589,2025-10-17,West,Net Banking,Delivered
509626,12271,2025-05-07,West,Credit Card,Delivered
509627,14515,2025-10-28,West,UPI,Delivered
509628,10050,2025-09-16,East,Credit Card,Delivered
509629,13332,2025-11-28,North,UPI,Shipped
509630,13324,2025-04-10,East,Credit Card,Delivered
509631,11943,2025-11-05,West,Debit Card,Shipped
509632,11080,2025-06-08,East,UPI,Delivered
509633,11197,2025-01-23,South,Cash on Delivery,Delivered
509634,14056,2025-07-19,Central,Net Banking,Delivered
509635,10323,2025-03-06,Central,Credit Card,Delivered
509636,12900,2025-07-02,South,UPI,Delivered
509637,11546,2025-08-15,North,UPI,Delivered
509638,11347,2025-04-21,West,Debit Card,Delivered
509639,12590,2025-03-20,West,UPI,Delivered
509640,14528,2025-09-02,East,Credit Card,Delivered
509641,13166,2025-04-02,West,Credit Card,Delivered
509642,13993,2025-05-20,West,Net Banking,Delivered
509643,13082,2025-01-01,West,Net Banking,Shipped
509644,13551,2025-09-24,North,Net Banking,Delivered
509645,12210,2025-02-20,South,Debit Card,Delivered
509646,14640,2025-08-17,Central,Credit Card,Delivered
509647,12574,2025-02-14,North,Net Banking,Delivered
509648,12843,2025-04-09,North,Net Banking,Delivered
509649,12685,2025-03-13,South,Credit Card,Delivered
509650,11601,2025-10-14,South,Cash on Delivery,Shipped
509651,11146,2025-03-26,South,Cash on Delivery,Delivered
509652,10362,2025-06-30,East,UPI,Shipped
509653,13659,2025-11-19,West,Cash on Delivery,Returned
509654,11464,2025-08-05,South,UPI,Delivered
509655,11983,2025-10-24,West,Cash on Delivery,Delivered
509656,14619,2025-06-05,Central,Net Banking,Delivered
509657,12917,2025-12-14,North,Cash on Delivery,Delivered
509658,10495,2025-11-24,Central,Credit Card,Delivered
509659,14050,2025-03-06,West,UPI,Shipped
509660,11297,2025-05-23,West,UPI,Delivered
509661,12848,2025-12-26,Central,UPI,Shipped
509662,12616,2025-12-08,Central,UPI,Returned
509663,11192,2025-08-19,West,Cash on Delivery,Delivered
509664,10584,2025-01-20,North,UPI,Returned
509665,11036,2025-11-29,Central,Debit Card,Delivered
509666,10496,2025-07-11,South,Credit Card,Delivered
509667,11392,2025-12-12,South,UPI,Delivered
509668,14988,2025-10-22,North,UPI,Delivered
509669,12059,2025-05-15,North,Cash on Delivery,Delivered
509670,14371,2025-07-22,West,Net Banking,Delivered
509671,12825,2025-06-08,North,Credit Card,Cancelled
509672,13404,2025-06-11,Central,UPI,Delivered
509673,10765,2025-07-22,North,UPI,Delivered
509674,11386,2025-03-29,West,Debit Card,Returned
509675,12616,2025-12-11,Central,Debit Card,Delivered
509676,14445,2025-02-20,East,Cash on Delivery,Returned
509677,10213,2025-07-03,North,UPI,Delivered
509678,12595,2025-12-19,East,Debit Card,Delivered
509679,10249,2025-10-12,Central,Credit Card,Delivered
509680,12334,2025-09-07,North,UPI,Delivered
509681,13215,2025-11-15,West,UPI,Delivered
509682,13788,2025-08-01,West,Credit Card,Delivered
509683,10673,2025-10-16,North,Credit Card,Shipped
509684,10803,2025-10-28,South,UPI,Shipped
509685,12400,2025-01-06,North,Credit Card,Delivered
509686,14993,2025-02-06,Central,Debit Card,Delivered
509687,11817,2025-06-30,North,Credit Card,Cancelled
509688,12190,2025-09-15,East,Credit Card,Delivered
509689,12210,2025-04-16,South,Debit Card,Shipped
509690,10404,2025-08-10,North,UPI,Delivered
509691,13924,2025-11-09,Central,Net Banking,Shipped
509692,11282,2025-12-14,South,Cash on Delivery,Delivered
509693,13583,2025-12-18,North,UPI,Cancelled
509694,12430,2025-04-27,East,Debit Card,Delivered
509695,13137,2025-06-28,South,UPI,Delivered
509696,10265,2025-04-01,East,Credit Card,Delivered
509697,14489,2025-05-30,North,UPI,Delivered
509698,11230,2025-12-01,West,UPI,Delivered
509699,13422,2025-06-20,East,Credit Card,Cancelled
509700,14044,2025-10-21,South,Credit Card,Shipped
509701,12774,2025-07-11,South,Credit Card,Delivered
509702,11715,2025-02-06,South,Net Banking,Delivered
509703,14892,2025-04-10,Central,Cash on Delivery,Delivered
509704,11405,2025-10-21,South,UPI,Delivered
509705,14768,2025-11-23,South,Debit Card,Delivered
509706,10765,2025-01-31,North,Credit Card,Delivered
509707,11983,2025-10-27,West,Credit Card,Delivered
509708,10673,2025-04-04,North,Debit Card,Delivered
509709,10011,2025-09-27,West,Net Banking,Delivered
509710,11319,2025-04-08,North,Debit Card,Delivered
509711,10448,2025-02-21,South,Debit Card,Returned
509712,14939,2025-12-09,East,UPI,Delivered
509713,13870,2025-10-25,Central,Debit Card,Delivered
509714,10019,2025-12-16,South,Cash on Delivery,Delivered
509715,11096,2025-01-07,North,Cash on Delivery,Delivered
509716,13422,2025-09-03,East,Credit Card,Delivered
509717,12041,2025-01-18,East,Net Banking,Delivered
509718,14203,2025-07-04,West,Debit Card,Delivered
509719,12586,2025-08-18,North,UPI,Delivered
509720,13333,2025-07-21,West,Cash on Delivery,Cancelled
509721,13068,2025-02-13,South,Debit Card,Delivered
509722,13254,2025-04-08,North,UPI,Delivered
509723,11136,2025-03-04,East,Credit Card,Delivered
509724,11902,2025-06-09,South,Debit Card,Delivered
509725,10247,2025-12-17,South,UPI,Delivered
509726,13022,2025-05-23,West,Debit Card,Delivered
509727,12348,2025-01-02,Central,Cash on Delivery,Delivered
509728,13865,2025-05-31,North,UPI,Delivered
509729,11014,2025-01-23,East,Credit Card,Delivered
509730,12236,2025-08-15,North,UPI,Delivered
509731,10883,2025-12-13,West,Credit Card,Delivered
509732,13150,2025-10-09,South,Net Banking,Shipped
509733,14287,2025-08-29,West,Net Banking,Delivered
509734,13885,2025-05-21,West,UPI,Delivered
509735,14737,2025-06-17,South,UPI,Delivered
509736,14873,2025-04-26,West,Credit Card,Delivered
509737,13916,2025-01-10,East,UPI,Delivered
509738,11448,2025-06-16,North,UPI,Cancelled
509739,11080,2025-03-31,East,Debit Card,Delivered
509740,12290,2025-12-04,Central,Debit Card,Delivered
509741,14974,2025-12-21,East,UPI,Delivered
509742,12115,2025-04-21,West,Credit Card,Cancelled
509743,10978,2025-06-29,West,Credit Card,Shipped
509744,14738,2025-07-03,Central,UPI,Returned
509745,11964,2025-09-21,North,UPI,Delivered
509746,13525,2025-06-30,North,Debit Card,Delivered
509747,13993,2025-01-13,West,Credit Card,Delivered
509748,14258,2025-06-23,South,Debit Card,Delivered
509749,14156,2025-03-27,South,Cash on Delivery,Delivered
509750,14226,2025-02-05,South,Debit Card,Shipped
509751,13411,2025-06-20,North,Cash on Delivery,Shipped
509752,12070,2025-04-04,East,Debit Card,Delivered
509753,13408,2025-03-04,South,UPI,Delivered
509754,14228,2025-12-31,Central,UPI,Delivered
509755,11791,2025-03-09,East,Debit Card,Delivered
509756,11500,2025-05-21,South,UPI,Delivered
509757,11744,2025-05-14,North,Credit Card,Shipped
509758,12840,2025-05-26,North,Debit Card,Delivered
509759,10255,2025-09-21,South,UPI,Delivered
509760,13946,2025-06-18,North,Net Banking,Delivered
509761,10674,2025-11-13,West,Credit Card,Delivered
509762,10653,2025-08-01,West,UPI,Cancelled
509763,10971,2025-02-25,South,Cash on Delivery,Delivered
509764,12979,2025-05-02,Central,Credit Card,Delivered
509765,11438,2025-12-18,South,Credit Card,Delivered
509766,11873,2025-08-22,West,Cash on Delivery,Delivered
509767,14672,2025-12-27,East,Net Banking,Delivered
509768,14282,2025-06-09,West,UPI,Delivered
509769,14307,2025-05-03,South,Net Banking,Shipped
509770,12981,2025-01-22,North,Credit Card,Delivered
509771,14381,2025-08-06,North,Debit Card,Delivered
509772,13944,2025-02-10,West,UPI,Delivered
509773,14778,2025-12-31,South,Debit Card,Delivered
509774,10316,2025-02-14,West,UPI,Delivered
509775,10139,2025-09-18,South,UPI,Delivered
509776,10849,2025-01-12,North,UPI,Delivered
509777,14660,2025-08-21,West,UPI,Returned
509778,13106,2025-08-21,North,Cash on Delivery,Delivered
509779,12178,2025-10-15,West,UPI,Delivered
509780,12625,2025-10-01,North,UPI,Delivered
509781,14194,2025-07-21,West,Credit Card,Shipped
509782,14660,2025-11-16,West,UPI,Delivered
509783,13719,2025-03-28,North,Cash on Delivery,Returned
509784,13862,2025-06-30,West,Credit Card,Delivered
509785,11622,2025-06-19,South,Debit Card,Returned
509786,12383,2025-08-17,East,Credit Card,Delivered
509787,14470,2025-03-23,East,UPI,Delivered
509788,13979,2025-12-16,North,UPI,Delivered
509789,13494,2025-07-30,Central,UPI,Delivered
509790,10321,2025-06-15,West,Net Banking,Shipped
509791,10187,2025-01-28,North,UPI,Delivered
509792,10642,2025-01-22,West,Cash on Delivery,Delivered
509793,13001,2025-10-29,Central,Credit Card,Delivered
509794,12748,2025-10-21,West,Debit Card,Delivered
509795,14728,2025-02-01,West,Net Banking,Cancelled
509796,13542,2025-11-07,South,Credit Card,Shipped
509797,11484,2025-12-11,East,UPI,Delivered
509798,10789,2025-05-17,East,Credit Card,Delivered
509799,14293,2025-10-20,North,UPI,Delivered
509800,12350,2025-03-06,North,Net Banking,Delivered
509801,13332,2025-12-15,North,Debit Card,Delivered
509802,12910,2025-03-20,West,Debit Card,Delivered
509803,10537,2025-11-12,South,UPI,Delivered
509804,10283,2025-09-12,South,Cash on Delivery,Delivered
509805,11922,2025-12-07,South,UPI,Delivered
509806,11843,2025-03-04,West,UPI,Delivered
509807,13435,2025-03-17,East,Cash on Delivery,Delivered
509808,13231,2025-10-09,South,UPI,Delivered
509809,14859,2025-10-28,West,Debit Card,Cancelled
509810,14330,2025-12-17,East,UPI,Delivered
509811,12545,2025-02-04,North,Debit Card,Returned
509812,12563,2025-03-19,West,Net Banking,Delivered
509813,13436,2025-09-20,West,Credit Card,Delivered
509814,10578,2025-02-22,South,UPI,Delivered
509815,14999,2025-10-24,West,Cash on Delivery,Delivered
509816,12646,2025-01-04,North,UPI,Returned
509817,14579,2025-01-02,Central,Credit Card,Shipped
509818,14853,2025-10-18,North,Debit Card,Delivered
509819,13001,2025-12-27,Central,Debit Card,Delivered
509820,10521,2025-05-21,West,Credit Card,Delivered
509821,12952,2025-04-25,South,Net Banking,Delivered
509822,13069,2025-04-25,East,Net Banking,Delivered
509823,13996,2025-09-20,West,Net Banking,Cancelled
509824,10233,2025-05-04,West,UPI,Delivered
509825,12379,2025-09-07,West,Debit Card,Delivered
509826,14627,2025-10-22,South,Net Banking,Cancelled
509827,14960,2025-04-01,North,UPI,Delivered
509828,10935,2025-02-18,South,UPI,Delivered
509829,14398,2025-09-30,West,Cash on Delivery,Delivered
509830,10714,2025-06-02,North,Credit Card,Shipped
509831,14250,2025-08-10,North,Credit Card,Shipped
509832,11402,2025-05-22,South,Credit Card,Cancelled
509833,14809,2025-08-09,West,Credit Card,Delivered
509834,13544,2025-09-18,West,Cash on Delivery,Delivered
509835,12043,2025-07-18,West,UPI,Delivered
509836,11417,2025-03-24,Central,UPI,Shipped
509837,11176,2025-08-01,North,Credit Card,Delivered
509838,13472,2025-11-03,North,UPI,Delivered
509839,14520,2025-08-01,East,Cash on Delivery,Delivered
509840,13836,2025-09-30,South,Debit Card,Cancelled
509841,14216,2025-05-06,North,Credit Card,Delivered
509842,13957,2025-03-02,East,Debit Card,Delivered
509843,14897,2025-12-13,South,UPI,Returned
509844,13848,2025-01-31,North,Debit Card,Delivered
509845,11029,2025-01-15,East,UPI,Delivered
509846,14010,2025-12-26,West,Debit Card,Delivered
509847,11627,2025-02-09,South,Net Banking,Delivered
509848,14981,2025-11-17,North,Credit Card,Delivered
509849,11920,2025-10-03,East,UPI,Delivered
509850,11479,2025-08-21,West,UPI,Shipped
509851,11195,2025-11-17,East,Net Banking,Delivered
509852,13369,2025-10-15,West,Credit Card,Delivered
509853,10547,2025-08-28,Central,Debit Card,Delivered
509854,14780,2025-05-30,Central,Debit Card,Delivered
509855,11487,2025-03-03,West,UPI,Delivered
509856,11494,2025-08-09,North,UPI,Delivered
509857,10226,2025-09-08,South,UPI,Delivered
509858,11241,2025-01-11,West,Cash on Delivery,Delivered
509859,12146,2025-02-07,South,Credit Card,Delivered
509860,11877,2025-03-06,North,Cash on Delivery,Delivered
509861,11375,2025-07-10,West,UPI,Delivered
509862,10203,2025-02-07,North,Debit Card,Delivered
509863,11517,2025-09-12,North,UPI,Delivered
509864,13943,2025-09-26,North,UPI,Delivered
509865,12246,2025-09-01,West,Credit Card,Delivered
509866,11469,2025-10-07,South,Debit Card,Delivered
509867,11532,2025-10-19,Central,Cash on Delivery,Delivered
509868,12856,2025-05-28,West,UPI,Delivered
509869,11523,2025-02-12,South,Cash on Delivery,Delivered
509870,13223,2025-04-19,South,Credit Card,Returned
509871,14955,2025-04-09,North,Debit Card,Delivered
509872,10204,2025-02-12,West,Debit Card,Delivered
509873,10817,2025-12-06,East,UPI,Cancelled
509874,10873,2025-04-14,Central,UPI,Delivered
509875,12290,2025-07-12,Central,Debit Card,Delivered
509876,10204,2025-04-25,West,UPI,Delivered
509877,12446,2025-02-15,South,Net Banking,Delivered
509878,14658,2025-03-03,West,Net Banking,Cancelled
509879,10058,2025-04-24,South,Net Banking,Delivered
509880,11864,2025-07-17,West,Net Banking,Delivered
509881,13865,2025-09-09,North,Debit Card,Delivered
509882,10756,2025-04-15,East,Debit Card,Delivered
509883,10384,2025-01-29,South,Credit Card,Delivered
509884,13223,2025-06-18,South,UPI,Delivered
509885,10050,2025-01-15,East,UPI,Shipped
509886,14062,2025-05-02,West,UPI,Delivered
509887,10324,2025-12-23,North,UPI,Delivered
509888,12681,2025-01-19,South,Debit Card,Delivered
509889,13768,2025-12-03,West,Cash on Delivery,Delivered
509890,11215,2025-04-06,East,Net Banking,Cancelled
509891,10521,2025-10-11,West,Cash on Delivery,Delivered
509892,10856,2025-07-05,East,UPI,Delivered
509893,14318,2025-02-22,East,UPI,Delivered
509894,13591,2025-10-25,North,Debit Card,Delivered
509895,10972,2025-11-25,West,UPI,Delivered
509896,13651,2025-04-01,East,Cash on Delivery,Delivered
509897,13617,2025-01-19,North,Credit Card,Delivered
509898,14989,2025-03-18,West,Cash on Delivery,Delivered
509899,12002,2025-05-10,West,UPI,Delivered
509900,14374,2025-05-26,West,Debit Card,Shipped
509901,12286,2025-09-02,South,Debit Card,Delivered
509902,14527,2025-06-30,North,UPI,Delivered
509903,10468,2025-05-16,North,Credit Card,Delivered
509904,10852,2025-07-31,North,Credit Card,Delivered
509905,14297,2025-05-17,North,Credit Card,Delivered
509906,14148,2025-07-24,Central,Credit Card,Shipped
509907,11534,2025-05-29,West,Credit Card,Delivered
509908,13066,2025-12-14,North,Debit Card,Cancelled
509909,11947,2025-02-13,Central,UPI,Delivered
509910,10052,2025-03-01,South,Cash on Delivery,Delivered
509911,10128,2025-11-23,West,UPI,Delivered
509912,10265,2025-09-06,East,UPI,Shipped
509913,13056,2025-05-06,North,UPI,Delivered
509914,11408,2025-02-14,South,Net Banking,Delivered
509915,10702,2025-01-02,South,UPI,Delivered
509916,14721,2025-06-11,South,UPI,Delivered
509917,10605,2025-07-16,North,Credit Card,Cancelled
509918,13435,2025-07-13,East,Net Banking,Returned
509919,14515,2025-11-14,West,Debit Card,Shipped
509920,10797,2025-02-16,South,UPI,Delivered
509921,11059,2025-08-14,North,Credit Card,Delivered
509922,12958,2025-01-02,North,UPI,Shipped
509923,12603,2025-07-31,West,Cash on Delivery,Returned
509924,12655,2025-08-03,West,Net Banking,Delivered
509925,12856,2025-10-20,West,UPI,Delivered
509926,14768,2025-03-21,South,Credit Card,Delivered
509927,10264,2025-04-29,South,Credit Card,Delivered
509928,13863,2025-03-27,East,Cash on Delivery,Delivered
509929,11155,2025-11-15,North,Net Banking,Shipped
509930,11903,2025-02-25,West,Net Banking,Delivered
509931,10459,2025-03-04,West,Credit Card,Delivered
509932,12282,2025-01-08,East,Debit Card,Delivered
509933,14074,2025-07-02,Central,UPI,Shipped
509934,10501,2025-08-23,West,Net Banking,Delivered
509935,11392,2025-03-31,South,Cash on Delivery,Delivered
509936,11899,2025-04-14,North,Debit Card,Delivered
509937,10521,2025-10-06,West,Credit Card,Delivered
509938,13875,2025-12-07,North,Net Banking,Delivered
509939,13986,2025-09-07,South,Cash on Delivery,Delivered
509940,14223,2025-05-08,North,UPI,Delivered
509941,13010,2025-12-26,Central,Debit Card,Delivered
509942,12597,2025-06-29,West,Debit Card,Delivered
509943,11333,2025-04-03,East,UPI,Delivered
509944,13352,2025-07-01,South,UPI,Delivered
509945,12279,2025-07-31,South,UPI,Delivered
509946,14869,2025-07-23,South,UPI,Delivered
509947,14858,2025-02-06,South,UPI,Delivered
509948,14558,2025-08-06,South,Cash on Delivery,Returned
509949,11837,2025-05-26,West,Cash on Delivery,Delivered
509950,11873,2025-02-28,West,UPI,Delivered
509951,14307,2025-05-09,South,UPI,Delivered
509952,13715,2025-05-21,West,Credit Card,Delivered
509953,13587,2025-02-02,West,Debit Card,Delivered
509954,11410,2025-01-22,North,UPI,Delivered
509955,14209,2025-07-24,South,Net Banking,Delivered
509956,12993,2025-03-13,South,UPI,Delivered
509957,12290,2025-06-30,Central,UPI,Delivered
509958,14378,2025-07-07,West,Debit Card,Cancelled
509959,12018,2025-02-19,West,UPI,Delivered
509960,13335,2025-11-18,East,UPI,Delivered
509961,12379,2025-03-24,West,Net Banking,Delivered
509962,13049,2025-01-24,West,Credit Card,Returned
509963,10202,2025-03-10,South,Cash on Delivery,Delivered
509964,12360,2025-01-08,North,UPI,Delivered
509965,12872,2025-09-06,East,Cash on Delivery,Delivered
509966,12520,2025-04-09,West,Cash on Delivery,Delivered
509967,14283,2025-11-18,South,Credit Card,Delivered
509968,11571,2025-07-17,West,Debit Card,Delivered
509969,14463,2025-11-11,West,Credit Card,Delivered
509970,12068,2025-07-27,North,Debit Card,Delivered
509971,13541,2025-10-30,South,UPI,Cancelled
509972,10444,2025-07-11,East,Cash on Delivery,Cancelled
509973,10984,2025-01-26,Central,Net Banking,Delivered
509974,13867,2025-05-28,East,Debit Card,Shipped
509975,10062,2025-12-15,Central,Net Banking,Returned
509976,14858,2025-01-04,South,Credit Card,Delivered
509977,10933,2025-03-06,West,UPI,Delivered
509978,14545,2025-08-05,South,Credit Card,Delivered
509979,12635,2025-10-18,South,UPI,Delivered
509980,12906,2025-04-27,West,UPI,Delivered
509981,10423,2025-03-26,North,Debit Card,Delivered
509982,11868,2025-11-04,South,Net Banking,Delivered
509983,10765,2025-10-06,North,Cash on Delivery,Returned
509984,12691,2025-10-03,Central,Debit Card,Delivered
509985,12834,2025-12-12,South,Cash on Delivery,Cancelled
509986,13621,2025-10-10,East,UPI,Shipped
509987,14428,2025-06-18,West,Debit Card,Delivered
509988,12390,2025-01-26,South,Cash on Delivery,Cancelled
509989,11164,2025-12-30,West,Debit Card,Delivered
509990,11689,2025-02-09,West,Credit Card,Delivered
509991,14282,2025-07-27,West,UPI,Delivered
509992,10712,2025-12-29,North,UPI,Delivered
509993,13206,2025-03-25,North,UPI,Delivered
509994,10065,2025-08-26,West,Debit Card,Cancelled
509995,11240,2025-12-10,North,Debit Card,Shipped
509996,13046,2025-07-13,West,Net Banking,Shipped
509997,12330,2025-11-25,South,Credit Card,Delivered
509998,12526,2025-12-04,West,UPI,Delivered
509999,13374,2025-12-28,West,Credit Card,Delivered
510000,11167,2025-12-16,West,Debit Card,Delivered
510001,11416,2025-09-16,Central,Net Banking,Shipped
510002,13495,2025-07-11,Central,UPI,Delivered
510003,12762,2025-10-12,North,UPI,Delivered
510004,10069,2025-07-01,Central,Cash on Delivery,Delivered
510005,13422,2025-01-07,East,Credit Card,Delivered
510006,13180,2025-06-02,Central,UPI,Returned
510007,10393,2025-10-26,West,UPI,Delivered
510008,13800,2025-09-19,North,Net Banking,Delivered
510009,12662,2025-03-20,North,Debit Card,Delivered
510010,11004,2025-02-09,East,UPI,Returned
510011,12882,2025-07-08,North,UPI,Shipped
510012,13063,2025-10-04,West,UPI,Delivered
510013,14619,2025-09-07,Central,Credit Card,Delivered
510014,13779,2025-11-10,South,Debit Card,Delivered
510015,11523,2025-04-19,South,UPI,Cancelled
510016,10597,2025-04-06,South,UPI,Delivered
510017,14309,2025-02-01,East,Credit Card,Cancelled
510018,14280,2025-09-25,East,UPI,Delivered
510019,10852,2025-08-24,North,UPI,Delivered
510020,10302,2025-01-20,South,Net Banking,Delivered
510021,13630,2025-07-24,East,Debit Card,Returned
510022,13684,2025-08-26,South,UPI,Delivered
510023,10860,2025-01-21,Central,Credit Card,Delivered
510024,13415,2025-10-28,East,UPI,Delivered
510025,11407,2025-08-05,Central,Credit Card,Delivered
510026,11325,2025-05-01,West,Debit Card,Delivered
510027,11644,2025-10-23,West,Credit Card,Delivered
510028,12653,2025-12-16,East,Credit Card,Delivered
510029,14074,2025-12-17,Central,UPI,Delivered
510030,12559,2025-09-19,North,UPI,Delivered
510031,11507,2025-09-12,East,Credit Card,Shipped
510032,14463,2025-01-11,West,UPI,Delivered
510033,10270,2025-03-05,Central,UPI,Delivered
510034,14042,2025-05-02,South,UPI,Delivered
510035,13972,2025-07-06,West,Cash on Delivery,Shipped
510036,11284,2025-07-19,North,Credit Card,Delivered
510037,10973,2025-02-24,North,Net Banking,Delivered
510038,14416,2025-10-22,West,Debit Card,Delivered
510039,12880,2025-02-24,West,Credit Card,Delivered
510040,10225,2025-11-28,South,Credit Card,Shipped
510041,14492,2025-05-11,North,Debit Card,Delivered
510042,11780,2025-03-21,Central,Credit Card,Returned
510043,11738,2025-05-08,South,Debit Card,Delivered
510044,13280,2025-08-07,West,Cash on Delivery,Delivered
510045,13376,2025-09-29,South,UPI,Delivered
510046,11805,2025-09-18,Central,UPI,Delivered
510047,10699,2025-09-08,West,Debit Card,Shipped
510048,12844,2025-10-23,Central,Net Banking,Delivered
510049,13201,2025-11-19,Central,UPI,Delivered
510050,14343,2025-08-15,North,Net Banking,Delivered
510051,12479,2025-06-22,East,Cash on Delivery,Delivered
510052,13288,2025-09-10,Central,Credit Card,Delivered
510053,10265,2025-01-24,East,UPI,Delivered
510054,14516,2025-10-12,North,Credit Card,Delivered
510055,11660,2025-05-06,West,UPI,Delivered
510056,13231,2025-09-13,South,UPI,Delivered
510057,14604,2025-10-16,West,Net Banking,Delivered
510058,14099,2025-06-28,West,Credit Card,Delivered
510059,13253,2025-03-21,North,Credit Card,Delivered
510060,13583,2025-04-07,North,UPI,Delivered
510061,14624,2025-07-21,West,Credit Card,Delivered
510062,14107,2025-01-30,South,Credit Card,Delivered
510063,13128,2025-03-02,North,Credit Card,Delivered
510064,13369,2025-06-12,West,UPI,Delivered
510065,10722,2025-09-20,West,Cash on Delivery,Delivered
510066,12400,2025-05-23,North,Debit Card,Delivered
510067,11518,2025-12-18,Central,Debit Card,Delivered
510068,12207,2025-03-07,West,Credit Card,Delivered
510069,13378,2025-08-12,East,UPI,Delivered
510070,10729,2025-08-08,West,UPI,Delivered
510071,10083,2025-12-07,South,Credit Card,Delivered
510072,12033,2025-09-30,West,Credit Card,Delivered
510073,11629,2025-01-19,West,Debit Card,Delivered
510074,12152,2025-09-27,South,UPI,Delivered
510075,14671,2025-02-18,West,Net Banking,Delivered
510076,13604,2025-11-03,East,Credit Card,Shipped
510077,11661,2025-02-03,North,Net Banking,Delivered
510078,10874,2025-08-28,South,Credit Card,Delivered
510079,13170,2025-03-25,West,UPI,Delivered
510080,13367,2025-06-25,North,Debit Card,Cancelled
510081,12473,2025-11-19,South,Credit Card,Delivered
510082,11045,2025-11-10,South,Credit Card,Shipped
510083,10139,2025-11-30,South,Net Banking,Delivered
510084,11347,2025-05-29,West,UPI,Delivered
510085,12336,2025-10-10,West,UPI,Delivered
510086,13992,2025-06-06,West,UPI,Delivered
510087,14311,2025-08-20,West,UPI,Delivered
510088,12115,2025-07-26,West,Credit Card,Delivered
510089,14037,2025-06-21,West,UPI,Delivered
510090,14972,2025-06-15,West,UPI,Delivered
510091,13655,2025-09-28,East,Net Banking,Delivered
510092,13712,2025-01-15,East,UPI,Delivered
510093,14579,2025-02-01,Central,Credit Card,Delivered
510094,11722,2025-02-09,East,UPI,Delivered
510095,10057,2025-03-17,East,Net Banking,Delivered
510096,14942,2025-07-31,North,Credit Card,Shipped
510097,12507,2025-04-01,West,Net Banking,Returned
510098,13977,2025-09-15,North,UPI,Delivered
510099,14107,2025-08-21,South,UPI,Delivered
510100,12035,2025-01-22,East,UPI,Delivered
510101,12781,2025-06-03,North,Net Banking,Delivered
510102,12772,2025-05-16,West,Credit Card,Delivered
510103,11082,2025-10-19,North,UPI,Delivered
510104,10596,2025-04-11,East,Net Banking,Delivered
510105,12791,2025-03-22,Central,UPI,Delivered
510106,10604,2025-05-01,South,Credit Card,Delivered
510107,11761,2025-05-15,North,Debit Card,Delivered
510108,10909,2025-08-07,North,Credit Card,Returned
510109,13601,2025-08-22,North,UPI,Delivered
510110,14406,2025-08-06,Central,Cash on Delivery,Delivered
510111,12983,2025-12-05,East,UPI,Delivered
510112,12100,2025-09-22,Central,UPI,Shipped
510113,14981,2025-08-23,North,UPI,Delivered
510114,10099,2025-02-28,West,UPI,Delivered
510115,11530,2025-03-06,West,Credit Card,Delivered
510116,11406,2025-09-03,North,Cash on Delivery,Delivered
510117,11817,2025-05-29,North,Debit Card,Delivered
510118,11142,2025-06-26,North,Debit Card,Delivered
510119,11343,2025-02-02,South,Credit Card,Delivered
510120,11306,2025-05-25,South,Net Banking,Delivered
510121,12590,2025-09-26,West,Credit Card,Delivered
510122,11996,2025-08-29,West,Credit Card,Delivered
510123,13258,2025-10-26,South,Cash on Delivery,Delivered
510124,12629,2025-04-23,North,Debit Card,Shipped
510125,10893,2025-11-25,East,Net Banking,Delivered
510126,14096,2025-11-17,West,Credit Card,Delivered
510127,12414,2025-02-09,West,UPI,Delivered
510128,10748,2025-06-11,East,Cash on Delivery,Delivered
510129,10809,2025-02-05,West,Debit Card,Delivered
510130,14040,2025-12-31,West,UPI,Delivered
510131,13581,2025-07-25,Central,Debit Card,Delivered
510132,12594,2025-08-23,South,Credit Card,Shipped
510133,11539,2025-04-17,East,Net Banking,Delivered
510134,12358,2025-03-26,West,UPI,Shipped
510135,13249,2025-04-02,North,Cash on Delivery,Cancelled
510136,14433,2025-08-12,South,UPI,Delivered
510137,12865,2025-02-09,Central,Cash on Delivery,Delivered
510138,11398,2025-04-03,Central,Debit Card,Shipped
510139,10213,2025-09-29,North,Cash on Delivery,Delivered
510140,10852,2025-12-19,North,Debit Card,Delivered
510141,13311,2025-11-02,North,Debit Card,Delivered
510142,10785,2025-08-22,East,UPI,Delivered
510143,12462,2025-02-12,South,UPI,Delivered
510144,13561,2025-12-09,West,UPI,Delivered
510145,11555,2025-05-13,North,Credit Card,Delivered
510146,13417,2025-03-06,West,Credit Card,Delivered
510147,13001,2025-12-17,Central,UPI,Delivered
510148,12248,2025-03-23,West,UPI,Delivered
510149,14524,2025-05-29,Central,Debit Card,Shipped
510150,13527,2025-03-12,North,UPI,Shipped
510151,11840,2025-11-17,South,Cash on Delivery,Returned
510152,14074,2025-10-06,Central,UPI,Delivered
510153,13755,2025-04-01,North,Credit Card,Delivered
510154,14011,2025-09-12,South,Credit Card,Delivered
510155,13268,2025-06-11,East,UPI,Delivered
510156,11933,2025-11-09,East,Credit Card,Delivered
510157,11778,2025-09-29,South,UPI,Cancelled
510158,13338,2025-12-26,North,UPI,Delivered
510159,10646,2025-12-06,South,Debit Card,Delivered
510160,14153,2025-06-25,West,Net Banking,Delivered
510161,11885,2025-10-08,East,Credit Card,Delivered
510162,13223,2025-07-15,South,UPI,Delivered
510163,12560,2025-06-09,North,Credit Card,Delivered
510164,12650,2025-10-28,North,Debit Card,Delivered
510165,13754,2025-04-02,South,UPI,Delivered
510166,13203,2025-06-17,East,UPI,Delivered
510167,11268,2025-05-21,West,Cash on Delivery,Delivered
510168,10363,2025-09-18,South,Debit Card,Delivered
510169,14248,2025-05-25,North,Debit Card,Delivered
510170,14469,2025-08-27,West,UPI,Delivered
510171,10798,2025-03-12,South,UPI,Delivered
510172,11564,2025-07-06,Central,Credit Card,Delivered
510173,11421,2025-02-04,Central,UPI,Delivered
510174,14696,2025-07-03,East,Net Banking,Delivered
510175,11004,2025-05-24,East,Debit Card,Shipped
510176,10803,2025-11-04,South,UPI,Delivered
510177,10886,2025-06-04,West,Net Banking,Delivered
510178,13719,2025-07-09,North,Credit Card,Delivered
510179,14484,2025-09-19,West,UPI,Delivered
510180,12013,2025-04-13,West,Net Banking,Delivered
510181,10667,2025-10-07,East,UPI,Delivered
510182,13018,2025-08-31,Central,Debit Card,Delivered
510183,11029,2025-03-28,East,Credit Card,Delivered
510184,10315,2025-05-13,West,Debit Card,Delivered
510185,14474,2025-07-18,East,Credit Card,Delivered
510186,14400,2025-03-27,West,UPI,Delivered
510187,14886,2025-04-03,West,Cash on Delivery,Delivered
510188,12421,2025-06-30,North,Debit Card,Delivered
510189,11484,2025-06-08,East,Net Banking,Delivered
510190,13906,2025-02-04,North,UPI,Delivered
510191,10880,2025-04-08,Central,Credit Card,Delivered
510192,11227,2025-05-27,West,UPI,Delivered
510193,11292,2025-02-03,Central,Credit Card,Delivered
510194,14772,2025-07-30,East,Cash on Delivery,Delivered
510195,13719,2025-06-18,North,Credit Card,Delivered
510196,10658,2025-05-02,West,Debit Card,Delivered
510197,10472,2025-11-05,East,Debit Card,Delivered
510198,14257,2025-07-27,West,UPI,Delivered
510199,14064,2025-05-06,South,UPI,Delivered
510200,13424,2025-07-11,North,UPI,Delivered
510201,10963,2025-03-03,West,Debit Card,Delivered
510202,12460,2025-02-24,North,Credit Card,Delivered
510203,13087,2025-12-14,West,Cash on Delivery,Returned
510204,14677,2025-01-11,West,Credit Card,Delivered
510205,10822,2025-08-28,North,UPI,Delivered
510206,12634,2025-11-04,South,Cash on Delivery,Shipped
510207,10775,2025-08-12,East,Credit Card,Delivered
510208,12274,2025-01-26,West,Net Banking,Delivered
510209,10984,2025-11-26,Central,UPI,Delivered
510210,14225,2025-12-09,West,Credit Card,Delivered
510211,11289,2025-02-17,East,Debit Card,Delivered
510212,12137,2025-10-28,South,Credit Card,Delivered
510213,12091,2025-10-16,North,Debit Card,Delivered
510214,14380,2025-03-19,West,Net Banking,Delivered
510215,13848,2025-01-09,North,Debit Card,Cancelled
510216,10287,2025-11-30,South,UPI,Cancelled
510217,10324,2025-08-16,North,Cash on Delivery,Delivered
510218,12840,2025-09-04,North,Cash on Delivery,Delivered
510219,12190,2025-04-15,East,Debit Card,Delivered
510220,11392,2025-01-02,South,Credit Card,Returned
510221,14020,2025-09-27,West,Credit Card,Shipped
510222,10636,2025-06-13,Central,Debit Card,Delivered
510223,14879,2025-02-04,Central,Credit Card,Delivered
510224,10119,2025-03-05,Central,Cash on Delivery,Delivered
510225,10598,2025-04-16,South,Debit Card,Delivered
510226,11572,2025-09-01,Central,UPI,Delivered
510227,12610,2025-12-19,North,Debit Card,Delivered
510228,11068,2025-01-09,West,Credit Card,Delivered
510229,13746,2025-07-24,East,UPI,Cancelled
510230,11823,2025-02-12,West,Credit Card,Returned
510231,10181,2025-09-23,East,Net Banking,Delivered
510232,14425,2025-07-04,West,UPI,Delivered
510233,14736,2025-02-02,South,Net Banking,Delivered
510234,13171,2025-02-23,West,Debit Card,Shipped
510235,14079,2025-08-20,South,Debit Card,Delivered
510236,10605,2025-09-26,North,Cash on Delivery,Delivered
510237,11362,2025-06-01,West,Cash on Delivery,Delivered
510238,11650,2025-03-03,East,UPI,Delivered
510239,14818,2025-06-17,East,Cash on Delivery,Shipped
510240,12624,2025-11-11,South,UPI,Delivered
510241,10038,2025-11-08,North,UPI,Delivered
510242,11936,2025-03-05,West,Credit Card,Delivered
510243,10039,2025-03-01,West,Cash on Delivery,Shipped
510244,11189,2025-10-06,North,UPI,Delivered
510245,12320,2025-06-04,North,Credit Card,Delivered
510246,11639,2025-04-18,East,Debit Card,Delivered
510247,10155,2025-11-13,South,Debit Card,Delivered
510248,10586,2025-10-27,East,Credit Card,Delivered
510249,12834,2025-02-26,South,Credit Card,Cancelled
510250,13544,2025-02-12,West,Credit Card,Delivered
510251,12075,2025-11-14,Central,Debit Card,Delivered
510252,13726,2025-12-15,Central,Credit Card,Delivered
510253,10796,2025-04-22,West,UPI,Returned
510254,10607,2025-11-26,East,UPI,Delivered
510255,14245,2025-08-11,North,Debit Card,Delivered
510256,11729,2025-07-14,South,Cash on Delivery,Delivered
510257,12209,2025-06-30,Central,UPI,Delivered
510258,14759,2025-06-20,Central,UPI,Delivered
510259,12167,2025-12-26,Central,Debit Card,Delivered
510260,10019,2025-09-14,South,UPI,Delivered
510261,14697,2025-02-18,South,Net Banking,Delivered
510262,10068,2025-02-17,West,Credit Card,Delivered
510263,13379,2025-08-15,North,Cash on Delivery,Delivered
510264,11637,2025-07-26,South,Debit Card,Delivered
510265,12401,2025-08-14,East,Net Banking,Delivered
510266,12816,2025-06-30,Central,UPI,Cancelled
510267,12093,2025-01-11,West,Credit Card,Shipped
510268,13927,2025-11-13,South,UPI,Cancelled
510269,14666,2025-05-01,West,Debit Card,Delivered
510270,10438,2025-03-29,North,UPI,Shipped
510271,14055,2025-04-11,North,Debit Card,Delivered
510272,10636,2025-04-09,Central,Net Banking,Returned
510273,10403,2025-01-22,South,UPI,Delivered
510274,14792,2025-04-14,East,UPI,Delivered
510275,12503,2025-03-12,North,UPI,Delivered
510276,10742,2025-10-13,South,Cash on Delivery,Cancelled
510277,12935,2025-11-12,West,Cash on Delivery,Delivered
510278,11336,2025-02-24,North,UPI,Delivered
510279,12372,2025-05-07,North,UPI,Delivered
510280,13198,2025-02-08,West,UPI,Delivered
510281,14395,2025-05-19,South,Credit Card,Delivered
510282,10018,2025-05-12,South,Debit Card,Delivered
510283,11056,2025-08-24,East,Debit Card,Delivered
510284,10490,2025-06-10,West,UPI,Delivered
510285,10495,2025-02-14,Central,UPI,Delivered
510286,14749,2025-06-14,South,UPI,Delivered
510287,14692,2025-12-06,West,Debit Card,Delivered
510288,13808,2025-08-14,East,UPI,Delivered
510289,13279,2025-05-29,South,UPI,Delivered
510290,14287,2025-11-10,West,Credit Card,Returned
510291,10291,2025-11-03,North,UPI,Delivered
510292,10603,2025-11-23,Central,Credit Card,Delivered
510293,11606,2025-05-24,East,UPI,Delivered
510294,14203,2025-08-12,West,Cash on Delivery,Delivered
510295,12414,2025-06-27,West,UPI,Shipped
510296,12583,2025-11-27,West,Credit Card,Delivered
510297,11132,2025-06-25,East,Debit Card,Delivered
510298,13301,2025-01-29,West,Net Banking,Delivered
510299,14484,2025-10-25,West,Cash on Delivery,Delivered
510300,11668,2025-04-08,Central,Credit Card,Delivered
510301,13175,2025-07-06,West,Credit Card,Delivered
510302,11681,2025-11-26,West,UPI,Shipped
510303,14021,2025-08-12,East,UPI,Delivered
510304,12429,2025-04-18,East,Debit Card,Delivered
510305,11729,2025-03-25,South,Credit Card,Delivered
510306,12150,2025-09-15,South,Net Banking,Cancelled
510307,10467,2025-05-16,East,Credit Card,Delivered
510308,14380,2025-04-24,West,UPI,Delivered
510309,14804,2025-10-24,South,Debit Card,Delivered
510310,12445,2025-05-08,East,Credit Card,Shipped
510311,11083,2025-03-30,West,Cash on Delivery,Shipped
510312,13392,2025-05-19,West,Credit Card,Shipped
510313,12307,2025-01-24,South,UPI,Delivered
510314,11277,2025-02-04,Central,Credit Card,Delivered
510315,10180,2025-05-13,South,Net Banking,Delivered
510316,14488,2025-04-16,South,Net Banking,Cancelled
510317,14040,2025-09-27,West,Cash on Delivery,Delivered
510318,14193,2025-10-01,South,Net Banking,Delivered
510319,12253,2025-04-14,South,UPI,Returned
510320,13827,2025-06-23,North,Debit Card,Returned
510321,13001,2025-08-13,Central,Net Banking,Delivered
510322,11906,2025-03-09,Central,Net Banking,Delivered
510323,14257,2025-02-26,West,Credit Card,Delivered
510324,14995,2025-02-09,South,Credit Card,Cancelled
510325,14535,2025-08-01,West,UPI,Delivered
510326,13934,2025-06-22,North,Debit Card,Delivered
510327,13800,2025-04-22,North,Debit Card,Delivered
510328,13312,2025-11-14,Central,Debit Card,Delivered
510329,14310,2025-10-06,West,Debit Card,Delivered
510330,12523,2025-08-04,South,Cash on Delivery,Delivered
510331,10886,2025-07-20,West,Net Banking,Delivered
510332,13893,2025-03-24,East,UPI,Delivered
510333,14617,2025-08-07,North,Debit Card,Delivered
510334,11737,2025-04-14,East,UPI,Delivered
510335,13967,2025-02-20,West,UPI,Returned
510336,11376,2025-09-14,Central,Credit Card,Delivered
510337,14727,2025-03-18,South,Credit Card,Delivered
510338,13488,2025-01-04,West,UPI,Delivered
510339,12929,2025-11-07,East,Credit Card,Delivered
510340,13948,2025-03-30,North,UPI,Delivered
510341,14109,2025-05-18,North,Credit Card,Delivered
510342,14501,2025-09-07,West,Net Banking,Delivered
510343,14545,2025-12-29,South,UPI,Delivered
510344,10256,2025-01-30,North,Credit Card,Delivered
510345,10610,2025-08-12,North,UPI,Cancelled
510346,14179,2025-06-07,East,Credit Card,Delivered
510347,14754,2025-01-05,West,Cash on Delivery,Delivered
510348,11550,2025-09-28,South,UPI,Delivered
510349,10041,2025-02-17,West,Debit Card,Delivered
510350,11637,2025-12-19,South,UPI,Delivered
510351,11948,2025-07-23,Central,Credit Card,Delivered
510352,13866,2025-10-08,East,Debit Card,Returned
510353,10230,2025-10-02,South,Debit Card,Delivered
510354,11045,2025-02-28,South,Debit Card,Delivered
510355,14514,2025-06-30,North,Credit Card,Delivered
510356,10759,2025-06-16,East,Debit Card,Shipped
510357,13860,2025-09-18,North,Credit Card,Delivered
510358,11843,2025-08-01,West,UPI,Shipped
510359,13381,2025-04-10,North,UPI,Delivered
510360,10362,2025-01-19,East,UPI,Returned
510361,11447,2025-11-20,North,Debit Card,Delivered
510362,12171,2025-01-24,South,UPI,Delivered
510363,14327,2025-03-31,West,Debit Card,Delivered
510364,12900,2025-05-27,South,Debit Card,Delivered
510365,10222,2025-11-11,West,UPI,Delivered
510366,14062,2025-11-13,West,Credit Card,Delivered
510367,10266,2025-02-01,North,Debit Card,Delivered
510368,14686,2025-12-28,Central,UPI,Delivered
510369,11040,2025-02-14,West,UPI,Delivered
510370,12492,2025-08-20,Central,Credit Card,Delivered
510371,10353,2025-05-10,West,Cash on Delivery,Delivered
510372,12896,2025-08-13,Central,Credit Card,Delivered
510373,12547,2025-10-28,West,Credit Card,Delivered
510374,12101,2025-06-10,West,Debit Card,Delivered
510375,10167,2025-10-06,South,Credit Card,Delivered
510376,14432,2025-08-14,North,Credit Card,Delivered
510377,14065,2025-04-16,West,Cash on Delivery,Returned
510378,13235,2025-03-10,East,Net Banking,Delivered
510379,12947,2025-07-27,South,Debit Card,Cancelled
510380,13542,2025-07-18,South,Credit Card,Shipped
510381,10702,2025-05-17,South,Credit Card,Delivered
510382,14679,2025-09-01,East,Debit Card,Delivered
510383,11434,2025-12-27,North,Credit Card,Delivered
510384,13358,2025-03-29,North,Credit Card,Delivered
510385,13114,2025-02-18,South,UPI,Delivered
510386,13249,2025-01-26,North,Net Banking,Delivered
510387,14432,2025-08-12,North,Net Banking,Delivered
510388,11497,2025-10-10,West,UPI,Delivered
510389,13805,2025-06-18,West,UPI,Delivered
510390,13073,2025-12-05,North,UPI,Delivered
510391,10375,2025-07-30,West,UPI,Delivered
510392,12121,2025-04-17,North,Net Banking,Shipped
510393,14235,2025-12-09,South,UPI,Delivered
510394,11595,2025-11-18,West,Debit Card,Delivered
510395,12465,2025-11-13,West,UPI,Delivered
510396,12498,2025-11-19,East,Debit Card,Delivered
510397,13166,2025-11-18,West,UPI,Shipped
510398,14463,2025-07-24,West,UPI,Delivered
510399,10838,2025-08-12,North,Net Banking,Returned
510400,12586,2025-02-12,North,UPI,Delivered
510401,12167,2025-04-17,Central,UPI,Delivered
510402,11497,2025-03-03,West,Credit Card,Delivered
510403,14617,2025-01-13,North,UPI,Delivered
510404,10040,2025-03-24,North,Debit Card,Delivered
510405,10607,2025-10-07,East,Net Banking,Delivered
510406,13736,2025-12-19,West,UPI,Delivered
510407,11337,2025-03-18,East,Debit Card,Delivered
510408,13686,2025-04-05,South,UPI,Delivered
510409,14203,2025-06-15,West,Credit Card,Delivered
510410,11289,2025-01-08,East,Cash on Delivery,Delivered
510411,10937,2025-11-10,South,Credit Card,Delivered
510412,10710,2025-06-07,North,Credit Card,Delivered
510413,10984,2025-01-19,Central,UPI,Delivered
510414,11354,2025-10-13,North,UPI,Delivered
510415,14392,2025-02-24,West,Credit Card,Delivered
510416,13906,2025-06-23,North,Credit Card,Delivered
510417,10010,2025-06-15,South,Credit Card,Delivered
510418,14414,2025-09-30,Central,UPI,Delivered
510419,10395,2025-12-20,North,Credit Card,Cancelled
510420,13353,2025-02-06,Central,UPI,Delivered
510421,10739,2025-11-07,Central,Credit Card,Delivered
510422,10303,2025-11-21,West,Net Banking,Returned
510423,13862,2025-02-11,West,Net Banking,Delivered
510424,12384,2025-09-12,South,Credit Card,Delivered
510425,13073,2025-03-06,North,UPI,Delivered
510426,12173,2025-12-02,South,Net Banking,Delivered
510427,10324,2025-04-04,North,Credit Card,Delivered
510428,13766,2025-01-10,West,Credit Card,Cancelled
510429,14153,2025-06-29,West,UPI,Delivered
510430,10204,2025-10-07,West,Debit Card,Delivered
510431,11913,2025-01-21,North,Debit Card,Delivered
510432,12875,2025-06-29,North,Credit Card,Delivered
510433,13103,2025-12-25,Central,Net Banking,Shipped
510434,12983,2025-03-20,East,UPI,Delivered
510435,13529,2025-05-13,South,UPI,Delivered
510436,14851,2025-06-13,North,UPI,Delivered
510437,11994,2025-04-25,West,Debit Card,Shipped
510438,12872,2025-10-05,East,UPI,Cancelled
510439,13561,2025-02-21,West,Debit Card,Delivered
510440,13048,2025-03-25,Central,Net Banking,Delivered
510441,11969,2025-10-11,West,Net Banking,Delivered
510442,13196,2025-10-14,South,UPI,Delivered
510443,13310,2025-11-05,West,Cash on Delivery,Delivered
510444,13015,2025-06-01,Central,Debit Card,Delivered
510445,11006,2025-09-11,South,Net Banking,Shipped
510446,12593,2025-10-28,Central,Debit Card,Delivered
510447,14467,2025-05-10,East,Credit Card,Cancelled
510448,14392,2025-03-04,West,Debit Card,Delivered
510449,13814,2025-12-05,South,Credit Card,Delivered
510450,13549,2025-02-10,Central,Credit Card,Delivered
510451,10748,2025-03-30,East,Debit Card,Shipped
510452,12349,2025-10-06,West,Debit Card,Returned
510453,10561,2025-06-27,South,Debit Card,Delivered
510454,14133,2025-11-26,West,UPI,Delivered
510455,11469,2025-06-10,South,UPI,Shipped
510456,13890,2025-02-12,East,Debit Card,Delivered
510457,14120,2025-02-24,Central,Credit Card,Delivered
510458,14501,2025-02-20,West,UPI,Cancelled
510459,13831,2025-12-20,North,Debit Card,Delivered
510460,12907,2025-06-14,East,Credit Card,Returned
510461,13072,2025-03-04,West,Cash on Delivery,Delivered
510462,11624,2025-11-19,North,Credit Card,Delivered
510463,10860,2025-09-06,Central,Credit Card,Delivered
510464,10643,2025-11-23,West,UPI,Delivered
510465,10886,2025-04-17,West,UPI,Delivered
510466,14685,2025-06-26,West,UPI,Cancelled
510467,10798,2025-05-09,South,Debit Card,Delivered
510468,13688,2025-09-12,East,UPI,Delivered
510469,10898,2025-07-12,West,UPI,Delivered
510470,14882,2025-04-04,East,Net Banking,Delivered
510471,11870,2025-04-06,South,Credit Card,Delivered
510472,12112,2025-06-26,East,Net Banking,Delivered
510473,12075,2025-02-16,Central,UPI,Delivered
510474,14128,2025-05-07,South,Net Banking,Delivered
510475,11076,2025-09-23,North,Cash on Delivery,Delivered
510476,14198,2025-10-27,South,Cash on Delivery,Delivered
510477,13363,2025-08-28,Central,UPI,Delivered
510478,11082,2025-10-27,North,UPI,Delivered
510479,10321,2025-08-13,West,Cash on Delivery,Delivered
510480,13928,2025-12-31,South,UPI,Delivered
510481,11079,2025-01-04,West,Credit Card,Cancelled
510482,14487,2025-03-05,North,Credit Card,Delivered
510483,10640,2025-11-06,East,Cash on Delivery,Delivered
510484,13161,2025-08-24,East,Credit Card,Delivered
510485,13527,2025-09-10,North,Credit Card,Delivered
510486,13367,2025-06-18,North,Credit Card,Delivered
510487,11599,2025-01-30,South,Credit Card,Delivered
510488,14419,2025-03-12,East,Credit Card,Delivered
510489,13906,2025-08-18,North,Credit Card,Delivered
510490,12616,2025-12-16,Central,UPI,Delivered
510491,13093,2025-05-16,East,Cash on Delivery,Shipped
510492,12916,2025-03-26,North,UPI,Delivered
510493,14757,2025-12-31,North,Credit Card,Delivered
510494,14522,2025-11-23,East,UPI,Delivered
510495,11176,2025-07-16,North,UPI,Delivered
510496,11334,2025-06-09,North,Debit Card,Delivered
510497,14905,2025-07-27,Central,Credit Card,Shipped
510498,11183,2025-02-09,West,Debit Card,Returned
510499,14779,2025-07-09,East,UPI,Shipped
510500,13308,2025-08-06,North,Cash on Delivery,Delivered
510501,10241,2025-06-04,South,Credit Card,Delivered
510502,11702,2025-05-03,North,Credit Card,Delivered
510503,12439,2025-08-08,South,UPI,Delivered
510504,14208,2025-10-16,East,UPI,Delivered
510505,11666,2025-11-18,North,Debit Card,Delivered
510506,11567,2025-04-15,North,Credit Card,Shipped
510507,14622,2025-03-20,East,Debit Card,Delivered
510508,10397,2025-07-18,North,UPI,Delivered
510509,12841,2025-07-31,West,Debit Card,Delivered
510510,12584,2025-01-13,East,Debit Card,Delivered
510511,10284,2025-12-18,South,UPI,Delivered
510512,10450,2025-10-12,South,UPI,Delivered
510513,11941,2025-11-20,West,Cash on Delivery,Delivered
510514,10658,2025-05-18,West,UPI,Delivered
510515,12449,2025-12-22,East,Credit Card,Delivered
510516,13124,2025-03-17,South,UPI,Delivered
510517,13525,2025-07-05,North,Debit Card,Delivered
510518,12814,2025-08-02,South,Debit Card,Shipped
510519,11934,2025-12-21,South,UPI,Shipped
510520,10640,2025-07-05,East,UPI,Delivered
510521,11247,2025-12-26,Central,Cash on Delivery,Delivered
510522,12147,2025-07-28,East,Debit Card,Delivered
510523,14632,2025-03-11,West,UPI,Delivered
510524,10993,2025-02-14,North,Credit Card,Delivered
510525,12117,2025-06-27,South,Cash on Delivery,Delivered
510526,13733,2025-06-25,South,Credit Card,Delivered
510527,13588,2025-09-27,West,Credit Card,Delivered
510528,14846,2025-12-19,Central,UPI,Delivered
510529,10935,2025-06-21,South,Credit Card,Delivered
510530,10080,2025-09-01,South,Net Banking,Delivered
510531,11629,2025-06-05,West,Credit Card,Delivered
510532,10734,2025-07-08,West,Net Banking,Delivered
510533,12821,2025-07-18,East,Net Banking,Delivered
510534,14533,2025-03-16,South,Credit Card,Delivered
510535,13511,2025-02-02,Central,Credit Card,Delivered
510536,10666,2025-07-14,West,Cash on Delivery,Delivered
510537,10585,2025-04-03,South,Credit Card,Delivered
510538,14589,2025-05-14,South,Debit Card,Returned
510539,12492,2025-07-11,Central,Debit Card,Delivered
510540,14630,2025-04-16,West,Credit Card,Shipped
510541,13746,2025-08-19,East,Debit Card,Delivered
510542,14972,2025-10-26,West,Debit Card,Delivered
510543,14402,2025-01-28,West,Cash on Delivery,Shipped
510544,12121,2025-11-10,North,Net Banking,Delivered
510545,13851,2025-01-15,Central,Credit Card,Shipped
510546,12406,2025-06-01,East,Credit Card,Delivered
510547,11163,2025-12-29,East,Cash on Delivery,Delivered
510548,11207,2025-03-31,East,UPI,Delivered
510549,12035,2025-07-09,East,UPI,Delivered
510550,10563,2025-07-12,East,Debit Card,Delivered
510551,10863,2025-01-26,West,UPI,Delivered
510552,12567,2025-04-20,South,Net Banking,Delivered
510553,14781,2025-12-17,South,Cash on Delivery,Delivered
510554,12982,2025-05-09,South,Debit Card,Delivered
510555,12093,2025-03-23,West,UPI,Delivered
510556,11224,2025-07-28,Central,UPI,Delivered
510557,10963,2025-02-15,West,UPI,Returned
510558,13368,2025-01-01,West,UPI,Delivered
510559,14288,2025-02-20,North,Cash on Delivery,Delivered
510560,12042,2025-06-13,Central,Credit Card,Delivered
510561,12834,2025-11-21,South,UPI,Delivered
510562,13598,2025-11-21,South,Debit Card,Delivered
510563,10291,2025-11-18,North,Cash on Delivery,Delivered
510564,11793,2025-04-09,North,UPI,Delivered
510565,13719,2025-10-13,North,Debit Card,Cancelled
510566,13495,2025-09-15,Central,UPI,Delivered
510567,10261,2025-04-10,North,Credit Card,Delivered
510568,11189,2025-12-25,North,UPI,Shipped
510569,13466,2025-01-25,West,Cash on Delivery,Delivered
510570,11369,2025-05-27,West,Net Banking,Delivered
510571,14119,2025-08-31,North,Debit Card,Delivered
510572,10143,2025-03-12,North,UPI,Delivered
510573,10932,2025-12-26,North,Cash on Delivery,Delivered
510574,11417,2025-01-14,Central,Credit Card,Delivered
510575,14639,2025-10-16,South,Credit Card,Cancelled
510576,14037,2025-10-20,West,Net Banking,Returned
510577,14464,2025-12-29,Central,Debit Card,Returned
510578,12256,2025-10-13,North,UPI,Shipped
510579,14166,2025-07-25,East,UPI,Delivered
510580,14310,2025-09-26,West,UPI,Delivered
510581,12049,2025-12-04,South,UPI,Delivered
510582,14974,2025-10-21,East,Net Banking,Delivered
510583,14303,2025-03-14,North,UPI,Delivered
510584,14879,2025-03-28,Central,Cash on Delivery,Delivered
510585,14381,2025-12-17,North,UPI,Delivered
510586,13936,2025-11-18,Central,Net Banking,Cancelled
510587,14736,2025-06-15,South,UPI,Shipped
510588,12148,2025-10-24,West,Debit Card,Delivered
510589,13968,2025-08-19,West,Credit Card,Delivered
510590,11047,2025-07-11,West,UPI,Delivered
510591,13734,2025-02-25,West,Debit Card,Delivered
510592,13976,2025-08-03,East,Net Banking,Delivered
510593,13655,2025-11-01,East,UPI,Delivered
510594,14296,2025-07-06,Central,Net Banking,Delivered
510595,12117,2025-04-06,South,Credit Card,Delivered
510596,12801,2025-09-02,East,Debit Card,Delivered
510597,10055,2025-06-16,North,Debit Card,Delivered
510598,10712,2025-11-07,North,Cash on Delivery,Cancelled
510599,13283,2025-09-16,North,UPI,Delivered
510600,12896,2025-05-16,Central,UPI,Delivered
510601,10968,2025-07-26,West,Net Banking,Delivered
510602,11228,2025-09-06,West,Net Banking,Delivered
510603,11745,2025-09-11,West,UPI,Delivered
510604,13654,2025-11-25,South,UPI,Delivered
510605,13128,2025-01-16,North,Net Banking,Shipped
510606,10337,2025-10-09,North,Debit Card,Shipped
510607,13862,2025-06-09,West,Credit Card,Delivered
510608,11334,2025-12-04,North,Net Banking,Shipped
510609,13426,2025-09-21,Central,UPI,Delivered
510610,10611,2025-12-25,East,UPI,Delivered
510611,14991,2025-03-01,North,Net Banking,Delivered
510612,10403,2025-09-25,South,Debit Card,Returned
510613,13777,2025-07-06,North,UPI,Delivered
510614,12781,2025-07-06,North,Cash on Delivery,Delivered
510615,10434,2025-02-13,East,Cash on Delivery,Delivered
510616,10132,2025-06-15,West,UPI,Delivered
510617,11852,2025-06-02,South,UPI,Delivered
510618,14063,2025-06-01,East,Debit Card,Delivered
510619,10204,2025-04-07,West,UPI,Delivered
510620,13587,2025-07-08,West,Credit Card,Delivered
510621,13355,2025-05-17,South,UPI,Delivered
510622,11347,2025-08-05,West,Debit Card,Delivered
510623,10384,2025-12-06,South,Credit Card,Delivered
510624,14601,2025-10-31,North,Net Banking,Cancelled
510625,11517,2025-07-28,North,Credit Card,Delivered
510626,10563,2025-02-21,East,Credit Card,Shipped
510627,13476,2025-07-17,North,Net Banking,Delivered
510628,11069,2025-02-05,West,Debit Card,Delivered
510629,12435,2025-04-15,South,Net Banking,Delivered
510630,10244,2025-12-26,North,UPI,Returned
510631,14971,2025-01-12,South,Debit Card,Delivered
510632,12291,2025-06-17,West,Credit Card,Delivered
510633,14997,2025-08-02,North,Net Banking,Delivered
510634,11964,2025-02-11,North,UPI,Delivered
510635,11774,2025-12-15,West,Net Banking,Delivered
510636,14599,2025-12-08,West,UPI,Cancelled
510637,11668,2025-03-08,Central,Debit Card,Delivered
510638,12207,2025-06-18,West,Debit Card,Delivered
510639,10390,2025-06-01,South,UPI,Delivered
510640,14786,2025-07-16,West,UPI,Delivered
510641,10430,2025-01-13,South,Debit Card,Delivered
510642,13912,2025-08-17,East,UPI,Delivered
510643,12764,2025-06-11,North,Credit Card,Delivered
510644,10298,2025-04-13,North,UPI,Delivered
510645,10010,2025-05-11,South,UPI,Delivered
510646,14690,2025-04-06,Central,UPI,Delivered
510647,13779,2025-08-04,South,UPI,Delivered
510648,13504,2025-07-20,South,Credit Card,Delivered
510649,12245,2025-05-11,West,UPI,Delivered
510650,11194,2025-07-21,South,Net Banking,Delivered
510651,13466,2025-10-18,West,UPI,Delivered
510652,13122,2025-10-03,West,Debit Card,Delivered
510653,13697,2025-12-27,North,UPI,Shipped
510654,11869,2025-11-28,West,Cash on Delivery,Delivered
510655,14941,2025-02-17,South,UPI,Delivered
510656,10324,2025-02-12,North,UPI,Delivered
510657,10401,2025-03-22,North,UPI,Shipped
510658,14608,2025-03-09,South,UPI,Delivered
510659,13298,2025-08-22,East,Cash on Delivery,Delivered
510660,11657,2025-08-29,Central,UPI,Delivered
510661,13871,2025-07-18,Central,UPI,Delivered
510662,12308,2025-07-02,Central,UPI,Delivered
510663,10099,2025-07-29,West,Net Banking,Delivered
510664,13318,2025-06-03,South,Debit Card,Delivered
510665,11226,2025-06-08,North,Debit Card,Cancelled
510666,10583,2025-07-01,South,Debit Card,Shipped
510667,11104,2025-07-03,North,Cash on Delivery,Delivered
510668,12439,2025-02-25,South,Debit Card,Cancelled
510669,10240,2025-05-07,West,Credit Card,Delivered
510670,14455,2025-02-22,Central,UPI,Delivered
510671,12884,2025-07-19,North,UPI,Delivered
510672,11480,2025-02-03,Central,UPI,Returned
510673,13505,2025-02-15,North,UPI,Cancelled
510674,14074,2025-07-27,Central,Credit Card,Delivered
510675,13150,2025-12-06,South,UPI,Cancelled
510676,10992,2025-11-26,North,UPI,Delivered
510677,10556,2025-02-19,West,UPI,Delivered
510678,14339,2025-07-16,West,Cash on Delivery,Delivered
510679,11170,2025-01-11,North,Credit Card,Shipped
510680,10095,2025-08-19,West,Net Banking,Delivered
510681,13276,2025-03-27,East,Credit Card,Delivered
510682,10744,2025-11-27,Central,Debit Card,Delivered
510683,14960,2025-05-26,North,UPI,Delivered
510684,14396,2025-06-08,East,UPI,Delivered
510685,13123,2025-11-14,West,UPI,Delivered
510686,14211,2025-01-23,North,UPI,Delivered
510687,12401,2025-12-26,East,UPI,Delivered
510688,13993,2025-06-30,West,Debit Card,Delivered
510689,13292,2025-03-03,North,Debit Card,Delivered
510690,10139,2025-03-15,South,Debit Card,Delivered
510691,14768,2025-01-17,South,Credit Card,Shipped
510692,14347,2025-10-24,West,UPI,Delivered
510693,14778,2025-09-12,South,UPI,Delivered
510694,13725,2025-12-31,South,UPI,Shipped
510695,12112,2025-09-21,East,Net Banking,Delivered
510696,11016,2025-11-01,West,UPI,Cancelled
510697,10877,2025-07-04,South,Credit Card,Delivered
510698,10708,2025-06-30,South,Debit Card,Delivered
510699,11083,2025-08-06,West,Cash on Delivery,Delivered
510700,12834,2025-04-16,South,Debit Card,Delivered
510701,13489,2025-02-24,West,UPI,Cancelled
510702,11582,2025-05-17,East,Cash on Delivery,Delivered
510703,12822,2025-10-15,Central,UPI,Delivered
510704,11737,2025-12-09,East,Net Banking,Delivered
510705,13546,2025-12-18,West,Debit Card,Delivered
510706,14949,2025-02-26,North,Credit Card,Delivered
510707,13513,2025-04-10,East,Credit Card,Delivered
510708,10293,2025-01-05,East,UPI,Cancelled
510709,12444,2025-04-22,South,Debit Card,Cancelled
510710,13909,2025-04-05,North,Cash on Delivery,Delivered
510711,12786,2025-11-15,South,Credit Card,Shipped
510712,14771,2025-08-11,East,Cash on Delivery,Delivered
510713,10268,2025-07-05,South,UPI,Delivered
510714,11470,2025-05-17,East,UPI,Shipped
510715,11083,2025-08-13,West,Cash on Delivery,Delivered
510716,13893,2025-09-08,East,Credit Card,Shipped
510717,12675,2025-12-21,West,Net Banking,Shipped
510718,10673,2025-01-26,North,UPI,Delivered
510719,11439,2025-07-10,South,Debit Card,Delivered
510720,12666,2025-07-13,West,UPI,Shipped
510721,14981,2025-10-17,North,Credit Card,Delivered
510722,11858,2025-12-03,East,Debit Card,Delivered
510723,10771,2025-01-06,West,Debit Card,Delivered
510724,12547,2025-11-14,West,Debit Card,Delivered
510725,11565,2025-12-17,North,UPI,Delivered
510726,12914,2025-08-08,South,Debit Card,Delivered
510727,12381,2025-08-01,South,Net Banking,Delivered
510728,13516,2025-03-16,North,Credit Card,Delivered
510729,14599,2025-11-06,West,Credit Card,Delivered
510730,10984,2025-06-13,Central,Net Banking,Delivered
510731,14156,2025-08-19,South,UPI,Delivered
510732,14768,2025-08-28,South,Debit Card,Delivered
510733,11903,2025-04-01,West,Credit Card,Delivered
510734,10574,2025-12-06,North,Credit Card,Returned
510735,14158,2025-04-23,North,Credit Card,Delivered
510736,13573,2025-12-06,South,Debit Card,Delivered
510737,11045,2025-05-10,South,Cash on Delivery,Delivered
510738,12281,2025-04-11,Central,Debit Card,Delivered
510739,12983,2025-01-27,East,UPI,Cancelled
510740,10822,2025-01-18,North,UPI,Delivered
510741,13645,2025-07-24,East,Cash on Delivery,Delivered
510742,13517,2025-07-29,East,UPI,Delivered
510743,14482,2025-01-11,South,Credit Card,Delivered
510744,12924,2025-01-04,East,UPI,Cancelled
510745,12961,2025-04-13,East,Net Banking,Delivered
510746,13176,2025-07-24,West,Net Banking,Delivered
510747,11376,2025-03-24,Central,Debit Card,Delivered
510748,13852,2025-02-12,South,Credit Card,Returned
510749,13381,2025-09-09,North,Credit Card,Delivered
510750,14241,2025-02-08,North,Credit Card,Returned
510751,13897,2025-11-11,North,Credit Card,Delivered
510752,13256,2025-06-02,South,UPI,Delivered
510753,10786,2025-12-01,South,UPI,Delivered
510754,14615,2025-08-31,West,UPI,Returned
510755,11872,2025-03-25,South,UPI,Delivered
510756,14842,2025-12-03,North,Credit Card,Shipped
510757,12058,2025-02-24,North,Net Banking,Delivered
510758,10712,2025-11-17,North,Credit Card,Delivered
510759,14469,2025-04-03,West,UPI,Delivered
510760,14033,2025-04-18,North,Debit Card,Delivered
510761,13980,2025-12-05,North,UPI,Delivered
510762,10459,2025-12-16,West,UPI,Cancelled
510763,14433,2025-08-08,South,Credit Card,Delivered
510764,13064,2025-02-06,South,Debit Card,Delivered
510765,12400,2025-08-22,North,UPI,Delivered
510766,14596,2025-05-02,North,UPI,Delivered
510767,13397,2025-03-16,North,UPI,Delivered
510768,10654,2025-07-27,West,UPI,Delivered
510769,12650,2025-12-04,North,Cash on Delivery,Delivered
510770,13249,2025-11-06,North,Credit Card,Delivered
510771,14532,2025-03-14,East,UPI,Delivered
510772,11411,2025-04-01,North,Debit Card,Delivered
510773,14027,2025-11-04,West,Cash on Delivery,Delivered
510774,14050,2025-10-21,West,Credit Card,Delivered
510775,10631,2025-10-27,Central,UPI,Delivered
510776,10083,2025-12-09,South,Debit Card,Delivered
510777,13001,2025-08-23,Central,Cash on Delivery,Shipped
510778,13996,2025-11-14,West,Debit Card,Delivered
510779,12856,2025-08-02,West,Credit Card,Delivered
510780,14112,2025-03-09,West,UPI,Delivered
510781,13189,2025-08-12,North,Credit Card,Delivered
510782,13332,2025-08-04,North,Credit Card,Delivered
510783,10136,2025-06-15,Central,Cash on Delivery,Delivered
510784,10453,2025-03-02,East,UPI,Delivered
510785,13693,2025-10-11,South,Credit Card,Delivered
510786,13876,2025-03-11,Central,UPI,Delivered
510787,12786,2025-12-19,South,Cash on Delivery,Delivered
510788,13036,2025-01-31,West,UPI,Returned
510789,13154,2025-07-04,West,UPI,Returned
510790,10523,2025-05-07,North,Cash on Delivery,Cancelled
510791,13413,2025-05-18,North,UPI,Delivered
510792,12451,2025-05-20,North,Net Banking,Delivered
510793,13087,2025-09-20,West,Credit Card,Delivered
510794,12900,2025-03-29,South,Cash on Delivery,Shipped
510795,13876,2025-06-05,Central,Net Banking,Delivered
510796,11611,2025-11-27,South,Credit Card,Shipped
510797,11903,2025-10-03,West,Credit Card,Delivered
510798,12002,2025-04-30,West,UPI,Delivered
510799,13875,2025-11-17,North,UPI,Returned
510800,12203,2025-06-13,West,Debit Card,Shipped
510801,10860,2025-11-22,Central,Debit Card,Delivered
510802,14915,2025-05-18,South,Net Banking,Delivered
510803,12525,2025-08-19,West,UPI,Delivered
510804,10547,2025-10-27,Central,Cash on Delivery,Delivered
510805,13422,2025-07-21,East,UPI,Delivered
510806,13762,2025-03-31,South,Cash on Delivery,Returned
510807,12564,2025-08-21,North,UPI,Delivered
510808,13291,2025-03-15,West,UPI,Delivered
510809,10836,2025-10-16,East,Net Banking,Shipped
510810,11873,2025-06-14,West,Credit Card,Delivered
510811,10790,2025-05-21,West,Debit Card,Delivered
510812,11974,2025-12-24,North,Cash on Delivery,Cancelled
510813,12898,2025-12-16,Central,UPI,Delivered
510814,12271,2025-03-29,West,UPI,Delivered
510815,13051,2025-12-20,North,Credit Card,Delivered
510816,12572,2025-10-20,North,Credit Card,Delivered
510817,11609,2025-01-19,Central,Net Banking,Delivered
510818,10699,2025-11-18,West,UPI,Delivered
510819,11280,2025-01-30,South,Credit Card,Delivered
510820,10988,2025-08-02,West,Credit Card,Shipped
510821,13607,2025-09-09,South,Net Banking,Delivered
510822,14153,2025-06-17,West,Credit Card,Delivered
510823,13666,2025-05-23,South,Cash on Delivery,Delivered
510824,13281,2025-07-17,West,UPI,Delivered
510825,11552,2025-12-22,West,Credit Card,Cancelled
510826,13628,2025-12-30,West,Cash on Delivery,Delivered
510827,13103,2025-12-02,Central,Cash on Delivery,Delivered
510828,10229,2025-03-26,North,UPI,Shipped
510829,14570,2025-12-20,East,Net Banking,Delivered
510830,10402,2025-04-14,North,Net Banking,Delivered
510831,12579,2025-04-28,West,Cash on Delivery,Delivered
510832,12625,2025-02-07,North,Credit Card,Delivered
510833,14229,2025-05-16,West,Credit Card,Delivered
510834,14596,2025-03-17,North,Net Banking,Returned
510835,14711,2025-10-22,Central,Cash on Delivery,Delivered
510836,12933,2025-11-12,South,UPI,Delivered
510837,13466,2025-04-19,West,Debit Card,Delivered
510838,10453,2025-02-25,East,Debit Card,Delivered
510839,12492,2025-01-18,Central,Net Banking,Delivered
510840,14528,2025-04-14,East,Debit Card,Delivered
510841,12326,2025-05-29,South,Credit Card,Shipped
510842,10337,2025-08-07,North,UPI,Delivered
510843,10987,2025-01-06,South,Cash on Delivery,Delivered
510844,12195,2025-06-08,North,UPI,Delivered
510845,11189,2025-04-08,North,UPI,Shipped
510846,12005,2025-11-23,South,Net Banking,Cancelled
510847,11685,2025-09-08,South,Credit Card,Delivered
510848,11613,2025-03-02,Central,UPI,Delivered
510849,10467,2025-03-09,East,Credit Card,Delivered
510850,14453,2025-09-10,North,UPI,Delivered
510851,13529,2025-11-13,South,UPI,Delivered
510852,13192,2025-04-22,East,UPI,Delivered
510853,13113,2025-01-17,North,Debit Card,Delivered
510854,12030,2025-06-06,West,Credit Card,Delivered
510855,14169,2025-03-08,South,UPI,Delivered
510856,14664,2025-11-11,West,Debit Card,Delivered
510857,10030,2025-01-03,South,UPI,Delivered
510858,10398,2025-04-13,South,UPI,Delivered
510859,13439,2025-06-04,East,Cash on Delivery,Shipped
510860,11179,2025-01-01,Central,UPI,Delivered
510861,14589,2025-12-01,South,Credit Card,Delivered
510862,13409,2025-11-30,North,Debit Card,Shipped
510863,11873,2025-01-04,West,Cash on Delivery,Delivered
510864,12129,2025-07-22,South,UPI,Delivered
510865,13525,2025-02-02,North,Cash on Delivery,Delivered
510866,10685,2025-01-11,South,Net Banking,Delivered
510867,14458,2025-07-23,East,Net Banking,Delivered
510868,10026,2025-07-26,South,UPI,Delivered
510869,14897,2025-07-04,South,UPI,Shipped
510870,10812,2025-06-03,West,UPI,Cancelled
510871,13778,2025-12-10,North,Credit Card,Delivered
510872,10195,2025-07-01,East,UPI,Delivered
510873,12204,2025-06-04,West,Net Banking,Delivered
510874,13223,2025-08-16,South,Debit Card,Delivered
510875,10340,2025-04-12,West,Net Banking,Delivered
510876,12273,2025-07-01,North,UPI,Delivered
510877,11523,2025-09-15,South,Debit Card,Returned
510878,12555,2025-09-22,South,Net Banking,Delivered
510879,12586,2025-03-13,North,UPI,Delivered
510880,13976,2025-12-26,East,Credit Card,Delivered
510881,10611,2025-11-16,East,Debit Card,Delivered
510882,10412,2025-08-29,North,Credit Card,Delivered
510883,12059,2025-04-25,North,Credit Card,Shipped
510884,14484,2025-03-06,West,UPI,Delivered
510885,14320,2025-10-04,South,Credit Card,Delivered
510886,12885,2025-05-23,South,Debit Card,Delivered
510887,14486,2025-08-05,North,Debit Card,Delivered
510888,14076,2025-06-16,West,UPI,Delivered
510889,11403,2025-01-16,East,Credit Card,Delivered
510890,10822,2025-02-04,North,UPI,Delivered
510891,11519,2025-10-06,West,UPI,Shipped
510892,11119,2025-05-20,West,UPI,Delivered
510893,13190,2025-08-28,East,Credit Card,Delivered
510894,13014,2025-11-04,West,Debit Card,Delivered
510895,13073,2025-10-02,North,Credit Card,Delivered
510896,10929,2025-12-20,West,UPI,Delivered
510897,14015,2025-04-25,West,Credit Card,Delivered
510898,12216,2025-03-28,Central,UPI,Delivered
510899,12416,2025-05-19,North,UPI,Delivered
510900,14984,2025-02-12,North,UPI,Delivered
510901,11421,2025-12-20,Central,Cash on Delivery,Delivered
510902,12018,2025-03-10,West,Net Banking,Delivered
510903,13447,2025-06-14,West,Debit Card,Delivered
510904,14438,2025-06-02,North,UPI,Delivered
510905,10625,2025-06-01,South,UPI,Delivered
510906,13739,2025-04-16,Central,Net Banking,Delivered
510907,14614,2025-10-17,East,UPI,Delivered
510908,12162,2025-12-04,West,Debit Card,Shipped
510909,11447,2025-12-25,North,UPI,Delivered
510910,13457,2025-03-20,South,Credit Card,Delivered
510911,11241,2025-04-21,West,Debit Card,Delivered
510912,11958,2025-09-25,North,UPI,Cancelled
510913,14524,2025-05-28,Central,UPI,Delivered
510914,13038,2025-12-01,South,Debit Card,Delivered
510915,10485,2025-12-02,South,Cash on Delivery,Delivered
510916,11669,2025-11-13,Central,UPI,Shipped
510917,13206,2025-03-12,North,UPI,Delivered
510918,12462,2025-08-29,South,Cash on Delivery,Delivered
510919,13374,2025-08-16,West,Net Banking,Delivered
510920,13868,2025-05-30,South,Cash on Delivery,Delivered
510921,12460,2025-03-14,North,UPI,Delivered
510922,14942,2025-01-17,North,Cash on Delivery,Delivered
510923,14599,2025-04-07,West,Credit Card,Delivered
510924,10295,2025-09-15,South,Debit Card,Delivered
510925,11349,2025-09-20,South,Credit Card,Delivered
510926,11517,2025-08-11,North,Credit Card,Delivered
510927,10898,2025-01-14,West,UPI,Delivered
510928,11572,2025-09-17,Central,UPI,Delivered
510929,12171,2025-06-22,South,Credit Card,Delivered
510930,10251,2025-07-10,West,UPI,Delivered
510931,10628,2025-09-23,North,UPI,Delivered
510932,10490,2025-02-14,West,Debit Card,Delivered
510933,10226,2025-08-04,South,Credit Card,Delivered
510934,12462,2025-10-27,South,UPI,Delivered
510935,11690,2025-07-02,South,Debit Card,Delivered
510936,14690,2025-05-26,Central,Net Banking,Delivered
510937,10518,2025-01-11,East,Net Banking,Shipped
510938,14640,2025-08-30,Central,Cash on Delivery,Delivered
510939,10439,2025-07-01,West,UPI,Delivered
510940,13175,2025-05-09,West,UPI,Delivered
510941,11251,2025-02-22,West,Debit Card,Delivered
510942,14182,2025-12-18,West,Cash on Delivery,Delivered
510943,10298,2025-07-27,North,UPI,Delivered
510944,14774,2025-07-25,West,UPI,Delivered
510945,10229,2025-02-02,North,Debit Card,Delivered
510946,11208,2025-03-24,North,Debit Card,Delivered
510947,12371,2025-01-25,Central,Net Banking,Shipped
510948,13842,2025-03-15,North,Debit Card,Delivered
510949,14771,2025-05-12,East,Credit Card,Delivered
510950,12190,2025-06-01,East,Credit Card,Delivered
510951,13848,2025-07-09,North,Net Banking,Delivered
510952,13700,2025-12-06,South,UPI,Shipped
510953,12940,2025-08-06,South,UPI,Delivered
510954,13525,2025-11-14,North,UPI,Delivered
510955,10179,2025-08-13,West,Credit Card,Delivered
510956,12263,2025-11-14,West,Credit Card,Delivered
510957,13978,2025-03-17,East,UPI,Delivered
510958,12424,2025-06-15,South,UPI,Shipped
510959,14412,2025-05-25,South,Debit Card,Delivered
510960,14211,2025-01-10,North,Net Banking,Delivered
510961,14370,2025-06-20,North,UPI,Delivered
510962,10641,2025-10-16,West,Credit Card,Delivered
510963,11233,2025-02-06,West,UPI,Delivered
510964,10143,2025-04-30,North,Debit Card,Delivered
510965,14914,2025-06-23,East,UPI,Delivered
510966,11180,2025-12-31,North,UPI,Delivered
510967,11872,2025-02-07,South,Credit Card,Delivered
510968,11387,2025-01-21,West,UPI,Delivered
510969,10194,2025-06-10,North,Net Banking,Delivered
510970,11327,2025-08-06,East,Net Banking,Delivered
510971,10500,2025-09-01,East,Credit Card,Delivered
510972,12018,2025-02-12,West,Credit Card,Delivered
510973,14851,2025-04-28,North,UPI,Shipped
510974,13555,2025-04-04,North,UPI,Delivered
510975,13601,2025-11-20,North,UPI,Delivered
510976,12311,2025-07-17,North,UPI,Delivered
510977,14103,2025-09-08,East,Credit Card,Delivered
510978,14573,2025-07-11,South,Debit Card,Delivered
510979,14824,2025-11-16,West,Debit Card,Delivered
510980,10502,2025-05-05,South,Credit Card,Delivered
510981,14436,2025-02-06,South,UPI,Delivered
510982,11103,2025-03-20,East,Net Banking,Delivered
510983,12035,2025-04-14,East,Credit Card,Delivered
510984,11757,2025-05-31,East,Credit Card,Delivered
510985,13441,2025-08-22,South,UPI,Delivered
510986,13070,2025-03-14,North,UPI,Delivered
510987,10547,2025-02-03,Central,UPI,Shipped
510988,13964,2025-12-29,Central,Debit Card,Delivered
510989,12253,2025-06-11,South,UPI,Returned
510990,10011,2025-07-27,West,UPI,Shipped
510991,12123,2025-09-17,North,Debit Card,Delivered
510992,12637,2025-12-03,West,Credit Card,Delivered
510993,10334,2025-07-23,West,UPI,Delivered
510994,10739,2025-07-16,Central,Cash on Delivery,Delivered
510995,14972,2025-08-18,West,Credit Card,Delivered
510996,14402,2025-04-10,West,Debit Card,Delivered
510997,10657,2025-04-04,Central,Cash on Delivery,Delivered
510998,12999,2025-03-04,North,Debit Card,Delivered
510999,11933,2025-11-30,East,UPI,Cancelled
511000,12794,2025-07-13,West,Credit Card,Delivered
511001,12401,2025-10-11,East,UPI,Delivered
511002,10233,2025-10-04,West,UPI,Delivered
511003,11596,2025-07-26,North,UPI,Shipped
511004,10621,2025-12-30,South,UPI,Delivered
511005,12500,2025-03-28,South,UPI,Delivered
511006,14570,2025-05-18,East,Net Banking,Delivered
511007,14981,2025-01-26,North,UPI,Delivered
511008,14738,2025-10-17,Central,UPI,Delivered
511009,14935,2025-09-15,West,UPI,Delivered
511010,10073,2025-06-21,North,Credit Card,Delivered
511011,13717,2025-08-27,East,Debit Card,Delivered
511012,11374,2025-02-12,South,Cash on Delivery,Delivered
511013,14379,2025-11-04,East,Credit Card,Delivered
511014,14115,2025-04-20,North,UPI,Delivered
511015,12167,2025-05-27,Central,Credit Card,Delivered
511016,12418,2025-05-03,North,UPI,Delivered
511017,11346,2025-11-01,Central,Debit Card,Delivered
511018,11462,2025-08-27,West,UPI,Returned
511019,14903,2025-07-10,North,Cash on Delivery,Delivered
511020,14486,2025-04-26,North,Debit Card,Delivered
511021,10937,2025-06-06,South,Credit Card,Cancelled
511022,11392,2025-11-28,South,UPI,Delivered
511023,10542,2025-07-26,West,UPI,Shipped
511024,14951,2025-02-22,North,UPI,Delivered
511025,14570,2025-04-08,East,Credit Card,Delivered
511026,12844,2025-01-28,Central,Credit Card,Shipped
511027,13529,2025-08-01,South,UPI,Delivered
511028,13800,2025-05-25,North,Debit Card,Returned
511029,10996,2025-09-02,South,UPI,Delivered
511030,14688,2025-09-05,East,UPI,Delivered
511031,12694,2025-12-04,South,Debit Card,Delivered
511032,10470,2025-01-24,Central,Debit Card,Delivered
511033,12035,2025-09-10,East,UPI,Delivered
511034,13086,2025-12-10,South,Debit Card,Delivered
511035,11802,2025-11-28,South,UPI,Delivered
511036,13562,2025-02-05,West,UPI,Delivered
511037,14452,2025-07-16,North,Debit Card,Delivered
511038,13914,2025-07-03,North,Credit Card,Delivered
511039,13274,2025-03-08,North,Net Banking,Delivered
511040,12624,2025-02-02,South,UPI,Delivered
511041,11288,2025-06-16,North,Net Banking,Shipped
511042,12320,2025-12-06,North,Credit Card,Delivered
511043,11480,2025-07-05,Central,UPI,Delivered
511044,14685,2025-01-12,West,UPI,Delivered
511045,14570,2025-09-02,East,UPI,Delivered
511046,10765,2025-03-25,North,Debit Card,Delivered
511047,14167,2025-12-03,South,UPI,Delivered
511048,13580,2025-02-12,North,UPI,Delivered
511049,14882,2025-04-17,East,Debit Card,Delivered
511050,12367,2025-01-13,North,Credit Card,Returned
511051,13681,2025-12-05,North,Credit Card,Delivered
511052,12641,2025-03-31,North,UPI,Delivered
511053,10335,2025-04-26,South,UPI,Delivered
511054,10228,2025-04-16,North,UPI,Delivered
511055,10607,2025-06-22,East,UPI,Shipped
511056,11499,2025-12-11,East,UPI,Delivered
511057,11314,2025-01-23,West,Net Banking,Delivered
511058,13707,2025-10-18,South,Cash on Delivery,Delivered
511059,13649,2025-08-29,Central,Cash on Delivery,Delivered
511060,14872,2025-04-06,West,Credit Card,Returned
511061,11565,2025-11-06,North,Net Banking,Delivered
511062,14698,2025-05-05,East,UPI,Delivered
511063,13144,2025-08-22,Central,UPI,Delivered
511064,12536,2025-06-26,East,Debit Card,Returned
511065,13412,2025-03-11,North,Credit Card,Delivered
511066,13579,2025-07-25,East,Debit Card,Delivered
511067,10831,2025-08-21,South,Credit Card,Delivered
511068,13819,2025-04-30,North,UPI,Shipped
511069,13693,2025-10-20,South,Cash on Delivery,Delivered
511070,14988,2025-04-29,North,Net Banking,Returned
511071,14589,2025-01-22,South,UPI,Delivered
511072,13495,2025-09-06,Central,Debit Card,Delivered
511073,13631,2025-07-31,East,Credit Card,Delivered
511074,14753,2025-07-04,South,Credit Card,Delivered
511075,14853,2025-11-23,North,UPI,Delivered
511076,14182,2025-07-07,West,Debit Card,Delivered
511077,13892,2025-07-02,North,UPI,Delivered
511078,10563,2025-02-10,East,Debit Card,Delivered
511079,14197,2025-01-28,East,UPI,Delivered
511080,11283,2025-10-14,West,UPI,Delivered
511081,12900,2025-01-21,South,Credit Card,Delivered
511082,12077,2025-03-15,West,Cash on Delivery,Delivered
511083,11758,2025-11-03,North,Net Banking,Delivered
511084,11565,2025-02-05,North,Debit Card,Cancelled
511085,14321,2025-01-19,Central,UPI,Delivered
511086,13902,2025-09-19,North,UPI,Delivered
511087,12674,2025-06-25,North,Debit Card,Delivered
511088,13391,2025-01-15,West,UPI,Delivered
511089,14921,2025-04-20,North,Credit Card,Delivered
511090,12035,2025-04-19,East,Credit Card,Cancelled
511091,12838,2025-05-04,South,UPI,Delivered
511092,12736,2025-11-01,North,Net Banking,Delivered
511093,14692,2025-01-18,West,Cash on Delivery,Delivered
511094,11797,2025-03-25,Central,UPI,Delivered
511095,14939,2025-07-12,East,Net Banking,Shipped
511096,11532,2025-07-07,Central,Credit Card,Delivered
511097,10545,2025-06-13,North,UPI,Delivered
511098,10935,2025-07-29,South,Debit Card,Delivered
511099,12179,2025-01-20,North,Cash on Delivery,Shipped
511100,13308,2025-09-08,North,Cash on Delivery,Shipped
511101,12638,2025-04-23,West,Debit Card,Delivered
511102,11917,2025-11-13,East,Credit Card,Delivered
511103,12896,2025-12-23,Central,UPI,Cancelled
511104,14238,2025-11-11,North,Debit Card,Delivered
511105,14241,2025-05-30,North,Debit Card,Delivered
511106,13696,2025-11-20,North,UPI,Delivered
511107,14774,2025-09-17,West,UPI,Delivered
511108,13036,2025-03-24,West,UPI,Delivered
511109,10039,2025-11-10,West,Net Banking,Delivered
511110,11469,2025-02-27,South,Credit Card,Delivered
511111,11665,2025-02-23,West,UPI,Delivered
511112,12816,2025-01-28,Central,UPI,Delivered
511113,14558,2025-12-27,South,UPI,Delivered
511114,14237,2025-07-24,North,UPI,Delivered
511115,11153,2025-02-26,West,Credit Card,Delivered
511116,12650,2025-03-05,North,UPI,Cancelled
511117,13371,2025-04-02,West,Cash on Delivery,Delivered
511118,14944,2025-10-13,South,Net Banking,Delivered
511119,10151,2025-12-08,West,Net Banking,Delivered
511120,12370,2025-01-23,South,Debit Card,Shipped
511121,14948,2025-01-18,Central,Debit Card,Delivered
511122,14892,2025-09-11,Central,UPI,Delivered
511123,11675,2025-03-22,North,Credit Card,Delivered
511124,10001,2025-07-01,West,UPI,Delivered
511125,13020,2025-12-17,South,UPI,Delivered
511126,14384,2025-05-16,West,Credit Card,Delivered
511127,11642,2025-04-17,North,UPI,Delivered
511128,14686,2025-05-14,Central,Debit Card,Delivered
511129,11685,2025-07-19,South,UPI,Shipped
511130,13128,2025-09-11,North,Credit Card,Delivered
511131,13681,2025-10-23,North,Cash on Delivery,Cancelled
511132,11757,2025-06-28,East,UPI,Delivered
511133,11798,2025-02-16,North,Debit Card,Delivered
511134,12399,2025-08-11,East,Credit Card,Delivered
511135,14217,2025-04-25,South,Credit Card,Delivered
511136,10510,2025-11-22,Central,UPI,Delivered
511137,13227,2025-07-15,South,Net Banking,Shipped
511138,13452,2025-09-06,South,Credit Card,Shipped
511139,12875,2025-08-14,North,Credit Card,Delivered
511140,14692,2025-10-10,West,Cash on Delivery,Returned
511141,13087,2025-02-23,West,UPI,Delivered
511142,13241,2025-05-22,North,Credit Card,Delivered
511143,13078,2025-08-21,Central,Debit Card,Delivered
511144,13681,2025-05-30,North,Net Banking,Delivered
511145,10665,2025-07-16,East,UPI,Cancelled
511146,14516,2025-02-25,North,Debit Card,Delivered
511147,10212,2025-12-30,North,Cash on Delivery,Delivered
511148,13268,2025-07-29,East,Debit Card,Delivered
511149,13159,2025-11-12,West,Credit Card,Delivered
511150,11021,2025-02-20,North,Net Banking,Delivered
511151,10203,2025-05-08,North,Net Banking,Delivered
511152,10674,2025-09-14,West,Debit Card,Delivered
511153,11369,2025-01-12,West,Debit Card,Returned
511154,14452,2025-01-24,North,Credit Card,Delivered
511155,14323,2025-05-06,West,UPI,Delivered
511156,10314,2025-11-27,North,Debit Card,Delivered
511157,11464,2025-06-20,South,UPI,Delivered
511158,14487,2025-04-15,North,Net Banking,Delivered
511159,11184,2025-08-09,North,Cash on Delivery,Delivered
511160,14981,2025-02-26,North,UPI,Delivered
511161,11304,2025-05-29,South,Credit Card,Delivered
511162,13762,2025-02-09,South,UPI,Delivered
511163,12136,2025-02-02,North,Credit Card,Delivered
511164,10668,2025-06-10,West,Debit Card,Delivered
511165,11291,2025-04-18,Central,Credit Card,Cancelled
511166,13441,2025-03-06,South,Cash on Delivery,Shipped
511167,11712,2025-03-17,South,Cash on Delivery,Delivered
511168,13098,2025-02-15,East,Credit Card,Delivered
511169,11008,2025-12-30,West,Credit Card,Delivered
511170,12297,2025-08-23,North,UPI,Delivered
511171,12624,2025-04-24,South,UPI,Cancelled
511172,12115,2025-11-04,West,Debit Card,Shipped
511173,10971,2025-05-04,South,Cash on Delivery,Delivered
511174,12361,2025-10-13,North,Cash on Delivery,Cancelled
511175,13529,2025-05-23,South,UPI,Delivered
511176,14844,2025-05-17,North,Credit Card,Delivered
511177,13996,2025-09-04,West,UPI,Delivered
511178,10789,2025-10-15,East,Net Banking,Delivered
511179,11373,2025-03-13,East,Debit Card,Delivered
511180,10395,2025-10-10,North,Cash on Delivery,Delivered
511181,10666,2025-02-11,West,Credit Card,Delivered
511182,11270,2025-09-21,North,UPI,Delivered
511183,10980,2025-08-09,North,Credit Card,Delivered
511184,11052,2025-09-24,South,Net Banking,Delivered
511185,11143,2025-08-31,East,UPI,Delivered
511186,11517,2025-02-13,North,Net Banking,Shipped
511187,10621,2025-10-16,South,Debit Card,Delivered
511188,11402,2025-03-08,South,UPI,Delivered
511189,13511,2025-11-07,Central,Debit Card,Shipped
511190,11183,2025-09-26,West,UPI,Delivered
511191,10831,2025-02-05,South,UPI,Delivered
511192,10327,2025-03-28,Central,UPI,Delivered
511193,12563,2025-01-26,West,Credit Card,Delivered
511194,14253,2025-10-21,West,UPI,Delivered
511195,10293,2025-04-10,East,UPI,Delivered
511196,12786,2025-05-31,South,Debit Card,Delivered
511197,13313,2025-05-16,Central,UPI,Delivered
511198,13048,2025-09-27,Central,Debit Card,Delivered
511199,14425,2025-10-07,West,Debit Card,Shipped
511200,14381,2025-04-11,North,Net Banking,Delivered
511201,10284,2025-06-02,South,Debit Card,Cancelled
511202,11842,2025-04-28,West,Debit Card,Delivered
511203,13424,2025-08-27,North,Debit Card,Delivered
511204,14774,2025-01-17,West,UPI,Delivered
511205,14075,2025-05-12,Central,Credit Card,Delivered
511206,10859,2025-09-08,East,Credit Card,Delivered
511207,11408,2025-03-26,South,Debit Card,Cancelled
511208,13877,2025-07-31,West,UPI,Delivered
511209,12408,2025-12-31,South,Debit Card,Delivered
511210,12816,2025-04-15,Central,Credit Card,Delivered
511211,13124,2025-12-03,South,Debit Card,Delivered
511212,10521,2025-04-09,West,UPI,Shipped
511213,14323,2025-02-10,West,UPI,Delivered
511214,14367,2025-03-01,East,Cash on Delivery,Delivered
511215,12390,2025-03-28,South,Debit Card,Delivered
511216,13205,2025-02-12,North,Cash on Delivery,Delivered
511217,13374,2025-11-04,West,UPI,Delivered
511218,10930,2025-01-21,South,Cash on Delivery,Delivered
511219,10572,2025-06-01,North,Debit Card,Returned
511220,10096,2025-05-02,South,Debit Card,Delivered
511221,14594,2025-06-21,South,UPI,Delivered
511222,11759,2025-07-30,West,UPI,Delivered
511223,10432,2025-05-13,West,Net Banking,Returned
511224,12377,2025-10-27,South,Debit Card,Delivered
511225,10371,2025-08-07,West,UPI,Delivered
511226,10430,2025-11-30,South,Credit Card,Returned
511227,12500,2025-03-06,South,Debit Card,Delivered
511228,12608,2025-06-08,Central,UPI,Delivered
511229,12998,2025-10-28,West,Debit Card,Delivered
511230,13358,2025-04-24,North,Credit Card,Cancelled
511231,13415,2025-03-15,East,UPI,Returned
511232,12210,2025-11-07,South,UPI,Shipped
511233,13280,2025-03-01,West,Credit Card,Delivered
511234,11532,2025-09-11,Central,Debit Card,Delivered
511235,12263,2025-08-31,West,Credit Card,Shipped
511236,12013,2025-04-25,West,UPI,Delivered
511237,11666,2025-10-22,North,Net Banking,Delivered
511238,11194,2025-04-14,South,Credit Card,Delivered
511239,10392,2025-02-17,West,UPI,Delivered
511240,12592,2025-03-21,South,Debit Card,Delivered
511241,12753,2025-01-27,North,UPI,Delivered
511242,11702,2025-09-29,North,Credit Card,Delivered
511243,14886,2025-08-21,West,UPI,Delivered
511244,12873,2025-09-11,West,Credit Card,Delivered
511245,14487,2025-12-31,North,UPI,Cancelled
511246,12936,2025-12-13,North,Cash on Delivery,Delivered
511247,10931,2025-05-17,Central,UPI,Delivered
511248,14881,2025-06-02,East,Debit Card,Delivered
511249,14472,2025-12-10,West,UPI,Delivered
511250,12406,2025-02-27,East,Credit Card,Delivered
511251,11225,2025-08-08,West,Credit Card,Delivered
511252,11091,2025-01-18,North,Credit Card,Shipped
511253,14077,2025-03-31,North,Credit Card,Delivered
511254,10335,2025-11-26,South,Net Banking,Delivered
511255,13253,2025-06-26,North,UPI,Delivered
511256,13262,2025-02-13,West,Net Banking,Delivered
511257,10890,2025-07-22,North,Credit Card,Delivered
511258,13588,2025-04-20,West,Debit Card,Delivered
511259,13589,2025-07-12,West,UPI,Delivered
511260,11786,2025-12-03,Central,Credit Card,Delivered
511261,12472,2025-05-08,Central,Debit Card,Cancelled
511262,14205,2025-01-10,East,UPI,Delivered
511263,12671,2025-11-15,East,UPI,Delivered
511264,13167,2025-04-04,West,Credit Card,Delivered
511265,12115,2025-10-29,West,UPI,Delivered
511266,10734,2025-08-13,West,Debit Card,Cancelled
511267,14994,2025-09-15,South,UPI,Delivered
511268,12724,2025-08-12,South,Net Banking,Delivered
511269,11703,2025-09-16,North,Cash on Delivery,Delivered
511270,13636,2025-02-05,North,UPI,Delivered
511271,13182,2025-09-18,South,UPI,Delivered
511272,11160,2025-10-03,West,Cash on Delivery,Cancelled
511273,14422,2025-09-16,South,UPI,Delivered
511274,10345,2025-09-16,South,UPI,Delivered
511275,13106,2025-12-22,North,Net Banking,Delivered
511276,12447,2025-11-22,West,Debit Card,Delivered
511277,11610,2025-08-16,Central,Debit Card,Delivered
511278,14179,2025-03-29,East,UPI,Delivered
511279,13357,2025-10-30,South,Credit Card,Delivered
511280,13861,2025-04-12,North,UPI,Delivered
511281,12124,2025-10-20,East,UPI,Delivered
511282,14726,2025-01-08,South,Credit Card,Delivered
511283,11753,2025-04-12,North,Debit Card,Delivered
511284,12720,2025-04-23,Central,UPI,Delivered
511285,14681,2025-07-27,Central,Credit Card,Delivered
511286,10416,2025-12-29,North,Credit Card,Delivered
511287,10543,2025-02-14,North,Cash on Delivery,Delivered
511288,14974,2025-01-10,East,Debit Card,Delivered
511289,14872,2025-12-08,West,Debit Card,Delivered
511290,13913,2025-08-20,East,Debit Card,Cancelled
511291,12478,2025-08-21,South,UPI,Delivered
511292,12593,2025-12-09,Central,Cash on Delivery,Delivered
511293,11305,2025-06-18,South,UPI,Delivered
511294,12210,2025-09-25,South,UPI,Delivered
511295,12203,2025-08-25,West,Cash on Delivery,Delivered
511296,10171,2025-09-21,East,UPI,Delivered
511297,12311,2025-10-28,North,Net Banking,Delivered
511298,12457,2025-03-29,North,UPI,Shipped
511299,13396,2025-06-03,North,UPI,Delivered
511300,12638,2025-12-08,West,Cash on Delivery,Delivered
511301,14353,2025-04-17,South,Cash on Delivery,Delivered
511302,11872,2025-08-05,South,Cash on Delivery,Delivered
511303,12098,2025-06-08,North,UPI,Shipped
511304,12940,2025-11-08,South,Credit Card,Delivered
511305,10993,2025-12-20,North,UPI,Returned
511306,12013,2025-02-06,West,Debit Card,Delivered
511307,13501,2025-03-13,North,Debit Card,Delivered
511308,12110,2025-05-01,Central,Cash on Delivery,Delivered
511309,14566,2025-06-21,North,Net Banking,Delivered
511310,13157,2025-08-15,East,UPI,Delivered
511311,10751,2025-08-05,South,Credit Card,Delivered
511312,12490,2025-04-05,North,UPI,Delivered
511313,13883,2025-06-26,East,UPI,Delivered
511314,13280,2025-03-28,West,Credit Card,Cancelled
511315,14471,2025-04-12,East,UPI,Delivered
511316,13812,2025-11-20,East,Debit Card,Delivered
511317,10298,2025-12-22,North,Credit Card,Delivered
511318,10571,2025-05-07,West,UPI,Cancelled
511319,13308,2025-03-11,North,UPI,Delivered
511320,11194,2025-08-11,South,UPI,Delivered
511321,13023,2025-09-17,South,Credit Card,Returned
511322,14016,2025-10-04,West,Debit Card,Delivered
511323,12979,2025-10-25,Central,Net Banking,Delivered
511324,12129,2025-03-25,South,Cash on Delivery,Delivered
511325,13290,2025-05-14,Central,Net Banking,Delivered
511326,10699,2025-09-12,West,Credit Card,Shipped
511327,13686,2025-01-11,South,UPI,Delivered
511328,13548,2025-07-29,South,Debit Card,Delivered
511329,12629,2025-03-14,North,Credit Card,Delivered
511330,11407,2025-05-20,Central,Credit Card,Delivered
511331,14042,2025-10-14,South,UPI,Delivered
511332,12617,2025-06-08,Central,UPI,Delivered
511333,10293,2025-06-20,East,UPI,Delivered
511334,14615,2025-07-05,West,Net Banking,Delivered
511335,13893,2025-02-19,East,UPI,Delivered
511336,13014,2025-09-04,West,Debit Card,Delivered
511337,12236,2025-12-20,North,Debit Card,Delivered
511338,14810,2025-07-27,North,UPI,Delivered
511339,13928,2025-02-10,South,Credit Card,Delivered
511340,12744,2025-04-22,West,Debit Card,Delivered
511341,13331,2025-07-23,North,UPI,Delivered
511342,11416,2025-07-24,Central,UPI,Delivered
511343,10961,2025-06-21,North,Debit Card,Delivered
511344,11375,2025-05-07,West,UPI,Returned
511345,11480,2025-03-07,Central,UPI,Delivered
511346,13766,2025-09-28,West,Credit Card,Delivered
511347,10681,2025-02-03,East,Net Banking,Returned
511348,13938,2025-07-17,South,UPI,Delivered
511349,12674,2025-02-13,North,UPI,Delivered
511350,11960,2025-09-10,Central,UPI,Shipped
511351,11517,2025-06-10,North,Credit Card,Delivered
511352,12625,2025-12-01,North,Credit Card,Shipped
511353,11607,2025-12-21,South,UPI,Delivered
511354,12193,2025-12-14,North,Net Banking,Delivered
511355,13761,2025-12-28,East,Credit Card,Shipped
511356,13201,2025-04-28,Central,Credit Card,Delivered
511357,13800,2025-10-23,North,UPI,Delivered
511358,13633,2025-09-19,South,Debit Card,Delivered
511359,14122,2025-03-16,West,Debit Card,Delivered
511360,10991,2025-01-14,North,Credit Card,Delivered
511361,14977,2025-01-05,North,Debit Card,Delivered
511362,12436,2025-10-28,Central,UPI,Delivered
511363,13659,2025-07-06,West,Debit Card,Shipped
511364,13457,2025-07-20,South,Credit Card,Delivered
511365,12914,2025-10-26,South,Credit Card,Delivered
511366,14981,2025-09-08,North,UPI,Delivered
511367,11073,2025-06-04,North,Net Banking,Delivered
511368,12157,2025-07-16,South,Net Banking,Delivered
511369,10629,2025-03-10,South,UPI,Shipped
511370,10886,2025-02-17,West,Net Banking,Delivered
511371,13633,2025-09-06,South,Net Banking,Delivered
511372,10026,2025-08-20,South,Credit Card,Returned
511373,14489,2025-04-21,North,UPI,Delivered
511374,13235,2025-11-25,East,Credit Card,Shipped
511375,12259,2025-10-08,North,Credit Card,Cancelled
511376,11679,2025-05-16,North,UPI,Delivered
511377,10623,2025-03-19,East,Net Banking,Delivered
511378,14626,2025-08-19,West,UPI,Delivered
511379,13631,2025-09-12,East,Credit Card,Delivered
511380,11703,2025-06-09,North,Credit Card,Delivered
511381,10345,2025-03-02,South,Net Banking,Delivered
511382,11654,2025-03-28,South,Credit Card,Delivered
511383,10898,2025-01-01,West,UPI,Delivered
511384,13980,2025-04-21,North,Debit Card,Cancelled
511385,13663,2025-06-08,South,Debit Card,Delivered
511386,12554,2025-08-22,West,Cash on Delivery,Returned
511387,14474,2025-03-11,East,Debit Card,Delivered
511388,10882,2025-12-30,East,UPI,Delivered
511389,12306,2025-03-22,South,Net Banking,Delivered
511390,13627,2025-07-21,North,Credit Card,Delivered
511391,10327,2025-04-03,Central,UPI,Delivered
511392,11899,2025-12-28,North,Cash on Delivery,Delivered
511393,12940,2025-03-13,South,Debit Card,Delivered
511394,11871,2025-02-26,Central,Cash on Delivery,Delivered
511395,12459,2025-01-11,South,UPI,Delivered
511396,13122,2025-05-26,West,Net Banking,Delivered
511397,11873,2025-05-28,West,Debit Card,Delivered
511398,10531,2025-07-27,South,Credit Card,Cancelled
511399,10678,2025-04-01,South,UPI,Delivered
511400,12698,2025-03-28,Central,Credit Card,Returned
511401,10848,2025-04-19,South,Credit Card,Delivered
511402,14489,2025-10-10,North,Debit Card,Delivered
511403,14212,2025-07-24,South,Credit Card,Delivered
511404,11781,2025-04-07,South,Credit Card,Shipped
511405,14198,2025-09-22,South,UPI,Delivered
511406,12734,2025-09-26,North,Cash on Delivery,Delivered
511407,10781,2025-09-21,East,Net Banking,Returned
511408,13152,2025-04-24,Central,Cash on Delivery,Delivered
511409,13466,2025-11-08,West,Cash on Delivery,Delivered
511410,10423,2025-08-07,North,Net Banking,Delivered
511411,11585,2025-08-21,North,UPI,Shipped
511412,10030,2025-04-07,South,Debit Card,Delivered
511413,11603,2025-01-07,North,UPI,Delivered
511414,11699,2025-03-18,North,Net Banking,Delivered
511415,13223,2025-05-08,South,Net Banking,Delivered
511416,10978,2025-07-03,West,UPI,Delivered
511417,10146,2025-04-14,Central,Net Banking,Cancelled
511418,11596,2025-03-25,North,Cash on Delivery,Delivered
511419,14178,2025-10-20,Central,Credit Card,Delivered
511420,12043,2025-03-05,West,Credit Card,Delivered
511421,12128,2025-08-21,North,UPI,Delivered
511422,12397,2025-01-17,East,Debit Card,Delivered
511423,13819,2025-04-03,North,Net Banking,Cancelled
511424,12459,2025-10-04,South,UPI,Delivered
511425,10467,2025-03-19,East,Cash on Delivery,Delivered
511426,11014,2025-12-27,East,UPI,Delivered
511427,10919,2025-04-21,South,Credit Card,Shipped
511428,12599,2025-12-08,North,Cash on Delivery,Delivered
511429,10146,2025-11-04,Central,Cash on Delivery,Delivered
511430,11428,2025-03-18,Central,UPI,Shipped
511431,13117,2025-08-22,South,Cash on Delivery,Delivered
511432,11813,2025-04-05,North,UPI,Returned
511433,13611,2025-09-25,South,Credit Card,Delivered
511434,11996,2025-12-18,West,Debit Card,Delivered
511435,14897,2025-02-15,South,UPI,Delivered
511436,14845,2025-11-22,North,Credit Card,Delivered
511437,14050,2025-08-03,West,Net Banking,Delivered
511438,14784,2025-11-23,North,Credit Card,Delivered
511439,11004,2025-10-03,East,UPI,Delivered
511440,13814,2025-03-09,South,Net Banking,Delivered
511441,11626,2025-12-07,North,UPI,Delivered
511442,13693,2025-10-27,South,Net Banking,Delivered
511443,11905,2025-10-13,South,Cash on Delivery,Delivered
511444,11465,2025-10-14,North,Debit Card,Delivered
511445,14807,2025-05-07,North,UPI,Shipped
511446,11029,2025-08-21,East,Debit Card,Delivered
511447,13851,2025-07-01,Central,UPI,Shipped
511448,13437,2025-01-14,North,UPI,Delivered
511449,11524,2025-04-12,North,Debit Card,Delivered
511450,12342,2025-05-31,North,UPI,Delivered
511451,10696,2025-11-21,West,UPI,Delivered
511452,14624,2025-06-29,West,UPI,Delivered
511453,14858,2025-06-27,South,Debit Card,Delivered
511454,13733,2025-08-01,South,Credit Card,Delivered
511455,14293,2025-02-02,North,UPI,Delivered
511456,10412,2025-01-09,North,UPI,Delivered
511457,11957,2025-12-17,East,Cash on Delivery,Delivered
511458,11675,2025-09-21,North,Cash on Delivery,Delivered
511459,12908,2025-07-22,South,Credit Card,Delivered
511460,10893,2025-09-20,East,UPI,Shipped
511461,12900,2025-05-29,South,UPI,Delivered
511462,13342,2025-04-02,South,UPI,Delivered
511463,10651,2025-02-22,South,Credit Card,Delivered
511464,10650,2025-01-15,South,Credit Card,Delivered
511465,10167,2025-02-21,South,Credit Card,Cancelled
511466,13865,2025-07-19,North,Credit Card,Delivered
511467,11675,2025-02-06,North,Cash on Delivery,Shipped
511468,11104,2025-12-13,North,Credit Card,Delivered
511469,13942,2025-03-20,East,UPI,Delivered
511470,10699,2025-11-13,West,Debit Card,Delivered
511471,12189,2025-05-30,Central,Credit Card,Delivered
511472,13788,2025-02-05,West,UPI,Delivered
511473,12958,2025-04-04,North,Debit Card,Returned
511474,12854,2025-12-19,South,UPI,Delivered
511475,10773,2025-07-10,West,Debit Card,Delivered
511476,10884,2025-06-15,West,UPI,Delivered
511477,13005,2025-02-09,South,Cash on Delivery,Delivered
511478,10115,2025-03-05,North,Credit Card,Shipped
511479,14393,2025-07-03,North,UPI,Delivered
511480,11789,2025-09-27,North,Net Banking,Delivered
511481,12135,2025-05-10,West,Net Banking,Delivered
511482,11312,2025-08-27,North,Debit Card,Delivered
511483,14421,2025-10-02,South,Credit Card,Delivered
511484,13274,2025-03-19,North,UPI,Delivered
511485,12301,2025-11-23,West,Debit Card,Delivered
511486,13015,2025-05-05,Central,Net Banking,Delivered
511487,11937,2025-01-09,North,Credit Card,Delivered
511488,12377,2025-10-16,South,UPI,Delivered
511489,11823,2025-05-07,West,Cash on Delivery,Delivered
511490,12104,2025-08-04,South,Debit Card,Delivered
511491,11591,2025-04-26,West,Cash on Delivery,Delivered
511492,10384,2025-11-13,South,UPI,Delivered
511493,10178,2025-04-16,South,UPI,Delivered
511494,10844,2025-08-01,West,UPI,Delivered
511495,11276,2025-02-13,West,UPI,Delivered
511496,14492,2025-03-06,North,UPI,Returned
511497,13135,2025-03-26,North,UPI,Delivered
511498,14804,2025-02-26,South,Credit Card,Delivered
511499,11729,2025-08-20,South,Net Banking,Delivered
511500,12058,2025-10-07,North,UPI,Delivered
511501,13664,2025-04-12,West,UPI,Delivered
511502,12983,2025-06-21,East,UPI,Delivered
511503,12704,2025-04-15,South,Credit Card,Delivered
511504,12969,2025-01-06,North,Net Banking,Delivered
511505,13011,2025-02-03,South,UPI,Shipped
511506,13886,2025-01-27,East,UPI,Delivered
511507,13414,2025-01-18,East,Net Banking,Delivered
511508,14801,2025-01-05,East,Net Banking,Delivered
511509,14763,2025-04-28,South,Net Banking,Delivered
511510,12158,2025-04-06,West,Credit Card,Delivered
511511,10167,2025-08-01,South,Cash on Delivery,Delivered
511512,10056,2025-09-12,South,Credit Card,Delivered
511513,10610,2025-02-13,North,Net Banking,Delivered
511514,10368,2025-12-20,North,Credit Card,Delivered
511515,11902,2025-04-03,South,Credit Card,Delivered
511516,10256,2025-09-04,North,Net Banking,Delivered
511517,13199,2025-09-18,East,UPI,Delivered
511518,10932,2025-11-13,North,UPI,Delivered
511519,12627,2025-09-08,South,Debit Card,Delivered
511520,10519,2025-08-30,South,Cash on Delivery,Delivered
511521,14188,2025-12-14,South,UPI,Delivered
511522,13949,2025-05-14,East,Credit Card,Returned
511523,11967,2025-03-16,Central,Credit Card,Returned
511524,14584,2025-10-22,North,Cash on Delivery,Delivered
511525,10907,2025-08-28,South,Debit Card,Shipped
511526,14115,2025-05-16,North,UPI,Delivered
511527,12809,2025-08-15,Central,Credit Card,Delivered
511528,11668,2025-03-25,Central,UPI,Delivered
511529,10425,2025-09-03,West,Debit Card,Cancelled
511530,10826,2025-08-31,North,Credit Card,Delivered
511531,14366,2025-03-27,West,Debit Card,Shipped
511532,13114,2025-04-22,South,Cash on Delivery,Delivered
511533,11185,2025-03-10,North,Net Banking,Delivered
511534,12536,2025-12-28,East,Net Banking,Delivered
511535,10540,2025-10-13,East,UPI,Delivered
511536,10502,2025-05-31,South,Debit Card,Delivered
511537,14571,2025-06-25,South,UPI,Delivered
511538,12339,2025-07-17,West,UPI,Delivered
511539,11843,2025-02-11,West,Debit Card,Delivered
511540,14768,2025-01-29,South,Credit Card,Delivered
511541,12042,2025-03-26,Central,Net Banking,Shipped
511542,11702,2025-11-23,North,Credit Card,Delivered
511543,11375,2025-08-17,West,UPI,Delivered
511544,12910,2025-06-22,West,Credit Card,Delivered
511545,12876,2025-02-10,South,UPI,Delivered
511546,10079,2025-07-20,North,Cash on Delivery,Delivered
511547,13336,2025-11-15,West,UPI,Cancelled
511548,13993,2025-04-10,West,Credit Card,Delivered
511549,13160,2025-12-17,West,Credit Card,Delivered
511550,14396,2025-08-08,East,Debit Card,Shipped
511551,11396,2025-05-27,West,Credit Card,Delivered
511552,10937,2025-03-06,South,Cash on Delivery,Delivered
511553,13549,2025-04-03,Central,UPI,Cancelled
511554,10924,2025-07-21,South,UPI,Delivered
511555,10466,2025-10-19,East,Net Banking,Delivered
511556,10493,2025-07-29,North,Cash on Delivery,Cancelled
511557,13897,2025-08-08,North,Credit Card,Delivered
511558,10139,2025-10-27,South,Cash on Delivery,Delivered
511559,11465,2025-09-20,North,Credit Card,Shipped
511560,10639,2025-02-07,North,Credit Card,Delivered
511561,13836,2025-04-15,South,Debit Card,Delivered
511562,12583,2025-09-08,West,Cash on Delivery,Delivered
511563,11008,2025-09-11,West,UPI,Delivered
511564,13814,2025-10-05,South,UPI,Delivered
511565,13813,2025-08-25,North,Credit Card,Delivered
511566,12670,2025-07-22,West,UPI,Shipped
511567,11393,2025-02-23,West,Credit Card,Delivered
511568,13019,2025-07-30,South,Net Banking,Delivered
511569,14680,2025-01-06,East,Net Banking,Delivered
511570,10251,2025-07-20,West,UPI,Delivered
511571,11351,2025-12-30,South,UPI,Delivered
511572,11435,2025-10-12,North,Debit Card,Delivered
511573,13228,2025-02-12,South,Debit Card,Delivered
511574,13319,2025-07-14,Central,Credit Card,Returned
511575,11013,2025-09-05,North,Debit Card,Delivered
511576,11067,2025-12-31,West,Net Banking,Delivered
511577,14655,2025-11-14,Central,Debit Card,Delivered
511578,13844,2025-09-26,West,Debit Card,Delivered
511579,14686,2025-07-11,Central,Debit Card,Returned
511580,14195,2025-02-16,West,Debit Card,Returned
511581,12059,2025-07-07,North,Debit Card,Shipped
511582,10607,2025-09-28,East,UPI,Delivered
511583,13218,2025-09-18,South,Credit Card,Delivered
511584,11798,2025-03-10,North,Net Banking,Delivered
511585,12173,2025-09-15,South,UPI,Shipped
511586,12177,2025-04-24,South,Credit Card,Delivered
511587,14695,2025-10-21,Central,Credit Card,Delivered
511588,10334,2025-08-30,West,UPI,Delivered
511589,10945,2025-04-04,North,Credit Card,Returned
511590,13122,2025-07-01,West,UPI,Shipped
511591,14461,2025-10-22,West,Cash on Delivery,Cancelled
511592,14613,2025-09-10,North,UPI,Delivered
511593,12878,2025-01-20,South,Cash on Delivery,Delivered
511594,10165,2025-09-07,West,UPI,Delivered
511595,11852,2025-10-12,South,Credit Card,Delivered
511596,14615,2025-01-17,West,UPI,Cancelled
511597,12563,2025-02-20,West,Net Banking,Delivered
511598,13697,2025-05-16,North,Net Banking,Shipped
511599,11365,2025-05-29,North,UPI,Delivered
511600,10125,2025-05-31,South,UPI,Delivered
511601,12984,2025-04-25,East,UPI,Delivered
511602,14216,2025-12-13,North,UPI,Delivered
511603,14959,2025-09-19,North,UPI,Delivered
511604,14280,2025-06-29,East,UPI,Delivered
511605,12854,2025-05-16,South,Net Banking,Delivered
511606,13123,2025-04-09,West,Net Banking,Delivered
511607,14173,2025-11-21,East,Credit Card,Shipped
511608,10095,2025-10-16,West,Cash on Delivery,Delivered
511609,14772,2025-07-09,East,Credit Card,Delivered
511610,12722,2025-07-10,Central,UPI,Delivered
511611,14772,2025-08-04,East,UPI,Delivered
511612,13882,2025-06-09,North,UPI,Delivered
511613,10739,2025-11-07,Central,Net Banking,Delivered
511614,10800,2025-10-16,West,Debit Card,Cancelled
511615,11807,2025-06-15,East,UPI,Shipped
511616,11341,2025-09-15,East,Credit Card,Delivered
511617,12250,2025-08-24,East,UPI,Delivered
511618,13098,2025-07-28,East,UPI,Delivered
511619,12236,2025-08-17,North,UPI,Delivered
511620,10277,2025-03-07,North,Debit Card,Delivered
511621,14885,2025-08-10,South,Debit Card,Delivered
511622,12171,2025-01-15,South,UPI,Delivered
511623,14302,2025-11-13,West,Net Banking,Delivered
511624,10362,2025-06-08,East,Credit Card,Delivered
511625,14096,2025-09-02,West,Credit Card,Delivered
511626,10838,2025-09-08,North,Debit Card,Delivered
511627,13466,2025-06-15,West,UPI,Delivered
511628,13376,2025-06-06,South,UPI,Delivered
511629,14579,2025-07-25,Central,Cash on Delivery,Delivered
511630,11625,2025-05-01,South,Cash on Delivery,Delivered
511631,10545,2025-06-20,North,Credit Card,Shipped
511632,14374,2025-05-02,West,Debit Card,Delivered
511633,11679,2025-10-06,North,Debit Card,Returned
511634,11155,2025-01-25,North,Debit Card,Delivered
511635,12484,2025-06-05,East,Credit Card,Delivered
511636,10712,2025-04-09,North,UPI,Delivered
511637,11503,2025-12-16,South,Net Banking,Delivered
511638,11961,2025-08-07,South,Credit Card,Delivered
511639,11402,2025-07-19,South,Cash on Delivery,Delivered
511640,12301,2025-03-24,West,Net Banking,Delivered
511641,11960,2025-12-31,Central,Debit Card,Delivered
511642,13927,2025-12-30,South,Debit Card,Delivered
511643,14614,2025-10-03,East,Cash on Delivery,Delivered
511644,10510,2025-08-10,Central,Debit Card,Delivered
511645,14169,2025-01-29,South,Credit Card,Cancelled
511646,14674,2025-05-16,South,Credit Card,Delivered
511647,13504,2025-03-03,South,Cash on Delivery,Delivered
511648,14981,2025-06-15,North,Debit Card,Delivered
511649,11697,2025-05-11,Central,Debit Card,Delivered
511650,14197,2025-09-16,East,UPI,Cancelled
511651,13434,2025-11-07,North,Credit Card,Delivered
511652,11639,2025-07-25,East,UPI,Delivered
511653,13587,2025-06-12,West,Credit Card,Cancelled
511654,12613,2025-10-27,Central,Credit Card,Delivered
511655,10926,2025-06-21,North,UPI,Delivered
511656,10842,2025-06-18,West,Net Banking,Returned
511657,13634,2025-06-04,South,Credit Card,Delivered
511658,13630,2025-04-02,East,Debit Card,Delivered
511659,12719,2025-06-05,North,UPI,Delivered
511660,12572,2025-01-05,North,Debit Card,Delivered
511661,10877,2025-06-20,South,UPI,Delivered
511662,12192,2025-07-10,East,Credit Card,Delivered
511663,14402,2025-02-08,West,UPI,Delivered
511664,14319,2025-01-10,North,Debit Card,Delivered
511665,13374,2025-03-04,West,Net Banking,Cancelled
511666,14988,2025-09-22,North,Debit Card,Delivered
511667,14508,2025-03-25,South,UPI,Delivered
511668,10709,2025-01-29,East,UPI,Delivered
511669,12043,2025-08-01,West,Credit Card,Delivered
511670,10650,2025-12-21,South,UPI,Delivered
511671,12379,2025-08-09,West,UPI,Delivered
511672,13938,2025-09-28,South,UPI,Cancelled
511673,10765,2025-07-28,North,UPI,Delivered
511674,14438,2025-06-01,North,Credit Card,Delivered
511675,12928,2025-02-04,North,UPI,Delivered
511676,13805,2025-03-02,West,Credit Card,Delivered
511677,10222,2025-10-03,West,Debit Card,Delivered
511678,10479,2025-11-10,West,UPI,Cancelled
511679,13183,2025-04-10,East,Cash on Delivery,Delivered
511680,14237,2025-07-22,North,UPI,Returned
511681,14412,2025-09-04,South,UPI,Delivered
511682,13511,2025-08-10,Central,Credit Card,Delivered
511683,10988,2025-07-07,West,Credit Card,Delivered
511684,10957,2025-03-27,South,Net Banking,Delivered
511685,14448,2025-03-29,North,UPI,Cancelled
511686,10573,2025-05-22,South,UPI,Delivered
511687,13501,2025-06-13,North,Net Banking,Shipped
511688,12736,2025-05-21,North,Debit Card,Delivered
511689,12156,2025-09-14,South,UPI,Delivered
511690,12255,2025-04-01,Central,Credit Card,Delivered
511691,14746,2025-09-26,West,UPI,Delivered
511692,14351,2025-06-12,South,Cash on Delivery,Delivered
511693,14374,2025-01-18,West,Cash on Delivery,Delivered
511694,12084,2025-06-11,North,Cash on Delivery,Delivered
511695,10535,2025-02-21,South,UPI,Delivered
511696,14991,2025-11-22,North,Cash on Delivery,Delivered
511697,10711,2025-02-27,East,UPI,Shipped
511698,12634,2025-10-10,South,Debit Card,Delivered
511699,11345,2025-05-26,East,Credit Card,Delivered
511700,12618,2025-02-26,West,Credit Card,Delivered
511701,11532,2025-01-09,Central,UPI,Shipped
511702,14524,2025-07-11,Central,Credit Card,Delivered
511703,14858,2025-03-20,South,UPI,Shipped
511704,12100,2025-05-31,Central,Cash on Delivery,Delivered
511705,10340,2025-11-11,West,Credit Card,Delivered
511706,13384,2025-07-14,West,Cash on Delivery,Delivered
511707,11919,2025-07-20,South,Credit Card,Delivered
511708,14936,2025-10-05,North,UPI,Delivered
511709,10459,2025-03-25,West,Net Banking,Returned
511710,10602,2025-09-20,East,Credit Card,Delivered
511711,13562,2025-05-25,West,UPI,Delivered
511712,13853,2025-08-21,North,Cash on Delivery,Delivered
511713,12406,2025-05-31,East,Cash on Delivery,Delivered
511714,11402,2025-02-06,South,Debit Card,Delivered
511715,11565,2025-11-20,North,Cash on Delivery,Delivered
511716,11720,2025-07-20,West,Debit Card,Delivered
511717,11104,2025-12-28,North,Debit Card,Delivered
511718,14299,2025-07-11,West,Net Banking,Delivered
511719,10321,2025-01-18,West,UPI,Delivered
511720,12087,2025-06-12,West,Credit Card,Delivered
511721,13800,2025-10-06,North,Credit Card,Delivered
511722,10020,2025-12-17,East,Debit Card,Shipped
511723,14425,2025-07-31,West,Credit Card,Cancelled
511724,13593,2025-05-15,South,Credit Card,Delivered
511725,10359,2025-07-08,East,Net Banking,Cancelled
511726,14517,2025-11-28,East,Cash on Delivery,Cancelled
511727,12490,2025-08-31,North,Credit Card,Delivered
511728,13324,2025-07-04,East,Debit Card,Delivered
511729,14452,2025-07-15,North,Credit Card,Delivered
511730,14446,2025-09-02,East,Net Banking,Delivered
511731,12096,2025-01-15,South,UPI,Delivered
511732,11189,2025-06-24,North,Net Banking,Delivered
511733,11306,2025-11-08,South,Credit Card,Delivered
511734,13887,2025-04-07,North,Credit Card,Delivered
511735,14662,2025-01-14,South,Cash on Delivery,Delivered
511736,10353,2025-06-04,West,UPI,Delivered
511737,10072,2025-06-15,Central,UPI,Delivered
511738,14169,2025-04-14,South,Debit Card,Delivered
511739,11967,2025-07-31,Central,UPI,Cancelled
511740,11396,2025-05-10,West,Debit Card,Delivered
511741,10921,2025-01-04,South,UPI,Delivered
511742,11762,2025-08-29,West,Credit Card,Delivered
511743,14873,2025-06-01,West,UPI,Delivered
511744,14889,2025-05-17,South,UPI,Delivered
511745,11679,2025-05-27,North,UPI,Delivered
511746,14836,2025-07-09,North,Cash on Delivery,Delivered
511747,11514,2025-06-18,South,UPI,Delivered
511748,14317,2025-05-08,East,Credit Card,Delivered
511749,11042,2025-04-02,East,Credit Card,Delivered
511750,14179,2025-03-18,East,Credit Card,Delivered
511751,11808,2025-03-19,South,Credit Card,Delivered
511752,10961,2025-04-24,North,Credit Card,Delivered
511753,14688,2025-03-15,East,Net Banking,Returned
511754,11056,2025-05-05,East,Credit Card,Delivered
511755,14964,2025-07-31,West,Credit Card,Delivered
511756,10542,2025-07-12,West,Debit Card,Returned
511757,10050,2025-03-17,East,Credit Card,Delivered
511758,14400,2025-08-15,West,Credit Card,Delivered
511759,13020,2025-12-06,South,UPI,Delivered
511760,12156,2025-11-28,South,UPI,Delivered
511761,10409,2025-05-20,West,UPI,Delivered
511762,12967,2025-06-16,South,Net Banking,Returned
511763,12014,2025-07-05,South,Net Banking,Delivered
511764,12473,2025-11-19,South,Credit Card,Delivered
511765,13223,2025-11-23,South,Credit Card,Delivered
511766,13261,2025-08-03,South,Credit Card,Delivered
511767,14817,2025-03-18,North,UPI,Returned
511768,13351,2025-03-16,North,Net Banking,Delivered
511769,11729,2025-04-26,South,Net Banking,Delivered
511770,11669,2025-12-06,Central,Debit Card,Delivered
511771,12444,2025-02-18,South,Debit Card,Delivered
511772,11316,2025-11-15,North,Debit Card,Delivered
511773,11918,2025-08-27,South,UPI,Cancelled
511774,14253,2025-10-10,West,Credit Card,Delivered
511775,14339,2025-07-17,West,Credit Card,Delivered
511776,13207,2025-12-27,South,UPI,Delivered
511777,13006,2025-02-27,North,Debit Card,Delivered
511778,12187,2025-05-02,North,Net Banking,Delivered
511779,13246,2025-05-02,South,Cash on Delivery,Delivered
511780,14077,2025-09-22,North,Credit Card,Delivered
511781,13752,2025-08-01,West,Debit Card,Delivered
511782,10167,2025-08-30,South,Debit Card,Cancelled
511783,13725,2025-08-30,South,Debit Card,Shipped
511784,13664,2025-03-17,West,UPI,Delivered
511785,10502,2025-07-12,South,UPI,Cancelled
511786,10736,2025-12-14,Central,Credit Card,Returned
511787,13992,2025-01-19,West,Credit Card,Delivered
511788,12880,2025-05-02,West,Debit Card,Shipped
511789,14158,2025-05-22,North,Debit Card,Delivered
511790,10899,2025-08-06,West,Credit Card,Returned
511791,10149,2025-12-02,West,Credit Card,Delivered
511792,10790,2025-12-10,West,UPI,Shipped
511793,12308,2025-06-09,Central,Credit Card,Delivered
511794,12674,2025-09-19,North,UPI,Cancelled
511795,14329,2025-04-23,East,UPI,Delivered
511796,13652,2025-12-16,North,UPI,Delivered
511797,14959,2025-09-10,North,UPI,Delivered
511798,10393,2025-10-06,West,Debit Card,Delivered
511799,10641,2025-01-19,West,Cash on Delivery,Shipped
511800,10425,2025-08-05,West,UPI,Delivered
511801,12762,2025-08-05,North,Net Banking,Delivered
511802,11351,2025-05-10,South,Debit Card,Delivered
511803,13489,2025-07-21,West,Net Banking,Delivered
511804,10651,2025-06-30,South,Cash on Delivery,Delivered
511805,10521,2025-04-18,West,Net Banking,Delivered
511806,12357,2025-04-15,South,Net Banking,Delivered
511807,11915,2025-02-12,West,UPI,Cancelled
511808,14194,2025-10-16,West,Credit Card,Delivered
511809,14234,2025-07-30,East,Debit Card,Returned
511810,10594,2025-04-29,South,UPI,Delivered
511811,14107,2025-10-17,South,Credit Card,Delivered
511812,12902,2025-11-30,West,UPI,Delivered
511813,12583,2025-12-22,West,Debit Card,Delivered
511814,10483,2025-01-20,West,UPI,Delivered
511815,13766,2025-11-14,West,Debit Card,Delivered
511816,10295,2025-01-02,South,Credit Card,Delivered
511817,11402,2025-08-04,South,UPI,Delivered
511818,10486,2025-03-29,South,Cash on Delivery,Delivered
511819,12719,2025-09-10,North,Debit Card,Delivered
511820,13287,2025-08-11,South,Debit Card,Delivered
511821,14492,2025-07-27,North,UPI,Shipped
511822,13737,2025-04-28,South,UPI,Delivered
511823,14823,2025-03-09,South,Cash on Delivery,Delivered
511824,13865,2025-08-14,North,Credit Card,Delivered
511825,11507,2025-03-20,East,UPI,Delivered
511826,12816,2025-12-05,Central,Net Banking,Delivered
511827,12339,2025-05-27,West,Credit Card,Delivered
511828,12914,2025-02-04,South,Debit Card,Delivered
511829,12946,2025-05-28,South,UPI,Delivered
511830,13575,2025-12-25,North,Cash on Delivery,Delivered
511831,10413,2025-10-24,South,Credit Card,Shipped
511832,13798,2025-05-02,North,Credit Card,Delivered
511833,10701,2025-02-01,West,UPI,Delivered
511834,10128,2025-05-21,West,Debit Card,Delivered
511835,12647,2025-11-06,South,Credit Card,Shipped
511836,13001,2025-01-16,Central,Cash on Delivery,Delivered
511837,10166,2025-09-23,West,UPI,Delivered
511838,12633,2025-09-06,East,Credit Card,Delivered
511839,12742,2025-07-03,South,UPI,Delivered
511840,10255,2025-07-13,South,Debit Card,Delivered
511841,13630,2025-06-15,East,UPI,Shipped
511842,11029,2025-02-22,East,Cash on Delivery,Delivered
511843,14031,2025-03-23,East,Debit Card,Delivered
511844,11567,2025-02-03,North,Credit Card,Returned
511845,12447,2025-12-07,West,Credit Card,Delivered
511846,14499,2025-03-26,West,Credit Card,Delivered
511847,14078,2025-07-26,North,Debit Card,Delivered
511848,13958,2025-07-21,South,Debit Card,Delivered
511849,10785,2025-02-28,East,Credit Card,Cancelled
511850,10233,2025-12-21,West,UPI,Delivered
511851,13106,2025-01-25,North,UPI,Delivered
511852,12104,2025-01-31,South,Cash on Delivery,Delivered
511853,14578,2025-03-15,Central,Credit Card,Delivered
511854,11783,2025-01-03,North,Credit Card,Delivered
511855,12104,2025-12-08,South,Credit Card,Delivered
511856,12692,2025-04-12,West,Debit Card,Shipped
511857,14038,2025-07-13,North,Net Banking,Delivered
511858,11361,2025-08-03,North,Credit Card,Delivered
511859,14724,2025-05-01,South,UPI,Delivered
511860,12773,2025-12-26,West,UPI,Delivered
511861,14250,2025-11-14,North,Net Banking,Delivered
511862,12689,2025-06-30,North,Credit Card,Delivered
511863,13916,2025-12-10,East,Net Banking,Delivered
511864,10250,2025-02-02,East,Credit Card,Delivered
511865,14048,2025-08-29,South,UPI,Delivered
511866,12678,2025-04-01,West,UPI,Delivered
511867,12300,2025-05-21,East,UPI,Delivered
511868,10564,2025-02-08,West,UPI,Delivered
511869,13775,2025-01-29,East,UPI,Delivered
511870,10648,2025-04-15,South,Debit Card,Delivered
511871,10939,2025-01-25,Central,Cash on Delivery,Delivered
511872,10624,2025-10-02,South,UPI,Delivered
511873,10035,2025-04-09,South,Credit Card,Returned
511874,13376,2025-01-16,South,Credit Card,Delivered
511875,11369,2025-03-13,West,UPI,Shipped
511876,10734,2025-07-18,West,UPI,Delivered
511877,11618,2025-03-26,South,Credit Card,Delivered
511878,12560,2025-08-06,North,Cash on Delivery,Delivered
511879,12583,2025-07-04,West,Credit Card,Delivered
511880,11872,2025-06-22,South,UPI,Delivered
511881,12534,2025-09-19,West,Debit Card,Delivered
511882,12189,2025-10-20,Central,Net Banking,Delivered
511883,14168,2025-11-06,West,Net Banking,Delivered
511884,10143,2025-01-04,North,Net Banking,Delivered
511885,14388,2025-06-24,West,Net Banking,Shipped
511886,11231,2025-12-07,Central,UPI,Delivered
511887,13678,2025-06-14,South,Debit Card,Delivered
511888,12076,2025-08-23,North,UPI,Delivered
511889,11487,2025-06-19,West,UPI,Delivered
511890,13157,2025-06-25,East,Credit Card,Delivered
511891,13900,2025-08-16,East,Credit Card,Delivered
511892,12301,2025-07-08,West,Credit Card,Delivered
511893,12381,2025-01-15,South,Net Banking,Cancelled
511894,10292,2025-09-11,South,Debit Card,Delivered
511895,14631,2025-02-28,South,Debit Card,Shipped
511896,14281,2025-09-04,East,Debit Card,Delivered
511897,12039,2025-10-25,South,UPI,Delivered
511898,13884,2025-06-08,North,Credit Card,Delivered
511899,11580,2025-09-19,North,Net Banking,Delivered
511900,13721,2025-10-02,South,Debit Card,Delivered
511901,12638,2025-06-15,West,Net Banking,Shipped
511902,12360,2025-05-02,North,Credit Card,Delivered
511903,10279,2025-12-26,North,Debit Card,Shipped
511904,14845,2025-12-12,North,UPI,Delivered
511905,14232,2025-06-30,South,Net Banking,Delivered
511906,14024,2025-09-11,South,UPI,Delivered
511907,11532,2025-05-06,Central,Credit Card,Delivered
511908,11465,2025-11-27,North,Debit Card,Shipped
511909,12951,2025-04-20,North,Debit Card,Delivered
511910,14280,2025-05-22,East,UPI,Delivered
511911,14687,2025-05-02,Central,UPI,Delivered
511912,11362,2025-01-10,West,UPI,Delivered
511913,13119,2025-09-12,West,Cash on Delivery,Delivered
511914,13689,2025-01-17,West,Net Banking,Cancelled
511915,11113,2025-07-22,East,Debit Card,Delivered
511916,12090,2025-01-15,Central,Cash on Delivery,Delivered
511917,10916,2025-01-03,South,Debit Card,Delivered
511918,13560,2025-08-30,South,Debit Card,Delivered
511919,14371,2025-11-08,West,Cash on Delivery,Delivered
511920,14425,2025-07-06,West,UPI,Cancelled
511921,13422,2025-10-09,East,UPI,Delivered
511922,11769,2025-04-13,North,Debit Card,Delivered
511923,13374,2025-08-23,West,UPI,Delivered
511924,14372,2025-06-27,North,UPI,Delivered
511925,13201,2025-03-28,Central,Net Banking,Delivered
511926,12115,2025-11-13,West,Net Banking,Delivered
511927,14618,2025-09-10,West,Credit Card,Delivered
511928,14217,2025-11-07,South,UPI,Delivered
511929,14453,2025-07-11,North,UPI,Delivered
511930,14554,2025-01-03,North,Credit Card,Delivered
511931,12015,2025-06-07,West,Debit Card,Returned
511932,14337,2025-07-05,South,Cash on Delivery,Shipped
511933,12937,2025-05-21,West,Debit Card,Delivered
511934,10179,2025-11-21,West,UPI,Delivered
511935,13245,2025-02-20,Central,UPI,Delivered
511936,12401,2025-11-06,East,UPI,Delivered
511937,11391,2025-06-28,East,Debit Card,Delivered
511938,14864,2025-06-04,West,UPI,Delivered
511939,10270,2025-09-25,Central,Credit Card,Delivered
511940,14751,2025-04-23,Central,Cash on Delivery,Delivered
511941,10781,2025-04-30,East,Debit Card,Delivered
511942,11922,2025-03-30,South,Debit Card,Delivered
511943,12137,2025-04-16,South,Debit Card,Delivered
511944,13724,2025-07-26,North,Debit Card,Delivered
511945,11063,2025-01-31,South,UPI,Delivered
511946,14937,2025-09-24,North,Net Banking,Delivered
511947,13806,2025-06-13,Central,Debit Card,Delivered
511948,13999,2025-05-01,West,UPI,Delivered
511949,10532,2025-05-14,South,Cash on Delivery,Delivered
511950,12439,2025-05-03,South,Cash on Delivery,Delivered
511951,14749,2025-10-28,South,Credit Card,Delivered
511952,11366,2025-03-31,West,Debit Card,Delivered
511953,10711,2025-03-13,East,Debit Card,Delivered
511954,12479,2025-12-25,East,Credit Card,Delivered
511955,14664,2025-02-06,West,UPI,Delivered
511956,12487,2025-04-11,West,Credit Card,Delivered
511957,12075,2025-04-22,Central,Debit Card,Delivered
511958,13313,2025-01-30,Central,Cash on Delivery,Delivered
511959,14695,2025-02-07,Central,Debit Card,Shipped
511960,10238,2025-07-26,North,Debit Card,Delivered
511961,10748,2025-06-15,East,Cash on Delivery,Delivered
511962,10652,2025-01-09,East,Debit Card,Delivered
511963,10430,2025-10-04,South,Debit Card,Delivered
511964,11523,2025-06-18,South,Credit Card,Cancelled
511965,11132,2025-11-21,East,UPI,Shipped
511966,12822,2025-10-02,Central,Credit Card,Delivered
511967,11660,2025-09-06,West,UPI,Delivered
511968,12076,2025-04-22,North,Cash on Delivery,Delivered
511969,14724,2025-03-21,South,UPI,Delivered
511970,10765,2025-01-18,North,Credit Card,Delivered
511971,11980,2025-03-21,South,Debit Card,Delivered
511972,11305,2025-07-14,South,Credit Card,Delivered
511973,12825,2025-07-18,North,UPI,Shipped
511974,13747,2025-04-26,North,Cash on Delivery,Delivered
511975,14132,2025-02-01,West,Net Banking,Delivered
511976,12633,2025-08-11,East,UPI,Delivered
511977,14320,2025-03-29,South,Credit Card,Delivered
511978,13975,2025-06-10,South,UPI,Delivered
511979,10771,2025-11-24,West,Credit Card,Delivered
511980,11236,2025-11-06,West,UPI,Delivered
511981,13425,2025-04-13,Central,UPI,Delivered
511982,14882,2025-10-25,East,Credit Card,Shipped
511983,11917,2025-06-12,East,UPI,Delivered
511984,11135,2025-04-12,North,Net Banking,Delivered
511985,14393,2025-07-08,North,Credit Card,Delivered
511986,10981,2025-11-12,North,Cash on Delivery,Delivered
511987,13549,2025-09-07,Central,UPI,Delivered
511988,10165,2025-08-14,West,Net Banking,Delivered
511989,10092,2025-05-04,North,Net Banking,Delivered
511990,12303,2025-11-01,North,Cash on Delivery,Delivered
511991,13358,2025-10-06,North,UPI,Delivered
511992,10692,2025-11-20,West,Credit Card,Delivered
511993,13880,2025-10-18,North,Debit Card,Delivered
511994,10637,2025-10-05,Central,Credit Card,Returned
511995,12738,2025-06-07,North,Net Banking,Delivered
511996,11555,2025-01-03,North,Cash on Delivery,Delivered
511997,13820,2025-11-27,Central,Debit Card,Delivered
511998,14074,2025-01-10,Central,Debit Card,Cancelled
511999,10323,2025-03-08,Central,Credit Card,Returned
512000,10939,2025-06-18,Central,Credit Card,Delivered
512001,14503,2025-02-19,North,Net Banking,Delivered
512002,12131,2025-05-07,Central,UPI,Delivered
512003,12442,2025-07-16,North,Net Banking,Delivered
512004,10814,2025-01-15,Central,Net Banking,Delivered
512005,14976,2025-05-02,East,Debit Card,Delivered
512006,14628,2025-02-17,East,Debit Card,Delivered
512007,10010,2025-04-24,South,UPI,Delivered
512008,12834,2025-01-06,South,Cash on Delivery,Shipped
512009,14406,2025-01-04,Central,Credit Card,Cancelled
512010,12201,2025-10-06,West,Credit Card,Delivered
512011,12236,2025-06-22,North,Cash on Delivery,Delivered
512012,11933,2025-11-17,East,UPI,Delivered
512013,10140,2025-02-25,North,Cash on Delivery,Shipped
512014,14002,2025-01-15,South,Credit Card,Delivered
512015,12334,2025-04-01,North,UPI,Delivered
512016,12720,2025-07-24,Central,Credit Card,Delivered
512017,11292,2025-09-04,Central,Debit Card,Delivered
512018,13970,2025-08-27,East,Debit Card,Delivered
512019,14027,2025-12-26,West,Cash on Delivery,Cancelled
512020,12848,2025-01-09,Central,Credit Card,Delivered
512021,14557,2025-08-17,South,Credit Card,Delivered
512022,10585,2025-08-05,South,UPI,Shipped
512023,13984,2025-07-04,West,Credit Card,Delivered
512024,12877,2025-07-14,East,Cash on Delivery,Delivered
512025,11146,2025-02-08,South,Credit Card,Delivered
512026,10651,2025-02-09,South,UPI,Delivered
512027,11518,2025-01-16,Central,Credit Card,Delivered
512028,14324,2025-03-22,East,Net Banking,Delivered
512029,13989,2025-04-01,North,Cash on Delivery,Delivered
512030,13287,2025-05-18,South,UPI,Shipped
512031,10462,2025-06-30,East,Debit Card,Delivered
512032,14785,2025-03-06,East,UPI,Delivered
512033,11534,2025-04-25,West,Net Banking,Delivered
512034,13116,2025-02-19,South,Credit Card,Delivered
512035,14068,2025-10-12,West,Cash on Delivery,Returned
512036,10653,2025-05-26,West,UPI,Delivered
512037,13324,2025-06-29,East,UPI,Delivered
512038,10153,2025-12-29,South,Cash on Delivery,Delivered
512039,10514,2025-06-10,East,Net Banking,Delivered
512040,13686,2025-12-29,South,UPI,Returned
512041,10760,2025-09-24,Central,Cash on Delivery,Returned
512042,12273,2025-04-11,North,Net Banking,Cancelled
512043,11254,2025-05-28,North,Credit Card,Delivered
512044,12155,2025-05-30,West,UPI,Delivered
512045,10384,2025-08-12,South,Credit Card,Delivered
512046,13836,2025-07-19,South,Credit Card,Delivered
512047,10397,2025-10-18,North,UPI,Delivered
512048,14235,2025-03-21,South,Net Banking,Delivered
512049,13381,2025-04-18,North,Net Banking,Delivered
512050,12134,2025-06-11,West,UPI,Returned
512051,14381,2025-05-28,North,UPI,Delivered
512052,10909,2025-07-24,North,Credit Card,Delivered
512053,11344,2025-11-08,South,Cash on Delivery,Delivered
512054,10671,2025-11-03,North,Debit Card,Delivered
512055,11940,2025-12-17,South,Cash on Delivery,Cancelled
512056,14940,2025-03-26,East,UPI,Delivered
512057,10786,2025-02-19,South,Cash on Delivery,Delivered
512058,14198,2025-05-01,South,Credit Card,Delivered
512059,13324,2025-06-02,East,Debit Card,Delivered
512060,10077,2025-12-16,West,UPI,Delivered
512061,14744,2025-07-18,West,Credit Card,Cancelled
512062,14869,2025-08-14,South,Debit Card,Returned
512063,14635,2025-09-17,North,Credit Card,Delivered
512064,12572,2025-03-04,North,UPI,Cancelled
512065,11082,2025-10-05,North,Net Banking,Cancelled
512066,11996,2025-11-09,West,UPI,Delivered
512067,13152,2025-07-01,Central,UPI,Delivered
512068,11930,2025-01-04,East,Debit Card,Delivered
512069,13615,2025-07-12,East,Debit Card,Delivered
512070,14035,2025-09-12,West,Credit Card,Delivered
512071,11027,2025-10-31,South,UPI,Delivered
512072,12076,2025-05-31,North,Net Banking,Delivered
512073,14803,2025-01-06,South,Debit Card,Delivered
512074,11266,2025-08-03,North,Debit Card,Delivered
512075,11762,2025-08-18,West,UPI,Delivered
512076,10167,2025-11-23,South,UPI,Delivered
512077,11685,2025-05-13,South,Debit Card,Delivered
512078,11890,2025-03-26,North,Debit Card,Delivered
512079,10507,2025-06-03,East,UPI,Delivered
512080,10010,2025-07-21,South,Credit Card,Delivered
512081,12969,2025-07-13,North,UPI,Cancelled
512082,11522,2025-01-20,East,Debit Card,Shipped
512083,10085,2025-09-27,West,Net Banking,Delivered
512084,14341,2025-09-03,South,UPI,Delivered
512085,13012,2025-03-12,South,Debit Card,Delivered
512086,10826,2025-07-21,North,Credit Card,Delivered
512087,14375,2025-12-17,East,UPI,Delivered
512088,11284,2025-02-27,North,Credit Card,Delivered
512089,11122,2025-09-14,West,UPI,Delivered
512090,14516,2025-08-09,North,Debit Card,Delivered
512091,10875,2025-06-08,South,Cash on Delivery,Delivered
512092,14432,2025-05-16,North,Debit Card,Delivered
512093,14068,2025-07-27,West,Net Banking,Delivered
512094,11564,2025-08-26,Central,UPI,Delivered
512095,10165,2025-12-05,West,UPI,Delivered
512096,10412,2025-08-06,North,UPI,Delivered
512097,10551,2025-07-07,East,Debit Card,Delivered
512098,14492,2025-07-09,North,Net Banking,Delivered
512099,12070,2025-10-01,East,UPI,Cancelled
512100,10153,2025-09-11,South,Credit Card,Shipped
512101,12872,2025-07-13,East,Credit Card,Shipped
512102,11020,2025-12-15,East,Cash on Delivery,Delivered
512103,11175,2025-11-18,South,Cash on Delivery,Delivered
512104,10785,2025-06-29,East,UPI,Delivered
512105,13872,2025-11-19,South,UPI,Delivered
512106,10006,2025-03-29,West,Cash on Delivery,Delivered
512107,12248,2025-09-22,West,UPI,Delivered
512108,10444,2025-12-29,East,Credit Card,Delivered
512109,12846,2025-10-31,North,UPI,Delivered
512110,11761,2025-11-12,North,Debit Card,Delivered
512111,10137,2025-11-30,East,UPI,Delivered
512112,12360,2025-05-06,North,UPI,Delivered
512113,12938,2025-06-29,North,UPI,Shipped
512114,11251,2025-02-12,West,Credit Card,Delivered
512115,13885,2025-07-22,West,Credit Card,Delivered
512116,11890,2025-11-02,North,Debit Card,Delivered
512117,13809,2025-04-17,Central,UPI,Delivered
512118,12990,2025-03-29,South,UPI,Delivered
512119,14394,2025-01-14,South,Debit Card,Delivered
512120,12816,2025-08-31,Central,Cash on Delivery,Delivered
512121,10907,2025-01-18,South,UPI,Delivered
512122,14166,2025-08-16,East,UPI,Delivered
512123,13967,2025-03-18,West,Credit Card,Delivered
512124,14875,2025-10-17,West,Debit Card,Shipped
512125,10478,2025-12-05,North,Debit Card,Delivered
512126,13046,2025-02-10,West,Cash on Delivery,Delivered
512127,12516,2025-04-29,West,Net Banking,Delivered
512128,13424,2025-03-16,North,UPI,Delivered
512129,14901,2025-06-26,West,UPI,Delivered
512130,12726,2025-08-06,North,Credit Card,Delivered
512131,13499,2025-03-10,West,Cash on Delivery,Delivered
512132,11769,2025-08-01,North,Debit Card,Shipped
512133,11511,2025-10-31,East,Cash on Delivery,Shipped
512134,11698,2025-01-12,West,UPI,Delivered
512135,10182,2025-04-23,South,Cash on Delivery,Delivered
512136,11435,2025-09-27,North,Debit Card,Delivered
512137,10836,2025-11-16,East,Net Banking,Delivered
512138,12337,2025-01-26,West,Cash on Delivery,Delivered
512139,12360,2025-02-24,North,Credit Card,Delivered
512140,13884,2025-11-11,North,Net Banking,Shipped
512141,12575,2025-07-27,South,Cash on Delivery,Delivered
512142,12365,2025-03-20,West,Debit Card,Delivered
512143,11151,2025-11-20,East,UPI,Delivered
512144,14307,2025-05-31,South,UPI,Returned
512145,10466,2025-11-24,East,Debit Card,Delivered
512146,14910,2025-07-17,East,UPI,Delivered
512147,12438,2025-08-08,South,Credit Card,Delivered
512148,10909,2025-10-31,North,Credit Card,Delivered
512149,11812,2025-09-18,Central,Cash on Delivery,Shipped
512150,10073,2025-01-21,North,Debit Card,Delivered
512151,10803,2025-06-27,South,UPI,Delivered
512152,11698,2025-12-29,West,UPI,Delivered
512153,12856,2025-03-12,West,UPI,Delivered
512154,10639,2025-12-16,North,UPI,Returned
512155,13446,2025-04-04,South,Debit Card,Returned
512156,14266,2025-07-26,East,Credit Card,Delivered
512157,12947,2025-03-14,South,Cash on Delivery,Delivered
512158,11502,2025-06-04,West,UPI,Delivered
512159,10605,2025-09-15,North,Credit Card,Delivered
512160,10077,2025-08-16,West,UPI,Delivered
512161,13729,2025-12-13,East,Credit Card,Cancelled
512162,13211,2025-06-24,East,Credit Card,Delivered
512163,12439,2025-10-23,South,Cash on Delivery,Delivered
512164,10516,2025-08-05,South,Credit Card,Delivered
512165,11016,2025-02-05,West,UPI,Delivered
512166,14122,2025-12-23,West,Cash on Delivery,Delivered
512167,12457,2025-07-31,North,UPI,Delivered
512168,14831,2025-05-30,West,Net Banking,Delivered
512169,15000,2025-10-01,East,UPI,Delivered
512170,14057,2025-04-25,West,Cash on Delivery,Delivered
512171,11311,2025-07-22,Central,UPI,Delivered
512172,11146,2025-01-06,South,Net Banking,Delivered
512173,11284,2025-11-19,North,Credit Card,Shipped
512174,14940,2025-05-05,East,Credit Card,Delivered
512175,11698,2025-11-04,West,Debit Card,Delivered
512176,13597,2025-07-17,East,Credit Card,Shipped
512177,14807,2025-07-26,North,UPI,Delivered
512178,14151,2025-01-03,West,UPI,Delivered
512179,13069,2025-03-07,East,UPI,Delivered
512180,10819,2025-07-27,South,Debit Card,Cancelled
512181,10848,2025-10-05,South,UPI,Delivered
512182,12519,2025-04-23,East,Credit Card,Delivered
512183,14772,2025-05-19,East,Credit Card,Returned
512184,14557,2025-06-13,South,Credit Card,Returned
512185,10802,2025-11-05,North,Debit Card,Delivered
512186,11457,2025-11-28,South,Credit Card,Delivered
512187,13029,2025-06-17,West,UPI,Delivered
512188,12445,2025-02-04,East,Cash on Delivery,Delivered
512189,10603,2025-02-12,Central,Cash on Delivery,Delivered
512190,11876,2025-10-28,West,Credit Card,Delivered
512191,14785,2025-06-18,East,UPI,Delivered
512192,14772,2025-11-16,East,UPI,Cancelled
512193,12882,2025-09-28,North,Credit Card,Returned
512194,13243,2025-10-27,West,UPI,Delivered
512195,11087,2025-02-11,South,Credit Card,Returned
512196,13777,2025-07-06,North,UPI,Delivered
512197,10255,2025-03-26,South,Net Banking,Delivered
512198,11083,2025-01-04,West,Credit Card,Delivered
512199,10030,2025-11-23,South,Credit Card,Delivered
512200,11964,2025-10-12,North,UPI,Delivered
512201,14297,2025-09-19,North,Debit Card,Delivered
512202,14910,2025-07-28,East,Net Banking,Delivered
512203,13411,2025-09-12,North,UPI,Cancelled
512204,13788,2025-07-13,West,Debit Card,Delivered
512205,11334,2025-03-22,North,Debit Card,Cancelled
512206,12653,2025-04-03,East,Debit Card,Delivered
512207,13747,2025-05-19,North,Debit Card,Delivered
512208,12547,2025-08-06,West,Net Banking,Delivered
512209,10453,2025-09-01,East,Debit Card,Delivered
512210,13769,2025-04-13,West,Credit Card,Delivered
512211,11081,2025-02-01,West,Cash on Delivery,Delivered
512212,10499,2025-12-09,North,Net Banking,Delivered
512213,12449,2025-02-20,East,Cash on Delivery,Returned
512214,10366,2025-08-26,South,Credit Card,Delivered
512215,13218,2025-02-09,South,Debit Card,Delivered
512216,13267,2025-09-14,West,Net Banking,Delivered
512217,11304,2025-08-11,South,Credit Card,Delivered
512218,14843,2025-01-06,South,Net Banking,Delivered
512219,14175,2025-04-05,West,Debit Card,Delivered
512220,10552,2025-09-29,South,Debit Card,Delivered
512221,13803,2025-05-26,West,Cash on Delivery,Delivered
512222,11804,2025-11-24,East,UPI,Delivered
512223,13813,2025-08-17,North,Debit Card,Shipped
512224,14058,2025-08-19,East,UPI,Cancelled
512225,10739,2025-02-18,Central,Credit Card,Delivered
512226,13376,2025-12-29,South,Credit Card,Delivered
512227,14365,2025-09-08,South,Credit Card,Delivered
512228,11639,2025-10-22,East,UPI,Shipped
512229,10403,2025-02-27,South,Debit Card,Delivered
512230,10135,2025-07-18,North,Net Banking,Delivered
512231,10554,2025-06-19,Central,UPI,Delivered
512232,10021,2025-10-28,North,UPI,Delivered
512233,11660,2025-08-15,West,UPI,Delivered
512234,11511,2025-01-28,East,Debit Card,Delivered
512235,10557,2025-03-30,North,UPI,Delivered
512236,13318,2025-04-02,South,Debit Card,Shipped
512237,14964,2025-03-14,West,Net Banking,Delivered
512238,14545,2025-09-18,South,Net Banking,Delivered
512239,11281,2025-11-09,West,Cash on Delivery,Shipped
512240,13906,2025-03-21,North,Net Banking,Delivered
512241,14695,2025-01-29,Central,UPI,Delivered
512242,14564,2025-08-23,West,Credit Card,Delivered
512243,14467,2025-11-07,East,UPI,Delivered
512244,13984,2025-05-31,West,Credit Card,Delivered
512245,11480,2025-02-26,Central,Debit Card,Delivered
512246,10420,2025-05-26,South,UPI,Delivered
512247,12492,2025-05-13,Central,UPI,Delivered
512248,10268,2025-05-27,South,Debit Card,Delivered
512249,14994,2025-08-17,South,UPI,Delivered
512250,11825,2025-07-15,North,Cash on Delivery,Delivered
512251,14804,2025-03-25,South,Debit Card,Cancelled
512252,13919,2025-02-19,East,Debit Card,Delivered
512253,12106,2025-12-08,South,Net Banking,Delivered
512254,10598,2025-11-28,South,Debit Card,Returned
512255,11187,2025-09-21,East,Debit Card,Delivered
512256,13431,2025-08-01,Central,Net Banking,Delivered
512257,14196,2025-04-19,Central,Credit Card,Delivered
512258,14898,2025-02-02,South,UPI,Delivered
512259,10651,2025-04-12,South,Cash on Delivery,Delivered
512260,10765,2025-06-23,North,UPI,Delivered
512261,10212,2025-08-25,North,UPI,Delivered
512262,11319,2025-05-07,North,Cash on Delivery,Delivered
512263,14156,2025-08-10,South,Credit Card,Delivered
512264,10972,2025-07-14,West,UPI,Delivered
512265,12817,2025-07-10,North,Cash on Delivery,Delivered
512266,12286,2025-04-04,South,Net Banking,Delivered
512267,11654,2025-09-16,South,Credit Card,Cancelled
512268,13170,2025-11-04,West,Cash on Delivery,Delivered
512269,12575,2025-02-13,South,UPI,Delivered
512270,11696,2025-11-12,South,Cash on Delivery,Delivered
512271,13513,2025-02-27,East,Credit Card,Delivered
512272,11411,2025-04-05,North,Credit Card,Delivered
512273,13279,2025-05-22,South,Credit Card,Delivered
512274,14800,2025-10-02,South,Credit Card,Delivered
512275,13714,2025-01-05,West,Credit Card,Delivered
512276,12143,2025-09-04,West,Cash on Delivery,Delivered
512277,13800,2025-05-03,North,UPI,Delivered
512278,14094,2025-10-09,West,Credit Card,Delivered
512279,11654,2025-04-24,South,UPI,Shipped
512280,13588,2025-09-04,West,UPI,Delivered
512281,12222,2025-12-30,South,Cash on Delivery,Delivered
512282,14137,2025-01-18,South,Credit Card,Delivered
512283,11494,2025-06-22,North,Credit Card,Delivered
512284,14696,2025-08-16,East,Cash on Delivery,Delivered
512285,12966,2025-08-11,North,Credit Card,Returned
512286,11805,2025-07-29,Central,UPI,Delivered
512287,12147,2025-09-01,East,UPI,Delivered
512288,11773,2025-01-09,East,Debit Card,Returned
512289,10714,2025-12-12,North,Cash on Delivery,Delivered
512290,10332,2025-05-02,West,UPI,Delivered
512291,11626,2025-10-25,North,Credit Card,Delivered
512292,12343,2025-12-31,South,Debit Card,Delivered
512293,11845,2025-11-22,South,UPI,Delivered
512294,10067,2025-12-06,West,UPI,Shipped
512295,12990,2025-11-24,South,UPI,Returned
512296,10708,2025-04-19,South,UPI,Delivered
512297,11034,2025-11-20,East,Credit Card,Delivered
512298,10605,2025-12-11,North,Credit Card,Shipped
512299,12654,2025-01-31,North,Credit Card,Shipped
512300,10485,2025-05-02,South,Credit Card,Delivered
512301,11299,2025-10-02,Central,UPI,Delivered
512302,12303,2025-03-12,North,Debit Card,Delivered
512303,10812,2025-06-24,West,Debit Card,Delivered
512304,12285,2025-10-20,East,UPI,Delivered
512305,11740,2025-12-16,South,UPI,Delivered
512306,14345,2025-07-28,West,UPI,Delivered
512307,14033,2025-08-12,North,Credit Card,Delivered
512308,14970,2025-01-19,North,Credit Card,Delivered
512309,12706,2025-08-05,North,UPI,Returned
512310,12969,2025-04-03,North,UPI,Delivered
512311,14756,2025-02-22,North,UPI,Delivered
512312,12046,2025-03-16,North,Net Banking,Delivered
512313,12863,2025-05-12,South,UPI,Delivered
512314,11932,2025-02-15,West,Credit Card,Delivered
512315,12809,2025-02-05,Central,UPI,Delivered
512316,10404,2025-05-12,North,Debit Card,Shipped
512317,13969,2025-05-10,Central,UPI,Delivered
512318,14931,2025-06-16,East,Credit Card,Delivered
512319,10321,2025-08-31,West,Cash on Delivery,Cancelled
512320,14059,2025-08-13,South,Debit Card,Delivered
512321,11214,2025-10-27,West,Net Banking,Delivered
512322,10969,2025-04-01,South,Debit Card,Cancelled
512323,13530,2025-12-12,North,Cash on Delivery,Delivered
512324,10218,2025-12-30,West,Credit Card,Delivered
512325,12365,2025-10-24,West,UPI,Delivered
512326,10010,2025-05-02,South,Debit Card,Delivered
512327,12856,2025-12-25,West,Net Banking,Delivered
512328,12362,2025-12-19,South,Cash on Delivery,Delivered
512329,14602,2025-10-21,South,Debit Card,Delivered
512330,13665,2025-07-12,South,Net Banking,Delivered
512331,10622,2025-04-24,South,Debit Card,Returned
512332,11813,2025-01-11,North,Net Banking,Delivered
512333,14672,2025-07-06,East,Debit Card,Delivered
512334,13693,2025-03-19,South,UPI,Delivered
512335,13056,2025-03-11,North,UPI,Delivered
512336,12880,2025-10-26,West,Debit Card,Delivered
512337,12039,2025-04-14,South,Net Banking,Delivered
512338,13015,2025-12-11,Central,Net Banking,Delivered
512339,13913,2025-08-03,East,UPI,Cancelled
512340,10628,2025-04-28,North,UPI,Delivered
512341,14861,2025-01-05,South,UPI,Returned
512342,11195,2025-06-03,East,Net Banking,Shipped
512343,12292,2025-07-29,Central,Debit Card,Delivered
512344,10111,2025-10-15,North,Credit Card,Delivered
512345,12832,2025-10-30,North,UPI,Delivered
512346,11940,2025-03-31,South,UPI,Delivered
512347,11266,2025-02-19,North,Net Banking,Delivered
512348,14934,2025-12-21,West,Net Banking,Delivered
512349,12190,2025-07-21,East,UPI,Delivered
512350,12121,2025-06-05,North,Net Banking,Delivered
512351,12365,2025-04-05,West,UPI,Delivered
512352,10585,2025-03-20,South,Net Banking,Delivered
512353,12011,2025-07-02,South,UPI,Delivered
512354,11703,2025-11-10,North,Credit Card,Delivered
512355,12375,2025-06-17,South,Net Banking,Delivered
512356,14325,2025-07-05,West,UPI,Delivered
512357,10944,2025-11-24,South,UPI,Delivered
512358,13120,2025-11-26,East,UPI,Delivered
512359,10179,2025-06-22,West,Cash on Delivery,Delivered
512360,11605,2025-05-18,North,Debit Card,Cancelled
512361,12416,2025-12-24,North,UPI,Shipped
512362,10364,2025-07-29,South,Debit Card,Delivered
512363,12796,2025-10-31,North,Debit Card,Delivered
512364,11565,2025-08-08,North,Credit Card,Delivered
512365,14969,2025-07-09,North,Debit Card,Delivered
512366,13223,2025-10-11,South,UPI,Delivered
512367,11233,2025-04-24,West,UPI,Delivered
512368,10518,2025-01-20,East,UPI,Delivered
512369,10203,2025-03-29,North,Cash on Delivery,Shipped
512370,10465,2025-11-22,North,Cash on Delivery,Delivered
512371,13466,2025-10-24,West,UPI,Delivered
512372,14320,2025-12-18,South,Debit Card,Delivered
512373,10770,2025-09-19,West,Net Banking,Delivered
512374,12059,2025-01-30,North,Credit Card,Delivered
512375,11811,2025-02-23,East,Net Banking,Delivered
512376,13284,2025-06-24,East,Credit Card,Delivered
512377,10890,2025-09-07,North,Net Banking,Delivered
512378,14778,2025-01-10,South,Debit Card,Delivered
512379,13711,2025-10-02,South,Credit Card,Delivered
512380,14785,2025-09-22,East,Credit Card,Delivered
512381,11402,2025-05-15,South,UPI,Delivered
512382,13023,2025-03-02,South,Credit Card,Delivered
512383,13733,2025-01-14,South,Credit Card,Delivered
512384,13628,2025-09-15,West,UPI,Delivered
512385,10101,2025-10-28,South,Credit Card,Delivered
512386,14994,2025-10-03,South,Credit Card,Returned
512387,14655,2025-01-26,Central,Cash on Delivery,Delivered
512388,10604,2025-02-08,South,UPI,Delivered
512389,12791,2025-09-03,Central,Credit Card,Returned
512390,11587,2025-05-31,North,Credit Card,Cancelled
512391,14431,2025-07-27,South,Net Banking,Shipped
512392,13549,2025-06-02,Central,UPI,Delivered
512393,11096,2025-04-26,North,UPI,Delivered
512394,10160,2025-07-20,North,Credit Card,Delivered
512395,11472,2025-06-30,Central,UPI,Delivered
512396,10179,2025-10-08,West,Debit Card,Delivered
512397,10685,2025-06-23,South,Net Banking,Delivered
512398,13247,2025-06-04,North,UPI,Delivered
512399,13788,2025-12-22,West,UPI,Delivered
512400,12388,2025-11-15,South,Credit Card,Delivered
512401,13082,2025-04-25,West,Net Banking,Delivered
512402,10765,2025-10-30,North,Credit Card,Returned
512403,11605,2025-05-22,North,Net Banking,Delivered
512404,13633,2025-10-06,South,Credit Card,Delivered
512405,11863,2025-01-16,West,Credit Card,Delivered
512406,11779,2025-05-28,West,UPI,Delivered
512407,10950,2025-09-19,West,UPI,Delivered
512408,13057,2025-01-29,Central,Debit Card,Delivered
512409,14094,2025-09-17,West,UPI,Cancelled
512410,12399,2025-04-24,East,Credit Card,Delivered
512411,10584,2025-01-08,North,Credit Card,Cancelled
512412,14238,2025-10-31,North,UPI,Delivered
512413,10349,2025-09-12,South,Net Banking,Delivered
512414,12411,2025-03-25,West,Credit Card,Shipped
512415,11326,2025-01-16,North,Credit Card,Delivered
512416,14693,2025-10-30,West,UPI,Delivered
512417,13752,2025-10-14,West,UPI,Delivered
512418,12916,2025-04-06,North,UPI,Delivered
512419,13411,2025-05-02,North,Credit Card,Delivered
512420,12729,2025-08-14,South,Debit Card,Delivered
512421,10722,2025-01-29,West,Cash on Delivery,Shipped
512422,13619,2025-03-17,West,Credit Card,Delivered
512423,12520,2025-11-20,West,Debit Card,Shipped
512424,13239,2025-04-29,South,UPI,Delivered
512425,10222,2025-06-20,West,Cash on Delivery,Delivered
512426,10689,2025-02-03,Central,Net Banking,Cancelled
512427,13032,2025-09-19,South,Debit Card,Returned
512428,12349,2025-11-01,West,UPI,Shipped
512429,11117,2025-07-07,Central,UPI,Delivered
512430,11204,2025-02-20,South,Cash on Delivery,Delivered
512431,13227,2025-01-09,South,Debit Card,Shipped
512432,10293,2025-05-13,East,UPI,Delivered
512433,12220,2025-07-11,Central,Credit Card,Delivered
512434,12671,2025-01-16,East,Debit Card,Delivered
512435,11554,2025-07-06,North,Credit Card,Delivered
512436,14155,2025-07-03,West,Credit Card,Shipped
512437,10280,2025-07-12,South,Credit Card,Delivered
512438,14379,2025-03-25,East,Net Banking,Delivered
512439,13686,2025-06-24,South,Net Banking,Delivered
512440,12285,2025-04-02,East,Cash on Delivery,Delivered
512441,14634,2025-10-18,North,UPI,Delivered
512442,13576,2025-03-03,South,UPI,Cancelled
512443,14670,2025-02-02,North,Debit Card,Delivered
512444,12416,2025-05-23,North,Debit Card,Delivered
512445,12310,2025-12-07,South,UPI,Delivered
512446,12719,2025-12-28,North,Cash on Delivery,Shipped
512447,10321,2025-05-03,West,Net Banking,Delivered
512448,14573,2025-04-25,South,Credit Card,Delivered
512449,13411,2025-12-23,North,Debit Card,Delivered
512450,13164,2025-03-21,West,Credit Card,Delivered
512451,14640,2025-08-30,Central,UPI,Delivered
512452,14972,2025-05-16,West,UPI,Returned
512453,10797,2025-12-31,South,UPI,Delivered
512454,13806,2025-04-05,Central,Cash on Delivery,Delivered
512455,12996,2025-09-21,East,Credit Card,Delivered
512456,12360,2025-05-21,North,Cash on Delivery,Delivered
512457,14892,2025-03-29,Central,Net Banking,Delivered
512458,14297,2025-08-25,North,Debit Card,Shipped
512459,13546,2025-02-28,West,Cash on Delivery,Returned
512460,11946,2025-12-03,North,UPI,Delivered
512461,13397,2025-06-24,North,UPI,Delivered
512462,12725,2025-03-01,West,Debit Card,Delivered
512463,11263,2025-06-18,North,Cash on Delivery,Delivered
512464,12301,2025-02-21,West,Credit Card,Delivered
512465,11043,2025-08-16,East,UPI,Cancelled
512466,12565,2025-09-05,East,Debit Card,Delivered
512467,13665,2025-11-28,South,Credit Card,Delivered
512468,10175,2025-02-05,South,Credit Card,Cancelled
512469,13885,2025-11-29,West,UPI,Returned
512470,10095,2025-04-09,West,Debit Card,Shipped
512471,12640,2025-03-10,South,Credit Card,Shipped
512472,12953,2025-05-21,North,UPI,Delivered
512473,13867,2025-07-19,East,UPI,Delivered
512474,13866,2025-09-24,East,Credit Card,Delivered
512475,12138,2025-01-08,South,UPI,Delivered
512476,10324,2025-03-03,North,Cash on Delivery,Shipped
512477,13533,2025-05-20,Central,UPI,Delivered
512478,12618,2025-11-29,West,Debit Card,Delivered
512479,11685,2025-12-27,South,Credit Card,Delivered
512480,11172,2025-12-08,West,Cash on Delivery,Shipped
512481,10604,2025-04-20,South,UPI,Delivered
512482,11493,2025-06-21,South,Net Banking,Delivered
512483,12342,2025-02-27,North,Cash on Delivery,Shipped
512484,12446,2025-12-10,South,Cash on Delivery,Delivered
512485,13006,2025-01-08,North,UPI,Delivered
512486,11850,2025-12-29,West,UPI,Delivered
512487,14619,2025-03-05,Central,UPI,Delivered
512488,12537,2025-11-04,North,Credit Card,Cancelled
512489,12167,2025-11-23,Central,Debit Card,Delivered
512490,10233,2025-10-05,West,UPI,Returned
512491,13073,2025-07-10,North,Debit Card,Delivered
512492,13089,2025-08-10,West,UPI,Shipped
512493,13007,2025-03-20,East,Debit Card,Cancelled
512494,14484,2025-02-06,West,Net Banking,Delivered
512495,13876,2025-07-07,Central,Credit Card,Returned
512496,14387,2025-05-28,North,Credit Card,Shipped
512497,10294,2025-04-05,Central,Debit Card,Delivered
512498,11610,2025-04-25,Central,Net Banking,Delivered
512499,11612,2025-06-22,South,Cash on Delivery,Delivered
512500,13363,2025-05-02,Central,Credit Card,Delivered
512501,12297,2025-11-10,North,Net Banking,Delivered
512502,13938,2025-07-23,South,UPI,Delivered
512503,11960,2025-06-14,Central,UPI,Delivered
512504,11086,2025-08-10,West,Net Banking,Delivered
512505,11469,2025-09-16,South,Credit Card,Delivered
512506,10890,2025-03-18,North,UPI,Delivered
512507,10971,2025-03-16,South,Credit Card,Delivered
512508,11069,2025-08-10,West,Credit Card,Delivered
512509,10079,2025-07-20,North,UPI,Shipped
512510,13650,2025-08-10,East,UPI,Delivered
512511,12047,2025-04-03,North,UPI,Cancelled
512512,10111,2025-02-07,North,Debit Card,Delivered
512513,11881,2025-08-22,West,Cash on Delivery,Delivered
512514,14558,2025-05-01,South,UPI,Delivered
512515,12620,2025-02-18,East,Credit Card,Delivered
512516,14940,2025-02-03,East,Cash on Delivery,Delivered
512517,12773,2025-06-03,West,UPI,Delivered
512518,14831,2025-05-10,West,Debit Card,Shipped
512519,10991,2025-02-25,North,UPI,Delivered
512520,11466,2025-04-10,West,Net Banking,Delivered
512521,13564,2025-05-15,Central,Debit Card,Delivered
512522,14941,2025-02-05,South,Cash on Delivery,Delivered
512523,14178,2025-06-17,Central,UPI,Delivered
512524,12852,2025-07-25,South,UPI,Delivered
512525,10430,2025-10-09,South,Credit Card,Delivered
512526,11858,2025-03-25,East,Cash on Delivery,Delivered
512527,10438,2025-03-16,North,UPI,Delivered
512528,11572,2025-03-31,Central,UPI,Delivered
512529,11313,2025-05-01,Central,Net Banking,Cancelled
512530,11980,2025-04-09,South,Debit Card,Delivered
512531,14231,2025-11-21,South,Credit Card,Delivered
512532,10736,2025-09-29,Central,Credit Card,Shipped
512533,11539,2025-03-16,East,UPI,Delivered
512534,11326,2025-12-19,North,Cash on Delivery,Delivered
512535,11499,2025-05-17,East,Credit Card,Delivered
512536,11840,2025-09-18,South,Credit Card,Returned
512537,11233,2025-07-31,West,Credit Card,Delivered
512538,14726,2025-02-12,South,UPI,Delivered
512539,12150,2025-04-08,South,UPI,Delivered
512540,10578,2025-10-13,South,Debit Card,Delivered
512541,12387,2025-03-15,Central,Net Banking,Delivered
512542,10898,2025-05-08,West,Debit Card,Delivered
512543,11068,2025-02-01,West,Credit Card,Delivered
512544,11436,2025-08-04,West,Debit Card,Delivered
512545,10617,2025-09-30,North,Credit Card,Delivered
512546,13672,2025-12-30,South,Net Banking,Delivered
512547,14015,2025-03-08,West,Credit Card,Delivered
512548,12018,2025-08-19,West,UPI,Delivered
512549,13513,2025-08-23,East,Credit Card,Delivered
512550,11983,2025-06-03,West,Net Banking,Delivered
512551,10798,2025-01-12,South,Cash on Delivery,Delivered
512552,12035,2025-02-06,East,Credit Card,Delivered
512553,12873,2025-06-19,West,UPI,Delivered
512554,10204,2025-11-09,West,Debit Card,Delivered
512555,13343,2025-01-12,East,Debit Card,Delivered
512556,13781,2025-06-23,North,Credit Card,Delivered
512557,14341,2025-08-13,South,UPI,Shipped
512558,10519,2025-06-04,South,Debit Card,Delivered
512559,10002,2025-11-30,North,Credit Card,Delivered
512560,10358,2025-01-07,Central,UPI,Returned
512561,14632,2025-08-24,West,Credit Card,Delivered
512562,13886,2025-02-07,East,Cash on Delivery,Delivered
512563,14218,2025-10-25,South,Credit Card,Delivered
512564,12638,2025-09-01,West,Credit Card,Delivered
512565,12694,2025-05-03,South,Credit Card,Delivered
512566,11508,2025-06-04,West,UPI,Delivered
512567,14257,2025-10-25,West,UPI,Delivered
512568,14195,2025-09-03,West,Debit Card,Delivered
512569,12005,2025-12-29,South,Credit Card,Delivered
512570,11666,2025-02-10,North,Debit Card,Delivered
512571,13757,2025-09-22,East,Credit Card,Delivered
512572,10128,2025-04-18,West,UPI,Delivered
512573,14341,2025-08-14,South,Credit Card,Delivered
512574,12285,2025-06-23,East,UPI,Delivered
512575,12263,2025-04-15,West,UPI,Delivered
512576,13417,2025-12-15,West,Net Banking,Delivered
512577,13288,2025-12-04,Central,Cash on Delivery,Shipped
512578,11348,2025-07-01,North,Credit Card,Shipped
512579,14734,2025-04-03,East,Cash on Delivery,Delivered
512580,14939,2025-04-29,East,Debit Card,Delivered
512581,12691,2025-05-01,Central,UPI,Delivered
512582,12895,2025-07-06,North,Debit Card,Delivered
512583,12856,2025-09-26,West,Net Banking,Delivered
512584,12482,2025-12-08,East,Net Banking,Returned
512585,14746,2025-01-16,West,Net Banking,Cancelled
512586,11235,2025-02-01,South,Net Banking,Delivered
512587,10541,2025-12-12,North,Debit Card,Delivered
512588,14662,2025-04-05,South,Credit Card,Delivered
512589,11047,2025-04-16,West,UPI,Delivered
512590,13807,2025-06-24,North,UPI,Delivered
512591,10998,2025-11-22,North,Net Banking,Delivered
512592,14816,2025-10-18,Central,Debit Card,Delivered
512593,14010,2025-11-27,West,Cash on Delivery,Delivered
512594,14615,2025-02-06,West,UPI,Delivered
512595,14771,2025-01-22,East,Debit Card,Delivered
512596,10425,2025-08-06,West,Debit Card,Delivered
512597,12216,2025-03-27,Central,Credit Card,Returned
512598,13299,2025-11-12,South,Credit Card,Delivered
512599,14064,2025-02-11,South,Credit Card,Shipped
512600,11209,2025-05-21,East,Credit Card,Delivered
512601,14599,2025-08-03,West,UPI,Shipped
512602,11083,2025-06-09,West,Cash on Delivery,Delivered
512603,14380,2025-10-06,West,Net Banking,Delivered
512604,12625,2025-06-20,North,Net Banking,Delivered
512605,12634,2025-06-09,South,Net Banking,Delivered
512606,11905,2025-08-28,South,Net Banking,Delivered
512607,10521,2025-12-24,West,UPI,Delivered
512608,11767,2025-06-05,West,Credit Card,Delivered
512609,12183,2025-08-20,South,Credit Card,Delivered
512610,12455,2025-08-10,Central,UPI,Shipped
512611,13762,2025-12-03,South,UPI,Delivered
512612,11798,2025-06-19,North,UPI,Shipped
512613,12084,2025-10-12,North,Credit Card,Cancelled
512614,14562,2025-08-31,North,UPI,Delivered
512615,13820,2025-12-24,Central,UPI,Delivered
512616,10111,2025-06-11,North,Credit Card,Delivered
512617,14107,2025-04-24,South,UPI,Returned
512618,14957,2025-09-25,South,Credit Card,Shipped
512619,14712,2025-04-01,Central,UPI,Delivered
512620,14225,2025-10-23,West,Debit Card,Cancelled
512621,13217,2025-12-23,East,UPI,Returned
512622,11403,2025-11-04,East,Debit Card,Shipped
512623,13343,2025-11-14,East,Net Banking,Delivered
512624,13544,2025-11-21,West,Cash on Delivery,Delivered
512625,11417,2025-11-13,Central,UPI,Delivered
512626,11291,2025-12-06,Central,Net Banking,Delivered
512627,12033,2025-10-29,West,Credit Card,Delivered
512628,13268,2025-08-21,East,UPI,Shipped
512629,11480,2025-03-13,Central,Debit Card,Delivered
512630,12863,2025-04-17,South,UPI,Delivered
512631,14535,2025-02-19,West,Net Banking,Delivered
512632,11493,2025-12-27,South,Debit Card,Delivered
512633,14847,2025-01-02,West,UPI,Delivered
512634,12419,2025-03-07,West,Debit Card,Delivered
512635,10510,2025-12-24,Central,UPI,Shipped
512636,10269,2025-06-20,South,Credit Card,Cancelled
512637,11727,2025-08-03,West,UPI,Delivered
512638,11313,2025-05-18,Central,Cash on Delivery,Delivered
512639,14262,2025-12-31,Central,UPI,Delivered
512640,13752,2025-06-30,West,Debit Card,Delivered
512641,14467,2025-12-14,East,Debit Card,Shipped
512642,13031,2025-07-30,South,Debit Card,Delivered
512643,12230,2025-10-11,North,UPI,Delivered
512644,11367,2025-01-02,West,Debit Card,Delivered
512645,13006,2025-06-06,North,Debit Card,Delivered
512646,13166,2025-11-04,West,Debit Card,Delivered
512647,12010,2025-05-22,West,Credit Card,Delivered
512648,14695,2025-01-28,Central,UPI,Delivered
512649,13261,2025-09-14,South,UPI,Delivered
512650,14232,2025-10-27,South,Credit Card,Delivered
512651,13180,2025-09-05,Central,Credit Card,Delivered
512652,11603,2025-12-02,North,Debit Card,Delivered
512653,13747,2025-03-26,North,UPI,Delivered
512654,11139,2025-08-31,South,Net Banking,Delivered
512655,13065,2025-07-25,South,Cash on Delivery,Delivered
512656,12061,2025-09-30,West,Debit Card,Delivered
512657,10734,2025-09-28,West,Credit Card,Delivered
512658,12117,2025-02-17,South,UPI,Delivered
512659,11565,2025-02-15,North,Cash on Delivery,Delivered
512660,10569,2025-06-26,North,UPI,Delivered
512661,14170,2025-09-27,Central,Credit Card,Delivered
512662,12559,2025-08-16,North,Credit Card,Delivered
512663,11762,2025-12-22,West,UPI,Delivered
512664,12587,2025-09-11,East,Net Banking,Delivered
512665,13834,2025-09-03,South,UPI,Delivered
512666,10089,2025-01-22,South,Credit Card,Delivered
512667,12815,2025-01-22,West,UPI,Delivered
512668,12455,2025-08-12,Central,Credit Card,Delivered
512669,14507,2025-12-13,West,Net Banking,Delivered
512670,12867,2025-07-18,West,Cash on Delivery,Delivered
512671,10672,2025-08-19,East,Credit Card,Delivered
512672,11981,2025-11-28,Central,UPI,Delivered
512673,13183,2025-12-02,East,Credit Card,Delivered
512674,10225,2025-08-18,South,Debit Card,Delivered
512675,14468,2025-07-16,West,UPI,Cancelled
512676,10327,2025-08-22,Central,UPI,Delivered
512677,10148,2025-10-18,South,UPI,Delivered
512678,10010,2025-09-22,South,UPI,Delivered
512679,13489,2025-06-06,West,UPI,Delivered
512680,12327,2025-01-27,North,UPI,Cancelled
512681,10519,2025-08-12,South,UPI,Delivered
512682,14323,2025-07-21,West,Net Banking,Cancelled
512683,10993,2025-03-30,North,UPI,Delivered
512684,11657,2025-11-11,Central,Net Banking,Delivered
512685,10862,2025-06-19,North,Cash on Delivery,Delivered
512686,14643,2025-10-21,East,Credit Card,Delivered
512687,13848,2025-12-11,North,Credit Card,Delivered
512688,13689,2025-12-29,West,UPI,Delivered
512689,10217,2025-06-29,West,UPI,Shipped
512690,12666,2025-10-27,West,Debit Card,Delivered
512691,12969,2025-01-23,North,Net Banking,Delivered
512692,11945,2025-07-21,North,Debit Card,Delivered
512693,11626,2025-11-22,North,UPI,Delivered
512694,14306,2025-03-18,North,Debit Card,Delivered
512695,10112,2025-08-11,South,Debit Card,Delivered
512696,13201,2025-11-21,Central,Debit Card,Delivered
512697,12018,2025-07-07,West,UPI,Delivered
512698,13397,2025-09-08,North,Debit Card,Delivered
512699,10971,2025-05-11,South,Debit Card,Delivered
512700,11194,2025-01-23,South,Net Banking,Delivered
512701,13021,2025-02-06,North,UPI,Delivered
512702,14901,2025-01-18,West,UPI,Delivered
512703,14881,2025-12-21,East,Net Banking,Delivered
512704,11258,2025-09-18,West,UPI,Delivered
512705,10518,2025-02-10,East,Credit Card,Shipped
512706,13038,2025-12-14,South,Net Banking,Delivered
512707,12150,2025-12-04,South,UPI,Delivered
512708,13870,2025-03-13,Central,Credit Card,Delivered
512709,12704,2025-05-20,South,Debit Card,Shipped
512710,12618,2025-08-02,West,Debit Card,Delivered
512711,13291,2025-01-06,West,Debit Card,Delivered
512712,10624,2025-04-29,South,UPI,Delivered
512713,13450,2025-03-10,South,Net Banking,Delivered
512714,12498,2025-03-18,East,Net Banking,Delivered
512715,14153,2025-10-03,West,UPI,Cancelled
512716,10673,2025-12-17,North,Debit Card,Delivered
512717,11517,2025-04-02,North,Credit Card,Delivered
512718,14768,2025-06-02,South,UPI,Delivered
512719,12848,2025-01-18,Central,Debit Card,Delivered
512720,14662,2025-11-19,South,Credit Card,Delivered
512721,13513,2025-02-04,East,UPI,Delivered
512722,14640,2025-04-12,Central,UPI,Delivered
512723,11609,2025-09-28,Central,Debit Card,Delivered
512724,10463,2025-11-03,Central,Cash on Delivery,Delivered
512725,14063,2025-10-04,East,UPI,Delivered
512726,14074,2025-09-16,Central,Credit Card,Delivered
512727,13171,2025-02-04,West,UPI,Delivered
512728,12994,2025-01-08,East,Credit Card,Delivered
512729,14599,2025-09-16,West,UPI,Delivered
512730,10858,2025-11-06,South,Credit Card,Delivered
512731,13161,2025-07-19,East,Net Banking,Delivered
512732,10240,2025-05-20,West,Debit Card,Delivered
512733,10685,2025-01-19,South,UPI,Cancelled
512734,12241,2025-03-26,East,Debit Card,Delivered
512735,14156,2025-01-22,South,Credit Card,Delivered
512736,13735,2025-08-23,West,UPI,Delivered
512737,14879,2025-10-13,Central,UPI,Delivered
512738,10222,2025-12-04,West,UPI,Delivered
512739,11939,2025-05-09,West,Net Banking,Delivered
512740,10778,2025-02-21,North,UPI,Delivered
512741,10177,2025-01-29,North,Credit Card,Delivered
512742,11343,2025-11-14,South,Debit Card,Delivered
512743,11233,2025-01-29,West,UPI,Delivered
512744,12150,2025-05-13,South,UPI,Delivered
512745,10681,2025-07-30,East,Net Banking,Delivered
512746,12498,2025-01-22,East,Credit Card,Delivered
512747,14619,2025-06-26,Central,Debit Card,Delivered
512748,13800,2025-04-29,North,Debit Card,Shipped
512749,14253,2025-05-16,West,Debit Card,Delivered
512750,14075,2025-03-23,Central,Credit Card,Delivered
512751,11985,2025-12-30,South,Credit Card,Delivered
512752,13618,2025-03-09,North,Credit Card,Returned
512753,13834,2025-02-09,South,UPI,Delivered
512754,11010,2025-04-01,East,Cash on Delivery,Delivered
512755,14345,2025-06-01,West,Debit Card,Delivered
512756,12339,2025-08-10,West,UPI,Delivered
512757,10080,2025-03-17,South,Net Banking,Delivered
512758,13280,2025-08-23,West,Net Banking,Delivered
512759,13450,2025-05-21,South,Debit Card,Delivered
512760,12843,2025-03-31,North,UPI,Delivered
512761,11043,2025-03-06,East,UPI,Delivered
512762,12466,2025-06-04,West,Debit Card,Cancelled
512763,12050,2025-08-03,North,UPI,Delivered
512764,14881,2025-12-28,East,Net Banking,Shipped
512765,14175,2025-12-24,West,Debit Card,Shipped
512766,13871,2025-05-19,Central,Credit Card,Delivered
512767,10884,2025-08-19,West,Credit Card,Delivered
512768,11675,2025-02-11,North,Credit Card,Delivered
512769,11934,2025-08-24,South,Credit Card,Cancelled
512770,12520,2025-03-27,West,UPI,Delivered
512771,10146,2025-12-14,Central,Cash on Delivery,Delivered
512772,13050,2025-06-15,South,Debit Card,Delivered
512773,11824,2025-07-17,South,UPI,Delivered
512774,12895,2025-12-11,North,UPI,Delivered
512775,10043,2025-03-03,South,Credit Card,Cancelled
512776,11626,2025-02-03,North,Credit Card,Delivered
512777,13897,2025-10-09,North,Cash on Delivery,Delivered
512778,12571,2025-08-19,South,UPI,Returned
512779,13994,2025-11-06,South,Credit Card,Delivered
512780,13561,2025-06-16,West,UPI,Delivered
512781,14320,2025-08-01,South,UPI,Delivered
512782,10038,2025-10-04,North,Debit Card,Delivered
512783,11327,2025-02-23,East,UPI,Delivered
512784,12822,2025-07-03,Central,Debit Card,Delivered
512785,14721,2025-08-09,South,Credit Card,Delivered
512786,13466,2025-04-08,West,UPI,Delivered
512787,12332,2025-03-04,West,Net Banking,Delivered
512788,10641,2025-02-11,West,Debit Card,Delivered
512789,12523,2025-09-06,South,Debit Card,Delivered
512790,12261,2025-04-20,South,UPI,Delivered
512791,13943,2025-06-03,North,Debit Card,Delivered
512792,12117,2025-07-16,South,Credit Card,Delivered
512793,11612,2025-05-28,South,Credit Card,Delivered
512794,10459,2025-07-29,West,UPI,Delivered
512795,10227,2025-08-31,South,UPI,Delivered
512796,12248,2025-04-17,West,UPI,Delivered
512797,11766,2025-01-05,West,UPI,Delivered
512798,12863,2025-05-24,South,Credit Card,Delivered
512799,13630,2025-05-17,East,Credit Card,Delivered
512800,10195,2025-10-08,East,Debit Card,Shipped
512801,12541,2025-06-15,West,Credit Card,Shipped
512802,14359,2025-05-16,South,UPI,Delivered
512803,12321,2025-05-08,West,Debit Card,Delivered
512804,12656,2025-03-06,East,UPI,Delivered
512805,12487,2025-10-16,West,UPI,Delivered
512806,11987,2025-05-08,East,Credit Card,Delivered
512807,10555,2025-07-16,West,Credit Card,Delivered
512808,10623,2025-03-23,East,UPI,Delivered
512809,10873,2025-10-19,Central,Credit Card,Delivered
512810,14019,2025-03-25,East,UPI,Delivered
512811,11392,2025-06-01,South,UPI,Delivered
512812,14765,2025-07-08,West,Debit Card,Delivered
512813,14098,2025-07-30,South,UPI,Shipped
512814,13495,2025-01-28,Central,UPI,Cancelled
512815,13666,2025-03-01,South,Debit Card,Delivered
512816,10230,2025-04-04,South,UPI,Returned
512817,12926,2025-12-01,South,Net Banking,Delivered
512818,14721,2025-04-24,South,Credit Card,Delivered
512819,10185,2025-11-25,East,Debit Card,Returned
512820,11469,2025-05-04,South,Net Banking,Delivered
512821,10251,2025-02-08,West,Credit Card,Returned
512822,12933,2025-09-14,South,Debit Card,Delivered
512823,10585,2025-01-13,South,Net Banking,Delivered
512824,12455,2025-08-16,Central,UPI,Delivered
512825,13664,2025-07-13,West,Net Banking,Cancelled
512826,10798,2025-02-11,South,Net Banking,Delivered
512827,13837,2025-07-04,East,UPI,Delivered
512828,10295,2025-02-04,South,Credit Card,Delivered
512829,10734,2025-02-06,West,UPI,Delivered
512830,11414,2025-03-16,South,Net Banking,Delivered
512831,14037,2025-09-07,West,UPI,Shipped
512832,14297,2025-05-07,North,Credit Card,Delivered
512833,11082,2025-01-20,North,Cash on Delivery,Delivered
512834,10489,2025-08-04,South,Credit Card,Delivered
512835,14287,2025-09-04,West,Cash on Delivery,Delivered
512836,13305,2025-07-27,South,Credit Card,Delivered
512837,10775,2025-05-31,East,Cash on Delivery,Delivered
512838,12875,2025-11-09,North,Cash on Delivery,Cancelled
512839,14407,2025-06-15,Central,UPI,Shipped
512840,10337,2025-10-30,North,Credit Card,Shipped
512841,10422,2025-04-18,South,Cash on Delivery,Returned
512842,11376,2025-12-15,Central,Net Banking,Delivered
512843,13324,2025-05-08,East,UPI,Delivered
512844,10864,2025-06-07,South,Net Banking,Delivered
512845,14128,2025-12-15,South,UPI,Delivered
512846,13814,2025-08-24,South,Cash on Delivery,Delivered
512847,12894,2025-05-02,South,UPI,Delivered
512848,10585,2025-10-26,South,Cash on Delivery,Returned
512849,14948,2025-08-21,Central,UPI,Cancelled
512850,12504,2025-03-23,East,UPI,Delivered
512851,12306,2025-03-05,South,Credit Card,Delivered
512852,14981,2025-01-06,North,UPI,Delivered
512853,14371,2025-12-18,West,Credit Card,Delivered
512854,12330,2025-10-14,South,UPI,Delivered
512855,12145,2025-07-23,North,Credit Card,Delivered
512856,10490,2025-03-28,West,Debit Card,Cancelled
512857,14640,2025-06-06,Central,UPI,Delivered
512858,14262,2025-04-07,Central,UPI,Delivered
512859,11565,2025-12-25,North,Debit Card,Delivered
512860,13827,2025-08-08,North,UPI,Returned
512861,13876,2025-07-29,Central,Credit Card,Delivered
512862,11125,2025-04-18,Central,UPI,Delivered
512863,13149,2025-08-02,West,Credit Card,Delivered
512864,11290,2025-05-28,South,Net Banking,Delivered
512865,13997,2025-07-27,North,Cash on Delivery,Delivered
512866,10751,2025-02-27,South,UPI,Returned
512867,13417,2025-09-01,West,UPI,Delivered
512868,11655,2025-02-26,South,UPI,Delivered
512869,10171,2025-03-12,East,Net Banking,Delivered
512870,10611,2025-09-17,East,Net Banking,Delivered
512871,13351,2025-02-11,North,UPI,Delivered
512872,11198,2025-12-24,South,UPI,Returned
512873,13223,2025-02-03,South,Debit Card,Delivered
512874,12127,2025-10-01,South,Credit Card,Delivered
512875,13529,2025-12-19,South,Cash on Delivery,Delivered
512876,12522,2025-07-12,North,Net Banking,Delivered
512877,11557,2025-05-22,West,Credit Card,Delivered
512878,10712,2025-09-24,North,Cash on Delivery,Shipped
512879,11737,2025-05-01,East,Debit Card,Shipped
512880,13243,2025-09-11,West,Debit Card,Delivered
512881,13768,2025-09-10,West,Cash on Delivery,Delivered
512882,10785,2025-09-21,East,Credit Card,Delivered
512883,13389,2025-11-12,North,UPI,Delivered
512884,10874,2025-10-25,South,Cash on Delivery,Shipped
512885,11087,2025-05-24,South,Cash on Delivery,Delivered
512886,12722,2025-09-08,Central,Cash on Delivery,Shipped
512887,11464,2025-06-16,South,Credit Card,Delivered
512888,13376,2025-04-11,South,UPI,Shipped
512889,14791,2025-12-17,North,UPI,Delivered
512890,10729,2025-02-11,West,Credit Card,Returned
512891,12937,2025-04-06,West,Debit Card,Delivered
512892,14629,2025-10-13,South,Credit Card,Shipped
512893,10858,2025-06-27,South,Credit Card,Delivered
512894,11872,2025-08-30,South,Cash on Delivery,Delivered
512895,10611,2025-08-15,East,Debit Card,Delivered
512896,13273,2025-10-28,West,Credit Card,Delivered
512897,13417,2025-10-14,West,Debit Card,Delivered
512898,13388,2025-02-15,South,Net Banking,Delivered
512899,12786,2025-02-15,South,Credit Card,Delivered
512900,13795,2025-08-13,South,Credit Card,Delivered
512901,10169,2025-01-05,South,Debit Card,Delivered
512902,14802,2025-09-23,North,Debit Card,Delivered
512903,11088,2025-04-20,South,UPI,Delivered
512904,10605,2025-08-31,North,Credit Card,Delivered
512905,14721,2025-05-31,South,UPI,Delivered
512906,14197,2025-01-07,East,Cash on Delivery,Delivered
512907,13883,2025-11-10,East,Credit Card,Delivered
512908,10522,2025-10-30,Central,Debit Card,Delivered
512909,14085,2025-12-14,North,UPI,Delivered
512910,13125,2025-10-04,North,Credit Card,Shipped
512911,13729,2025-06-08,East,UPI,Delivered
512912,14893,2025-06-04,North,Credit Card,Delivered
512913,10952,2025-03-13,East,Net Banking,Cancelled
512914,12585,2025-05-17,North,Cash on Delivery,Shipped
512915,13827,2025-05-19,North,Cash on Delivery,Delivered
512916,12217,2025-05-30,West,UPI,Cancelled
512917,10266,2025-12-26,North,UPI,Delivered
512918,10563,2025-12-12,East,Debit Card,Delivered
512919,13087,2025-02-19,West,UPI,Delivered
512920,11436,2025-04-11,West,UPI,Delivered
512921,10673,2025-06-17,North,Cash on Delivery,Delivered
512922,11731,2025-03-07,North,UPI,Delivered
512923,10988,2025-08-30,West,Credit Card,Delivered
512924,10117,2025-05-27,West,UPI,Delivered
512925,10739,2025-08-30,Central,UPI,Delivered
512926,14455,2025-04-26,Central,Cash on Delivery,Delivered
512927,10060,2025-09-29,North,UPI,Delivered
512928,13921,2025-05-12,East,Credit Card,Delivered
512929,13828,2025-11-01,East,Debit Card,Shipped
512930,12902,2025-02-07,West,UPI,Delivered
512931,11024,2025-05-15,West,Debit Card,Delivered
512932,14425,2025-07-02,West,Debit Card,Delivered
512933,12430,2025-01-14,East,Cash on Delivery,Cancelled
512934,10837,2025-07-23,East,Credit Card,Delivered
512935,12191,2025-03-26,North,Credit Card,Delivered
512936,10956,2025-09-01,North,Credit Card,Delivered
512937,11916,2025-10-17,West,Credit Card,Cancelled
512938,12546,2025-05-29,West,UPI,Delivered
512939,11836,2025-05-07,North,UPI,Delivered
512940,13363,2025-11-15,Central,UPI,Cancelled
512941,14692,2025-10-25,West,Net Banking,Delivered
512942,11778,2025-03-12,South,UPI,Delivered
512943,11817,2025-03-26,North,Credit Card,Shipped
512944,13756,2025-05-18,South,UPI,Delivered
512945,12718,2025-10-04,North,Debit Card,Delivered
512946,12191,2025-04-23,North,UPI,Delivered
512947,14115,2025-03-04,North,UPI,Delivered
512948,14495,2025-03-30,South,Cash on Delivery,Delivered
512949,13041,2025-03-18,South,Debit Card,Delivered
512950,10903,2025-04-29,East,UPI,Delivered
512951,12379,2025-11-02,West,Debit Card,Delivered
512952,12585,2025-10-10,North,UPI,Delivered
512953,12209,2025-08-17,Central,Cash on Delivery,Returned
512954,11333,2025-05-16,East,Credit Card,Delivered
512955,12415,2025-05-03,Central,UPI,Delivered
512956,12287,2025-07-18,North,UPI,Delivered
512957,11027,2025-01-30,South,UPI,Delivered
512958,14554,2025-01-18,North,UPI,Delivered
512959,14472,2025-01-23,West,UPI,Shipped
512960,13861,2025-02-07,North,Credit Card,Delivered
512961,12057,2025-08-25,South,Net Banking,Delivered
512962,11885,2025-09-05,East,Credit Card,Delivered
512963,13655,2025-12-27,East,Credit Card,Cancelled
512964,13122,2025-01-30,West,UPI,Delivered
512965,13082,2025-04-29,West,UPI,Delivered
512966,10612,2025-10-13,Central,Cash on Delivery,Delivered
512967,13168,2025-03-15,Central,Credit Card,Returned
512968,14548,2025-03-12,East,Debit Card,Delivered
512969,10432,2025-09-30,West,Net Banking,Delivered
512970,11729,2025-11-21,South,UPI,Delivered
512971,12609,2025-12-28,South,UPI,Returned
512972,13501,2025-08-01,North,Credit Card,Returned
512973,10459,2025-12-01,West,UPI,Delivered
512974,14410,2025-05-21,South,UPI,Delivered
512975,10202,2025-08-26,South,Cash on Delivery,Delivered
512976,14329,2025-01-07,East,UPI,Returned
512977,10135,2025-08-04,North,UPI,Returned
512978,10748,2025-03-09,East,Credit Card,Delivered
512979,14056,2025-11-12,Central,Net Banking,Delivered
512980,14343,2025-04-15,North,UPI,Delivered
512981,14909,2025-02-04,North,Credit Card,Delivered
512982,10584,2025-01-29,North,UPI,Returned
512983,12693,2025-12-22,East,Net Banking,Delivered
512984,10383,2025-04-29,Central,Credit Card,Returned
512985,10765,2025-02-03,North,Credit Card,Delivered
512986,10846,2025-09-17,North,Debit Card,Delivered
512987,10312,2025-11-18,North,Cash on Delivery,Shipped
512988,14504,2025-12-16,Central,UPI,Delivered
512989,10623,2025-11-09,East,Net Banking,Delivered
512990,13217,2025-12-15,East,Credit Card,Delivered
512991,13201,2025-05-12,Central,Debit Card,Shipped
512992,10977,2025-12-07,Central,Net Banking,Delivered
512993,14994,2025-07-20,South,UPI,Delivered
512994,11770,2025-04-23,North,Net Banking,Delivered
512995,14558,2025-04-07,South,Debit Card,Delivered
512996,14767,2025-11-07,West,UPI,Delivered
512997,14768,2025-01-06,South,Cash on Delivery,Delivered
512998,13822,2025-01-29,North,UPI,Delivered
512999,11284,2025-12-02,North,Debit Card,Delivered
513000,10605,2025-12-22,North,UPI,Delivered
513001,12934,2025-06-14,South,UPI,Returned
513002,11837,2025-02-06,West,UPI,Delivered
513003,14198,2025-03-04,South,Cash on Delivery,Delivered
513004,13788,2025-08-27,West,Credit Card,Returned
513005,11396,2025-09-07,West,UPI,Delivered
513006,10081,2025-07-04,West,Credit Card,Delivered
513007,11189,2025-09-04,North,Net Banking,Delivered
513008,12920,2025-02-09,South,Credit Card,Delivered
513009,10397,2025-03-05,North,UPI,Delivered
513010,13368,2025-08-11,West,Net Banking,Delivered
513011,13425,2025-05-02,Central,Credit Card,Delivered
513012,10821,2025-05-11,North,UPI,Returned
513013,13064,2025-10-26,South,Debit Card,Delivered
513014,13116,2025-05-05,South,Credit Card,Delivered
513015,12449,2025-01-25,East,UPI,Delivered
513016,14778,2025-11-07,South,Debit Card,Delivered
513017,10541,2025-12-28,North,Debit Card,Delivered
513018,12084,2025-02-05,North,Cash on Delivery,Delivered
513019,14454,2025-04-18,West,UPI,Delivered
513020,11966,2025-07-05,Central,Credit Card,Returned
513021,12171,2025-04-13,South,UPI,Delivered
513022,13415,2025-01-19,East,UPI,Cancelled
513023,13395,2025-07-06,North,Credit Card,Cancelled
513024,10112,2025-08-22,South,Debit Card,Delivered
513025,12326,2025-04-04,South,Debit Card,Delivered
513026,11688,2025-08-19,North,UPI,Cancelled
513027,13207,2025-12-21,South,Cash on Delivery,Delivered
513028,12864,2025-05-08,West,Debit Card,Delivered
513029,13314,2025-11-11,South,Credit Card,Delivered
513030,13334,2025-10-31,West,UPI,Shipped
513031,11289,2025-09-16,East,UPI,Delivered
513032,11242,2025-12-14,South,UPI,Delivered
513033,11885,2025-08-30,East,Cash on Delivery,Delivered
513034,11215,2025-04-25,East,UPI,Delivered
513035,13484,2025-06-01,North,Debit Card,Delivered
513036,13089,2025-04-26,West,Debit Card,Delivered
513037,11069,2025-09-19,West,UPI,Delivered
513038,14463,2025-09-06,West,Debit Card,Delivered
513039,12360,2025-07-09,North,Credit Card,Shipped
513040,10628,2025-08-09,North,Credit Card,Delivered
513041,11047,2025-09-13,West,UPI,Delivered
513042,12772,2025-10-19,West,Cash on Delivery,Delivered
513043,11725,2025-10-12,East,Debit Card,Delivered
513044,14303,2025-05-21,North,Debit Card,Delivered
513045,12533,2025-05-23,South,Credit Card,Delivered
513046,14601,2025-10-16,North,Debit Card,Returned
513047,10514,2025-09-08,East,Net Banking,Shipped
513048,13416,2025-12-11,West,Credit Card,Delivered
513049,14473,2025-05-24,Central,Credit Card,Delivered
513050,11479,2025-03-26,West,UPI,Delivered
513051,10666,2025-06-29,West,Credit Card,Delivered
513052,12333,2025-04-11,North,Credit Card,Delivered
513053,14823,2025-08-25,South,Debit Card,Delivered
513054,13237,2025-12-03,South,Cash on Delivery,Returned
513055,13282,2025-07-24,North,UPI,Delivered
513056,13425,2025-10-17,Central,Credit Card,Delivered
513057,10193,2025-05-07,North,Debit Card,Delivered
513058,12282,2025-12-27,East,Net Banking,Delivered
513059,10384,2025-10-05,South,Net Banking,Delivered
513060,11598,2025-11-03,West,Debit Card,Delivered
513061,14158,2025-09-17,North,UPI,Cancelled
513062,13357,2025-09-10,South,Net Banking,Delivered
513063,14981,2025-06-26,North,Credit Card,Delivered
513064,10832,2025-08-27,Central,Cash on Delivery,Returned
513065,12035,2025-06-16,East,Cash on Delivery,Delivered
513066,14094,2025-08-03,West,Credit Card,Delivered
513067,11064,2025-07-24,South,Cash on Delivery,Delivered
513068,10751,2025-07-19,South,UPI,Cancelled
513069,12190,2025-01-01,East,Cash on Delivery,Delivered
513070,11954,2025-06-18,North,Cash on Delivery,Shipped
513071,14901,2025-09-30,West,Cash on Delivery,Delivered
513072,12330,2025-09-21,South,Net Banking,Shipped
513073,14347,2025-03-08,West,UPI,Cancelled
513074,14484,2025-12-15,West,Cash on Delivery,Delivered
513075,10775,2025-04-28,East,Credit Card,Shipped
513076,13647,2025-03-27,North,Credit Card,Shipped
513077,11402,2025-08-23,South,UPI,Delivered
513078,10483,2025-11-18,West,Credit Card,Delivered
513079,14416,2025-09-15,West,UPI,Delivered
513080,11475,2025-01-17,West,Credit Card,Delivered
513081,11757,2025-03-14,East,UPI,Delivered
513082,11642,2025-06-10,North,Credit Card,Returned
513083,10984,2025-08-09,Central,UPI,Delivered
513084,12222,2025-07-01,South,Cash on Delivery,Delivered
513085,12190,2025-12-30,East,Debit Card,Shipped
513086,12096,2025-09-06,South,Cash on Delivery,Delivered
513087,14605,2025-04-17,West,UPI,Delivered
513088,11731,2025-04-11,North,Net Banking,Delivered
513089,10147,2025-10-28,North,UPI,Delivered
513090,10871,2025-09-14,North,Net Banking,Delivered
513091,13674,2025-12-02,Central,Cash on Delivery,Delivered
513092,13042,2025-11-03,East,UPI,Delivered
513093,14772,2025-10-05,East,Cash on Delivery,Returned
513094,13541,2025-06-11,South,Credit Card,Delivered
513095,10952,2025-11-29,East,Credit Card,Delivered
513096,10605,2025-02-18,North,Net Banking,Returned
513097,12654,2025-11-01,North,Net Banking,Delivered
513098,13394,2025-06-19,West,Net Banking,Cancelled
513099,10801,2025-04-02,North,Debit Card,Shipped
513100,13086,2025-09-26,South,UPI,Delivered
513101,14374,2025-08-18,West,UPI,Delivered
513102,13702,2025-12-16,South,UPI,Delivered
513103,13388,2025-09-07,South,UPI,Delivered
513104,13996,2025-08-16,West,Credit Card,Delivered
513105,10521,2025-07-15,West,Net Banking,Delivered
513106,10996,2025-05-22,South,Cash on Delivery,Delivered
513107,10179,2025-07-03,West,Debit Card,Delivered
513108,10708,2025-08-03,South,UPI,Shipped
513109,14596,2025-03-10,North,Debit Card,Returned
513110,11088,2025-02-15,South,UPI,Shipped
513111,13376,2025-01-15,South,Debit Card,Delivered
513112,13526,2025-12-09,North,UPI,Delivered
513113,13287,2025-05-16,South,UPI,Delivered
513114,12854,2025-05-02,South,Debit Card,Delivered
513115,12484,2025-07-03,East,Debit Card,Delivered
513116,12149,2025-09-24,East,UPI,Delivered
513117,14608,2025-07-18,South,Credit Card,Delivered
513118,10049,2025-06-22,South,Net Banking,Cancelled
513119,10262,2025-04-20,West,Debit Card,Delivered
513120,12519,2025-04-15,East,Debit Card,Delivered
513121,11674,2025-10-14,Central,Debit Card,Delivered
513122,12092,2025-06-24,Central,Credit Card,Delivered
513123,14991,2025-12-26,North,UPI,Delivered
513124,13928,2025-11-18,South,Debit Card,Delivered
513125,14424,2025-12-30,West,Net Banking,Delivered
513126,11873,2025-03-02,West,Cash on Delivery,Returned
513127,11197,2025-09-21,South,Net Banking,Delivered
513128,13893,2025-11-17,East,Credit Card,Returned
513129,14085,2025-09-30,North,Credit Card,Delivered
513130,12831,2025-06-07,North,Net Banking,Delivered
513131,14520,2025-08-11,East,Credit Card,Delivered
513132,14853,2025-04-25,North,Credit Card,Delivered
513133,12406,2025-09-11,East,Cash on Delivery,Delivered
513134,11091,2025-11-04,North,Cash on Delivery,Delivered
513135,12638,2025-03-04,West,Debit Card,Delivered
513136,14955,2025-03-02,North,Net Banking,Delivered
513137,11479,2025-09-13,West,UPI,Delivered
513138,13164,2025-03-18,West,Debit Card,Delivered
513139,13538,2025-03-31,South,Credit Card,Delivered
513140,11055,2025-10-15,North,UPI,Delivered
513141,13028,2025-12-31,West,Net Banking,Delivered
513142,11585,2025-10-18,North,UPI,Delivered
513143,14315,2025-09-29,West,Cash on Delivery,Delivered
513144,13643,2025-05-17,West,Debit Card,Delivered
513145,14179,2025-10-02,East,Net Banking,Delivered
513146,10981,2025-02-09,North,Credit Card,Delivered
513147,10165,2025-06-23,West,UPI,Returned
513148,14299,2025-04-19,West,Net Banking,Delivered
513149,11969,2025-05-11,West,Net Banking,Delivered
513150,10877,2025-06-03,South,Debit Card,Delivered
513151,10470,2025-12-23,Central,UPI,Delivered
513152,12638,2025-03-13,West,Credit Card,Delivered
513153,10736,2025-11-22,Central,UPI,Delivered
513154,12918,2025-01-05,Central,Debit Card,Delivered
513155,13700,2025-08-01,South,Credit Card,Delivered
513156,12744,2025-10-10,West,UPI,Delivered
513157,14554,2025-06-21,North,Debit Card,Delivered
513158,10764,2025-10-21,South,UPI,Delivered
513159,12528,2025-08-02,West,UPI,Returned
513160,10795,2025-03-30,South,UPI,Delivered
513161,14419,2025-03-12,East,Credit Card,Delivered
513162,14677,2025-11-30,West,Debit Card,Delivered
513163,12049,2025-06-18,South,Net Banking,Shipped
513164,11536,2025-11-10,East,UPI,Delivered
513165,11408,2025-07-17,South,Credit Card,Delivered
513166,14338,2025-04-06,West,UPI,Delivered
513167,13483,2025-11-15,South,UPI,Shipped
513168,14438,2025-01-19,North,Credit Card,Returned
513169,10596,2025-06-04,East,Credit Card,Delivered
513170,12438,2025-04-04,South,Cash on Delivery,Delivered
513171,13446,2025-02-22,South,Debit Card,Delivered
513172,14524,2025-12-19,Central,Cash on Delivery,Delivered
513173,11941,2025-01-11,West,UPI,Delivered
513174,11580,2025-04-15,North,Debit Card,Delivered
513175,14595,2025-01-10,South,Debit Card,Returned
513176,10230,2025-08-09,South,UPI,Delivered
513177,12456,2025-12-08,South,UPI,Shipped
513178,12343,2025-01-20,South,UPI,Cancelled
513179,10712,2025-05-27,North,Cash on Delivery,Delivered
513180,12024,2025-12-10,West,UPI,Delivered
513181,13684,2025-09-12,South,Cash on Delivery,Delivered
513182,11872,2025-05-10,South,Net Banking,Delivered
513183,11564,2025-09-04,Central,Credit Card,Delivered
513184,13958,2025-05-26,South,Net Banking,Shipped
513185,14951,2025-03-23,North,UPI,Returned
513186,13946,2025-01-02,North,Credit Card,Delivered
513187,14280,2025-10-30,East,UPI,Delivered
513188,14709,2025-09-05,South,UPI,Delivered
513189,14062,2025-02-16,West,Debit Card,Delivered
513190,14901,2025-03-20,West,Debit Card,Delivered
513191,13800,2025-05-04,North,Debit Card,Delivered
513192,13376,2025-12-11,South,Credit Card,Delivered
513193,13530,2025-03-23,North,Net Banking,Delivered
513194,14538,2025-10-04,East,Credit Card,Cancelled
513195,13488,2025-02-01,West,Debit Card,Delivered
513196,13867,2025-10-02,East,Cash on Delivery,Delivered
513197,11067,2025-05-26,West,Net Banking,Cancelled
513198,14594,2025-10-07,South,Debit Card,Returned
513199,12290,2025-04-16,Central,Debit Card,Delivered
513200,10786,2025-06-07,South,Net Banking,Delivered
513201,14050,2025-04-03,West,UPI,Delivered
513202,11817,2025-09-03,North,UPI,Delivered
513203,10897,2025-12-07,Central,UPI,Delivered
513204,11298,2025-05-29,North,Debit Card,Delivered
513205,10166,2025-10-31,West,Debit Card,Delivered
513206,10463,2025-05-09,Central,UPI,Cancelled
513207,13049,2025-01-22,West,UPI,Delivered
513208,14380,2025-02-25,West,Cash on Delivery,Delivered
513209,12296,2025-02-07,South,Credit Card,Delivered
513210,13201,2025-01-19,Central,Credit Card,Returned
513211,14095,2025-07-13,South,Debit Card,Shipped
513212,11819,2025-04-03,West,Cash on Delivery,Delivered
513213,13339,2025-08-03,West,UPI,Delivered
513214,11788,2025-06-24,South,Debit Card,Delivered
513215,13274,2025-11-10,North,UPI,Delivered
513216,11073,2025-09-13,North,Credit Card,Delivered
513217,14892,2025-09-11,Central,Credit Card,Delivered
513218,10377,2025-02-14,South,UPI,Shipped
513219,12589,2025-08-03,West,Credit Card,Delivered
513220,11444,2025-08-08,East,Debit Card,Delivered
513221,13082,2025-01-28,West,Net Banking,Delivered
513222,12190,2025-11-12,East,Net Banking,Delivered
513223,11545,2025-09-18,West,Credit Card,Delivered
513224,11266,2025-07-27,North,Cash on Delivery,Delivered
513225,10890,2025-10-08,North,Debit Card,Delivered
513226,13965,2025-05-09,Central,Net Banking,Delivered
513227,11088,2025-06-17,South,Credit Card,Delivered
513228,13920,2025-08-19,North,Debit Card,Shipped
513229,12479,2025-12-17,East,UPI,Delivered
513230,10353,2025-06-16,West,Cash on Delivery,Shipped
513231,10800,2025-04-05,West,Debit Card,Delivered
513232,14503,2025-03-17,North,Net Banking,Delivered
513233,13088,2025-09-04,North,Credit Card,Delivered
513234,10898,2025-06-20,West,UPI,Returned
513235,13583,2025-10-31,North,Credit Card,Delivered
513236,14169,2025-08-08,South,Debit Card,Delivered
513237,11675,2025-10-21,North,UPI,Delivered
513238,12872,2025-12-12,East,UPI,Delivered
513239,11482,2025-10-07,North,UPI,Delivered
513240,10402,2025-09-11,North,UPI,Delivered
513241,12044,2025-05-13,North,Debit Card,Delivered
513242,13818,2025-08-24,South,Net Banking,Delivered
513243,12343,2025-06-14,South,Credit Card,Delivered
513244,12077,2025-09-28,West,Net Banking,Cancelled
513245,11869,2025-07-13,West,Credit Card,Delivered
513246,12346,2025-10-03,East,Net Banking,Delivered
513247,11610,2025-06-07,Central,UPI,Delivered
513248,13142,2025-02-13,West,Credit Card,Delivered
513249,10312,2025-07-06,North,Credit Card,Delivered
513250,14082,2025-05-12,Central,UPI,Delivered
513251,10837,2025-06-08,East,UPI,Delivered
513252,13237,2025-09-04,South,Credit Card,Cancelled
513253,12301,2025-10-24,West,Net Banking,Delivered
513254,13920,2025-03-17,North,Cash on Delivery,Delivered
513255,14179,2025-01-08,East,Debit Card,Delivered
513256,11001,2025-03-19,West,UPI,Delivered
513257,13450,2025-04-17,South,UPI,Returned
513258,10931,2025-02-09,Central,Credit Card,Delivered
513259,10612,2025-04-15,Central,Credit Card,Delivered
513260,14664,2025-06-02,West,Credit Card,Delivered
513261,10798,2025-11-14,South,Credit Card,Delivered
513262,11125,2025-02-27,Central,Credit Card,Shipped
513263,10641,2025-11-23,West,Cash on Delivery,Delivered
513264,12400,2025-03-28,North,Debit Card,Delivered
513265,14617,2025-06-23,North,Debit Card,Delivered
513266,11342,2025-12-25,East,UPI,Returned
513267,12785,2025-06-03,North,Credit Card,Delivered
513268,12108,2025-10-25,South,Debit Card,Cancelled
513269,11702,2025-01-07,North,Credit Card,Delivered
513270,12947,2025-02-25,South,Credit Card,Delivered
513271,12880,2025-03-09,West,Cash on Delivery,Delivered
513272,11834,2025-10-27,Central,UPI,Shipped
513273,14299,2025-11-04,West,UPI,Delivered
513274,10260,2025-05-26,West,Credit Card,Delivered
513275,10430,2025-10-05,South,Credit Card,Delivered
513276,14959,2025-09-17,North,Credit Card,Delivered
513277,13800,2025-06-06,North,Credit Card,Delivered
513278,14073,2025-08-04,West,UPI,Delivered
513279,13087,2025-06-17,West,UPI,Delivered
513280,12148,2025-11-12,West,Credit Card,Delivered
513281,13217,2025-06-18,East,UPI,Delivered
513282,10471,2025-03-14,South,Net Banking,Delivered
513283,13848,2025-09-28,North,Net Banking,Delivered
513284,12779,2025-03-18,North,Credit Card,Delivered
513285,14796,2025-02-26,North,Credit Card,Delivered
513286,13250,2025-12-16,East,Cash on Delivery,Delivered
513287,10739,2025-04-09,Central,Debit Card,Delivered
513288,12446,2025-06-12,South,UPI,Delivered
513289,10291,2025-12-12,North,UPI,Delivered
513290,13790,2025-10-02,North,UPI,Delivered
513291,12573,2025-10-04,West,Cash on Delivery,Delivered
513292,11878,2025-12-10,Central,Credit Card,Delivered
513293,14858,2025-01-26,South,UPI,Delivered
513294,14717,2025-02-25,South,Credit Card,Delivered
513295,14776,2025-01-31,North,Cash on Delivery,Returned
513296,11083,2025-01-30,West,UPI,Delivered
513297,13712,2025-01-24,East,Credit Card,Delivered
513298,14747,2025-04-06,West,UPI,Delivered
513299,12939,2025-06-07,West,Net Banking,Delivered
513300,11056,2025-05-01,East,UPI,Delivered
513301,14133,2025-06-03,West,Cash on Delivery,Delivered
513302,14436,2025-12-24,South,Net Banking,Delivered
513303,13581,2025-03-23,Central,Credit Card,Delivered
513304,11482,2025-12-27,North,Cash on Delivery,Delivered
513305,10934,2025-11-06,West,Credit Card,Delivered
513306,13197,2025-11-28,Central,UPI,Returned
513307,12470,2025-10-04,South,Credit Card,Delivered
513308,13416,2025-05-06,West,Net Banking,Delivered
513309,10564,2025-10-11,West,Credit Card,Shipped
513310,10667,2025-05-04,East,UPI,Delivered
513311,11852,2025-03-22,South,UPI,Returned
513312,11313,2025-12-01,Central,Debit Card,Delivered
513313,13176,2025-10-06,West,Net Banking,Delivered
513314,11872,2025-06-30,South,Net Banking,Delivered
513315,13492,2025-11-05,South,Net Banking,Delivered
513316,13898,2025-06-11,South,Credit Card,Delivered
513317,10914,2025-11-20,North,Credit Card,Delivered
513318,14618,2025-12-27,West,Cash on Delivery,Delivered
513319,13987,2025-01-12,West,Cash on Delivery,Delivered
513320,13205,2025-05-10,North,Debit Card,Shipped
513321,14576,2025-10-08,West,Credit Card,Delivered
513322,11348,2025-12-10,North,Cash on Delivery,Delivered
513323,12156,2025-12-17,South,Credit Card,Returned
513324,10432,2025-05-05,West,Debit Card,Delivered
513325,12330,2025-06-21,South,UPI,Delivered
513326,12594,2025-05-14,South,Net Banking,Delivered
513327,13160,2025-12-17,West,Net Banking,Shipped
513328,10315,2025-02-08,West,Credit Card,Shipped
513329,10153,2025-06-27,South,Credit Card,Delivered
513330,12148,2025-10-07,West,Cash on Delivery,Shipped
513331,10929,2025-01-05,West,UPI,Delivered
513332,13853,2025-02-23,North,Credit Card,Delivered
513333,13416,2025-11-06,West,Credit Card,Delivered
513334,11654,2025-09-23,South,Net Banking,Delivered
513335,10224,2025-03-23,West,Net Banking,Delivered
513336,10890,2025-08-09,North,Debit Card,Delivered
513337,13527,2025-11-27,North,UPI,Delivered
513338,14958,2025-08-29,West,Credit Card,Delivered
513339,11658,2025-04-04,East,UPI,Delivered
513340,14063,2025-12-29,East,UPI,Cancelled
513341,14384,2025-03-10,West,UPI,Delivered
513342,10233,2025-01-06,West,UPI,Cancelled
513343,14605,2025-07-25,West,Credit Card,Delivered
513344,12379,2025-01-16,West,Debit Card,Shipped
513345,14842,2025-03-01,North,UPI,Delivered
513346,12763,2025-05-22,North,Net Banking,Delivered
513347,11175,2025-10-16,South,Cash on Delivery,Delivered
513348,14881,2025-12-23,East,Cash on Delivery,Delivered
513349,11227,2025-07-25,West,Credit Card,Delivered
513350,14453,2025-02-09,North,Credit Card,Delivered
513351,10836,2025-01-09,East,Credit Card,Delivered
513352,13437,2025-04-01,North,Debit Card,Delivered
513353,12106,2025-07-14,South,UPI,Delivered
513354,14874,2025-07-21,West,Debit Card,Delivered
513355,10899,2025-02-17,West,UPI,Delivered
513356,12097,2025-09-23,South,Debit Card,Delivered
513357,13260,2025-09-02,East,Debit Card,Delivered
513358,14892,2025-09-19,Central,UPI,Delivered
513359,11527,2025-11-14,East,Net Banking,Delivered
513360,12032,2025-01-31,North,UPI,Delivered
513361,12362,2025-09-19,South,Cash on Delivery,Shipped
513362,11280,2025-12-17,South,Credit Card,Delivered
513363,14133,2025-02-03,West,Credit Card,Delivered
513364,10470,2025-09-02,Central,UPI,Delivered
513365,13587,2025-12-15,West,Debit Card,Delivered
513366,12738,2025-11-19,North,Credit Card,Delivered
513367,11215,2025-09-25,East,Cash on Delivery,Delivered
513368,12521,2025-10-21,North,Net Banking,Delivered
513369,14196,2025-07-30,Central,UPI,Delivered
513370,12282,2025-05-15,East,Credit Card,Delivered
513371,10607,2025-03-05,East,Credit Card,Shipped
513372,10203,2025-09-04,North,Debit Card,Delivered
513373,13939,2025-11-29,South,UPI,Shipped
513374,11674,2025-10-04,Central,Net Banking,Delivered
513375,14671,2025-03-19,West,Cash on Delivery,Delivered
513376,13163,2025-06-13,North,Credit Card,Cancelled
513377,12235,2025-03-18,South,Cash on Delivery,Delivered
513378,12906,2025-06-26,West,UPI,Shipped
513379,12336,2025-04-07,West,UPI,Delivered
513380,14560,2025-05-19,West,Debit Card,Delivered
513381,12339,2025-08-31,West,Credit Card,Delivered
513382,10521,2025-12-25,West,UPI,Delivered
513383,13068,2025-12-11,South,UPI,Delivered
513384,13191,2025-12-25,Central,Net Banking,Delivered
513385,13884,2025-09-08,North,Debit Card,Delivered
513386,14680,2025-10-07,East,Net Banking,Delivered
513387,12272,2025-10-05,East,Credit Card,Delivered
513388,11798,2025-06-20,North,Cash on Delivery,Delivered
513389,12509,2025-06-28,East,Cash on Delivery,Delivered
513390,14538,2025-06-26,East,UPI,Delivered
513391,14901,2025-10-05,West,Credit Card,Delivered
513392,14872,2025-12-01,West,UPI,Delivered
513393,11134,2025-01-18,South,UPI,Delivered
513394,12546,2025-10-27,West,Cash on Delivery,Delivered
513395,11316,2025-04-19,North,Cash on Delivery,Delivered
513396,11873,2025-02-01,West,UPI,Delivered
513397,10153,2025-02-25,South,UPI,Delivered
513398,10785,2025-08-16,East,Debit Card,Delivered
513399,12035,2025-03-15,East,UPI,Delivered
513400,11860,2025-01-09,North,UPI,Delivered
513401,11407,2025-03-30,Central,Net Banking,Cancelled
513402,11141,2025-05-12,South,Credit Card,Delivered
513403,13806,2025-10-21,Central,Credit Card,Delivered
513404,11487,2025-08-26,West,UPI,Delivered
513405,13597,2025-12-22,East,Credit Card,Delivered
513406,11874,2025-09-07,Central,Net Banking,Delivered
513407,14063,2025-02-11,East,UPI,Delivered
513408,10809,2025-08-19,West,Net Banking,Delivered
513409,10773,2025-06-19,West,Debit Card,Shipped
513410,13466,2025-11-12,West,Credit Card,Delivered
513411,14599,2025-03-31,West,Credit Card,Returned
513412,10698,2025-07-10,West,UPI,Delivered
513413,10361,2025-10-04,South,Cash on Delivery,Returned
513414,14687,2025-05-07,Central,Cash on Delivery,Delivered
513415,10592,2025-05-13,Central,Credit Card,Delivered
513416,11269,2025-10-13,South,Debit Card,Delivered
513417,14662,2025-03-04,South,Debit Card,Delivered
513418,14067,2025-08-28,South,Net Banking,Delivered
513419,11740,2025-02-07,South,Debit Card,Shipped
513420,14784,2025-06-13,North,Credit Card,Delivered
513421,12926,2025-02-07,South,Debit Card,Delivered
513422,10353,2025-10-06,West,Cash on Delivery,Delivered
513423,13581,2025-05-31,Central,Credit Card,Cancelled
513424,12753,2025-02-27,North,UPI,Delivered
513425,12949,2025-06-25,North,Net Banking,Delivered
513426,14974,2025-08-31,East,Debit Card,Shipped
513427,10741,2025-12-29,West,UPI,Delivered
513428,13360,2025-06-23,West,Credit Card,Cancelled
513429,12344,2025-12-09,North,UPI,Returned
513430,11369,2025-05-23,West,Credit Card,Delivered
513431,13535,2025-09-14,South,Credit Card,Delivered
513432,13415,2025-04-10,East,UPI,Delivered
513433,14324,2025-12-14,East,UPI,Delivered
513434,14431,2025-07-21,South,Credit Card,Delivered
513435,12896,2025-02-02,Central,Cash on Delivery,Delivered
513436,11653,2025-06-01,South,Credit Card,Delivered
513437,12706,2025-03-11,North,UPI,Delivered
513438,11834,2025-05-22,Central,Net Banking,Delivered
513439,11402,2025-09-03,South,UPI,Cancelled
513440,12842,2025-04-06,Central,Net Banking,Returned
513441,13368,2025-12-05,West,UPI,Returned
513442,13040,2025-03-25,West,Cash on Delivery,Delivered
513443,14784,2025-05-05,North,Credit Card,Delivered
513444,11509,2025-12-06,West,Debit Card,Cancelled
513445,11896,2025-06-15,West,UPI,Delivered
513446,13410,2025-05-19,North,Net Banking,Delivered
513447,13082,2025-06-09,West,Debit Card,Delivered
513448,10010,2025-10-13,South,UPI,Delivered
513449,11574,2025-03-27,West,UPI,Delivered
513450,11284,2025-05-19,North,Credit Card,Returned
513451,14248,2025-04-15,North,UPI,Delivered
513452,14380,2025-03-19,West,UPI,Delivered
513453,11429,2025-08-07,South,Credit Card,Delivered
513454,10518,2025-07-11,East,UPI,Cancelled
513455,11006,2025-07-07,South,Credit Card,Returned
513456,10859,2025-07-15,East,Credit Card,Delivered
513457,11189,2025-12-16,North,UPI,Delivered
513458,11169,2025-03-15,South,Debit Card,Delivered
513459,12457,2025-09-18,North,Credit Card,Delivered
513460,11616,2025-10-30,West,Debit Card,Delivered
513461,12883,2025-10-19,East,Cash on Delivery,Delivered
513462,11745,2025-05-23,West,Credit Card,Shipped
513463,14121,2025-10-22,North,Debit Card,Delivered
513464,14771,2025-02-07,East,UPI,Delivered
513465,12070,2025-02-05,East,Net Banking,Returned
513466,10240,2025-04-25,West,Debit Card,Cancelled
513467,11197,2025-01-02,South,UPI,Delivered
513468,10514,2025-01-15,East,Credit Card,Delivered
513469,11753,2025-03-25,North,Net Banking,Delivered
513470,13287,2025-11-07,South,Debit Card,Delivered
513471,12648,2025-09-11,North,UPI,Delivered
513472,11225,2025-08-14,West,UPI,Delivered
513473,13892,2025-11-29,North,Debit Card,Returned
513474,10649,2025-07-07,North,Credit Card,Delivered
513475,11126,2025-01-25,South,Credit Card,Delivered
513476,13446,2025-09-27,South,Cash on Delivery,Delivered
513477,10966,2025-08-28,South,UPI,Shipped
513478,13464,2025-09-03,West,UPI,Delivered
513479,14888,2025-06-26,West,UPI,Delivered
513480,14200,2025-06-12,North,Debit Card,Delivered
513481,10785,2025-08-02,East,UPI,Delivered
513482,12654,2025-09-18,North,Credit Card,Cancelled
513483,12160,2025-08-24,West,Net Banking,Delivered
513484,14963,2025-12-23,East,Net Banking,Delivered
513485,14842,2025-05-25,North,UPI,Delivered
513486,10628,2025-03-10,North,Cash on Delivery,Delivered
513487,14574,2025-09-08,North,Cash on Delivery,Delivered
513488,10946,2025-02-23,South,Cash on Delivery,Delivered
513489,11615,2025-06-24,Central,Cash on Delivery,Returned
513490,11806,2025-08-11,South,UPI,Delivered
513491,11448,2025-06-26,North,Debit Card,Returned
513492,14309,2025-11-26,East,Credit Card,Shipped
513493,11669,2025-03-03,Central,UPI,Cancelled
513494,14129,2025-12-15,North,UPI,Delivered
513495,14974,2025-01-16,East,Cash on Delivery,Delivered
513496,14250,2025-07-28,North,Cash on Delivery,Shipped
513497,11762,2025-05-15,West,UPI,Delivered
513498,13629,2025-02-12,South,UPI,Delivered
513499,12738,2025-06-21,North,Cash on Delivery,Delivered
513500,13984,2025-11-23,West,Debit Card,Cancelled
513501,10746,2025-03-21,West,Debit Card,Shipped
513502,13253,2025-07-07,North,Credit Card,Delivered
513503,13921,2025-05-07,East,UPI,Delivered
513504,13867,2025-11-03,East,Credit Card,Delivered
513505,14835,2025-01-07,Central,Credit Card,Delivered
513506,10291,2025-01-22,North,Cash on Delivery,Returned
513507,11759,2025-01-24,West,UPI,Delivered
513508,12442,2025-12-26,North,Cash on Delivery,Delivered
513509,11564,2025-10-25,Central,Cash on Delivery,Delivered
513510,11564,2025-09-08,Central,Credit Card,Returned
513511,10857,2025-05-30,South,Credit Card,Delivered
513512,14108,2025-06-12,West,Debit Card,Delivered
513513,14572,2025-04-26,East,Credit Card,Delivered
513514,10411,2025-07-02,East,Credit Card,Delivered
513515,10759,2025-09-03,East,UPI,Delivered
513516,11128,2025-05-11,West,UPI,Delivered
513517,12609,2025-12-28,South,Credit Card,Delivered
513518,14010,2025-10-02,West,UPI,Delivered
513519,10349,2025-11-24,South,UPI,Delivered
513520,13249,2025-05-05,North,UPI,Delivered
513521,10731,2025-08-03,South,UPI,Shipped
513522,14873,2025-10-16,West,UPI,Delivered
513523,14533,2025-09-28,South,Cash on Delivery,Shipped
513524,14768,2025-03-10,South,Cash on Delivery,Delivered
513525,10532,2025-12-12,South,UPI,Delivered
513526,12492,2025-09-13,Central,UPI,Delivered
513527,10800,2025-10-14,West,Credit Card,Cancelled
513528,13082,2025-09-19,West,UPI,Delivered
513529,11158,2025-05-27,South,Credit Card,Cancelled
513530,13910,2025-01-15,South,Net Banking,Delivered
513531,13283,2025-10-17,North,Credit Card,Delivered
513532,12940,2025-12-05,South,Credit Card,Delivered
513533,14177,2025-06-26,West,Credit Card,Delivered
513534,12564,2025-03-23,North,UPI,Delivered
513535,11366,2025-06-23,West,UPI,Delivered
513536,13182,2025-02-20,South,UPI,Delivered
513537,14799,2025-09-24,South,Net Banking,Cancelled
513538,13084,2025-01-04,West,UPI,Delivered
513539,13218,2025-12-04,South,Cash on Delivery,Delivered
513540,14688,2025-10-24,East,Credit Card,Delivered
513541,12633,2025-09-14,East,Credit Card,Delivered
513542,14981,2025-01-09,North,Debit Card,Delivered
513543,10784,2025-11-17,Central,UPI,Delivered
513544,12752,2025-09-30,South,Cash on Delivery,Returned
513545,11047,2025-11-19,West,Debit Card,Delivered
513546,12313,2025-12-09,South,Cash on Delivery,Delivered
513547,10825,2025-09-14,West,Credit Card,Delivered
513548,11090,2025-05-28,West,UPI,Shipped
513549,11033,2025-07-11,South,UPI,Delivered
513550,11620,2025-05-04,East,UPI,Delivered
513551,10659,2025-07-23,North,Net Banking,Delivered
513552,14094,2025-12-03,West,UPI,Returned
513553,11083,2025-03-26,West,Credit Card,Delivered
513554,12134,2025-06-07,West,UPI,Delivered
513555,10079,2025-01-23,North,Debit Card,Delivered
513556,10522,2025-04-30,Central,Debit Card,Delivered
513557,14521,2025-02-25,East,Cash on Delivery,Delivered
513558,14229,2025-10-30,West,Credit Card,Delivered
513559,14250,2025-01-02,North,Cash on Delivery,Shipped
513560,12106,2025-12-28,South,Net Banking,Delivered
513561,10687,2025-08-04,East,Credit Card,Delivered
513562,10541,2025-02-02,North,Net Banking,Delivered
513563,13106,2025-09-06,North,Credit Card,Delivered
513564,14189,2025-08-25,North,Net Banking,Delivered
513565,14538,2025-04-18,East,Credit Card,Delivered
513566,11462,2025-09-28,West,UPI,Returned
513567,11626,2025-10-15,North,Debit Card,Delivered
513568,10510,2025-12-28,Central,Cash on Delivery,Delivered
513569,13927,2025-06-11,South,Debit Card,Delivered
513570,11392,2025-10-14,South,Cash on Delivery,Delivered
513571,12460,2025-09-28,North,Cash on Delivery,Delivered
513572,14658,2025-05-28,West,Credit Card,Delivered
513573,13820,2025-04-16,Central,Credit Card,Delivered
513574,10256,2025-01-31,North,UPI,Delivered
513575,10040,2025-09-15,North,Credit Card,Delivered
513576,13989,2025-09-26,North,Debit Card,Delivered
513577,12846,2025-12-18,North,Credit Card,Delivered
513578,13665,2025-09-28,South,Cash on Delivery,Delivered
513579,10771,2025-01-25,West,UPI,Delivered
513580,14406,2025-11-28,Central,Credit Card,Delivered
513581,13919,2025-01-28,East,Credit Card,Delivered
513582,14492,2025-04-15,North,UPI,Delivered
513583,11737,2025-09-25,East,Net Banking,Delivered
513584,11392,2025-08-01,South,Net Banking,Delivered
513585,10739,2025-07-05,Central,Cash on Delivery,Delivered
513586,14664,2025-05-24,West,Cash on Delivery,Delivered
513587,10860,2025-07-09,Central,Debit Card,Delivered
513588,10603,2025-03-15,Central,Net Banking,Delivered
513589,10940,2025-04-01,West,UPI,Returned
513590,13912,2025-02-21,East,Credit Card,Delivered
513591,14488,2025-10-13,South,UPI,Delivered
513592,14101,2025-04-07,West,Net Banking,Delivered
513593,12900,2025-01-16,South,UPI,Cancelled
513594,14974,2025-05-18,East,Credit Card,Delivered
513595,10334,2025-05-23,West,Credit Card,Delivered
513596,14385,2025-10-09,Central,Debit Card,Delivered
513597,12190,2025-07-08,East,Credit Card,Returned
513598,12320,2025-01-15,North,Credit Card,Delivered
513599,10629,2025-05-14,South,UPI,Delivered
513600,10159,2025-04-19,North,UPI,Delivered
513601,11604,2025-05-09,Central,Debit Card,Delivered
513602,10848,2025-04-24,South,UPI,Delivered
513603,12472,2025-03-28,Central,Credit Card,Delivered
513604,10722,2025-08-14,West,Debit Card,Delivered
513605,10673,2025-06-12,North,Credit Card,Delivered
513606,14422,2025-05-04,South,Debit Card,Delivered
513607,14624,2025-04-17,West,Debit Card,Delivered
513608,14842,2025-12-11,North,Net Banking,Delivered
513609,13470,2025-05-09,South,UPI,Delivered
513610,13911,2025-12-11,Central,Debit Card,Delivered
513611,14222,2025-10-21,North,Credit Card,Delivered
513612,13370,2025-08-27,Central,Credit Card,Delivered
513613,11674,2025-02-10,Central,Credit Card,Delivered
513614,10765,2025-05-20,North,Net Banking,Delivered
513615,11188,2025-05-18,North,UPI,Delivered
513616,14249,2025-06-04,North,Net Banking,Delivered
513617,13545,2025-08-22,West,UPI,Cancelled
513618,12326,2025-11-22,South,Credit Card,Delivered
513619,10142,2025-02-14,West,UPI,Cancelled
513620,11348,2025-09-24,North,Credit Card,Cancelled
513621,13714,2025-09-11,West,Credit Card,Delivered
513622,12624,2025-10-07,South,Debit Card,Cancelled
513623,12230,2025-11-09,North,UPI,Delivered
513624,11581,2025-02-09,South,UPI,Delivered
513625,13115,2025-12-11,West,Credit Card,Delivered
513626,14848,2025-10-20,East,Debit Card,Delivered
513627,14545,2025-09-16,South,Credit Card,Delivered
513628,10147,2025-03-09,North,Net Banking,Delivered
513629,12460,2025-08-21,North,Debit Card,Delivered
513630,11668,2025-04-04,Central,Cash on Delivery,Delivered
513631,12618,2025-07-26,West,Debit Card,Delivered
513632,13111,2025-10-28,South,Credit Card,Delivered
513633,10983,2025-10-14,South,UPI,Delivered
513634,13957,2025-10-20,East,Debit Card,Delivered
513635,12430,2025-04-24,East,Cash on Delivery,Delivered
513636,14965,2025-02-12,West,Credit Card,Shipped
513637,10126,2025-03-26,West,UPI,Delivered
513638,10930,2025-04-09,South,UPI,Delivered
513639,13517,2025-09-17,East,Credit Card,Delivered
513640,13544,2025-07-18,West,UPI,Delivered
513641,13003,2025-05-02,South,UPI,Delivered
513642,14874,2025-01-29,West,Net Banking,Delivered
513643,12129,2025-12-22,South,UPI,Shipped
513644,12136,2025-04-09,North,Cash on Delivery,Delivered
513645,14584,2025-04-06,North,UPI,Delivered
513646,12762,2025-12-28,North,UPI,Returned
513647,11808,2025-09-01,South,Net Banking,Delivered
513648,13661,2025-05-19,North,UPI,Shipped
513649,13179,2025-10-16,North,UPI,Shipped
513650,11542,2025-08-21,North,Credit Card,Delivered
513651,11506,2025-05-01,Central,Cash on Delivery,Delivered
513652,12025,2025-01-17,South,Credit Card,Delivered
513653,10349,2025-05-20,South,Cash on Delivery,Delivered
513654,14727,2025-01-01,South,Net Banking,Shipped
513655,10891,2025-07-03,West,UPI,Delivered
513656,10949,2025-01-23,North,UPI,Delivered
513657,13293,2025-01-07,West,UPI,Delivered
513658,13691,2025-11-30,West,Net Banking,Shipped
513659,13749,2025-02-22,West,Credit Card,Delivered
513660,11909,2025-08-20,Central,Cash on Delivery,Delivered
513661,14412,2025-09-20,South,UPI,Delivered
513662,12796,2025-04-08,North,Credit Card,Delivered
513663,12245,2025-07-13,West,UPI,Delivered
513664,14099,2025-09-10,West,Net Banking,Delivered
513665,11228,2025-12-06,West,UPI,Delivered
513666,14343,2025-07-28,North,Cash on Delivery,Delivered
513667,12766,2025-03-15,South,UPI,Delivered
513668,14538,2025-01-05,East,Cash on Delivery,Delivered
513669,10991,2025-12-19,North,Debit Card,Delivered
513670,14692,2025-12-23,West,Credit Card,Delivered
513671,13508,2025-06-13,South,UPI,Delivered
513672,13169,2025-10-27,West,UPI,Delivered
513673,12160,2025-05-02,West,UPI,Delivered
513674,14794,2025-05-19,South,Credit Card,Shipped
513675,12274,2025-05-29,West,Debit Card,Delivered
513676,12558,2025-12-11,North,UPI,Delivered
513677,13957,2025-02-04,East,Debit Card,Delivered
513678,11435,2025-10-18,North,UPI,Returned
513679,11472,2025-02-04,Central,Net Banking,Delivered
513680,13929,2025-06-16,South,Net Banking,Delivered
513681,10636,2025-10-16,Central,Cash on Delivery,Delivered
513682,14169,2025-03-18,South,Credit Card,Delivered
513683,13201,2025-11-20,Central,UPI,Delivered
513684,12768,2025-08-20,West,Credit Card,Delivered
513685,11131,2025-11-03,East,Debit Card,Returned
513686,13982,2025-09-05,Central,UPI,Delivered
513687,14076,2025-10-21,West,Debit Card,Delivered
513688,12471,2025-02-11,North,UPI,Delivered
513689,11983,2025-06-22,West,Net Banking,Delivered
513690,11241,2025-01-30,West,UPI,Delivered
513691,13834,2025-06-12,South,Cash on Delivery,Cancelled
513692,13259,2025-01-28,North,Credit Card,Delivered
513693,11014,2025-12-28,East,Credit Card,Delivered
513694,14031,2025-06-22,East,Debit Card,Cancelled
513695,14452,2025-10-31,North,UPI,Delivered
513696,10294,2025-11-07,Central,Debit Card,Returned
513697,13917,2025-06-03,West,UPI,Delivered
513698,14307,2025-12-29,South,Net Banking,Delivered
513699,14962,2025-08-14,West,Cash on Delivery,Delivered
513700,11189,2025-05-05,North,Debit Card,Delivered
513701,11890,2025-06-06,North,Credit Card,Delivered
513702,14848,2025-11-07,East,Credit Card,Delivered
513703,10481,2025-07-13,North,Cash on Delivery,Delivered
513704,12674,2025-11-22,North,Credit Card,Returned
513705,12595,2025-10-31,East,Net Banking,Delivered
513706,13113,2025-09-20,North,UPI,Delivered
513707,11675,2025-03-16,North,Cash on Delivery,Delivered
513708,14640,2025-05-03,Central,Credit Card,Delivered
513709,11366,2025-03-21,West,UPI,Delivered
513710,13307,2025-05-14,East,UPI,Delivered
513711,12539,2025-09-16,South,UPI,Delivered
513712,11350,2025-04-03,Central,Net Banking,Delivered
513713,10926,2025-04-27,North,UPI,Delivered
513714,14796,2025-06-17,North,Cash on Delivery,Delivered
513715,12895,2025-01-17,North,Credit Card,Delivered
513716,13098,2025-08-18,East,Cash on Delivery,Shipped
513717,13965,2025-12-30,Central,Debit Card,Delivered
513718,10406,2025-10-30,Central,UPI,Delivered
513719,13635,2025-01-11,East,UPI,Delivered
513720,10800,2025-03-02,West,Cash on Delivery,Delivered
513721,13768,2025-09-02,West,Credit Card,Cancelled
513722,10685,2025-03-11,South,UPI,Delivered
513723,14203,2025-11-03,West,Credit Card,Cancelled
513724,13474,2025-08-29,West,Net Banking,Delivered
513725,11964,2025-11-25,North,Cash on Delivery,Delivered
513726,11830,2025-07-13,East,UPI,Delivered
513727,10729,2025-11-20,West,Credit Card,Delivered
513728,14557,2025-11-09,South,UPI,Shipped
513729,10600,2025-06-18,West,Cash on Delivery,Delivered
513730,12414,2025-08-20,West,Credit Card,Delivered
513731,11183,2025-04-04,West,Cash on Delivery,Delivered
513732,14981,2025-05-12,North,Debit Card,Cancelled
513733,13019,2025-01-07,South,Cash on Delivery,Delivered
513734,10734,2025-03-23,West,Cash on Delivery,Delivered
513735,13409,2025-05-16,North,UPI,Delivered
513736,14963,2025-12-16,East,UPI,Delivered
513737,13102,2025-03-20,West,UPI,Delivered
513738,12337,2025-01-10,West,Credit Card,Delivered
513739,11480,2025-04-20,Central,UPI,Returned
513740,10470,2025-09-08,Central,Cash on Delivery,Delivered
513741,11126,2025-07-13,South,UPI,Delivered
513742,12852,2025-04-16,South,UPI,Delivered
513743,13831,2025-07-26,North,UPI,Delivered
513744,14425,2025-05-30,West,Credit Card,Delivered
513745,14027,2025-08-14,West,UPI,Delivered
513746,10621,2025-11-19,South,Debit Card,Delivered
513747,13920,2025-09-17,North,UPI,Delivered
513748,13001,2025-03-30,Central,Cash on Delivery,Delivered
513749,12397,2025-03-10,East,UPI,Delivered
513750,12950,2025-11-05,West,UPI,Delivered
513751,10040,2025-12-05,North,Credit Card,Delivered
513752,10327,2025-07-02,Central,UPI,Delivered
513753,12689,2025-02-16,North,Net Banking,Delivered
513754,10839,2025-10-10,South,Credit Card,Delivered
513755,12806,2025-05-26,South,Credit Card,Delivered
513756,11810,2025-11-03,West,Net Banking,Delivered
513757,14570,2025-12-09,East,Debit Card,Delivered
513758,14768,2025-05-01,South,UPI,Delivered
513759,14901,2025-03-08,West,Debit Card,Delivered
513760,14534,2025-01-02,West,Debit Card,Delivered
513761,14936,2025-09-02,North,UPI,Delivered
513762,13592,2025-04-11,South,Debit Card,Delivered
513763,14817,2025-05-21,North,Cash on Delivery,Delivered
513764,13271,2025-06-17,South,UPI,Cancelled
513765,14094,2025-01-12,West,UPI,Delivered
513766,10650,2025-02-12,South,Net Banking,Delivered
513767,13484,2025-03-13,North,UPI,Delivered
513768,14670,2025-11-25,North,Net Banking,Returned
513769,12775,2025-01-04,South,Credit Card,Delivered
513770,10912,2025-06-14,West,Cash on Delivery,Delivered
513771,12696,2025-06-13,East,Cash on Delivery,Delivered
513772,13601,2025-02-01,North,Credit Card,Delivered
513773,13906,2025-07-04,North,Cash on Delivery,Delivered
513774,12674,2025-05-20,North,UPI,Delivered
513775,11073,2025-10-14,North,Credit Card,Delivered
513776,14641,2025-06-17,South,Debit Card,Cancelled
513777,13920,2025-12-29,North,Credit Card,Cancelled
513778,11369,2025-03-04,West,Debit Card,Delivered
513779,14106,2025-08-09,South,UPI,Delivered
513780,11774,2025-08-28,West,UPI,Delivered
513781,11576,2025-11-07,North,Net Banking,Delivered
513782,14367,2025-10-23,East,UPI,Delivered
513783,14412,2025-08-07,South,UPI,Delivered
513784,12041,2025-12-19,East,UPI,Delivered
513785,10043,2025-08-29,South,Net Banking,Delivered
513786,10912,2025-10-22,West,UPI,Delivered
513787,14578,2025-07-29,Central,Credit Card,Delivered
513788,14533,2025-06-21,South,UPI,Delivered
513789,12313,2025-01-20,South,Debit Card,Delivered
513790,11529,2025-04-06,West,Net Banking,Delivered
513791,11523,2025-12-07,South,Credit Card,Shipped
513792,14524,2025-12-23,Central,Debit Card,Delivered
513793,11646,2025-01-27,West,Debit Card,Cancelled
513794,12623,2025-10-21,North,Credit Card,Shipped
513795,13724,2025-12-09,North,UPI,Delivered
513796,11027,2025-12-20,South,Debit Card,Delivered
513797,11284,2025-03-17,North,Net Banking,Delivered
513798,11824,2025-09-24,South,Net Banking,Delivered
513799,13339,2025-06-13,West,UPI,Delivered
513800,14133,2025-08-19,West,Credit Card,Delivered
513801,12814,2025-12-29,South,Credit Card,Shipped
513802,10654,2025-07-09,West,Cash on Delivery,Delivered
513803,12285,2025-09-29,East,Debit Card,Delivered
513804,10629,2025-02-11,South,Credit Card,Delivered
513805,10453,2025-08-21,East,Cash on Delivery,Delivered
513806,13034,2025-11-22,South,UPI,Delivered
513807,14794,2025-01-13,South,Credit Card,Delivered
513808,14234,2025-02-05,East,Debit Card,Delivered
513809,13927,2025-03-16,South,Credit Card,Delivered
513810,13700,2025-05-19,South,Debit Card,Delivered
513811,14524,2025-05-04,Central,Debit Card,Delivered
513812,13822,2025-10-31,North,Debit Card,Delivered
513813,13205,2025-09-07,North,Debit Card,Delivered
513814,11860,2025-06-06,North,Debit Card,Delivered
513815,10510,2025-01-19,Central,Net Banking,Delivered
513816,12360,2025-05-05,North,UPI,Delivered
513817,14635,2025-11-08,North,Debit Card,Delivered
513818,13006,2025-07-28,North,Debit Card,Delivered
513819,10898,2025-05-07,West,Debit Card,Returned
513820,13305,2025-04-10,South,UPI,Delivered
513821,12376,2025-09-09,Central,UPI,Delivered
513822,14671,2025-08-23,West,Net Banking,Delivered
513823,10786,2025-07-23,South,Credit Card,Shipped
513824,13631,2025-10-25,East,Cash on Delivery,Delivered
513825,13476,2025-03-01,North,UPI,Delivered
513826,14917,2025-09-13,Central,UPI,Delivered
513827,12908,2025-02-25,South,UPI,Delivered
513828,14404,2025-09-16,South,UPI,Returned
513829,10123,2025-06-16,North,Cash on Delivery,Cancelled
513830,10610,2025-02-12,North,Credit Card,Delivered
513831,11761,2025-05-17,North,Credit Card,Delivered
513832,13176,2025-12-06,West,Credit Card,Returned
513833,12298,2025-10-01,North,Net Banking,Delivered
513834,10993,2025-12-11,North,Credit Card,Shipped
513835,13031,2025-09-07,South,Net Banking,Delivered
513836,12918,2025-01-21,Central,Credit Card,Shipped
513837,12681,2025-06-03,South,UPI,Delivered
513838,10463,2025-01-23,Central,Credit Card,Delivered
513839,14645,2025-09-26,North,Credit Card,Delivered
513840,13048,2025-06-30,Central,UPI,Shipped
513841,11342,2025-09-03,East,UPI,Delivered
513842,13505,2025-10-20,North,Net Banking,Delivered
513843,11610,2025-07-03,Central,Credit Card,Cancelled
513844,12592,2025-05-20,South,UPI,Delivered
513845,11737,2025-01-03,East,Credit Card,Delivered
513846,14438,2025-05-22,North,Debit Card,Delivered
513847,14974,2025-06-12,East,Debit Card,Delivered
513848,10787,2025-12-20,North,Debit Card,Delivered
513849,10115,2025-08-20,North,UPI,Cancelled
513850,11080,2025-12-15,East,UPI,Delivered
513851,13035,2025-06-07,East,UPI,Delivered
513852,10843,2025-03-12,Central,UPI,Delivered
513853,14103,2025-07-13,East,Credit Card,Cancelled
513854,12095,2025-01-26,North,Credit Card,Delivered
513855,13132,2025-06-23,West,Cash on Delivery,Delivered
513856,12324,2025-07-05,South,UPI,Delivered
513857,14554,2025-11-09,North,Debit Card,Delivered
513858,10167,2025-04-23,South,Credit Card,Delivered
513859,13715,2025-08-28,West,UPI,Delivered
513860,13324,2025-11-16,East,Cash on Delivery,Delivered
513861,13306,2025-07-21,Central,Net Banking,Delivered
513862,12121,2025-08-16,North,UPI,Delivered
513863,10077,2025-11-18,West,UPI,Delivered
513864,13514,2025-05-22,Central,UPI,Delivered
513865,14194,2025-05-18,West,UPI,Delivered
513866,10430,2025-04-14,South,UPI,Delivered
513867,12263,2025-11-16,West,UPI,Delivered
513868,10794,2025-04-29,South,Credit Card,Delivered
513869,13134,2025-10-04,South,UPI,Delivered
513870,13977,2025-07-16,North,Credit Card,Delivered
513871,13405,2025-09-22,East,UPI,Delivered
513872,11610,2025-05-17,Central,Debit Card,Delivered
513873,10680,2025-04-30,North,Cash on Delivery,Delivered
513874,14027,2025-03-10,West,Cash on Delivery,Delivered
513875,11642,2025-03-03,North,UPI,Returned
513876,10106,2025-05-24,South,Credit Card,Delivered
513877,12940,2025-08-14,South,Cash on Delivery,Delivered
513878,11245,2025-05-01,West,UPI,Delivered
513879,14250,2025-01-04,North,Credit Card,Delivered
513880,10699,2025-04-29,West,Net Banking,Delivered
513881,12223,2025-04-11,East,UPI,Delivered
513882,11282,2025-08-20,South,UPI,Cancelled
513883,13517,2025-06-21,East,UPI,Delivered
513884,12821,2025-07-25,East,Credit Card,Delivered
513885,14009,2025-08-07,East,UPI,Delivered
513886,12343,2025-04-23,South,Credit Card,Shipped
513887,10026,2025-11-28,South,UPI,Delivered
513888,11062,2025-09-05,West,Net Banking,Delivered
513889,14997,2025-06-11,North,Credit Card,Delivered
513890,12077,2025-09-17,West,UPI,Delivered
513891,13180,2025-11-03,Central,Credit Card,Shipped
513892,14558,2025-08-22,South,Credit Card,Delivered
513893,10096,2025-02-27,South,UPI,Delivered
513894,13374,2025-05-30,West,Credit Card,Delivered
513895,11462,2025-01-19,West,Cash on Delivery,Delivered
513896,11408,2025-08-06,South,UPI,Delivered
513897,11102,2025-01-20,South,Debit Card,Shipped
513898,14168,2025-12-22,West,Debit Card,Returned
513899,11899,2025-09-01,North,Credit Card,Shipped
513900,10324,2025-01-14,North,Cash on Delivery,Delivered
513901,10495,2025-10-03,Central,Debit Card,Delivered
513902,10729,2025-10-28,West,UPI,Delivered
513903,14534,2025-12-10,West,Credit Card,Delivered
513904,12190,2025-10-30,East,UPI,Shipped
513905,14604,2025-08-27,West,UPI,Delivered
513906,14133,2025-11-09,West,UPI,Delivered
513907,14234,2025-01-31,East,Debit Card,Delivered
513908,11448,2025-04-10,North,UPI,Delivered
513909,11369,2025-02-15,West,Cash on Delivery,Delivered
513910,12886,2025-11-01,South,UPI,Delivered
513911,12140,2025-02-10,West,Credit Card,Cancelled
513912,12609,2025-04-05,South,Credit Card,Delivered
513913,10260,2025-03-23,West,Credit Card,Delivered
513914,14873,2025-04-19,West,UPI,Delivered
513915,10291,2025-06-08,North,UPI,Delivered
513916,10873,2025-02-16,Central,Credit Card,Returned
513917,13460,2025-12-22,East,Net Banking,Delivered
513918,10764,2025-01-18,South,Debit Card,Delivered
513919,10535,2025-07-21,South,Credit Card,Delivered
513920,10748,2025-09-20,East,Cash on Delivery,Delivered
513921,10300,2025-02-07,East,Debit Card,Delivered
513922,11275,2025-06-22,South,Net Banking,Delivered
513923,11369,2025-01-28,West,UPI,Delivered
513924,12559,2025-01-18,North,UPI,Shipped
513925,12245,2025-01-09,West,Debit Card,Delivered
513926,12421,2025-12-29,North,UPI,Delivered
513927,13160,2025-01-16,West,Credit Card,Delivered
513928,11145,2025-11-14,West,Debit Card,Delivered
513929,10660,2025-02-09,South,Credit Card,Delivered
513930,14431,2025-04-11,South,UPI,Cancelled
513931,13238,2025-04-04,South,Net Banking,Delivered
513932,10296,2025-02-27,North,Debit Card,Delivered
513933,14821,2025-07-16,North,Debit Card,Delivered
513934,13529,2025-04-16,South,Net Banking,Delivered
513935,10739,2025-12-16,Central,UPI,Delivered
513936,14859,2025-10-02,West,Credit Card,Delivered
513937,11869,2025-07-25,West,UPI,Shipped
513938,14921,2025-01-27,North,UPI,Delivered
513939,10521,2025-10-13,West,Debit Card,Delivered
513940,10784,2025-02-14,Central,Net Banking,Delivered
513941,13366,2025-02-05,South,UPI,Delivered
513942,10106,2025-11-02,South,Net Banking,Delivered
513943,10091,2025-12-16,West,UPI,Delivered
513944,14015,2025-02-07,West,Debit Card,Delivered
513945,10812,2025-08-27,West,Debit Card,Delivered
513946,14615,2025-12-03,West,Debit Card,Delivered
513947,12177,2025-03-15,South,Credit Card,Delivered
513948,14412,2025-09-29,South,UPI,Delivered
513949,12139,2025-06-28,West,UPI,Delivered
513950,12712,2025-06-16,South,UPI,Delivered
513951,11603,2025-09-08,North,Cash on Delivery,Delivered
513952,13368,2025-12-14,West,UPI,Delivered
513953,11610,2025-08-01,Central,UPI,Delivered
513954,11091,2025-08-08,North,Cash on Delivery,Delivered
513955,10405,2025-09-04,South,UPI,Delivered
513956,10289,2025-05-31,East,Net Banking,Delivered
513957,11537,2025-11-17,Central,Net Banking,Delivered
513958,13747,2025-11-01,North,Debit Card,Delivered
513959,11009,2025-07-01,North,Cash on Delivery,Delivered
513960,11511,2025-05-21,East,UPI,Delivered
513961,14558,2025-03-24,South,UPI,Delivered
513962,13257,2025-06-01,South,UPI,Cancelled
513963,14618,2025-04-14,West,UPI,Shipped
513964,14587,2025-06-26,South,Credit Card,Delivered
513965,10312,2025-05-03,North,Cash on Delivery,Delivered
513966,14785,2025-06-14,East,Credit Card,Delivered
513967,10250,2025-08-05,East,UPI,Delivered
513968,14639,2025-12-29,South,Cash on Delivery,Delivered
513969,12814,2025-10-09,South,Debit Card,Cancelled
513970,12734,2025-08-24,North,Cash on Delivery,Delivered
513971,13634,2025-09-16,South,Cash on Delivery,Delivered
513972,14433,2025-04-15,South,Cash on Delivery,Cancelled
513973,13163,2025-06-20,North,Debit Card,Delivered
513974,12173,2025-11-25,South,Credit Card,Delivered
513975,10566,2025-03-06,East,UPI,Delivered
513976,13996,2025-03-08,West,Cash on Delivery,Delivered
513977,10633,2025-05-22,Central,Credit Card,Shipped
513978,13697,2025-10-15,North,Cash on Delivery,Delivered
513979,12704,2025-07-15,South,Cash on Delivery,Returned
513980,11964,2025-07-07,North,Credit Card,Delivered
513981,13144,2025-04-11,Central,Net Banking,Shipped
513982,13917,2025-12-28,West,Credit Card,Delivered
513983,14721,2025-06-04,South,Debit Card,Delivered
513984,11345,2025-05-13,East,Credit Card,Delivered
513985,14758,2025-03-08,West,Cash on Delivery,Delivered
513986,14821,2025-07-31,North,Credit Card,Delivered
513987,14115,2025-06-18,North,UPI,Delivered
513988,14448,2025-04-18,North,Net Banking,Delivered
513989,13527,2025-01-02,North,Debit Card,Delivered
513990,10184,2025-02-12,East,UPI,Delivered
513991,12968,2025-05-09,East,Credit Card,Delivered
513992,13800,2025-06-25,North,Debit Card,Delivered
513993,14723,2025-10-08,South,Credit Card,Delivered
513994,12937,2025-03-31,West,Cash on Delivery,Delivered
513995,14027,2025-11-19,West,Cash on Delivery,Delivered
513996,13588,2025-09-09,West,Net Banking,Cancelled
513997,11416,2025-04-05,Central,Credit Card,Delivered
513998,10759,2025-04-01,East,Credit Card,Delivered
513999,13814,2025-07-24,South,Credit Card,Delivered
514000,11165,2025-12-11,West,Credit Card,Delivered
514001,11234,2025-02-25,North,UPI,Delivered
514002,13282,2025-02-28,North,Net Banking,Delivered
514003,13996,2025-08-18,West,Cash on Delivery,Delivered
514004,13005,2025-03-31,South,Credit Card,Shipped
514005,14470,2025-02-23,East,UPI,Delivered
514006,11038,2025-09-08,West,UPI,Delivered
514007,11278,2025-02-16,North,UPI,Delivered
514008,13249,2025-05-26,North,Cash on Delivery,Delivered
514009,14194,2025-07-28,West,UPI,Delivered
514010,12770,2025-02-15,West,UPI,Delivered
514011,10052,2025-04-28,South,Credit Card,Delivered
514012,13450,2025-08-05,South,UPI,Delivered
514013,14115,2025-05-02,North,Debit Card,Delivered
514014,11396,2025-06-03,West,Net Banking,Delivered
514015,10265,2025-01-18,East,UPI,Delivered
514016,12642,2025-11-01,West,Cash on Delivery,Cancelled
514017,10210,2025-07-12,East,Debit Card,Delivered
514018,12133,2025-06-07,West,UPI,Delivered
514019,10085,2025-04-07,West,Debit Card,Delivered
514020,11103,2025-06-02,East,UPI,Delivered
514021,11982,2025-10-08,East,Credit Card,Delivered
514022,10565,2025-02-04,North,UPI,Delivered
514023,10579,2025-04-17,West,Credit Card,Delivered
514024,14183,2025-12-04,North,Net Banking,Shipped
514025,10204,2025-09-27,West,Debit Card,Delivered
514026,13513,2025-06-12,East,UPI,Delivered
514027,14119,2025-02-03,North,UPI,Delivered
514028,10643,2025-01-07,West,Debit Card,Delivered
514029,10960,2025-08-16,East,Debit Card,Delivered
514030,13270,2025-07-07,South,UPI,Delivered
514031,11596,2025-10-17,North,Debit Card,Delivered
514032,12442,2025-09-26,North,Net Banking,Delivered
514033,14225,2025-09-17,West,Debit Card,Delivered
514034,10673,2025-02-17,North,Credit Card,Delivered
514035,13179,2025-04-18,North,Net Banking,Delivered
514036,14726,2025-05-21,South,Credit Card,Delivered
514037,10286,2025-08-03,East,Debit Card,Delivered
514038,10295,2025-12-15,South,Debit Card,Delivered
514039,12856,2025-02-02,West,Debit Card,Delivered
514040,14815,2025-01-23,South,Credit Card,Delivered
514041,11083,2025-03-08,West,Credit Card,Delivered
514042,11675,2025-06-09,North,Debit Card,Delivered
514043,10501,2025-01-03,West,UPI,Delivered
514044,11847,2025-05-04,West,UPI,Delivered
514045,10219,2025-11-08,West,UPI,Delivered
514046,11983,2025-07-15,West,UPI,Delivered
514047,12863,2025-02-02,South,UPI,Cancelled
514048,14882,2025-02-01,East,UPI,Delivered
514049,14137,2025-05-25,South,Net Banking,Delivered
514050,14159,2025-03-14,South,UPI,Delivered
514051,11125,2025-09-18,Central,UPI,Delivered
514052,10448,2025-10-04,South,Debit Card,Delivered
514053,13091,2025-09-16,Central,Credit Card,Delivered
514054,12656,2025-08-19,East,Cash on Delivery,Cancelled
514055,12638,2025-07-14,West,Debit Card,Delivered
514056,10547,2025-10-20,Central,UPI,Delivered
514057,12528,2025-08-24,West,Debit Card,Delivered
514058,10736,2025-10-18,Central,UPI,Delivered
514059,12160,2025-02-02,West,Debit Card,Delivered
514060,10302,2025-07-01,South,UPI,Shipped
514061,14325,2025-09-16,West,UPI,Returned
514062,10065,2025-06-25,West,UPI,Delivered
514063,14706,2025-05-26,East,Credit Card,Delivered
514064,14366,2025-05-11,West,Credit Card,Delivered
514065,13820,2025-04-03,Central,UPI,Delivered
514066,14910,2025-12-23,East,Cash on Delivery,Delivered
514067,10264,2025-05-13,South,Credit Card,Delivered
514068,13270,2025-01-09,South,Credit Card,Delivered
514069,14292,2025-07-23,East,Credit Card,Delivered
514070,10625,2025-01-16,South,Net Banking,Delivered
514071,13014,2025-12-13,West,Credit Card,Delivered
514072,12015,2025-03-14,West,Cash on Delivery,Delivered
514073,12232,2025-06-27,South,Net Banking,Delivered
514074,14593,2025-09-03,West,UPI,Delivered
514075,12764,2025-07-04,North,Net Banking,Delivered
514076,10476,2025-02-26,South,UPI,Delivered
514077,14695,2025-12-29,Central,UPI,Delivered
514078,10905,2025-03-27,South,UPI,Delivered
514079,14503,2025-01-17,North,UPI,Delivered
514080,14869,2025-11-17,South,Debit Card,Delivered
514081,14425,2025-11-09,West,Credit Card,Delivered
514082,13450,2025-07-10,South,Credit Card,Delivered
514083,13786,2025-07-14,South,Debit Card,Delivered
514084,13562,2025-01-05,West,Credit Card,Delivered
514085,12359,2025-06-24,South,Cash on Delivery,Delivered
514086,11383,2025-05-12,South,Debit Card,Delivered
514087,11436,2025-03-29,West,Credit Card,Delivered
514088,13725,2025-07-02,South,Credit Card,Delivered
514089,13201,2025-10-15,Central,Credit Card,Returned
514090,13014,2025-04-20,West,Cash on Delivery,Delivered
514091,13327,2025-03-07,North,UPI,Delivered
514092,13927,2025-04-10,South,UPI,Delivered
514093,13801,2025-11-23,West,Credit Card,Returned
514094,10526,2025-08-16,West,Cash on Delivery,Shipped
514095,11852,2025-08-20,South,Cash on Delivery,Delivered
514096,11341,2025-08-23,East,UPI,Delivered
514097,12762,2025-09-21,North,UPI,Delivered
514098,10298,2025-02-05,North,Net Banking,Delivered
514099,13875,2025-09-25,North,UPI,Delivered
514100,10532,2025-06-05,South,Credit Card,Delivered
514101,11369,2025-01-02,West,UPI,Delivered
514102,13963,2025-03-19,South,Credit Card,Delivered
514103,10251,2025-05-27,West,Net Banking,Delivered
514104,13374,2025-12-07,West,Credit Card,Shipped
514105,14634,2025-11-01,North,Net Banking,Delivered
514106,13164,2025-10-20,West,Credit Card,Delivered
514107,13633,2025-06-29,South,Debit Card,Delivered
514108,14016,2025-03-01,West,UPI,Delivered
514109,11090,2025-08-13,West,Credit Card,Delivered
514110,13001,2025-10-25,Central,Net Banking,Delivered
514111,11561,2025-09-20,North,Net Banking,Delivered
514112,11264,2025-10-25,West,UPI,Delivered
514113,10939,2025-07-04,Central,Cash on Delivery,Delivered
514114,13016,2025-09-29,South,Credit Card,Delivered
514115,14031,2025-04-25,East,UPI,Delivered
514116,14419,2025-10-27,East,Net Banking,Delivered
514117,12191,2025-02-07,North,Debit Card,Delivered
514118,11899,2025-09-13,North,Credit Card,Delivered
514119,13505,2025-08-22,North,Net Banking,Delivered
514120,13951,2025-10-28,Central,UPI,Delivered
514121,11283,2025-08-31,West,Credit Card,Delivered
514122,11505,2025-06-07,West,Cash on Delivery,Delivered
514123,12735,2025-12-16,Central,Debit Card,Returned
514124,12278,2025-07-31,North,Debit Card,Delivered
514125,13591,2025-10-18,North,UPI,Delivered
514126,12586,2025-03-02,North,UPI,Shipped
514127,10564,2025-05-13,West,Debit Card,Delivered
514128,10801,2025-04-19,North,Debit Card,Delivered
514129,14548,2025-11-30,East,Cash on Delivery,Delivered
514130,11120,2025-10-24,West,Net Banking,Delivered
514131,10240,2025-12-26,West,Credit Card,Delivered
514132,13726,2025-10-11,Central,Debit Card,Delivered
514133,13492,2025-05-18,South,Credit Card,Delivered
514134,13080,2025-04-28,South,Credit Card,Delivered
514135,12575,2025-05-05,South,Cash on Delivery,Delivered
514136,14859,2025-06-29,West,Debit Card,Delivered
514137,10604,2025-08-10,South,Cash on Delivery,Delivered
514138,12616,2025-06-09,Central,Net Banking,Delivered
514139,12900,2025-07-23,South,Debit Card,Shipped
514140,10109,2025-02-14,Central,Credit Card,Returned
514141,12112,2025-01-16,East,UPI,Delivered
514142,13964,2025-03-31,Central,Debit Card,Delivered
514143,12406,2025-10-18,East,Credit Card,Returned
514144,14419,2025-04-15,East,Debit Card,Delivered
514145,13285,2025-05-25,North,UPI,Delivered
514146,13888,2025-04-22,South,UPI,Cancelled
514147,14074,2025-08-03,Central,UPI,Cancelled
514148,13516,2025-06-27,North,Debit Card,Delivered
514149,13810,2025-01-21,South,Cash on Delivery,Delivered
514150,13544,2025-08-14,West,Cash on Delivery,Delivered
514151,12833,2025-02-15,North,Net Banking,Cancelled
514152,12917,2025-02-26,North,Cash on Delivery,Shipped
514153,10931,2025-09-18,Central,UPI,Delivered
514154,14187,2025-02-21,North,UPI,Delivered
514155,11574,2025-05-11,West,UPI,Delivered
514156,12747,2025-02-22,North,Debit Card,Delivered
514157,11264,2025-03-24,West,Cash on Delivery,Delivered
514158,13544,2025-01-18,West,Cash on Delivery,Delivered
514159,14882,2025-05-23,East,Net Banking,Delivered
514160,14062,2025-11-02,West,Debit Card,Delivered
514161,13174,2025-01-28,Central,UPI,Delivered
514162,12924,2025-10-29,East,UPI,Delivered
514163,12503,2025-04-23,North,Credit Card,Delivered
514164,11006,2025-04-26,South,UPI,Cancelled
514165,11776,2025-11-24,West,UPI,Delivered
514166,12083,2025-09-08,Central,Credit Card,Delivered
514167,14739,2025-04-23,East,Credit Card,Shipped
514168,12175,2025-04-04,North,Net Banking,Delivered
514169,13019,2025-01-01,South,Net Banking,Delivered
514170,14626,2025-07-02,West,Credit Card,Delivered
514171,12643,2025-11-10,South,Cash on Delivery,Cancelled
514172,11275,2025-05-29,South,Net Banking,Delivered
514173,11938,2025-02-25,East,Credit Card,Shipped
514174,11913,2025-03-11,North,Credit Card,Delivered
514175,13643,2025-05-25,West,UPI,Delivered
514176,11499,2025-03-19,East,Credit Card,Delivered
514177,13721,2025-05-15,South,UPI,Delivered
514178,14487,2025-03-20,North,Credit Card,Delivered
514179,11702,2025-11-24,North,Credit Card,Delivered
514180,10664,2025-09-05,East,UPI,Delivered
514181,13256,2025-06-25,South,Net Banking,Delivered
514182,11840,2025-01-10,South,UPI,Delivered
514183,12738,2025-08-09,North,Credit Card,Delivered
514184,13238,2025-05-07,South,UPI,Delivered
514185,12091,2025-02-10,North,UPI,Delivered
514186,14635,2025-07-09,North,Credit Card,Shipped
514187,12047,2025-04-17,North,Debit Card,Delivered
514188,11549,2025-06-13,East,Debit Card,Delivered
514189,14473,2025-06-27,Central,Credit Card,Delivered
514190,10668,2025-03-23,West,Debit Card,Delivered
514191,10613,2025-01-05,North,UPI,Delivered
514192,14691,2025-06-23,Central,Net Banking,Delivered
514193,11025,2025-11-29,North,Credit Card,Shipped
514194,10727,2025-10-23,South,Debit Card,Delivered
514195,12744,2025-09-24,West,UPI,Delivered
514196,10229,2025-04-28,North,Debit Card,Delivered
514197,13180,2025-07-19,Central,Cash on Delivery,Cancelled
514198,12310,2025-01-17,South,UPI,Delivered
514199,13266,2025-03-16,West,Debit Card,Shipped
514200,11429,2025-05-01,South,Credit Card,Shipped
514201,14558,2025-10-09,South,Credit Card,Delivered
514202,11368,2025-02-08,East,UPI,Delivered
514203,13251,2025-12-20,South,UPI,Delivered
514204,14745,2025-07-14,South,UPI,Delivered
514205,12056,2025-06-02,West,UPI,Cancelled
514206,10788,2025-12-10,East,Net Banking,Delivered
514207,10331,2025-09-02,South,Net Banking,Delivered
514208,14832,2025-04-26,North,Cash on Delivery,Delivered
514209,13879,2025-02-10,Central,Debit Card,Delivered
514210,14615,2025-04-14,West,Credit Card,Delivered
514211,13557,2025-09-05,West,Cash on Delivery,Delivered
514212,11738,2025-12-30,South,Net Banking,Delivered
514213,10610,2025-06-21,North,Debit Card,Delivered
514214,14662,2025-09-23,South,Credit Card,Returned
514215,12503,2025-11-25,North,Debit Card,Delivered
514216,12030,2025-05-29,West,Cash on Delivery,Delivered
514217,12982,2025-07-22,South,Net Banking,Cancelled
514218,10532,2025-01-25,South,UPI,Delivered
514219,11562,2025-10-05,North,UPI,Delivered
514220,13253,2025-01-11,North,UPI,Delivered
514221,10508,2025-09-18,West,Debit Card,Delivered
514222,10664,2025-01-06,East,UPI,Delivered
514223,12618,2025-08-13,West,Debit Card,Shipped
514224,13193,2025-09-29,Central,UPI,Delivered
514225,10912,2025-09-05,West,Credit Card,Delivered
514226,10157,2025-02-15,South,UPI,Delivered
514227,14804,2025-01-14,South,UPI,Delivered
514228,10135,2025-01-24,North,UPI,Delivered
514229,10011,2025-12-31,West,Net Banking,Delivered
514230,11639,2025-09-11,East,Cash on Delivery,Delivered
514231,11090,2025-11-28,West,UPI,Delivered
514232,12953,2025-09-19,North,Credit Card,Delivered
514233,14515,2025-09-04,West,UPI,Delivered
514234,12462,2025-10-04,South,Net Banking,Delivered
514235,13919,2025-04-22,East,Net Banking,Delivered
514236,14578,2025-07-20,Central,Net Banking,Delivered
514237,10929,2025-10-29,West,UPI,Delivered
514238,12496,2025-04-15,South,UPI,Delivered
514239,13274,2025-08-16,North,UPI,Delivered
514240,11681,2025-07-06,West,UPI,Delivered
514241,13766,2025-06-19,West,UPI,Delivered
514242,13588,2025-07-06,West,Cash on Delivery,Returned
514243,12155,2025-02-10,West,Cash on Delivery,Delivered
514244,10451,2025-11-19,North,UPI,Delivered
514245,10058,2025-12-05,South,Credit Card,Cancelled
514246,11876,2025-03-24,West,Cash on Delivery,Delivered
514247,10409,2025-11-17,West,UPI,Delivered
514248,13958,2025-12-08,South,Debit Card,Delivered
514249,11692,2025-05-27,Central,UPI,Delivered
514250,13397,2025-12-01,North,Credit Card,Delivered
514251,11762,2025-05-27,West,UPI,Delivered
514252,14036,2025-10-08,North,Debit Card,Delivered
514253,14485,2025-06-16,North,Debit Card,Delivered
514254,14233,2025-09-13,South,UPI,Delivered
514255,12479,2025-08-11,East,Credit Card,Shipped
514256,10423,2025-04-04,North,UPI,Delivered
514257,11890,2025-06-10,North,Debit Card,Delivered
514258,12169,2025-09-05,South,Credit Card,Delivered
514259,14817,2025-09-25,North,UPI,Delivered
514260,12913,2025-12-14,North,UPI,Delivered
514261,13268,2025-06-07,East,Credit Card,Delivered
514262,13961,2025-03-11,North,UPI,Delivered
514263,12926,2025-06-19,South,Net Banking,Delivered
514264,13073,2025-09-18,North,Cash on Delivery,Delivered
514265,11236,2025-08-03,West,UPI,Delivered
514266,10292,2025-11-12,South,Net Banking,Delivered
514267,13674,2025-03-19,Central,Credit Card,Shipped
514268,14289,2025-07-12,North,Net Banking,Delivered
514269,12112,2025-11-04,East,Debit Card,Delivered
514270,12823,2025-05-17,East,Cash on Delivery,Delivered
514271,11549,2025-05-24,East,Credit Card,Delivered
514272,12301,2025-02-04,West,Cash on Delivery,Delivered
514273,11025,2025-11-26,North,Net Banking,Cancelled
514274,13862,2025-09-29,West,Debit Card,Delivered
514275,12517,2025-06-10,East,Credit Card,Delivered
514276,12816,2025-11-03,Central,Debit Card,Cancelled
514277,10177,2025-11-13,North,Debit Card,Cancelled
514278,13189,2025-03-20,North,Credit Card,Delivered
514279,10993,2025-11-11,North,Credit Card,Delivered
514280,11951,2025-05-07,West,Cash on Delivery,Delivered
514281,12115,2025-12-25,West,Cash on Delivery,Delivered
514282,12297,2025-01-04,North,Debit Card,Delivered
514283,11122,2025-11-23,West,UPI,Delivered
514284,14297,2025-07-05,North,Debit Card,Delivered
514285,12190,2025-12-24,East,UPI,Returned
514286,13142,2025-03-03,West,UPI,Delivered
514287,13150,2025-12-20,South,Credit Card,Delivered
514288,13116,2025-10-08,South,UPI,Delivered
514289,12882,2025-11-23,North,Credit Card,Delivered
514290,14167,2025-10-08,South,UPI,Delivered
514291,14107,2025-05-03,South,Debit Card,Delivered
514292,12137,2025-11-18,South,Credit Card,Delivered
514293,13245,2025-10-09,Central,UPI,Delivered
514294,10519,2025-08-16,South,UPI,Shipped
514295,10465,2025-12-24,North,UPI,Delivered
514296,12458,2025-12-28,South,UPI,Returned
514297,14538,2025-07-02,East,UPI,Returned
514298,13309,2025-05-11,South,Credit Card,Delivered
514299,13418,2025-06-06,Central,Credit Card,Delivered
514300,10774,2025-07-05,West,Net Banking,Cancelled
514301,12312,2025-08-23,South,Credit Card,Delivered
514302,12056,2025-05-29,West,Credit Card,Delivered
514303,13967,2025-02-12,West,UPI,Delivered
514304,10673,2025-01-04,North,Credit Card,Delivered
514305,12768,2025-11-21,West,Net Banking,Delivered
514306,14587,2025-07-17,South,Credit Card,Delivered
514307,14501,2025-10-05,West,Credit Card,Delivered
514308,14307,2025-12-25,South,Credit Card,Returned
514309,11908,2025-01-06,West,UPI,Shipped
514310,14721,2025-05-30,South,UPI,Shipped
514311,14076,2025-09-29,West,UPI,Delivered
514312,14303,2025-06-13,North,UPI,Delivered
514313,14678,2025-06-27,West,UPI,Delivered
514314,14695,2025-02-27,Central,Debit Card,Delivered
514315,11200,2025-07-18,East,UPI,Delivered
514316,10629,2025-03-28,South,Debit Card,Shipped
514317,13525,2025-06-28,North,Debit Card,Delivered
514318,12900,2025-03-19,South,UPI,Shipped
514319,11661,2025-02-16,North,Debit Card,Cancelled
514320,13495,2025-05-14,Central,UPI,Delivered
514321,10302,2025-06-02,South,UPI,Delivered
514322,10229,2025-09-26,North,Debit Card,Delivered
514323,11812,2025-04-25,Central,Net Banking,Delivered
514324,10949,2025-02-22,North,Cash on Delivery,Delivered
514325,13660,2025-08-30,Central,Credit Card,Delivered
514326,14764,2025-11-19,South,Credit Card,Delivered
514327,13376,2025-10-14,South,Credit Card,Returned
514328,13349,2025-03-08,West,UPI,Delivered
514329,10035,2025-12-03,South,UPI,Delivered
514330,12624,2025-07-02,South,UPI,Delivered
514331,14133,2025-08-19,West,UPI,Delivered
514332,13338,2025-10-12,North,Debit Card,Delivered
514333,11125,2025-06-12,Central,UPI,Delivered
514334,14288,2025-04-14,North,UPI,Delivered
514335,14842,2025-06-12,North,Cash on Delivery,Delivered
514336,11407,2025-11-02,Central,UPI,Delivered
514337,11018,2025-10-13,North,Cash on Delivery,Delivered
514338,11725,2025-09-28,East,UPI,Delivered
514339,10309,2025-01-29,West,Credit Card,Delivered
514340,14412,2025-03-16,South,Credit Card,Delivered
514341,14662,2025-11-09,South,Credit Card,Delivered
514342,13236,2025-04-22,West,Debit Card,Cancelled
514343,13882,2025-09-05,North,Debit Card,Delivered
514344,13416,2025-11-03,West,Cash on Delivery,Returned
514345,11925,2025-11-20,East,Debit Card,Cancelled
514346,13231,2025-09-03,South,Debit Card,Shipped
514347,14226,2025-02-27,South,UPI,Delivered
514348,14095,2025-05-20,South,Credit Card,Delivered
514349,10405,2025-11-21,South,Credit Card,Delivered
514350,12363,2025-12-28,South,Debit Card,Delivered
514351,12035,2025-08-31,East,Credit Card,Delivered
514352,13820,2025-11-20,Central,UPI,Shipped
514353,12572,2025-10-19,North,Net Banking,Delivered
514354,11784,2025-09-07,South,UPI,Delivered
514355,13593,2025-05-10,South,UPI,Delivered
514356,12421,2025-10-18,North,Credit Card,Returned
514357,11303,2025-05-05,East,Net Banking,Delivered
514358,14492,2025-12-22,North,UPI,Delivered
514359,10573,2025-09-21,South,Debit Card,Delivered
514360,10086,2025-07-20,South,UPI,Delivered
514361,10702,2025-10-11,South,UPI,Shipped
514362,10797,2025-07-07,South,Cash on Delivery,Delivered
514363,12761,2025-12-26,South,Cash on Delivery,Delivered
514364,13199,2025-02-13,East,UPI,Delivered
514365,12297,2025-01-10,North,Cash on Delivery,Delivered
514366,11001,2025-01-05,West,Debit Card,Delivered
514367,10651,2025-12-23,South,UPI,Shipped
514368,12519,2025-06-24,East,Debit Card,Delivered
514369,12912,2025-06-08,East,Net Banking,Delivered
514370,11527,2025-09-01,East,Credit Card,Delivered
514371,11083,2025-01-29,West,Cash on Delivery,Delivered
514372,10403,2025-06-03,South,Credit Card,Delivered
514373,10128,2025-04-05,West,UPI,Delivered
514374,10528,2025-01-02,South,Debit Card,Delivered
514375,13778,2025-12-01,North,Debit Card,Delivered
514376,11744,2025-04-02,North,Debit Card,Shipped
514377,10135,2025-02-25,North,Net Banking,Delivered
514378,12600,2025-08-24,North,Credit Card,Shipped
514379,12748,2025-11-28,West,Debit Card,Delivered
514380,12191,2025-01-15,North,Cash on Delivery,Delivered
514381,10560,2025-03-26,South,UPI,Cancelled
514382,13836,2025-09-11,South,Credit Card,Delivered
514383,13513,2025-08-09,East,UPI,Delivered
514384,12023,2025-09-06,North,UPI,Delivered
514385,11937,2025-02-14,North,Credit Card,Delivered
514386,10765,2025-10-30,North,Net Banking,Delivered
514387,13830,2025-01-20,South,Credit Card,Cancelled
514388,13078,2025-05-04,Central,Credit Card,Delivered
514389,10432,2025-05-26,West,Net Banking,Delivered
514390,11928,2025-08-18,North,Cash on Delivery,Delivered
514391,14554,2025-12-01,North,Credit Card,Delivered
514392,12307,2025-03-02,South,UPI,Delivered
514393,11646,2025-05-01,West,Credit Card,Delivered
514394,13281,2025-09-13,West,Cash on Delivery,Shipped
514395,10993,2025-07-23,North,UPI,Delivered
514396,12675,2025-01-05,West,Credit Card,Delivered
514397,13420,2025-11-10,East,Credit Card,Delivered
514398,14320,2025-12-03,South,Cash on Delivery,Delivered
514399,13527,2025-03-18,North,Credit Card,Delivered
514400,11959,2025-11-12,West,Credit Card,Delivered
514401,13893,2025-05-21,East,UPI,Delivered
514402,14531,2025-04-10,North,Credit Card,Delivered
514403,12447,2025-07-27,West,Credit Card,Shipped
514404,10025,2025-10-23,South,UPI,Delivered
514405,14444,2025-07-14,North,Credit Card,Delivered
514406,10800,2025-06-29,West,Net Banking,Delivered
514407,10623,2025-09-15,East,UPI,Delivered
514408,11550,2025-07-14,South,UPI,Delivered
514409,11935,2025-05-19,South,UPI,Delivered
514410,14049,2025-01-11,South,Debit Card,Delivered
514411,11983,2025-09-23,West,Net Banking,Delivered
514412,10238,2025-01-28,North,Net Banking,Delivered
514413,13246,2025-04-29,South,Cash on Delivery,Delivered
514414,13424,2025-09-06,North,Credit Card,Delivered
514415,14118,2025-01-07,South,Credit Card,Delivered
514416,12042,2025-05-23,Central,Cash on Delivery,Delivered
514417,10436,2025-01-07,East,UPI,Returned
514418,12848,2025-02-24,Central,UPI,Returned
514419,10605,2025-01-20,North,Credit Card,Delivered
514420,10081,2025-01-03,West,UPI,Delivered
514421,13944,2025-01-20,West,Credit Card,Delivered
514422,12068,2025-09-23,North,Credit Card,Delivered
514423,12686,2025-08-15,South,Debit Card,Delivered
514424,13383,2025-12-12,South,Debit Card,Delivered
514425,12057,2025-12-16,South,Debit Card,Delivered
514426,10250,2025-08-06,East,Debit Card,Delivered
514427,11280,2025-06-14,South,Credit Card,Delivered
514428,10952,2025-12-06,East,Credit Card,Returned
514429,14892,2025-02-20,Central,Debit Card,Returned
514430,13766,2025-06-19,West,UPI,Delivered
514431,12303,2025-12-19,North,Debit Card,Cancelled
514432,10311,2025-01-30,West,Cash on Delivery,Delivered
514433,10585,2025-09-01,South,UPI,Delivered
514434,14108,2025-02-14,West,Credit Card,Cancelled
514435,14749,2025-08-03,South,Credit Card,Delivered
514436,10151,2025-12-22,West,Debit Card,Delivered
514437,14583,2025-01-23,North,UPI,Delivered
514438,11937,2025-02-22,North,Credit Card,Delivered
514439,11052,2025-02-11,South,Cash on Delivery,Delivered
514440,10518,2025-06-13,East,Credit Card,Delivered
514441,13913,2025-04-14,East,Credit Card,Delivered
514442,12396,2025-06-11,South,Debit Card,Delivered
514443,14203,2025-12-07,West,Net Banking,Delivered
514444,11110,2025-06-03,East,UPI,Delivered
514445,13464,2025-11-23,West,Net Banking,Cancelled
514446,10597,2025-01-03,South,Debit Card,Delivered
514447,10459,2025-02-12,West,Debit Card,Delivered
514448,10657,2025-02-23,Central,UPI,Delivered
514449,14090,2025-11-04,East,Credit Card,Delivered
514450,13357,2025-01-13,South,UPI,Delivered
514451,10801,2025-04-22,North,Credit Card,Delivered
514452,11960,2025-02-25,Central,Net Banking,Delivered
514453,13879,2025-04-14,Central,Credit Card,Delivered
514454,11439,2025-06-24,South,UPI,Delivered
514455,14624,2025-11-18,West,UPI,Shipped
514456,14599,2025-03-09,West,Credit Card,Delivered
514457,12848,2025-01-13,Central,Debit Card,Delivered
514458,13230,2025-10-13,West,Debit Card,Shipped
514459,13331,2025-11-28,North,Cash on Delivery,Delivered
514460,11312,2025-06-10,North,Net Banking,Delivered
514461,11869,2025-06-15,West,UPI,Delivered
514462,10667,2025-10-26,East,Debit Card,Delivered
514463,14635,2025-12-20,North,Credit Card,Delivered
514464,13689,2025-09-16,West,UPI,Delivered
514465,10226,2025-02-12,South,Credit Card,Delivered
514466,12827,2025-11-25,North,Debit Card,Delivered
514467,11743,2025-07-18,East,Credit Card,Cancelled
514468,14123,2025-05-12,West,Net Banking,Delivered
514469,11744,2025-04-02,North,Credit Card,Delivered
514470,13283,2025-02-01,North,UPI,Delivered
514471,10801,2025-09-14,North,Debit Card,Delivered
514472,12878,2025-02-05,South,Net Banking,Delivered
514473,11484,2025-10-09,East,UPI,Returned
514474,10799,2025-07-24,East,UPI,Delivered
514475,13175,2025-05-30,West,Debit Card,Delivered
514476,13256,2025-12-10,South,Credit Card,Delivered
514477,14916,2025-05-19,South,Cash on Delivery,Delivered
514478,13417,2025-10-08,West,Debit Card,Delivered
514479,12635,2025-12-01,South,Credit Card,Delivered
514480,14594,2025-06-22,South,Cash on Delivery,Delivered
514481,14189,2025-06-13,North,Credit Card,Shipped
514482,12822,2025-04-12,Central,Credit Card,Shipped
514483,12623,2025-10-17,North,Debit Card,Delivered
514484,14724,2025-10-15,South,Credit Card,Delivered
514485,13163,2025-04-12,North,Credit Card,Delivered
514486,13636,2025-06-02,North,Credit Card,Delivered
514487,10444,2025-05-01,East,Net Banking,Delivered
514488,13659,2025-02-26,West,UPI,Shipped
514489,11345,2025-04-17,East,UPI,Delivered
514490,10584,2025-08-27,North,UPI,Delivered
514491,14295,2025-01-21,West,Credit Card,Delivered
514492,13525,2025-03-14,North,UPI,Delivered
514493,12090,2025-12-07,Central,UPI,Delivered
514494,12203,2025-01-21,West,Net Banking,Delivered
514495,10966,2025-10-25,South,Debit Card,Delivered
514496,10049,2025-01-11,South,UPI,Delivered
514497,11781,2025-02-27,South,Credit Card,Delivered
514498,10727,2025-12-20,South,Cash on Delivery,Delivered
514499,12156,2025-08-28,South,Net Banking,Returned
514500,14211,2025-10-24,North,Debit Card,Delivered
514501,10582,2025-03-27,East,UPI,Delivered
514502,10469,2025-05-24,West,Credit Card,Shipped
514503,14548,2025-08-13,East,Debit Card,Delivered
514504,13788,2025-07-13,West,Credit Card,Delivered
514505,10258,2025-04-13,North,Credit Card,Shipped
514506,10401,2025-12-30,North,Credit Card,Delivered
514507,13495,2025-11-22,Central,UPI,Delivered
514508,11885,2025-06-11,East,UPI,Delivered
514509,13690,2025-10-29,Central,Net Banking,Returned
514510,12075,2025-02-17,Central,Net Banking,Returned
514511,14856,2025-08-22,South,Cash on Delivery,Cancelled
514512,13541,2025-10-20,South,Credit Card,Delivered
514513,10228,2025-01-22,North,Cash on Delivery,Shipped
514514,11674,2025-12-02,Central,Net Banking,Delivered
514515,12900,2025-05-15,South,Credit Card,Delivered
514516,10689,2025-06-24,Central,UPI,Returned
514517,10011,2025-11-29,West,Debit Card,Shipped
514518,10399,2025-08-30,South,Debit Card,Delivered
514519,12680,2025-01-17,West,Cash on Delivery,Delivered
514520,13231,2025-09-16,South,UPI,Delivered
514521,10472,2025-07-17,East,Credit Card,Delivered
514522,13393,2025-03-17,South,UPI,Delivered
514523,13163,2025-07-22,North,UPI,Delivered
514524,14714,2025-08-21,West,Credit Card,Delivered
514525,14249,2025-10-02,North,UPI,Delivered
514526,14734,2025-06-08,East,Net Banking,Delivered
514527,14848,2025-04-25,East,UPI,Delivered
514528,12257,2025-09-15,North,Credit Card,Delivered
514529,12492,2025-08-25,Central,Net Banking,Returned
514530,11417,2025-04-06,Central,UPI,Delivered
514531,12603,2025-05-08,West,Debit Card,Delivered
514532,10738,2025-10-01,Central,Cash on Delivery,Delivered
514533,13425,2025-11-07,Central,Credit Card,Delivered
514534,10125,2025-09-17,South,UPI,Delivered
514535,11176,2025-11-30,North,Cash on Delivery,Delivered
514536,11020,2025-03-19,East,UPI,Cancelled
514537,14696,2025-12-15,East,UPI,Delivered
514538,10708,2025-10-17,South,Net Banking,Delivered
514539,14492,2025-06-25,North,UPI,Delivered
514540,10615,2025-05-07,North,UPI,Delivered
514541,13313,2025-07-17,Central,Credit Card,Delivered
514542,11618,2025-12-29,South,UPI,Delivered
514543,11599,2025-07-23,South,Net Banking,Delivered
514544,14994,2025-02-14,South,UPI,Delivered
514545,11108,2025-12-15,North,Debit Card,Delivered
514546,10992,2025-06-13,North,Credit Card,Delivered
514547,13032,2025-04-08,South,Debit Card,Cancelled
514548,13768,2025-11-03,West,Credit Card,Delivered
514549,14910,2025-08-31,East,UPI,Delivered
514550,13574,2025-05-23,West,UPI,Returned
514551,12896,2025-05-17,Central,Credit Card,Delivered
514552,12097,2025-02-27,South,Debit Card,Delivered
514553,13057,2025-09-26,Central,Debit Card,Delivered
514554,13082,2025-06-18,West,Debit Card,Delivered
514555,11074,2025-04-18,West,Debit Card,Delivered
514556,13424,2025-02-13,North,UPI,Delivered
514557,11002,2025-03-27,East,UPI,Delivered
514558,12504,2025-10-13,East,Debit Card,Delivered
514559,11318,2025-03-18,West,UPI,Delivered
514560,11578,2025-08-30,East,UPI,Delivered
514561,13150,2025-08-12,South,Debit Card,Delivered
514562,10317,2025-11-10,North,Net Banking,Delivered
514563,10060,2025-12-05,North,UPI,Delivered
514564,10643,2025-06-12,West,Credit Card,Delivered
514565,10817,2025-05-02,East,UPI,Delivered
514566,10971,2025-06-26,South,UPI,Delivered
514567,13923,2025-07-06,South,Credit Card,Delivered
514568,12290,2025-09-01,Central,Debit Card,Delivered
514569,12399,2025-08-09,East,Credit Card,Delivered
514570,13283,2025-05-15,North,UPI,Delivered
514571,13715,2025-02-04,West,UPI,Delivered
514572,10019,2025-06-16,South,Cash on Delivery,Delivered
514573,14325,2025-09-19,West,Debit Card,Delivered
514574,14948,2025-11-30,Central,Debit Card,Delivered
514575,10607,2025-08-08,East,UPI,Delivered
514576,13318,2025-03-06,South,Cash on Delivery,Delivered
514577,10011,2025-04-20,West,UPI,Cancelled
514578,10238,2025-12-07,North,UPI,Delivered
514579,11436,2025-01-09,West,Credit Card,Delivered
514580,14280,2025-07-01,East,Credit Card,Delivered
514581,13326,2025-02-12,South,UPI,Delivered
514582,12283,2025-04-30,South,Debit Card,Shipped
514583,12245,2025-11-02,West,UPI,Delivered
514584,12379,2025-04-23,West,UPI,Delivered
514585,11570,2025-11-15,East,Credit Card,Delivered
514586,14425,2025-09-11,West,UPI,Delivered
514587,12924,2025-08-19,East,UPI,Returned
514588,12477,2025-05-16,North,Credit Card,Delivered
514589,12375,2025-06-17,South,Debit Card,Delivered
514590,14692,2025-06-28,West,Net Banking,Delivered
514591,13688,2025-09-11,East,UPI,Delivered
514592,10708,2025-02-16,South,Credit Card,Delivered
514593,12239,2025-05-22,West,Cash on Delivery,Returned
514594,11462,2025-10-08,West,Credit Card,Delivered
514595,14941,2025-03-26,South,Debit Card,Delivered
514596,12129,2025-04-03,South,UPI,Delivered
514597,10327,2025-06-08,Central,Debit Card,Delivered
514598,12106,2025-02-21,South,Net Banking,Delivered
514599,11626,2025-09-17,North,Cash on Delivery,Delivered
514600,13078,2025-04-28,Central,Cash on Delivery,Delivered
514601,11109,2025-02-15,South,UPI,Delivered
514602,10169,2025-06-06,South,UPI,Delivered
514603,10489,2025-07-12,South,Net Banking,Delivered
514604,11426,2025-04-06,West,Debit Card,Delivered
514605,11778,2025-09-14,South,Credit Card,Delivered
514606,14213,2025-11-20,South,UPI,Shipped
514607,11366,2025-07-06,West,UPI,Shipped
514608,10151,2025-08-20,West,UPI,Delivered
514609,13952,2025-09-11,South,Credit Card,Delivered
514610,14393,2025-03-19,North,Net Banking,Delivered
514611,12519,2025-06-29,East,UPI,Delivered
514612,11435,2025-09-05,North,Credit Card,Delivered
514613,13917,2025-11-30,West,Net Banking,Delivered
514614,10043,2025-09-03,South,Credit Card,Delivered
514615,14631,2025-05-10,South,Debit Card,Delivered
514616,14379,2025-01-21,East,UPI,Delivered
514617,12801,2025-10-12,East,UPI,Delivered
514618,11402,2025-03-17,South,Debit Card,Delivered
514619,10156,2025-12-04,North,UPI,Delivered
514620,14998,2025-06-09,East,UPI,Delivered
514621,13874,2025-06-18,East,UPI,Returned
514622,11727,2025-10-05,West,UPI,Delivered
514623,10093,2025-05-20,West,Cash on Delivery,Delivered
514624,13258,2025-11-09,South,UPI,Delivered
514625,14941,2025-01-08,South,Cash on Delivery,Delivered
514626,13604,2025-06-05,East,Net Banking,Delivered
514627,10422,2025-11-09,South,UPI,Delivered
514628,12060,2025-06-30,South,Credit Card,Delivered
514629,10547,2025-08-02,Central,UPI,Delivered
514630,14589,2025-07-23,South,Debit Card,Delivered
514631,11674,2025-08-29,Central,Credit Card,Delivered
514632,13736,2025-01-17,West,Credit Card,Delivered
514633,10428,2025-10-04,South,Debit Card,Delivered
514634,10633,2025-02-20,Central,Credit Card,Delivered
514635,13466,2025-07-31,West,Debit Card,Delivered
514636,14258,2025-02-23,South,Credit Card,Delivered
514637,10991,2025-11-12,North,Credit Card,Delivered
514638,12143,2025-02-13,West,UPI,Delivered
514639,13176,2025-11-29,West,Cash on Delivery,Shipped
514640,14037,2025-08-21,West,Credit Card,Delivered
514641,13208,2025-01-29,East,UPI,Delivered
514642,10486,2025-06-20,South,Credit Card,Delivered
514643,12786,2025-03-02,South,Credit Card,Delivered
514644,14468,2025-03-02,West,Net Banking,Delivered
514645,14388,2025-11-24,West,Cash on Delivery,Delivered
514646,13015,2025-01-20,Central,UPI,Delivered
514647,14981,2025-02-25,North,Cash on Delivery,Cancelled
514648,10523,2025-06-25,North,UPI,Delivered
514649,12453,2025-11-26,East,UPI,Cancelled
514650,13928,2025-09-06,South,Net Banking,Delivered
514651,10685,2025-07-23,South,UPI,Delivered
514652,14878,2025-07-03,South,Net Banking,Delivered
514653,11809,2025-02-15,East,Debit Card,Delivered
514654,11786,2025-02-14,Central,Net Banking,Cancelled
514655,11049,2025-02-11,South,Credit Card,Delivered
514656,11460,2025-01-08,North,Cash on Delivery,Delivered
514657,12981,2025-12-06,North,Debit Card,Delivered
514658,12192,2025-01-14,East,Credit Card,Delivered
514659,10946,2025-08-17,South,Cash on Delivery,Returned
514660,14093,2025-10-09,West,UPI,Delivered
514661,10303,2025-04-12,West,Credit Card,Delivered
514662,14215,2025-10-24,South,Debit Card,Returned
514663,11388,2025-08-25,Central,Credit Card,Delivered
514664,12538,2025-01-29,South,UPI,Delivered
514665,11939,2025-07-10,West,Credit Card,Delivered
514666,12938,2025-09-26,North,Net Banking,Delivered
514667,14037,2025-12-20,West,Credit Card,Shipped
514668,14955,2025-10-30,North,Debit Card,Delivered
514669,11539,2025-08-04,East,Debit Card,Shipped
514670,12852,2025-09-05,South,UPI,Delivered
514671,12379,2025-10-04,West,UPI,Delivered
514672,14997,2025-12-17,North,Net Banking,Delivered
514673,14090,2025-01-12,East,UPI,Delivered
514674,12035,2025-04-16,East,Credit Card,Shipped
514675,12442,2025-01-24,North,Cash on Delivery,Shipped
514676,11240,2025-10-04,North,Credit Card,Shipped
514677,13836,2025-01-04,South,Net Banking,Delivered
514678,14271,2025-10-08,South,UPI,Returned
514679,14844,2025-01-08,North,UPI,Delivered
514680,12914,2025-06-13,South,Credit Card,Returned
514681,13424,2025-10-17,North,Credit Card,Delivered
514682,12284,2025-04-24,West,Debit Card,Delivered
514683,13125,2025-02-19,North,Credit Card,Shipped
514684,11778,2025-08-26,South,Credit Card,Delivered
514685,13752,2025-12-13,West,Cash on Delivery,Delivered
514686,10111,2025-10-11,North,Debit Card,Delivered
514687,10139,2025-03-03,South,Cash on Delivery,Delivered
514688,13651,2025-12-15,East,UPI,Delivered
514689,14665,2025-05-07,South,Cash on Delivery,Delivered
514690,13231,2025-08-09,South,Debit Card,Delivered
514691,13697,2025-07-21,North,Cash on Delivery,Cancelled
514692,14171,2025-10-27,East,Debit Card,Delivered
514693,11844,2025-06-09,East,UPI,Returned
514694,10541,2025-01-08,North,Credit Card,Delivered
514695,14680,2025-05-05,East,UPI,Delivered
514696,14699,2025-03-31,South,UPI,Delivered
514697,12267,2025-09-01,North,Cash on Delivery,Delivered
514698,11072,2025-07-14,Central,Cash on Delivery,Delivered
514699,14501,2025-04-16,West,Cash on Delivery,Delivered
514700,13617,2025-07-25,North,UPI,Cancelled
514701,10040,2025-03-12,North,Credit Card,Delivered
514702,10538,2025-12-23,Central,Net Banking,Delivered
514703,14916,2025-02-01,South,UPI,Delivered
514704,10179,2025-06-15,West,Credit Card,Delivered
514705,11423,2025-07-31,East,UPI,Delivered
514706,12821,2025-01-10,East,Debit Card,Delivered
514707,10898,2025-12-01,West,Debit Card,Delivered
514708,11152,2025-07-17,Central,UPI,Returned
514709,11803,2025-09-04,West,Credit Card,Delivered
514710,11366,2025-08-05,West,Credit Card,Delivered
514711,14071,2025-05-09,Central,Net Banking,Delivered
514712,12564,2025-07-17,North,Debit Card,Delivered
514713,11406,2025-11-29,North,UPI,Returned
514714,11580,2025-03-16,North,UPI,Shipped
514715,10195,2025-03-31,East,Net Banking,Cancelled
514716,10240,2025-10-08,West,Cash on Delivery,Delivered
514717,13658,2025-02-21,West,Debit Card,Delivered
514718,10573,2025-11-04,South,Credit Card,Delivered
514719,12436,2025-01-12,Central,UPI,Delivered
514720,14255,2025-02-15,North,Debit Card,Delivered
514721,11873,2025-05-17,West,Debit Card,Delivered
514722,11759,2025-10-28,West,Cash on Delivery,Delivered
514723,14412,2025-10-19,South,Cash on Delivery,Delivered
514724,14374,2025-05-17,West,UPI,Cancelled
514725,14437,2025-04-07,North,Net Banking,Delivered
514726,12944,2025-06-11,South,UPI,Delivered
514727,14772,2025-03-29,East,Net Banking,Delivered
514728,14144,2025-02-22,East,UPI,Delivered
514729,12131,2025-04-19,Central,Credit Card,Shipped
514730,13218,2025-02-14,South,UPI,Delivered
514731,10606,2025-12-19,North,UPI,Delivered
514732,12840,2025-06-10,North,UPI,Delivered
514733,11335,2025-10-12,South,Debit Card,Delivered
514734,11428,2025-10-31,Central,Debit Card,Delivered
514735,10621,2025-03-23,South,Credit Card,Delivered
514736,11824,2025-11-11,South,Net Banking,Delivered
514737,12462,2025-11-14,South,Credit Card,Delivered
514738,13082,2025-09-12,West,Debit Card,Delivered
514739,11532,2025-10-18,Central,Credit Card,Shipped
514740,14016,2025-11-11,West,Credit Card,Delivered
514741,12655,2025-07-06,West,UPI,Shipped
514742,13253,2025-03-30,North,Debit Card,Delivered
514743,11403,2025-01-25,East,UPI,Delivered
514744,14117,2025-02-22,North,Credit Card,Delivered
514745,13197,2025-03-19,Central,Debit Card,Delivered
514746,14363,2025-04-24,Central,Credit Card,Delivered
514747,10784,2025-12-14,Central,UPI,Delivered
514748,11937,2025-11-08,North,Debit Card,Delivered
514749,10573,2025-09-15,South,Net Banking,Delivered
514750,11062,2025-05-25,West,Credit Card,Delivered
514751,12022,2025-07-15,South,Credit Card,Delivered
514752,14516,2025-10-31,North,Credit Card,Delivered
514753,12873,2025-12-14,West,Credit Card,Delivered
514754,11674,2025-04-12,Central,Credit Card,Returned
514755,13800,2025-10-17,North,Debit Card,Delivered
514756,10094,2025-12-18,North,UPI,Cancelled
514757,11882,2025-06-18,West,Credit Card,Delivered
514758,13082,2025-04-05,West,UPI,Cancelled
514759,13006,2025-09-19,North,UPI,Delivered
514760,13120,2025-09-19,East,Credit Card,Delivered
514761,11039,2025-01-28,East,Cash on Delivery,Delivered
514762,11712,2025-05-16,South,Credit Card,Delivered
514763,14672,2025-05-09,East,Credit Card,Delivered
514764,14879,2025-12-02,Central,Debit Card,Returned
514765,11572,2025-10-01,Central,Cash on Delivery,Delivered
514766,13284,2025-08-10,East,Credit Card,Cancelled
514767,11209,2025-12-02,East,Credit Card,Delivered
514768,11873,2025-05-03,West,Cash on Delivery,Delivered
514769,14017,2025-04-02,Central,Credit Card,Delivered
514770,12572,2025-01-11,North,Net Banking,Delivered
514771,14293,2025-01-06,North,Credit Card,Delivered
514772,13214,2025-08-16,East,UPI,Delivered
514773,13216,2025-01-22,North,Cash on Delivery,Delivered
514774,10160,2025-08-03,North,Debit Card,Cancelled
514775,13812,2025-10-11,East,Net Banking,Delivered
514776,14892,2025-04-25,Central,UPI,Delivered
514777,12418,2025-08-02,North,Debit Card,Delivered
514778,10778,2025-05-21,North,Debit Card,Delivered
514779,14888,2025-06-28,West,Credit Card,Delivered
514780,11466,2025-01-01,West,UPI,Shipped
514781,12098,2025-01-29,North,Credit Card,Delivered
514782,10384,2025-10-25,South,Debit Card,Delivered
514783,10561,2025-10-12,South,Debit Card,Delivered
514784,11069,2025-12-16,West,UPI,Delivered
514785,12821,2025-11-12,East,Credit Card,Delivered
514786,12875,2025-04-15,North,Credit Card,Delivered
514787,13111,2025-06-11,South,Net Banking,Delivered
514788,13009,2025-02-09,West,UPI,Shipped
514789,12536,2025-12-15,East,Net Banking,Delivered
514790,14063,2025-08-10,East,Net Banking,Delivered
514791,14685,2025-02-21,West,Debit Card,Delivered
514792,11366,2025-03-05,West,Cash on Delivery,Delivered
514793,10641,2025-01-04,West,Credit Card,Delivered
514794,12171,2025-01-18,South,UPI,Delivered
514795,10128,2025-12-08,West,UPI,Delivered
514796,14458,2025-01-10,East,Debit Card,Delivered
514797,11197,2025-09-27,South,UPI,Delivered
514798,12826,2025-12-17,North,Debit Card,Returned
514799,10582,2025-04-09,East,UPI,Delivered
514800,12848,2025-10-29,Central,UPI,Delivered
514801,10183,2025-07-13,North,UPI,Delivered
514802,13899,2025-11-13,West,Cash on Delivery,Delivered
514803,14786,2025-02-03,West,UPI,Delivered
514804,11547,2025-12-15,South,Net Banking,Delivered
514805,11311,2025-11-22,Central,Net Banking,Delivered
514806,12295,2025-03-06,West,UPI,Delivered
514807,13180,2025-06-12,Central,UPI,Delivered
514808,10926,2025-06-25,North,Credit Card,Delivered
514809,14071,2025-02-16,Central,Credit Card,Delivered
514810,10976,2025-08-06,South,Credit Card,Delivered
514811,10030,2025-08-09,South,Credit Card,Delivered
514812,12680,2025-01-11,West,Credit Card,Delivered
514813,10583,2025-07-09,South,Debit Card,Delivered
514814,13554,2025-03-27,East,Debit Card,Delivered
514815,10811,2025-02-02,North,UPI,Delivered
514816,14133,2025-04-05,West,Debit Card,Delivered
514817,12400,2025-11-26,North,Debit Card,Delivered
514818,12916,2025-06-30,North,UPI,Delivered
514819,10912,2025-10-11,West,Debit Card,Delivered
514820,10720,2025-01-23,Central,UPI,Delivered
514821,13224,2025-02-18,North,Debit Card,Delivered
514822,11291,2025-11-28,Central,Debit Card,Delivered
514823,11964,2025-08-09,North,UPI,Shipped
514824,12456,2025-01-02,South,Net Banking,Delivered
514825,11133,2025-03-18,North,Net Banking,Delivered
514826,14034,2025-12-22,South,Debit Card,Delivered
514827,14708,2025-04-21,East,Credit Card,Delivered
514828,12207,2025-06-03,West,UPI,Delivered
514829,14612,2025-05-25,North,Net Banking,Returned
514830,14453,2025-10-26,North,UPI,Delivered
514831,10802,2025-04-07,North,Credit Card,Delivered
514832,10838,2025-11-11,North,Credit Card,Delivered
514833,12445,2025-08-02,East,UPI,Delivered
514834,12689,2025-11-18,North,Debit Card,Delivered
514835,11737,2025-03-15,East,Cash on Delivery,Delivered
514836,11578,2025-10-22,East,Credit Card,Delivered
514837,12203,2025-01-26,West,Credit Card,Delivered
514838,13522,2025-08-10,Central,Credit Card,Delivered
514839,10425,2025-07-22,West,UPI,Delivered
514840,13627,2025-10-05,North,UPI,Delivered
514841,14640,2025-12-10,Central,Net Banking,Delivered
514842,13876,2025-01-29,Central,Cash on Delivery,Delivered
514843,10936,2025-04-25,West,Net Banking,Delivered
514844,10448,2025-09-23,South,UPI,Delivered
514845,12506,2025-04-20,North,Debit Card,Delivered
514846,14795,2025-06-02,North,Credit Card,Delivered
514847,14145,2025-04-28,South,Net Banking,Delivered
514848,12898,2025-05-03,Central,Net Banking,Delivered
514849,10698,2025-07-24,West,Credit Card,Delivered
514850,13636,2025-11-18,North,UPI,Delivered
514851,14108,2025-09-08,West,UPI,Delivered
514852,14689,2025-05-14,South,Debit Card,Delivered
514853,13142,2025-09-09,West,UPI,Delivered
514854,12629,2025-01-01,North,Cash on Delivery,Delivered
514855,13175,2025-10-11,West,UPI,Delivered
514856,14734,2025-08-02,East,Cash on Delivery,Delivered
514857,13208,2025-05-04,East,Credit Card,Delivered
514858,11306,2025-07-16,South,Debit Card,Delivered
514859,13247,2025-01-20,North,Credit Card,Returned
514860,14436,2025-11-28,South,Debit Card,Cancelled
514861,12919,2025-12-13,West,UPI,Delivered
514862,12579,2025-11-10,West,Net Banking,Delivered
514863,13736,2025-06-18,West,Net Banking,Delivered
514864,13374,2025-04-08,West,Net Banking,Returned
514865,10280,2025-05-26,South,Credit Card,Delivered
514866,13693,2025-06-11,South,Debit Card,Cancelled
514867,12090,2025-03-07,Central,Credit Card,Delivered
514868,14721,2025-09-02,South,UPI,Shipped
514869,14869,2025-12-25,South,UPI,Delivered
514870,12297,2025-11-17,North,UPI,Returned
514871,14859,2025-05-06,West,UPI,Delivered
514872,11567,2025-08-08,North,UPI,Delivered
514873,13484,2025-12-27,North,Credit Card,Delivered
514874,10369,2025-10-10,West,Credit Card,Shipped
514875,10708,2025-01-30,South,UPI,Shipped
514876,14374,2025-03-27,West,Cash on Delivery,Delivered
514877,14512,2025-11-28,North,Net Banking,Delivered
514878,12729,2025-09-13,South,UPI,Delivered
514879,11731,2025-08-13,North,Credit Card,Delivered
514880,12302,2025-10-24,West,Debit Card,Shipped
514881,14396,2025-08-28,East,UPI,Delivered
514882,11034,2025-09-14,East,UPI,Delivered
514883,11489,2025-05-13,North,UPI,Delivered
514884,13976,2025-05-13,East,Debit Card,Shipped
514885,14689,2025-03-12,South,Cash on Delivery,Delivered
514886,10472,2025-12-06,East,Credit Card,Shipped
514887,14072,2025-10-09,East,Cash on Delivery,Delivered
514888,13287,2025-11-01,South,Cash on Delivery,Delivered
514889,11143,2025-11-22,East,Debit Card,Delivered
514890,13841,2025-03-31,East,Credit Card,Delivered
514891,13703,2025-11-13,South,Debit Card,Shipped
514892,10689,2025-09-16,Central,Net Banking,Delivered
514893,12575,2025-06-16,South,Cash on Delivery,Delivered
514894,13851,2025-03-19,Central,Debit Card,Shipped
514895,10935,2025-06-26,South,Credit Card,Delivered
514896,12363,2025-09-27,South,Credit Card,Delivered
514897,10605,2025-01-20,North,UPI,Delivered
514898,11546,2025-05-17,North,UPI,Delivered
514899,11075,2025-07-10,South,UPI,Delivered
514900,12589,2025-09-19,West,Net Banking,Delivered
514901,10685,2025-04-12,South,UPI,Delivered
514902,11948,2025-04-15,Central,UPI,Delivered
514903,11391,2025-10-26,East,Credit Card,Delivered
514904,13793,2025-11-16,East,UPI,Delivered
514905,13562,2025-04-07,West,Cash on Delivery,Delivered
514906,10485,2025-10-27,South,Cash on Delivery,Delivered
514907,14779,2025-01-05,East,Debit Card,Delivered
514908,13788,2025-05-21,West,Net Banking,Delivered
514909,13160,2025-05-23,West,UPI,Delivered
514910,12446,2025-08-25,South,Credit Card,Returned
514911,10864,2025-07-03,South,Cash on Delivery,Delivered
514912,14827,2025-07-20,North,UPI,Delivered
514913,10039,2025-12-12,West,Cash on Delivery,Delivered
514914,13527,2025-01-30,North,UPI,Delivered
514915,12597,2025-11-08,West,Debit Card,Delivered
514916,14550,2025-05-04,South,Net Banking,Delivered
514917,11937,2025-11-20,North,Debit Card,Delivered
514918,12645,2025-05-05,West,UPI,Delivered
514919,13780,2025-10-30,South,Net Banking,Delivered
514920,10230,2025-10-11,South,UPI,Delivered
514921,10265,2025-10-20,East,Credit Card,Delivered
514922,11040,2025-11-26,West,UPI,Delivered
514923,10715,2025-03-14,South,Credit Card,Delivered
514924,10034,2025-09-08,East,Credit Card,Delivered
514925,13191,2025-05-07,Central,UPI,Delivered
514926,14036,2025-10-19,North,Debit Card,Delivered
514927,14799,2025-08-10,South,UPI,Delivered
514928,12259,2025-11-27,North,Credit Card,Cancelled
514929,11410,2025-06-02,North,Net Banking,Delivered
514930,14371,2025-11-27,West,Credit Card,Delivered
514931,14267,2025-10-24,West,Net Banking,Delivered
514932,13199,2025-07-02,East,Credit Card,Delivered
514933,11375,2025-03-10,West,Cash on Delivery,Cancelled
514934,14573,2025-08-07,South,UPI,Delivered
514935,10871,2025-02-26,North,Net Banking,Delivered
514936,10214,2025-01-03,East,Debit Card,Delivered
514937,14040,2025-10-31,West,Debit Card,Delivered
514938,12900,2025-02-28,South,UPI,Delivered
514939,11242,2025-10-19,South,Debit Card,Shipped
514940,13424,2025-07-02,North,Debit Card,Delivered
514941,13890,2025-03-20,East,UPI,Delivered
514942,14268,2025-11-29,North,Net Banking,Shipped
514943,11421,2025-06-18,Central,Credit Card,Delivered
514944,10127,2025-03-15,Central,UPI,Delivered
514945,12616,2025-02-28,Central,Credit Card,Cancelled
514946,14323,2025-06-11,West,UPI,Returned
514947,11019,2025-01-30,North,UPI,Delivered
514948,12155,2025-03-30,West,Cash on Delivery,Delivered
514949,11300,2025-11-14,West,Debit Card,Delivered
514950,10067,2025-03-11,West,UPI,Shipped
514951,14532,2025-11-07,East,Debit Card,Delivered
514952,10662,2025-12-23,East,Net Banking,Delivered
514953,13890,2025-04-10,East,UPI,Shipped
514954,11764,2025-04-06,South,Cash on Delivery,Delivered
514955,11402,2025-10-05,South,Net Banking,Delivered
514956,14721,2025-12-19,South,Net Banking,Delivered
514957,13363,2025-01-22,Central,Debit Card,Delivered
514958,13505,2025-12-22,North,UPI,Delivered
514959,13861,2025-03-23,North,UPI,Delivered
514960,11737,2025-08-08,East,UPI,Delivered
514961,12900,2025-10-06,South,Cash on Delivery,Delivered
514962,11367,2025-03-15,West,UPI,Delivered
514963,14213,2025-03-07,South,Debit Card,Delivered
514964,13074,2025-09-27,South,Cash on Delivery,Delivered
514965,11227,2025-05-27,West,Cash on Delivery,Delivered
514966,14536,2025-11-21,South,Credit Card,Delivered
514967,13001,2025-09-07,Central,Debit Card,Delivered
514968,12535,2025-06-25,West,Debit Card,Delivered
514969,10165,2025-04-06,West,Credit Card,Returned
514970,14579,2025-11-26,Central,Credit Card,Returned
514971,14772,2025-05-13,East,UPI,Shipped
514972,12897,2025-07-25,North,Debit Card,Delivered
514973,12270,2025-08-22,East,UPI,Delivered
514974,11836,2025-06-20,North,UPI,Delivered
514975,11357,2025-11-27,South,UPI,Delivered
514976,12964,2025-06-16,West,UPI,Cancelled
514977,10631,2025-12-24,Central,Net Banking,Delivered
514978,14615,2025-11-11,West,Net Banking,Shipped
514979,10857,2025-08-25,South,Debit Card,Delivered
514980,13790,2025-08-26,North,Cash on Delivery,Returned
514981,11546,2025-04-04,North,Debit Card,Delivered
514982,11109,2025-06-29,South,Debit Card,Delivered
514983,12875,2025-12-16,North,Net Banking,Delivered
514984,13884,2025-08-27,North,UPI,Delivered
514985,13699,2025-07-22,South,Credit Card,Delivered
514986,11165,2025-08-02,West,Debit Card,Delivered
514987,11674,2025-09-23,Central,UPI,Delivered
514988,14393,2025-04-17,North,UPI,Delivered
514989,13686,2025-12-05,South,Cash on Delivery,Delivered
514990,13633,2025-09-28,South,Cash on Delivery,Delivered
514991,11362,2025-11-12,West,Credit Card,Delivered
514992,14015,2025-02-04,West,UPI,Delivered
514993,11826,2025-02-04,East,Credit Card,Delivered
514994,12058,2025-01-01,North,UPI,Delivered
514995,11454,2025-02-16,South,Net Banking,Delivered
514996,10605,2025-04-19,North,Cash on Delivery,Delivered
514997,12152,2025-04-21,South,Credit Card,Shipped
514998,10081,2025-09-02,West,Debit Card,Delivered
514999,12327,2025-10-01,North,UPI,Delivered
515000,13693,2025-01-26,South,Credit Card,Delivered
515001,14818,2025-11-12,East,UPI,Delivered
515002,10393,2025-05-26,West,Debit Card,Delivered
515003,11417,2025-11-15,Central,UPI,Delivered
515004,12529,2025-02-10,West,Net Banking,Cancelled
515005,10825,2025-07-29,West,Debit Card,Delivered
515006,10590,2025-02-12,Central,Cash on Delivery,Delivered
515007,12307,2025-08-12,South,Cash on Delivery,Delivered
515008,13000,2025-10-21,East,UPI,Delivered
515009,14153,2025-09-07,West,Credit Card,Delivered
515010,14991,2025-06-04,North,UPI,Delivered
515011,13925,2025-06-26,West,Credit Card,Delivered
515012,11083,2025-11-08,West,Credit Card,Delivered
515013,13800,2025-06-26,North,Debit Card,Delivered
515014,12753,2025-07-31,North,Cash on Delivery,Shipped
515015,12302,2025-07-07,West,Debit Card,Delivered
515016,14691,2025-12-21,Central,Net Banking,Delivered
515017,13575,2025-03-28,North,Credit Card,Delivered
515018,13476,2025-11-08,North,UPI,Delivered
515019,10059,2025-07-23,West,Credit Card,Delivered
515020,14374,2025-04-27,West,Cash on Delivery,Delivered
515021,14024,2025-08-15,South,UPI,Cancelled
515022,11511,2025-03-03,East,UPI,Delivered
515023,11474,2025-04-10,West,UPI,Delivered
515024,10262,2025-06-19,West,Cash on Delivery,Delivered
515025,10248,2025-06-05,East,Credit Card,Cancelled
515026,13416,2025-02-06,West,UPI,Delivered
515027,10910,2025-10-03,North,Cash on Delivery,Delivered
515028,14630,2025-02-04,West,Net Banking,Delivered
515029,14255,2025-11-23,North,Net Banking,Delivered
515030,11779,2025-12-20,West,Cash on Delivery,Delivered
515031,11935,2025-09-19,South,Net Banking,Delivered
515032,11660,2025-01-19,West,Cash on Delivery,Delivered
515033,10470,2025-12-28,Central,Debit Card,Delivered
515034,10151,2025-01-08,West,UPI,Delivered
515035,12306,2025-09-29,South,UPI,Delivered
515036,14732,2025-01-24,West,Debit Card,Delivered
515037,14610,2025-05-21,East,Credit Card,Delivered
515038,14095,2025-04-29,South,UPI,Delivered
515039,13212,2025-01-09,East,Net Banking,Shipped
515040,14323,2025-06-17,West,Credit Card,Delivered
515041,12633,2025-09-20,East,Credit Card,Delivered
515042,10879,2025-07-27,South,Debit Card,Delivered
515043,13493,2025-10-15,South,Credit Card,Returned
515044,14622,2025-03-01,East,Net Banking,Delivered
515045,10093,2025-12-15,West,Cash on Delivery,Delivered
515046,11275,2025-12-29,South,Credit Card,Delivered
515047,11347,2025-02-20,West,UPI,Delivered
515048,10502,2025-02-09,South,UPI,Delivered
515049,11104,2025-12-01,North,Debit Card,Delivered
515050,11957,2025-09-24,East,UPI,Delivered
515051,14714,2025-11-25,West,Debit Card,Shipped
515052,14345,2025-01-16,West,Credit Card,Delivered
515053,14754,2025-10-08,West,UPI,Delivered
515054,10605,2025-07-21,North,Credit Card,Delivered
515055,10136,2025-03-25,Central,UPI,Delivered
515056,10554,2025-10-24,Central,UPI,Delivered
515057,14599,2025-03-06,West,Cash on Delivery,Delivered
515058,10773,2025-06-09,West,UPI,Delivered
515059,12950,2025-04-14,West,Credit Card,Delivered
515060,11125,2025-12-17,Central,Debit Card,Delivered
515061,10096,2025-06-25,South,Debit Card,Returned
515062,10428,2025-02-23,South,Credit Card,Delivered
515063,13625,2025-05-05,South,UPI,Delivered
515064,10888,2025-03-16,South,Credit Card,Delivered
515065,11131,2025-05-02,East,Net Banking,Delivered
515066,11924,2025-02-10,North,Cash on Delivery,Delivered
515067,13365,2025-12-05,West,Debit Card,Delivered
515068,12399,2025-03-02,East,Credit Card,Delivered
515069,14739,2025-05-15,East,Cash on Delivery,Delivered
515070,12220,2025-04-12,Central,UPI,Delivered
515071,10979,2025-02-22,North,UPI,Returned
515072,12748,2025-08-16,West,Credit Card,Delivered
515073,12302,2025-12-19,West,UPI,Delivered
515074,13987,2025-04-10,West,UPI,Delivered
515075,14689,2025-11-13,South,UPI,Shipped
515076,14226,2025-12-15,South,Debit Card,Shipped
515077,11983,2025-02-04,West,Debit Card,Delivered
515078,11068,2025-09-16,West,UPI,Delivered
515079,14599,2025-11-16,West,Credit Card,Shipped
515080,11964,2025-05-19,North,Credit Card,Delivered
515081,13906,2025-05-10,North,Credit Card,Shipped
515082,14955,2025-10-23,North,UPI,Delivered
515083,12980,2025-04-16,North,Net Banking,Delivered
515084,12458,2025-04-09,South,UPI,Returned
515085,13562,2025-09-19,West,UPI,Cancelled
515086,10949,2025-12-20,North,Debit Card,Delivered
515087,12495,2025-01-21,South,Cash on Delivery,Delivered
515088,11575,2025-08-12,West,UPI,Delivered
515089,10798,2025-07-02,South,Credit Card,Delivered
515090,13128,2025-12-06,North,Credit Card,Shipped
515091,12970,2025-12-21,South,Credit Card,Delivered
515092,13867,2025-07-10,East,Net Banking,Delivered
515093,14412,2025-11-04,South,Debit Card,Returned
515094,11082,2025-10-20,North,UPI,Shipped
515095,13947,2025-07-17,East,Debit Card,Cancelled
515096,11872,2025-09-02,South,UPI,Delivered
515097,13215,2025-01-09,West,UPI,Delivered
515098,14297,2025-05-03,North,Credit Card,Delivered
515099,11297,2025-02-01,West,Credit Card,Shipped
515100,13084,2025-12-24,West,Net Banking,Delivered
515101,12460,2025-04-22,North,Cash on Delivery,Delivered
515102,14004,2025-07-31,North,UPI,Delivered
515103,13549,2025-09-16,Central,Debit Card,Shipped
515104,13905,2025-10-04,West,Credit Card,Delivered
515105,11459,2025-11-24,North,Debit Card,Delivered
515106,13587,2025-04-26,West,Debit Card,Returned
515107,13107,2025-08-26,South,UPI,Delivered
515108,12334,2025-06-24,North,Net Banking,Delivered
515109,11928,2025-01-21,North,Credit Card,Delivered
515110,11679,2025-10-25,North,Cash on Delivery,Delivered
515111,10049,2025-12-18,South,Credit Card,Delivered
515112,10822,2025-05-25,North,UPI,Delivered
515113,10293,2025-02-09,East,Cash on Delivery,Cancelled
515114,14288,2025-02-27,North,Net Banking,Returned
515115,14342,2025-04-25,West,Cash on Delivery,Delivered
515116,14280,2025-02-11,East,Cash on Delivery,Delivered
515117,14133,2025-12-09,West,UPI,Cancelled
515118,11083,2025-11-09,West,Net Banking,Delivered
515119,12517,2025-02-05,East,Debit Card,Delivered
515120,14571,2025-09-10,South,Credit Card,Delivered
515121,13862,2025-02-21,West,UPI,Delivered
515122,10010,2025-12-11,South,Debit Card,Delivered
515123,12349,2025-01-10,West,Net Banking,Delivered
515124,10055,2025-06-01,North,Debit Card,Cancelled
515125,11415,2025-11-30,West,UPI,Delivered
515126,12230,2025-05-28,North,UPI,Delivered
515127,14503,2025-02-21,North,Debit Card,Delivered
515128,13342,2025-09-04,South,Credit Card,Delivered
515129,11850,2025-09-27,West,Credit Card,Delivered
515130,12508,2025-03-14,North,Credit Card,Delivered
515131,14133,2025-09-07,West,Debit Card,Delivered
515132,11514,2025-06-11,South,Credit Card,Delivered
515133,13156,2025-03-25,South,Credit Card,Delivered
515134,11332,2025-11-19,West,Credit Card,Delivered
515135,12458,2025-04-22,South,Credit Card,Delivered
515136,10120,2025-04-13,South,Debit Card,Delivered
515137,14307,2025-01-12,South,UPI,Delivered
515138,10235,2025-10-25,North,Debit Card,Delivered
515139,11099,2025-08-15,South,UPI,Delivered
515140,11688,2025-08-20,North,Credit Card,Delivered
515141,13200,2025-05-17,South,Debit Card,Returned
515142,13664,2025-02-20,West,UPI,Delivered
515143,10403,2025-02-06,South,Debit Card,Delivered
515144,10214,2025-05-30,East,UPI,Delivered
515145,14046,2025-05-17,West,Debit Card,Delivered
515146,13631,2025-04-26,East,Debit Card,Returned
515147,14201,2025-03-04,South,Debit Card,Delivered
515148,13448,2025-12-07,South,Net Banking,Delivered
515149,13815,2025-11-25,South,Credit Card,Delivered
515150,11932,2025-10-10,West,Net Banking,Delivered
515151,13036,2025-04-26,West,UPI,Delivered
515152,14076,2025-10-30,West,Credit Card,Delivered
515153,10832,2025-11-25,Central,Cash on Delivery,Delivered
515154,12162,2025-10-11,West,Net Banking,Delivered
515155,13768,2025-02-04,West,Debit Card,Delivered
515156,12729,2025-12-29,South,Debit Card,Delivered
515157,13476,2025-06-15,North,UPI,Delivered
515158,11479,2025-04-06,West,Cash on Delivery,Delivered
515159,10153,2025-06-18,South,UPI,Delivered
515160,10140,2025-11-19,North,UPI,Delivered
515161,14730,2025-07-03,West,UPI,Delivered
515162,14739,2025-05-17,East,Credit Card,Delivered
515163,11036,2025-02-20,Central,Debit Card,Delivered
515164,10722,2025-08-16,West,Credit Card,Delivered
515165,10086,2025-03-18,South,Net Banking,Delivered
515166,11147,2025-08-14,Central,UPI,Delivered
515167,11692,2025-07-27,Central,UPI,Shipped
515168,11209,2025-06-12,East,UPI,Delivered
515169,14042,2025-01-16,South,UPI,Delivered
515170,13810,2025-06-17,South,Net Banking,Delivered
515171,10404,2025-11-21,North,UPI,Delivered
515172,13549,2025-01-08,Central,Credit Card,Delivered
515173,12654,2025-06-10,North,Credit Card,Returned
515174,10651,2025-08-10,South,UPI,Delivered
515175,13766,2025-06-15,West,Net Banking,Shipped
515176,10436,2025-11-08,East,Debit Card,Delivered
515177,10860,2025-08-18,Central,UPI,Delivered
515178,10730,2025-01-20,East,Credit Card,Delivered
515179,14704,2025-02-21,North,UPI,Delivered
515180,13553,2025-11-17,West,Debit Card,Delivered
515181,12106,2025-03-07,South,Credit Card,Delivered
515182,14162,2025-10-02,North,Net Banking,Delivered
515183,11067,2025-08-21,West,Debit Card,Delivered
515184,14670,2025-12-18,North,Net Banking,Delivered
515185,13548,2025-10-03,South,Net Banking,Delivered
515186,12882,2025-12-29,North,UPI,Delivered
515187,14031,2025-11-04,East,Credit Card,Delivered
515188,13285,2025-05-22,North,UPI,Delivered
515189,14482,2025-05-02,South,UPI,Delivered
515190,14194,2025-07-24,West,UPI,Delivered
515191,10971,2025-04-01,South,Credit Card,Delivered
515192,11197,2025-05-02,South,Net Banking,Delivered
515193,10321,2025-07-06,West,UPI,Delivered
515194,11082,2025-03-21,North,Debit Card,Delivered
515195,11744,2025-06-05,North,UPI,Delivered
515196,10140,2025-09-16,North,Credit Card,Delivered
515197,11591,2025-05-07,West,UPI,Delivered
515198,13913,2025-01-04,East,Debit Card,Delivered
515199,14248,2025-08-01,North,Cash on Delivery,Delivered
515200,10043,2025-03-10,South,Credit Card,Shipped
515201,10036,2025-12-27,Central,Credit Card,Cancelled
515202,10714,2025-08-19,North,Cash on Delivery,Shipped
515203,14409,2025-10-06,East,Credit Card,Delivered
515204,12398,2025-03-01,North,Credit Card,Shipped
515205,14915,2025-10-10,South,Debit Card,Delivered
515206,14482,2025-04-29,South,Credit Card,Delivered
515207,14490,2025-11-02,North,Debit Card,Delivered
515208,10635,2025-09-25,South,Credit Card,Delivered
515209,12431,2025-05-18,Central,Debit Card,Shipped
515210,14972,2025-02-18,West,Net Banking,Delivered
515211,10729,2025-08-18,West,Debit Card,Delivered
515212,12961,2025-08-08,East,UPI,Cancelled
515213,11748,2025-12-29,West,Credit Card,Delivered
515214,11974,2025-02-04,North,Cash on Delivery,Delivered
515215,14492,2025-07-01,North,UPI,Delivered
515216,13024,2025-04-30,South,Debit Card,Shipped
515217,13853,2025-10-03,North,Net Banking,Delivered
515218,13433,2025-09-25,South,Debit Card,Delivered
515219,12706,2025-09-16,North,UPI,Delivered
515220,14013,2025-09-15,North,UPI,Delivered
515221,14869,2025-10-05,South,Credit Card,Delivered
515222,14851,2025-10-18,North,UPI,Delivered
515223,13996,2025-08-25,West,Credit Card,Delivered
515224,12490,2025-09-01,North,UPI,Delivered
515225,10795,2025-01-09,South,Net Banking,Cancelled
515226,10220,2025-12-09,North,Net Banking,Delivered
515227,11151,2025-09-11,East,UPI,Delivered
515228,11733,2025-09-30,East,Net Banking,Delivered
515229,10640,2025-05-22,East,Debit Card,Delivered
515230,11102,2025-09-01,South,Credit Card,Delivered
515231,10420,2025-04-14,South,UPI,Delivered
515232,12674,2025-07-05,North,Debit Card,Delivered
515233,10623,2025-02-05,East,UPI,Delivered
515234,13782,2025-06-10,South,Credit Card,Delivered
515235,11685,2025-03-05,South,UPI,Shipped
515236,13428,2025-05-21,East,Net Banking,Delivered
515237,14453,2025-06-11,North,Credit Card,Delivered
515238,10436,2025-05-13,East,Debit Card,Delivered
515239,14952,2025-04-21,West,Credit Card,Delivered
515240,13287,2025-07-19,South,Cash on Delivery,Delivered
515241,10261,2025-10-01,North,UPI,Delivered
515242,11582,2025-03-30,East,Cash on Delivery,Delivered
515243,14474,2025-01-18,East,Debit Card,Delivered
515244,13064,2025-12-06,South,Debit Card,Delivered
515245,11451,2025-10-03,Central,Net Banking,Delivered
515246,14717,2025-12-25,South,Debit Card,Delivered
515247,13987,2025-12-26,West,UPI,Returned
515248,13742,2025-12-06,West,Debit Card,Delivered
515249,14485,2025-12-31,North,Credit Card,Delivered
515250,13906,2025-09-17,North,Credit Card,Delivered
515251,11447,2025-01-22,North,Credit Card,Delivered
515252,13009,2025-08-05,West,UPI,Delivered
515253,14253,2025-12-07,West,Credit Card,Shipped
515254,10883,2025-07-20,West,UPI,Delivered
515255,10795,2025-09-22,South,UPI,Delivered
515256,10780,2025-07-06,South,Credit Card,Delivered
515257,10952,2025-10-16,East,UPI,Shipped
515258,10521,2025-12-27,West,Debit Card,Delivered
515259,14234,2025-09-20,East,UPI,Delivered
515260,14136,2025-03-07,East,Net Banking,Shipped
515261,10739,2025-04-07,Central,UPI,Delivered
515262,13589,2025-10-18,West,Credit Card,Shipped
515263,13205,2025-04-03,North,Credit Card,Shipped
515264,11395,2025-06-09,North,Debit Card,Delivered
515265,11120,2025-09-14,West,Credit Card,Shipped
515266,11270,2025-04-27,North,Debit Card,Delivered
515267,13721,2025-12-17,South,Debit Card,Shipped
515268,11614,2025-06-29,South,UPI,Delivered
515269,11403,2025-02-04,East,UPI,Delivered
515270,10109,2025-10-23,Central,Debit Card,Delivered
515271,14573,2025-10-22,South,Net Banking,Delivered
515272,13820,2025-01-20,Central,Credit Card,Returned
515273,12417,2025-12-19,West,Debit Card,Delivered
515274,14732,2025-08-03,West,UPI,Delivered
515275,11482,2025-02-22,North,Net Banking,Delivered
515276,13437,2025-05-20,North,Net Banking,Cancelled
515277,11532,2025-05-16,Central,Credit Card,Delivered
515278,11587,2025-06-18,North,UPI,Delivered
515279,14270,2025-05-02,West,Credit Card,Delivered
515280,13987,2025-05-19,West,UPI,Delivered
515281,11486,2025-01-26,West,Credit Card,Returned
515282,10406,2025-08-03,Central,UPI,Delivered
515283,11823,2025-02-07,West,UPI,Delivered
515284,13862,2025-05-13,West,UPI,Delivered
515285,10510,2025-10-15,Central,Cash on Delivery,Delivered
515286,13429,2025-07-16,West,Credit Card,Delivered
515287,14488,2025-04-22,South,Credit Card,Delivered
515288,10874,2025-05-23,South,Credit Card,Delivered
515289,14361,2025-12-29,North,Credit Card,Delivered
515290,10250,2025-11-04,East,UPI,Delivered
515291,13406,2025-01-28,East,UPI,Delivered
515292,14009,2025-05-27,East,UPI,Delivered
515293,12280,2025-11-06,South,UPI,Delivered
515294,10995,2025-03-22,North,UPI,Delivered
515295,14635,2025-01-15,North,Cash on Delivery,Delivered
515296,10095,2025-09-26,West,UPI,Delivered
515297,12862,2025-08-03,West,UPI,Delivered
515298,11899,2025-01-23,North,UPI,Delivered
515299,12360,2025-12-02,North,Debit Card,Returned
515300,12750,2025-07-09,West,Debit Card,Delivered
515301,12744,2025-10-08,West,UPI,Delivered
515302,10995,2025-06-09,North,UPI,Delivered
515303,13466,2025-05-29,West,UPI,Delivered
515304,10093,2025-10-11,West,Credit Card,Delivered
515305,10099,2025-04-01,West,Net Banking,Delivered
515306,12452,2025-04-26,South,Cash on Delivery,Delivered
515307,12785,2025-08-07,North,Credit Card,Delivered
515308,11387,2025-05-20,West,Credit Card,Delivered
515309,12842,2025-01-20,Central,UPI,Returned
515310,12637,2025-12-30,West,Net Banking,Delivered
515311,11781,2025-12-05,South,UPI,Delivered
515312,13323,2025-11-03,West,Credit Card,Delivered
515313,14803,2025-03-26,South,Debit Card,Delivered
515314,12509,2025-04-11,East,UPI,Delivered
515315,13979,2025-07-21,North,UPI,Delivered
515316,11250,2025-11-29,Central,Debit Card,Delivered
515317,13871,2025-01-25,Central,Debit Card,Shipped
515318,13303,2025-01-31,South,Debit Card,Delivered
515319,13260,2025-07-26,East,Cash on Delivery,Delivered
515320,14506,2025-06-17,West,UPI,Cancelled
515321,11164,2025-12-09,West,Cash on Delivery,Returned
515322,11873,2025-03-08,West,UPI,Delivered
515323,10413,2025-07-10,South,UPI,Delivered
515324,13696,2025-01-11,North,Net Banking,Delivered
515325,14263,2025-06-14,Central,UPI,Delivered
515326,12080,2025-05-20,West,Credit Card,Delivered
515327,11819,2025-09-19,West,UPI,Delivered
515328,13369,2025-11-22,West,UPI,Delivered
515329,10371,2025-08-01,West,Debit Card,Delivered
515330,11483,2025-12-11,South,Credit Card,Delivered
515331,11870,2025-02-16,South,Debit Card,Delivered
515332,12644,2025-02-05,South,UPI,Delivered
515333,12442,2025-03-23,North,Net Banking,Delivered
515334,11025,2025-02-13,North,UPI,Delivered
515335,12779,2025-08-19,North,Credit Card,Delivered
515336,14640,2025-03-28,Central,Credit Card,Delivered
515337,10134,2025-02-04,West,Net Banking,Delivered
515338,13468,2025-12-15,North,Net Banking,Delivered
515339,13198,2025-11-13,West,Credit Card,Delivered
515340,14634,2025-07-28,North,Credit Card,Delivered
515341,13287,2025-06-15,South,Net Banking,Delivered
515342,13199,2025-06-29,East,UPI,Delivered
515343,13906,2025-01-02,North,Cash on Delivery,Delivered
515344,11356,2025-07-14,North,UPI,Delivered
515345,13064,2025-12-19,South,Credit Card,Delivered
515346,12650,2025-01-23,North,Net Banking,Delivered
515347,12245,2025-01-26,West,Net Banking,Delivered
515348,10401,2025-01-30,North,Debit Card,Delivered
515349,11478,2025-10-02,West,UPI,Delivered
515350,11411,2025-06-16,North,UPI,Delivered
515351,13691,2025-03-31,West,Debit Card,Delivered
515352,14622,2025-08-12,East,Net Banking,Delivered
515353,11143,2025-04-16,East,UPI,Returned
515354,10366,2025-01-28,South,Cash on Delivery,Returned
515355,15000,2025-05-07,East,Debit Card,Delivered
515356,13525,2025-03-02,North,Net Banking,Delivered
515357,14474,2025-06-25,East,Net Banking,Returned
515358,10702,2025-04-05,South,UPI,Shipped
515359,14058,2025-04-06,East,Credit Card,Delivered
515360,14112,2025-05-21,West,Credit Card,Delivered
515361,10739,2025-03-27,Central,UPI,Delivered
515362,10788,2025-05-03,East,Debit Card,Returned
515363,11495,2025-12-19,East,Credit Card,Delivered
515364,11069,2025-08-04,West,Cash on Delivery,Delivered
515365,14883,2025-04-18,South,UPI,Shipped
515366,11852,2025-06-28,South,Credit Card,Delivered
515367,13868,2025-03-11,South,Cash on Delivery,Delivered
515368,14076,2025-05-07,West,UPI,Delivered
515369,11965,2025-07-25,West,Credit Card,Delivered
515370,13484,2025-09-20,North,UPI,Delivered
515371,10540,2025-03-08,East,Cash on Delivery,Delivered
515372,12033,2025-05-18,West,Debit Card,Delivered
515373,14853,2025-08-13,North,UPI,Delivered
515374,10816,2025-03-02,South,Cash on Delivery,Delivered
515375,11964,2025-04-12,North,UPI,Delivered
515376,14004,2025-10-20,North,UPI,Delivered
515377,13394,2025-01-15,West,Debit Card,Delivered
515378,13227,2025-02-19,South,Credit Card,Delivered
515379,14309,2025-09-17,East,Net Banking,Delivered
515380,10140,2025-04-11,North,Debit Card,Shipped
515381,13912,2025-01-10,East,Credit Card,Shipped
515382,14453,2025-09-01,North,UPI,Delivered
515383,10079,2025-05-03,North,UPI,Delivered
515384,12880,2025-05-30,West,UPI,Delivered
515385,11778,2025-06-08,South,Credit Card,Delivered
515386,10247,2025-09-10,South,Net Banking,Shipped
515387,12139,2025-11-28,West,UPI,Delivered
515388,13283,2025-07-20,North,Net Banking,Delivered
515389,14615,2025-10-11,West,Net Banking,Shipped
515390,13181,2025-04-08,South,Cash on Delivery,Delivered
515391,14325,2025-08-10,West,Debit Card,Delivered
515392,10605,2025-07-27,North,UPI,Delivered
515393,11032,2025-10-02,West,Debit Card,Delivered
515394,14864,2025-11-30,West,UPI,Delivered
515395,14483,2025-02-16,North,Cash on Delivery,Delivered
515396,11176,2025-04-25,North,Debit Card,Delivered
515397,13183,2025-07-03,East,Net Banking,Delivered
515398,11852,2025-01-11,South,Credit Card,Delivered
515399,12392,2025-03-18,South,Cash on Delivery,Shipped
515400,14347,2025-11-26,West,UPI,Delivered
515401,13743,2025-08-09,Central,Credit Card,Delivered
515402,11194,2025-12-13,South,Credit Card,Delivered
515403,11599,2025-02-23,South,Credit Card,Delivered
515404,11466,2025-02-28,West,Net Banking,Delivered
515405,13951,2025-07-12,Central,Debit Card,Delivered
515406,12504,2025-02-01,East,UPI,Delivered
515407,14770,2025-05-26,East,Debit Card,Returned
515408,14129,2025-05-12,North,UPI,Delivered
515409,11035,2025-07-27,North,Credit Card,Delivered
515410,13979,2025-12-04,North,Credit Card,Delivered
515411,12593,2025-08-01,Central,Debit Card,Shipped
515412,11284,2025-06-28,North,Debit Card,Returned
515413,11853,2025-11-06,West,Credit Card,Delivered
515414,14875,2025-05-06,West,Net Banking,Cancelled
515415,12477,2025-05-18,North,UPI,Cancelled
515416,13663,2025-09-02,South,UPI,Delivered
515417,12444,2025-07-12,South,Credit Card,Delivered
515418,11890,2025-12-19,North,UPI,Delivered
515419,14038,2025-10-02,North,Cash on Delivery,Delivered
515420,14288,2025-05-15,North,Cash on Delivery,Delivered
515421,10351,2025-02-14,Central,UPI,Delivered
515422,11407,2025-12-27,Central,Credit Card,Delivered
515423,12599,2025-02-07,North,Cash on Delivery,Delivered
515424,11603,2025-05-15,North,UPI,Delivered
515425,13969,2025-08-23,Central,UPI,Delivered
515426,10582,2025-03-08,East,Net Banking,Delivered
515427,14044,2025-03-16,South,Credit Card,Delivered
515428,13166,2025-09-21,West,Debit Card,Delivered
515429,11464,2025-03-31,South,Debit Card,Delivered
515430,11750,2025-04-12,East,Debit Card,Delivered
515431,10890,2025-01-03,North,UPI,Returned
515432,11278,2025-04-03,North,Credit Card,Delivered
515433,13657,2025-01-12,South,Debit Card,Delivered
515434,11915,2025-03-23,West,Credit Card,Delivered
515435,13505,2025-06-20,North,Cash on Delivery,Delivered
515436,12628,2025-12-16,South,UPI,Delivered
515437,10710,2025-08-22,North,UPI,Delivered
515438,12560,2025-10-31,North,UPI,Delivered
515439,13845,2025-02-14,West,Cash on Delivery,Delivered
515440,11506,2025-01-25,Central,UPI,Cancelled
515441,13299,2025-01-04,South,Debit Card,Delivered
515442,10978,2025-08-18,West,UPI,Delivered
515443,10666,2025-12-28,West,UPI,Delivered
515444,11837,2025-07-14,West,UPI,Returned
515445,11983,2025-06-05,West,UPI,Delivered
515446,13866,2025-04-20,East,Credit Card,Delivered
515447,12357,2025-06-14,South,UPI,Shipped
515448,10406,2025-11-25,Central,Debit Card,Delivered
515449,13238,2025-03-02,South,Debit Card,Delivered
515450,12398,2025-07-28,North,UPI,Delivered
515451,11680,2025-05-05,West,UPI,Delivered
515452,14063,2025-11-03,East,UPI,Delivered
515453,10755,2025-10-14,West,UPI,Delivered
515454,14596,2025-03-26,North,Debit Card,Delivered
515455,11692,2025-07-28,Central,Debit Card,Delivered
515456,12360,2025-08-22,North,Cash on Delivery,Delivered
515457,14661,2025-02-12,North,Net Banking,Delivered
515458,13867,2025-10-11,East,Credit Card,Delivered
515459,10364,2025-09-08,South,UPI,Delivered
515460,12984,2025-06-16,East,UPI,Delivered
515461,11565,2025-07-12,North,Credit Card,Delivered
515462,12604,2025-03-08,North,Credit Card,Returned
515463,13782,2025-07-26,South,UPI,Shipped
515464,12541,2025-11-20,West,Credit Card,Delivered
515465,10346,2025-02-05,South,UPI,Returned
515466,12710,2025-10-13,East,Credit Card,Delivered
515467,10119,2025-12-15,Central,Cash on Delivery,Returned
515468,11778,2025-10-06,South,UPI,Delivered
515469,12449,2025-06-24,East,Net Banking,Delivered
515470,13285,2025-01-11,North,UPI,Delivered
515471,12593,2025-01-19,Central,Debit Card,Shipped
515472,10739,2025-07-09,Central,Debit Card,Delivered
515473,14677,2025-03-13,West,UPI,Delivered
515474,13313,2025-10-26,Central,Credit Card,Delivered
515475,11606,2025-03-16,East,Credit Card,Delivered
515476,14847,2025-05-17,West,Cash on Delivery,Shipped
515477,14453,2025-08-26,North,UPI,Delivered
515478,10699,2025-10-08,West,Credit Card,Delivered
515479,13356,2025-10-14,West,Cash on Delivery,Delivered
515480,12886,2025-05-21,South,Net Banking,Delivered
515481,10944,2025-11-17,South,Credit Card,Delivered
515482,11164,2025-06-07,West,UPI,Shipped
515483,12900,2025-07-20,South,Credit Card,Cancelled
515484,11626,2025-01-29,North,Credit Card,Delivered
515485,14216,2025-04-05,North,UPI,Delivered
515486,10499,2025-10-01,North,Debit Card,Delivered
515487,14598,2025-05-11,West,Credit Card,Delivered
515488,14249,2025-09-04,North,Credit Card,Shipped
515489,13760,2025-02-04,East,UPI,Delivered
515490,11333,2025-05-12,East,UPI,Delivered
515491,13645,2025-10-24,East,Net Banking,Delivered
515492,12245,2025-12-01,West,Credit Card,Shipped
515493,13237,2025-04-24,South,UPI,Shipped
515494,11576,2025-03-31,North,Net Banking,Delivered
515495,14222,2025-08-11,North,UPI,Delivered
515496,10202,2025-10-13,South,Cash on Delivery,Delivered
515497,13526,2025-03-28,North,Net Banking,Delivered
515498,14193,2025-08-10,South,Debit Card,Returned
515499,13291,2025-09-24,West,UPI,Cancelled
515500,10937,2025-02-02,South,Net Banking,Cancelled
515501,11436,2025-10-21,West,Net Banking,Delivered
515502,12632,2025-08-26,East,Net Banking,Delivered
515503,11668,2025-01-05,Central,UPI,Delivered
515504,10026,2025-07-06,South,Debit Card,Delivered
515505,10202,2025-09-05,South,Cash on Delivery,Shipped
515506,13893,2025-04-09,East,Credit Card,Shipped
515507,10422,2025-02-20,South,Credit Card,Delivered
515508,14655,2025-03-06,Central,Credit Card,Delivered
515509,12271,2025-07-15,West,Debit Card,Delivered
515510,13849,2025-02-27,West,Net Banking,Delivered
515511,10621,2025-06-25,South,Credit Card,Delivered
515512,14640,2025-07-05,Central,Cash on Delivery,Cancelled
515513,10160,2025-06-14,North,Credit Card,Cancelled
515514,10210,2025-05-15,East,UPI,Cancelled
515515,10266,2025-03-01,North,UPI,Delivered
515516,10521,2025-11-11,West,Credit Card,Delivered
515517,12487,2025-10-16,West,Net Banking,Delivered
515518,13993,2025-06-28,West,Net Banking,Delivered
515519,11435,2025-05-03,North,Cash on Delivery,Returned
515520,13792,2025-11-30,West,Credit Card,Delivered
515521,13924,2025-10-21,Central,UPI,Delivered
515522,14573,2025-09-01,South,Debit Card,Delivered
515523,10731,2025-11-07,South,Cash on Delivery,Delivered
515524,10666,2025-10-09,West,UPI,Shipped
515525,10607,2025-12-17,East,Credit Card,Delivered
515526,11834,2025-10-25,Central,Net Banking,Delivered
515527,12503,2025-12-26,North,UPI,Delivered
515528,12362,2025-03-18,South,Cash on Delivery,Cancelled
515529,11305,2025-03-28,South,Net Banking,Delivered
515530,13186,2025-03-21,South,Credit Card,Delivered
515531,11724,2025-03-26,North,Cash on Delivery,Delivered
515532,11870,2025-10-01,South,UPI,Delivered
515533,10526,2025-09-22,West,Cash on Delivery,Cancelled
515534,13048,2025-04-21,Central,UPI,Shipped
515535,13353,2025-12-26,Central,Debit Card,Delivered
515536,13848,2025-09-30,North,Debit Card,Delivered
515537,14556,2025-12-16,Central,Debit Card,Cancelled
515538,13888,2025-11-07,South,Credit Card,Delivered
515539,11177,2025-11-06,North,Debit Card,Delivered
515540,11176,2025-04-15,North,UPI,Delivered
515541,14600,2025-09-22,East,Net Banking,Delivered
515542,14001,2025-06-13,North,Credit Card,Delivered
515543,13962,2025-05-16,West,Credit Card,Delivered
515544,13664,2025-07-09,West,Credit Card,Delivered
515545,11354,2025-09-09,North,Credit Card,Delivered
515546,14283,2025-08-02,South,Debit Card,Shipped
515547,10696,2025-05-02,West,UPI,Delivered
515548,11786,2025-11-01,Central,Cash on Delivery,Delivered
515549,11762,2025-11-22,West,Cash on Delivery,Cancelled
515550,12886,2025-08-06,South,UPI,Delivered
515551,12367,2025-06-19,North,Credit Card,Delivered
515552,12352,2025-09-15,West,Debit Card,Delivered
515553,12852,2025-06-08,South,UPI,Delivered
515554,12129,2025-03-17,South,Debit Card,Delivered
515555,11266,2025-10-02,North,Debit Card,Delivered
515556,13388,2025-05-01,South,UPI,Delivered
515557,14005,2025-12-23,West,UPI,Delivered
515558,12454,2025-08-28,North,Debit Card,Delivered
515559,13306,2025-12-23,Central,Debit Card,Delivered
515560,12747,2025-03-06,North,Net Banking,Delivered
515561,10293,2025-11-14,East,Net Banking,Shipped
515562,12165,2025-07-07,Central,UPI,Returned
515563,10049,2025-04-08,South,Net Banking,Delivered
515564,13376,2025-09-29,South,Debit Card,Delivered
515565,12600,2025-04-15,North,Debit Card,Delivered
515566,10625,2025-05-15,South,UPI,Delivered
515567,12786,2025-11-29,South,Net Banking,Delivered
515568,14531,2025-07-15,North,Cash on Delivery,Delivered
515569,11733,2025-08-19,East,UPI,Delivered
515570,14910,2025-07-21,East,Debit Card,Returned
515571,14808,2025-04-02,North,Credit Card,Delivered
515572,13976,2025-12-14,East,UPI,Delivered
515573,14115,2025-02-16,North,UPI,Shipped
515574,12104,2025-01-11,South,UPI,Delivered
515575,12061,2025-06-11,West,Net Banking,Delivered
515576,14784,2025-02-20,North,Credit Card,Delivered
515577,11870,2025-01-05,South,Cash on Delivery,Delivered
515578,10495,2025-10-31,Central,Cash on Delivery,Shipped
515579,10742,2025-10-14,South,UPI,Delivered
515580,13626,2025-12-21,West,Debit Card,Delivered
515581,11948,2025-03-26,Central,UPI,Delivered
515582,10980,2025-10-23,North,UPI,Delivered
515583,14115,2025-09-23,North,UPI,Delivered
515584,12498,2025-12-04,East,Net Banking,Delivered
515585,12924,2025-08-18,East,Credit Card,Delivered
515586,10752,2025-11-01,West,Cash on Delivery,Delivered
515587,10942,2025-05-25,South,UPI,Delivered
515588,10622,2025-08-02,South,UPI,Delivered
515589,12629,2025-07-27,North,Debit Card,Delivered
515590,13932,2025-11-07,South,Cash on Delivery,Shipped
515591,13733,2025-10-17,South,Debit Card,Cancelled
515592,11327,2025-08-24,East,UPI,Delivered
515593,14304,2025-02-02,South,Credit Card,Shipped
515594,10528,2025-05-13,South,Cash on Delivery,Delivered
515595,10576,2025-04-14,West,UPI,Cancelled
515596,14292,2025-02-11,East,UPI,Delivered
515597,11233,2025-05-11,West,UPI,Cancelled
515598,13615,2025-07-10,East,Net Banking,Delivered
515599,10044,2025-09-26,West,Net Banking,Delivered
515600,10478,2025-09-01,North,Credit Card,Shipped
515601,13125,2025-03-02,North,UPI,Delivered
515602,10890,2025-06-07,North,Net Banking,Shipped
515603,10136,2025-11-02,Central,UPI,Delivered
515604,12383,2025-03-10,East,Net Banking,Delivered
515605,11674,2025-10-21,Central,UPI,Delivered
515606,14063,2025-04-05,East,UPI,Returned
515607,14143,2025-09-05,South,Credit Card,Delivered
515608,13154,2025-09-15,West,UPI,Delivered
515609,11480,2025-02-26,Central,UPI,Delivered
515610,12362,2025-09-20,South,UPI,Delivered
515611,13576,2025-07-27,South,Credit Card,Delivered
515612,10335,2025-01-29,South,Net Banking,Delivered
515613,11685,2025-08-10,South,Debit Card,Delivered
515614,14164,2025-06-11,North,Credit Card,Cancelled
515615,12081,2025-04-08,South,Debit Card,Delivered
515616,13198,2025-06-22,West,Credit Card,Delivered
515617,10491,2025-05-07,West,Credit Card,Delivered
515618,13938,2025-04-10,South,UPI,Delivered
515619,10510,2025-03-12,Central,Credit Card,Delivered
515620,14352,2025-07-05,South,Credit Card,Delivered
515621,10532,2025-11-30,South,Debit Card,Returned
515622,14492,2025-03-25,North,Credit Card,Returned
515623,11855,2025-08-17,West,Debit Card,Delivered
515624,13198,2025-10-16,West,Credit Card,Shipped
515625,14280,2025-12-17,East,UPI,Delivered
515626,10052,2025-09-07,South,UPI,Delivered
515627,11347,2025-04-07,West,Credit Card,Delivered
515628,14573,2025-12-12,South,Credit Card,Delivered
515629,11977,2025-08-06,East,UPI,Delivered
515630,13594,2025-07-11,West,UPI,Shipped
515631,10680,2025-06-15,North,Credit Card,Delivered
515632,13460,2025-01-12,East,UPI,Delivered
515633,10358,2025-07-10,Central,UPI,Delivered
515634,13658,2025-07-07,West,UPI,Delivered
515635,11642,2025-10-03,North,Net Banking,Cancelled
515636,12377,2025-08-30,South,Debit Card,Delivered
515637,10802,2025-11-18,North,Credit Card,Returned
515638,13207,2025-01-18,South,Credit Card,Delivered
515639,11718,2025-09-19,East,Credit Card,Delivered
515640,11951,2025-03-07,West,UPI,Delivered
515641,13324,2025-03-10,East,Net Banking,Cancelled
515642,10873,2025-05-07,Central,UPI,Delivered
515643,14307,2025-05-05,South,Debit Card,Shipped
515644,13764,2025-04-12,South,UPI,Delivered
515645,12982,2025-08-02,South,Debit Card,Cancelled
515646,10633,2025-05-30,Central,UPI,Cancelled
515647,13505,2025-03-06,North,Cash on Delivery,Delivered
515648,10086,2025-08-16,South,Cash on Delivery,Delivered
515649,14074,2025-03-18,Central,Net Banking,Delivered
515650,11527,2025-07-10,East,UPI,Delivered
515651,10591,2025-05-21,West,UPI,Delivered
515652,10798,2025-04-25,South,Cash on Delivery,Delivered
515653,14833,2025-05-03,Central,Credit Card,Delivered
515654,13921,2025-08-28,East,Net Banking,Delivered
515655,11190,2025-02-28,West,Credit Card,Delivered
515656,14833,2025-04-24,Central,Debit Card,Delivered
515657,10681,2025-03-23,East,Debit Card,Delivered
515658,13736,2025-08-02,West,Credit Card,Delivered
515659,13360,2025-09-14,West,Cash on Delivery,Delivered
515660,14157,2025-11-20,East,UPI,Delivered
515661,11940,2025-01-09,South,Net Banking,Delivered
515662,12058,2025-01-03,North,Debit Card,Shipped
515663,13198,2025-09-22,West,UPI,Shipped
515664,12040,2025-12-04,North,Credit Card,Delivered
515665,10204,2025-11-21,West,Credit Card,Shipped
515666,13719,2025-10-05,North,UPI,Delivered
515667,13268,2025-04-11,East,Credit Card,Delivered
515668,12167,2025-04-28,Central,UPI,Delivered
515669,11523,2025-03-21,South,Credit Card,Cancelled
515670,11625,2025-05-13,South,UPI,Delivered
515671,13770,2025-02-08,North,Net Banking,Delivered
515672,13715,2025-01-03,West,UPI,Delivered
515673,14144,2025-01-26,East,UPI,Delivered
515674,13875,2025-09-21,North,Credit Card,Delivered
515675,13848,2025-02-21,North,Debit Card,Shipped
515676,11276,2025-07-16,West,Cash on Delivery,Delivered
515677,10514,2025-06-04,East,UPI,Delivered
515678,13870,2025-08-02,Central,Credit Card,Delivered
515679,10501,2025-02-25,West,Debit Card,Delivered
515680,14908,2025-02-12,North,Credit Card,Delivered
515681,14418,2025-01-27,Central,UPI,Delivered
515682,12735,2025-02-14,Central,Net Banking,Delivered
515683,11798,2025-10-29,North,UPI,Cancelled
515684,12695,2025-02-02,North,UPI,Delivered
515685,13737,2025-05-07,South,UPI,Delivered
515686,13844,2025-04-05,West,Cash on Delivery,Delivered
515687,10361,2025-10-11,South,Net Banking,Delivered
515688,14075,2025-12-16,Central,Credit Card,Delivered
515689,13270,2025-12-20,South,Net Banking,Delivered
515690,10202,2025-04-19,South,Debit Card,Delivered
515691,11580,2025-03-22,North,Credit Card,Delivered
515692,12618,2025-06-28,West,UPI,Delivered
515693,10922,2025-07-11,West,Credit Card,Returned
515694,10761,2025-02-04,North,Credit Card,Delivered
515695,10069,2025-09-19,Central,UPI,Delivered
515696,14589,2025-08-09,South,UPI,Delivered
515697,10275,2025-07-05,West,Debit Card,Returned
515698,11869,2025-05-08,West,Debit Card,Delivered
515699,11010,2025-09-27,East,Credit Card,Delivered
515700,13770,2025-07-20,North,Cash on Delivery,Delivered
515701,13605,2025-11-08,South,UPI,Cancelled
515702,14078,2025-03-20,North,Cash on Delivery,Delivered
515703,13162,2025-08-18,West,UPI,Delivered
515704,13046,2025-05-28,West,Debit Card,Delivered
515705,12086,2025-08-02,North,Cash on Delivery,Shipped
515706,13247,2025-05-04,North,Net Banking,Delivered
515707,10583,2025-05-25,South,Credit Card,Cancelled
515708,13495,2025-05-22,Central,UPI,Cancelled
515709,10521,2025-01-26,West,Cash on Delivery,Delivered
515710,14354,2025-08-20,East,Debit Card,Delivered
515711,12590,2025-06-09,West,Net Banking,Delivered
515712,12714,2025-12-15,South,Credit Card,Delivered
515713,13014,2025-08-20,West,Credit Card,Delivered
515714,13934,2025-03-12,North,UPI,Returned
515715,12451,2025-11-09,North,UPI,Delivered
515716,12190,2025-07-20,East,Credit Card,Delivered
515717,11462,2025-09-25,West,UPI,Delivered
515718,10631,2025-01-03,Central,Debit Card,Delivered
515719,10932,2025-12-19,North,Cash on Delivery,Delivered
515720,10005,2025-05-23,West,Credit Card,Cancelled
515721,14395,2025-05-17,South,Debit Card,Shipped
515722,13884,2025-02-18,North,Cash on Delivery,Delivered
515723,11078,2025-06-21,Central,Net Banking,Shipped
515724,10011,2025-03-22,West,UPI,Delivered
515725,12519,2025-06-05,East,Debit Card,Delivered
515726,12114,2025-09-26,North,UPI,Delivered
515727,13934,2025-10-30,North,Cash on Delivery,Cancelled
515728,12064,2025-01-21,East,UPI,Delivered
515729,14372,2025-02-19,North,UPI,Delivered
515730,10489,2025-06-24,South,Credit Card,Delivered
515731,11869,2025-04-24,West,UPI,Delivered
515732,14685,2025-09-18,West,Credit Card,Delivered
515733,10059,2025-09-20,West,Credit Card,Delivered
515734,11996,2025-10-20,West,UPI,Delivered
515735,11317,2025-12-05,South,UPI,Delivered
515736,12726,2025-09-11,North,UPI,Delivered
515737,11407,2025-03-08,Central,Credit Card,Cancelled
515738,14396,2025-04-13,East,Credit Card,Delivered
515739,14695,2025-12-21,Central,Debit Card,Delivered
515740,14292,2025-10-10,East,Debit Card,Delivered
515741,12041,2025-02-20,East,Debit Card,Shipped
515742,14957,2025-06-25,South,UPI,Returned
515743,13739,2025-11-24,Central,Debit Card,Delivered
515744,11817,2025-08-31,North,Credit Card,Delivered
515745,10478,2025-06-30,North,Debit Card,Delivered
515746,13407,2025-07-30,East,UPI,Shipped
515747,13712,2025-12-16,East,Cash on Delivery,Delivered
515748,10609,2025-02-17,East,Cash on Delivery,Delivered
515749,12830,2025-08-20,North,Net Banking,Returned
515750,14944,2025-09-23,South,UPI,Delivered
515751,11657,2025-04-04,Central,Debit Card,Delivered
515752,11523,2025-09-12,South,UPI,Delivered
515753,14554,2025-03-27,North,Cash on Delivery,Shipped
515754,10594,2025-04-05,South,UPI,Delivered
515755,14680,2025-02-15,East,Credit Card,Delivered
515756,13946,2025-02-05,North,Debit Card,Shipped
515757,11996,2025-01-10,West,Credit Card,Shipped
515758,10420,2025-09-01,South,UPI,Delivered
515759,10093,2025-01-27,West,Net Banking,Delivered
515760,11914,2025-03-20,North,Net Banking,Delivered
515761,13588,2025-05-19,West,Credit Card,Delivered
515762,12490,2025-02-01,North,UPI,Delivered
515763,13761,2025-05-28,East,Debit Card,Delivered
515764,13423,2025-02-15,Central,Cash on Delivery,Delivered
515765,12950,2025-03-01,West,Net Banking,Delivered
515766,14854,2025-03-09,West,Credit Card,Delivered
515767,13707,2025-01-17,South,UPI,Shipped
515768,14599,2025-03-06,West,Cash on Delivery,Delivered
515769,11217,2025-07-04,West,Cash on Delivery,Delivered
515770,13634,2025-10-02,South,UPI,Delivered
515771,13069,2025-01-05,East,Debit Card,Returned
515772,14633,2025-03-23,East,Credit Card,Delivered
515773,12616,2025-02-24,Central,UPI,Delivered
515774,11410,2025-12-28,North,UPI,Delivered
515775,11960,2025-01-04,Central,Credit Card,Delivered
515776,11078,2025-06-29,Central,UPI,Delivered
515777,11081,2025-01-19,West,UPI,Delivered
515778,12401,2025-05-11,East,Credit Card,Shipped
515779,14501,2025-03-08,West,UPI,Delivered
515780,10937,2025-10-12,South,Credit Card,Delivered
515781,11459,2025-06-30,North,Credit Card,Returned
515782,14307,2025-05-16,South,Credit Card,Delivered
515783,11729,2025-05-13,South,Credit Card,Delivered
515784,14830,2025-03-05,West,Credit Card,Delivered
515785,11362,2025-01-27,West,Net Banking,Shipped
515786,12268,2025-10-16,North,Debit Card,Shipped
515787,10487,2025-11-10,South,UPI,Delivered
515788,14966,2025-11-14,Central,Credit Card,Delivered
515789,14490,2025-12-04,North,Debit Card,Delivered
515790,14133,2025-10-09,West,UPI,Cancelled
515791,10773,2025-08-11,West,Debit Card,Delivered
515792,14859,2025-09-27,West,UPI,Delivered
515793,14661,2025-02-01,North,Cash on Delivery,Delivered
515794,12230,2025-10-24,North,UPI,Delivered
515795,13476,2025-09-06,North,Cash on Delivery,Delivered
515796,14967,2025-05-22,West,UPI,Delivered
515797,12098,2025-02-17,North,Cash on Delivery,Delivered
515798,10573,2025-06-25,South,Credit Card,Delivered
515799,14388,2025-12-13,West,UPI,Delivered
515800,12442,2025-10-21,North,UPI,Delivered
515801,14942,2025-02-02,North,Net Banking,Delivered
515802,12834,2025-12-29,South,Cash on Delivery,Delivered
515803,10142,2025-04-07,West,Net Banking,Delivered
515804,12516,2025-01-24,West,Net Banking,Delivered
515805,13659,2025-01-26,West,UPI,Delivered
515806,10128,2025-02-19,West,Credit Card,Delivered
515807,12119,2025-06-19,South,Net Banking,Delivered
515808,10764,2025-04-05,South,UPI,Delivered
515809,13279,2025-08-07,South,Debit Card,Delivered
515810,14801,2025-05-21,East,Credit Card,Delivered
515811,13198,2025-08-12,West,Net Banking,Shipped
515812,13542,2025-10-06,South,UPI,Delivered
515813,12030,2025-06-14,West,Net Banking,Delivered
515814,12900,2025-12-31,South,UPI,Delivered
515815,12795,2025-02-28,West,Cash on Delivery,Delivered
515816,13861,2025-09-29,North,Debit Card,Delivered
515817,14325,2025-10-22,West,UPI,Cancelled
515818,13383,2025-07-19,South,Net Banking,Cancelled
515819,14901,2025-03-23,West,Credit Card,Delivered
515820,14189,2025-09-07,North,Credit Card,Delivered
515821,10616,2025-12-13,South,Credit Card,Delivered
515822,12597,2025-09-22,West,Credit Card,Delivered
515823,14554,2025-04-02,North,Debit Card,Delivered
515824,14736,2025-10-05,South,UPI,Delivered
515825,11936,2025-03-16,West,Credit Card,Delivered
515826,13695,2025-11-06,West,Debit Card,Delivered
515827,12104,2025-01-14,South,UPI,Cancelled
515828,10611,2025-08-03,East,UPI,Delivered
515829,14468,2025-03-20,West,UPI,Cancelled
515830,14676,2025-05-13,West,Credit Card,Delivered
515831,12586,2025-08-13,North,Credit Card,Shipped
515832,10089,2025-08-28,South,UPI,Delivered
515833,14128,2025-12-30,South,Credit Card,Delivered
515834,12443,2025-12-16,South,Credit Card,Returned
515835,10368,2025-09-14,North,Credit Card,Delivered
515836,10929,2025-05-22,West,Debit Card,Delivered
515837,10739,2025-08-27,Central,Debit Card,Delivered
515838,13502,2025-02-24,West,UPI,Delivered
515839,11511,2025-01-17,East,Debit Card,Delivered
515840,10629,2025-01-09,South,UPI,Delivered
515841,14613,2025-12-21,North,Credit Card,Delivered
515842,14796,2025-12-17,North,UPI,Delivered
515843,10673,2025-09-25,North,UPI,Delivered
515844,11139,2025-05-02,South,Credit Card,Delivered
515845,13047,2025-12-31,North,Cash on Delivery,Delivered
515846,10736,2025-11-18,Central,Credit Card,Delivered
515847,10778,2025-02-06,North,Debit Card,Delivered
515848,11706,2025-11-05,West,Credit Card,Delivered
515849,14768,2025-06-18,South,UPI,Delivered
515850,14830,2025-11-30,West,Cash on Delivery,Returned
515851,14253,2025-09-17,West,Credit Card,Delivered
515852,13544,2025-12-09,West,UPI,Delivered
515853,13670,2025-03-12,North,Credit Card,Delivered
515854,12399,2025-01-17,East,UPI,Delivered
515855,12711,2025-04-12,West,Net Banking,Delivered
515856,13241,2025-08-06,North,Credit Card,Delivered
515857,13725,2025-10-05,South,Debit Card,Delivered
515858,10495,2025-10-23,Central,Debit Card,Delivered
515859,11102,2025-08-25,South,UPI,Delivered
515860,14831,2025-04-14,West,Credit Card,Shipped
515861,11698,2025-05-13,West,Debit Card,Delivered
515862,11362,2025-01-09,West,Credit Card,Delivered
515863,12158,2025-03-01,West,UPI,Delivered
515864,11469,2025-10-03,South,Credit Card,Delivered
515865,10467,2025-12-08,East,Credit Card,Returned
515866,11020,2025-05-03,East,Debit Card,Delivered
515867,13263,2025-10-17,West,Credit Card,Delivered
515868,11091,2025-12-14,North,UPI,Delivered
515869,13298,2025-05-05,East,UPI,Delivered
515870,10508,2025-03-12,West,UPI,Delivered
515871,10208,2025-06-15,West,UPI,Delivered
515872,14352,2025-02-01,South,UPI,Delivered
515873,13862,2025-06-23,West,UPI,Delivered
515874,13397,2025-12-31,North,Debit Card,Delivered
515875,10150,2025-12-17,East,Credit Card,Returned
515876,11195,2025-01-25,East,UPI,Shipped
515877,14107,2025-11-16,South,UPI,Delivered
515878,10708,2025-06-10,South,UPI,Delivered
515879,14108,2025-10-30,West,Debit Card,Delivered
515880,13011,2025-11-21,South,UPI,Cancelled
515881,13768,2025-05-06,West,UPI,Delivered
515882,13284,2025-10-12,East,UPI,Delivered
515883,12136,2025-07-06,North,Credit Card,Delivered
515884,11473,2025-06-08,North,Net Banking,Delivered
515885,13430,2025-01-26,South,Credit Card,Delivered
515886,14081,2025-03-04,South,UPI,Delivered
515887,10221,2025-03-26,East,Cash on Delivery,Delivered
515888,11935,2025-08-14,South,Credit Card,Delivered
515889,11792,2025-06-26,East,UPI,Delivered
515890,12882,2025-11-11,North,Credit Card,Delivered
515891,10575,2025-08-27,West,UPI,Delivered
515892,14680,2025-02-16,East,UPI,Cancelled
515893,12821,2025-10-05,East,UPI,Delivered
515894,14630,2025-12-31,West,Debit Card,Delivered
515895,14130,2025-07-11,South,Debit Card,Delivered
515896,10936,2025-06-23,West,Cash on Delivery,Delivered
515897,10651,2025-06-09,South,UPI,Delivered
515898,14349,2025-12-20,South,Credit Card,Delivered
515899,12748,2025-08-01,West,Credit Card,Shipped
515900,10094,2025-04-01,North,Credit Card,Delivered
515901,14686,2025-08-22,Central,Net Banking,Delivered
515902,12418,2025-06-14,North,Net Banking,Delivered
515903,11518,2025-11-19,Central,Credit Card,Delivered
515904,12638,2025-06-29,West,Net Banking,Delivered
515905,14169,2025-04-19,South,UPI,Delivered
515906,10556,2025-02-03,West,Credit Card,Delivered
515907,11830,2025-07-08,East,UPI,Delivered
515908,11613,2025-11-23,Central,Net Banking,Shipped
515909,14246,2025-08-09,South,Credit Card,Delivered
515910,13944,2025-06-22,West,UPI,Delivered
515911,12050,2025-06-18,North,Credit Card,Delivered
515912,13391,2025-03-07,West,Debit Card,Delivered
515913,12021,2025-09-25,West,UPI,Shipped
515914,12940,2025-09-28,South,UPI,Delivered
515915,14960,2025-05-06,North,Credit Card,Delivered
515916,12747,2025-09-04,North,Credit Card,Delivered
515917,14950,2025-09-29,North,Credit Card,Delivered
515918,13800,2025-09-16,North,UPI,Delivered
515919,10605,2025-08-26,North,Debit Card,Delivered
515920,14036,2025-10-31,North,UPI,Delivered
515921,10788,2025-04-01,East,Debit Card,Delivered
515922,12726,2025-08-04,North,Net Banking,Delivered
515923,13147,2025-08-18,North,Debit Card,Delivered
515924,14501,2025-06-04,West,Debit Card,Delivered
515925,11031,2025-10-30,West,Credit Card,Delivered
515926,14419,2025-06-13,East,UPI,Delivered
515927,14687,2025-05-25,Central,Cash on Delivery,Delivered
515928,10459,2025-10-28,West,Net Banking,Delivered
515929,14471,2025-12-20,East,UPI,Delivered
515930,11316,2025-07-09,North,UPI,Delivered
515931,10404,2025-05-09,North,UPI,Delivered
515932,14806,2025-10-03,South,Credit Card,Delivered
515933,12005,2025-07-16,South,Cash on Delivery,Shipped
515934,13191,2025-07-11,Central,UPI,Delivered
515935,12848,2025-12-15,Central,Credit Card,Delivered
515936,11049,2025-11-22,South,UPI,Delivered
515937,13420,2025-09-12,East,Net Banking,Delivered
515938,10226,2025-02-22,South,Credit Card,Delivered
515939,10993,2025-04-19,North,Net Banking,Delivered
515940,14739,2025-12-15,East,Cash on Delivery,Cancelled
515941,14779,2025-04-18,East,Debit Card,Delivered
515942,12470,2025-07-08,South,UPI,Returned
515943,10820,2025-11-26,North,Credit Card,Delivered
515944,12156,2025-10-08,South,Debit Card,Delivered
515945,14422,2025-01-29,South,Debit Card,Delivered
515946,10340,2025-04-25,West,UPI,Delivered
515947,10630,2025-02-04,East,Credit Card,Delivered
515948,14520,2025-10-30,East,Credit Card,Delivered
515949,12129,2025-06-09,South,UPI,Delivered
515950,10419,2025-05-07,North,Credit Card,Delivered
515951,10676,2025-10-29,South,UPI,Delivered
515952,14453,2025-02-05,North,UPI,Shipped
515953,12504,2025-03-12,East,Credit Card,Delivered
515954,10795,2025-10-29,South,Credit Card,Delivered
515955,14515,2025-04-08,West,UPI,Delivered
515956,14271,2025-04-07,South,Debit Card,Delivered
515957,10112,2025-01-26,South,Credit Card,Shipped
515958,13001,2025-06-25,Central,Cash on Delivery,Delivered
515959,11233,2025-06-25,West,Net Banking,Delivered
515960,12733,2025-01-13,North,UPI,Delivered
515961,11408,2025-06-07,South,Cash on Delivery,Delivered
515962,11598,2025-08-12,West,UPI,Delivered
515963,13087,2025-08-13,West,UPI,Returned
515964,12766,2025-07-13,South,UPI,Delivered
515965,12025,2025-05-05,South,Net Banking,Delivered
515966,10538,2025-01-07,Central,UPI,Cancelled
515967,14859,2025-11-08,West,Cash on Delivery,Delivered
515968,10846,2025-10-13,North,Debit Card,Delivered
515969,13235,2025-08-26,East,UPI,Delivered
515970,10413,2025-02-24,South,UPI,Delivered
515971,13511,2025-08-06,Central,Credit Card,Delivered
515972,10483,2025-08-05,West,Debit Card,Delivered
515973,11132,2025-06-19,East,Debit Card,Delivered
515974,13293,2025-01-06,West,UPI,Shipped
515975,11426,2025-09-21,West,Credit Card,Delivered
515976,12730,2025-11-25,West,UPI,Delivered
515977,10616,2025-05-08,South,Credit Card,Delivered
515978,10992,2025-03-16,North,UPI,Delivered
515979,13736,2025-08-04,West,Cash on Delivery,Delivered
515980,10167,2025-11-22,South,Net Banking,Cancelled
515981,10565,2025-02-09,North,Credit Card,Delivered
515982,11060,2025-07-03,South,UPI,Delivered
515983,10095,2025-03-21,West,Debit Card,Delivered
515984,10486,2025-09-30,South,Credit Card,Shipped
515985,11417,2025-12-10,Central,UPI,Delivered
515986,10472,2025-10-23,East,Debit Card,Cancelled
515987,14380,2025-04-14,West,UPI,Delivered
515988,10323,2025-11-10,Central,UPI,Delivered
515989,14347,2025-12-13,West,Debit Card,Delivered
515990,14169,2025-11-06,South,Net Banking,Delivered
515991,10510,2025-01-09,Central,UPI,Delivered
515992,10126,2025-11-03,West,Net Banking,Returned
515993,10240,2025-05-18,West,Net Banking,Delivered
515994,13039,2025-02-18,West,UPI,Cancelled
515995,13422,2025-06-07,East,Cash on Delivery,Delivered
515996,13182,2025-09-22,South,UPI,Delivered
515997,12782,2025-06-23,West,UPI,Delivered
515998,10846,2025-10-09,North,Credit Card,Delivered
515999,14250,2025-07-11,North,UPI,Delivered
516000,11661,2025-06-11,North,Credit Card,Delivered
516001,14937,2025-08-15,North,Credit Card,Delivered
516002,11960,2025-05-08,Central,Debit Card,Delivered
516003,11334,2025-01-27,North,Debit Card,Delivered
516004,14516,2025-03-25,North,UPI,Shipped
516005,12924,2025-08-04,East,UPI,Delivered
516006,13678,2025-06-18,South,Net Banking,Delivered
516007,12092,2025-03-24,Central,UPI,Delivered
516008,14482,2025-01-18,South,Debit Card,Delivered
516009,14613,2025-11-02,North,Debit Card,Delivered
516010,12236,2025-10-26,North,Debit Card,Delivered
516011,11204,2025-02-10,South,UPI,Delivered
516012,13298,2025-12-26,East,UPI,Delivered
516013,14784,2025-01-18,North,Credit Card,Delivered
516014,13189,2025-07-08,North,UPI,Delivered
516015,14784,2025-07-19,North,Net Banking,Delivered
516016,11744,2025-12-22,North,Debit Card,Delivered
516017,14599,2025-02-22,West,Net Banking,Delivered
516018,10572,2025-03-21,North,UPI,Delivered
516019,11830,2025-11-05,East,Cash on Delivery,Delivered
516020,12533,2025-09-26,South,Debit Card,Returned
516021,13331,2025-10-09,North,UPI,Delivered
516022,11486,2025-04-22,West,UPI,Delivered
516023,14632,2025-03-31,West,Cash on Delivery,Delivered
516024,14554,2025-09-04,North,Credit Card,Shipped
516025,14049,2025-02-25,South,Cash on Delivery,Delivered
516026,10579,2025-12-07,West,Debit Card,Delivered
516027,10390,2025-07-08,South,Debit Card,Delivered
516028,12554,2025-05-29,West,Credit Card,Delivered
516029,13884,2025-09-21,North,Credit Card,Delivered
516030,10610,2025-08-13,North,Net Banking,Delivered
516031,13270,2025-07-11,South,Credit Card,Cancelled
516032,12704,2025-11-24,South,Credit Card,Delivered
516033,13695,2025-03-11,West,Credit Card,Delivered
516034,12229,2025-01-06,North,UPI,Delivered
516035,13529,2025-01-22,South,Net Banking,Delivered
516036,10783,2025-06-23,West,UPI,Delivered
516037,11058,2025-04-05,West,UPI,Delivered
516038,14554,2025-07-08,North,Debit Card,Delivered
516039,11668,2025-11-14,Central,UPI,Delivered
516040,14934,2025-03-10,West,Credit Card,Delivered
516041,10226,2025-03-27,South,UPI,Delivered
516042,12537,2025-02-26,North,Net Banking,Delivered
516043,11647,2025-04-22,West,Credit Card,Delivered
516044,14981,2025-06-02,North,UPI,Shipped
516045,14957,2025-11-25,South,Debit Card,Delivered
516046,11176,2025-06-02,North,Debit Card,Returned
516047,11354,2025-04-03,North,Credit Card,Delivered
516048,13812,2025-06-10,East,Credit Card,Cancelled
516049,14488,2025-12-29,South,Debit Card,Returned
516050,13386,2025-01-08,North,UPI,Delivered
516051,14374,2025-12-26,West,Credit Card,Delivered
516052,10309,2025-04-30,West,Credit Card,Cancelled
516053,13267,2025-05-21,West,Debit Card,Shipped
516054,13566,2025-11-13,West,Credit Card,Delivered
516055,10932,2025-08-28,North,UPI,Delivered
516056,13940,2025-04-27,Central,UPI,Returned
516057,14738,2025-04-24,Central,Net Banking,Delivered
516058,14529,2025-12-27,South,Credit Card,Delivered
516059,11235,2025-01-27,South,UPI,Delivered
516060,11642,2025-11-06,North,Net Banking,Shipped
516061,12562,2025-10-16,East,Net Banking,Delivered
516062,10778,2025-08-11,North,Debit Card,Delivered
516063,14781,2025-06-05,South,UPI,Delivered
516064,10789,2025-08-01,East,UPI,Delivered
516065,13868,2025-06-29,South,Net Banking,Returned
516066,11737,2025-10-12,East,UPI,Delivered
516067,12955,2025-04-03,South,Debit Card,Delivered
516068,10229,2025-07-08,North,UPI,Delivered
516069,11006,2025-09-01,South,UPI,Delivered
516070,12278,2025-11-25,North,Debit Card,Delivered
516071,13450,2025-11-13,South,UPI,Delivered
516072,13938,2025-05-30,South,Debit Card,Delivered
516073,10146,2025-07-19,Central,Credit Card,Delivered
516074,10741,2025-11-09,West,UPI,Delivered
516075,13719,2025-02-14,North,Cash on Delivery,Delivered
516076,14109,2025-03-22,North,Credit Card,Shipped
516077,11184,2025-08-03,North,Cash on Delivery,Delivered
516078,11134,2025-08-19,South,Cash on Delivery,Delivered
516079,10451,2025-01-30,North,Credit Card,Delivered
516080,10736,2025-05-22,Central,Debit Card,Delivered
516081,10040,2025-08-05,North,Credit Card,Returned
516082,13035,2025-12-02,East,Debit Card,Delivered
516083,14556,2025-05-26,Central,Net Banking,Shipped
516084,10734,2025-06-09,West,Debit Card,Delivered
516085,13818,2025-06-15,South,UPI,Delivered
516086,12955,2025-04-26,South,UPI,Delivered
516087,14715,2025-02-22,South,Net Banking,Delivered
516088,14044,2025-05-23,South,Credit Card,Delivered
516089,14307,2025-11-01,South,Cash on Delivery,Delivered
516090,13257,2025-02-02,South,Credit Card,Delivered
516091,14103,2025-09-26,East,UPI,Returned
516092,11793,2025-07-18,North,Debit Card,Delivered
516093,11025,2025-07-11,North,Cash on Delivery,Shipped
516094,14593,2025-05-27,West,Credit Card,Shipped
516095,13737,2025-03-26,South,UPI,Delivered
516096,10464,2025-02-25,South,UPI,Delivered
516097,14384,2025-10-20,West,Credit Card,Delivered
516098,11779,2025-02-27,West,Net Banking,Delivered
516099,11507,2025-01-09,East,UPI,Delivered
516100,13192,2025-05-12,East,Credit Card,Delivered
516101,12927,2025-03-12,Central,UPI,Delivered
516102,12762,2025-07-10,North,Debit Card,Delivered
516103,11289,2025-04-14,East,Credit Card,Delivered
516104,14810,2025-09-04,North,UPI,Delivered
516105,14768,2025-11-15,South,Debit Card,Delivered
516106,10020,2025-03-02,East,Debit Card,Delivered
516107,11719,2025-09-21,South,UPI,Delivered
516108,10222,2025-03-31,West,Credit Card,Delivered
516109,14297,2025-10-10,North,Debit Card,Returned
516110,14475,2025-02-14,Central,UPI,Delivered
516111,12643,2025-09-27,South,UPI,Delivered
516112,14246,2025-12-28,South,UPI,Delivered
516113,13581,2025-03-13,Central,Net Banking,Delivered
516114,12562,2025-02-21,East,UPI,Delivered
516115,11855,2025-06-30,West,Net Banking,Shipped
516116,11348,2025-11-03,North,Debit Card,Delivered
516117,11316,2025-05-10,North,Cash on Delivery,Delivered
516118,12896,2025-02-17,Central,Net Banking,Delivered
516119,10809,2025-07-06,West,Cash on Delivery,Delivered
516120,10848,2025-11-19,South,UPI,Delivered
516121,10052,2025-03-21,South,UPI,Shipped
516122,13149,2025-05-17,West,Net Banking,Returned
516123,14974,2025-04-13,East,Credit Card,Delivered
516124,14487,2025-01-02,North,UPI,Delivered
516125,13591,2025-03-16,North,Cash on Delivery,Delivered
516126,13976,2025-08-09,East,Credit Card,Delivered
516127,12135,2025-09-27,West,UPI,Delivered
516128,11507,2025-09-09,East,UPI,Delivered
516129,11874,2025-11-11,Central,Net Banking,Shipped
516130,10406,2025-10-30,Central,Net Banking,Delivered
516131,13237,2025-06-13,South,Cash on Delivery,Delivered
516132,10848,2025-02-02,South,Credit Card,Returned
516133,13876,2025-12-25,Central,UPI,Delivered
516134,10931,2025-07-10,Central,UPI,Delivered
516135,11125,2025-08-23,Central,UPI,Shipped
516136,14801,2025-01-18,East,UPI,Delivered
516137,10526,2025-08-05,West,Debit Card,Delivered
516138,12560,2025-12-23,North,Debit Card,Delivered
516139,10305,2025-01-05,East,Net Banking,Delivered
516140,10463,2025-10-15,Central,Debit Card,Delivered
516141,13237,2025-06-26,South,Credit Card,Delivered
516142,13223,2025-03-14,South,Credit Card,Delivered
516143,10945,2025-09-27,North,UPI,Delivered
516144,14409,2025-11-16,East,Credit Card,Delivered
516145,13575,2025-02-01,North,Credit Card,Delivered
516146,11517,2025-05-17,North,UPI,Delivered
516147,11254,2025-04-19,North,Net Banking,Delivered
516148,13834,2025-10-31,South,Debit Card,Delivered
516149,13736,2025-11-04,West,Credit Card,Delivered
516150,10729,2025-04-19,West,UPI,Delivered
516151,11781,2025-05-17,South,Credit Card,Delivered
516152,11069,2025-04-18,West,UPI,Delivered
516153,11486,2025-02-01,West,Debit Card,Shipped
516154,11454,2025-12-30,South,UPI,Delivered
516155,14886,2025-05-18,West,Debit Card,Shipped
516156,13813,2025-04-03,North,Credit Card,Shipped
516157,13950,2025-08-02,South,Cash on Delivery,Delivered
516158,11402,2025-03-10,South,Credit Card,Delivered
516159,10005,2025-09-24,West,UPI,Delivered
516160,10291,2025-07-05,North,Net Banking,Delivered
516161,12848,2025-10-11,Central,Credit Card,Delivered
516162,11438,2025-12-10,South,Credit Card,Shipped
516163,10945,2025-06-11,North,UPI,Delivered
516164,10240,2025-04-16,West,Credit Card,Delivered
516165,14419,2025-10-23,East,UPI,Delivered
516166,13080,2025-07-11,South,UPI,Delivered
516167,10537,2025-05-18,South,Credit Card,Delivered
516168,13889,2025-10-09,North,Credit Card,Cancelled
516169,13841,2025-02-12,East,Credit Card,Delivered
516170,11465,2025-08-21,North,Net Banking,Delivered
516171,10921,2025-11-23,South,UPI,Delivered
516172,14115,2025-04-22,North,Debit Card,Delivered
516173,11668,2025-12-01,Central,Credit Card,Delivered
516174,14283,2025-03-03,South,Net Banking,Delivered
516175,10214,2025-08-25,East,UPI,Delivered
516176,12561,2025-07-14,South,Cash on Delivery,Delivered
516177,10877,2025-10-28,South,Debit Card,Delivered
516178,13428,2025-07-08,East,UPI,Delivered
516179,14985,2025-08-06,South,UPI,Returned
516180,12114,2025-07-18,North,Net Banking,Delivered
516181,10509,2025-07-21,Central,UPI,Delivered
516182,11607,2025-12-16,South,UPI,Shipped
516183,14497,2025-02-16,North,Credit Card,Delivered
516184,13887,2025-09-12,North,UPI,Delivered
516185,11153,2025-11-19,West,UPI,Delivered
516186,14780,2025-08-18,Central,Credit Card,Delivered
516187,13188,2025-10-12,North,Cash on Delivery,Cancelled
516188,10815,2025-07-10,South,UPI,Delivered
516189,12947,2025-01-25,South,UPI,Delivered
516190,12302,2025-04-20,West,Debit Card,Delivered
516191,14151,2025-09-17,West,Debit Card,Delivered
516192,11746,2025-03-10,East,UPI,Delivered
516193,14417,2025-03-04,West,UPI,Delivered
516194,14106,2025-09-19,South,Net Banking,Delivered
516195,13437,2025-12-05,North,UPI,Delivered
516196,11313,2025-01-18,Central,Debit Card,Delivered
516197,14864,2025-12-24,West,Credit Card,Delivered
516198,12821,2025-02-05,East,Credit Card,Delivered
516199,14570,2025-11-28,East,Net Banking,Delivered
516200,11065,2025-03-29,South,Credit Card,Delivered
516201,14916,2025-07-04,South,Net Banking,Delivered
516202,14128,2025-06-07,South,Debit Card,Delivered
516203,14768,2025-09-05,South,Credit Card,Delivered
516204,11043,2025-10-22,East,UPI,Delivered
516205,12201,2025-10-17,West,Debit Card,Delivered
516206,10499,2025-02-27,North,Debit Card,Delivered
516207,10669,2025-07-31,South,Cash on Delivery,Delivered
516208,11429,2025-12-22,South,Debit Card,Delivered
516209,14772,2025-08-03,East,Net Banking,Delivered
516210,13407,2025-10-17,East,UPI,Delivered
516211,11588,2025-12-24,East,Debit Card,Delivered
516212,14784,2025-05-16,North,Credit Card,Delivered
516213,13766,2025-10-26,West,Cash on Delivery,Delivered
516214,14569,2025-11-15,West,Credit Card,Shipped
516215,14647,2025-09-12,West,Credit Card,Cancelled
516216,13814,2025-07-09,South,Credit Card,Shipped
516217,11227,2025-12-16,West,UPI,Delivered
516218,14981,2025-04-21,North,Credit Card,Delivered
516219,11648,2025-10-03,West,Credit Card,Delivered
516220,13425,2025-06-29,Central,Credit Card,Delivered
516221,14270,2025-03-25,West,UPI,Shipped
516222,10849,2025-03-25,North,Debit Card,Delivered
516223,13125,2025-10-29,North,Credit Card,Delivered
516224,11911,2025-12-09,North,Cash on Delivery,Shipped
516225,11233,2025-03-03,West,Net Banking,Returned
516226,10059,2025-05-18,West,Credit Card,Delivered
516227,14405,2025-05-13,West,Debit Card,Delivered
516228,10666,2025-12-18,West,Debit Card,Delivered
516229,14425,2025-05-26,West,UPI,Delivered
516230,13082,2025-11-13,West,UPI,Delivered
516231,13183,2025-11-15,East,UPI,Delivered
516232,14193,2025-03-30,South,UPI,Shipped
516233,12612,2025-09-12,North,UPI,Shipped
516234,11819,2025-07-28,West,Net Banking,Delivered
516235,10674,2025-09-18,West,Debit Card,Cancelled
516236,12937,2025-12-21,West,Cash on Delivery,Delivered
516237,12848,2025-09-08,Central,Credit Card,Delivered
516238,11484,2025-01-21,East,Credit Card,Delivered
516239,13079,2025-04-10,East,UPI,Delivered
516240,12251,2025-10-02,South,Net Banking,Shipped
516241,14076,2025-05-31,West,UPI,Cancelled
516242,12882,2025-11-21,North,Cash on Delivery,Delivered
516243,14681,2025-06-10,Central,UPI,Delivered
516244,12642,2025-08-27,West,Debit Card,Shipped
516245,14484,2025-02-04,West,Credit Card,Delivered
516246,12654,2025-11-11,North,UPI,Delivered
516247,12876,2025-02-11,South,Credit Card,Cancelled
516248,11872,2025-05-07,South,UPI,Delivered
516249,12050,2025-08-06,North,Debit Card,Delivered
516250,14680,2025-12-23,East,Credit Card,Delivered
516251,11092,2025-03-27,West,UPI,Delivered
516252,10605,2025-07-22,North,UPI,Delivered
516253,14197,2025-02-18,East,Cash on Delivery,Delivered
516254,12979,2025-10-24,Central,UPI,Delivered
516255,11434,2025-11-29,North,UPI,Delivered
516256,12210,2025-07-25,South,UPI,Delivered
516257,12685,2025-04-15,South,UPI,Delivered
516258,13047,2025-02-18,North,UPI,Delivered
516259,14156,2025-03-12,South,UPI,Delivered
516260,12020,2025-03-25,South,UPI,Delivered
516261,13447,2025-06-23,West,Cash on Delivery,Delivered
516262,14216,2025-11-16,North,Credit Card,Delivered
516263,14262,2025-09-09,Central,UPI,Delivered
516264,11288,2025-06-04,North,Net Banking,Delivered
516265,11786,2025-10-17,Central,Cash on Delivery,Delivered
516266,13057,2025-08-02,Central,UPI,Delivered
516267,14473,2025-07-10,Central,Credit Card,Delivered
516268,14003,2025-12-24,South,Net Banking,Delivered
516269,13010,2025-04-11,Central,Debit Card,Delivered
516270,14919,2025-07-14,West,Debit Card,Delivered
516271,12248,2025-06-04,West,Credit Card,Delivered
516272,14255,2025-01-07,North,UPI,Delivered
516273,14137,2025-05-03,South,Net Banking,Delivered
516274,14572,2025-10-06,East,UPI,Cancelled
516275,14945,2025-05-07,South,UPI,Delivered
516276,12536,2025-08-04,East,UPI,Delivered
516277,10961,2025-08-30,North,Debit Card,Delivered
516278,12360,2025-06-13,North,Net Banking,Delivered
516279,14312,2025-11-10,West,Debit Card,Returned
516280,14225,2025-01-11,West,Credit Card,Shipped
516281,11702,2025-09-20,North,Debit Card,Delivered
516282,10229,2025-11-18,North,Debit Card,Returned
516283,12615,2025-10-14,North,Cash on Delivery,Delivered
516284,12422,2025-02-15,North,UPI,Delivered
516285,10432,2025-11-22,West,UPI,Delivered
516286,14033,2025-09-11,North,Credit Card,Delivered
516287,11428,2025-08-17,Central,Credit Card,Delivered
516288,13288,2025-11-05,Central,Net Banking,Delivered
516289,10512,2025-12-15,North,Credit Card,Delivered
516290,14347,2025-03-09,West,UPI,Delivered
516291,13764,2025-02-15,South,Credit Card,Cancelled
516292,11979,2025-10-20,West,UPI,Returned
516293,13218,2025-11-28,South,Credit Card,Delivered
516294,10916,2025-06-04,South,UPI,Delivered
516295,14934,2025-10-08,West,UPI,Delivered
516296,14037,2025-01-12,West,Cash on Delivery,Delivered
516297,13994,2025-07-07,South,Debit Card,Cancelled
516298,10748,2025-01-17,East,Debit Card,Delivered
516299,10085,2025-05-08,West,Debit Card,Delivered
516300,13016,2025-12-17,South,Debit Card,Delivered
516301,10702,2025-04-29,South,Credit Card,Delivered
516302,13951,2025-01-09,Central,Credit Card,Delivered
516303,12133,2025-07-30,West,Cash on Delivery,Delivered
516304,11726,2025-04-28,Central,Credit Card,Delivered
516305,10361,2025-01-29,South,UPI,Delivered
516306,14981,2025-04-27,North,UPI,Delivered
516307,14794,2025-05-21,South,UPI,Delivered
516308,10650,2025-10-30,South,UPI,Delivered
516309,11685,2025-08-22,South,Debit Card,Delivered
516310,11996,2025-05-11,West,UPI,Delivered
516311,11500,2025-06-13,South,UPI,Delivered
516312,14687,2025-07-04,Central,UPI,Delivered
516313,13674,2025-09-16,Central,Credit Card,Delivered
516314,14794,2025-06-14,South,Cash on Delivery,Delivered
516315,14416,2025-01-20,West,Credit Card,Delivered
516316,13834,2025-11-26,South,Debit Card,Delivered
516317,13548,2025-10-05,South,Credit Card,Delivered
516318,14380,2025-05-29,West,UPI,Delivered
516319,13493,2025-08-13,South,Cash on Delivery,Returned
516320,10924,2025-12-02,South,Credit Card,Delivered
516321,13299,2025-04-10,South,Net Banking,Shipped
516322,12633,2025-01-13,East,UPI,Delivered
516323,14907,2025-09-08,South,UPI,Delivered
516324,12616,2025-01-08,Central,Credit Card,Cancelled
516325,10180,2025-06-08,South,Debit Card,Delivered
516326,11342,2025-09-18,East,Net Banking,Delivered
516327,14611,2025-05-08,North,Cash on Delivery,Delivered
516328,14830,2025-06-21,West,Cash on Delivery,Delivered
516329,13711,2025-11-03,South,Credit Card,Delivered
516330,10282,2025-12-22,South,Credit Card,Delivered
516331,10115,2025-06-02,North,UPI,Delivered
516332,12456,2025-01-13,South,Credit Card,Delivered
516333,14998,2025-02-01,East,UPI,Cancelled
516334,14395,2025-05-14,South,UPI,Delivered
516335,14680,2025-02-18,East,Credit Card,Delivered
516336,13194,2025-09-24,North,Cash on Delivery,Delivered
516337,14335,2025-03-12,North,Cash on Delivery,Delivered
516338,11617,2025-05-23,South,Debit Card,Delivered
516339,10135,2025-03-09,North,Debit Card,Delivered
516340,14614,2025-06-17,East,Credit Card,Delivered
516341,11076,2025-09-05,North,Credit Card,Delivered
516342,13710,2025-12-29,South,Credit Card,Delivered
516343,13370,2025-04-14,Central,UPI,Delivered
516344,10776,2025-08-02,South,UPI,Delivered
516345,10962,2025-06-07,West,UPI,Shipped
516346,11666,2025-10-02,North,Net Banking,Delivered
516347,13846,2025-04-11,East,Credit Card,Delivered
516348,10185,2025-04-24,East,Debit Card,Shipped
516349,12086,2025-11-14,North,Credit Card,Delivered
516350,13393,2025-06-15,South,Net Banking,Cancelled
516351,10827,2025-01-30,Central,Cash on Delivery,Delivered
516352,10603,2025-02-01,Central,UPI,Delivered
516353,11990,2025-12-05,South,UPI,Shipped
516354,11447,2025-04-26,North,UPI,Delivered
516355,13305,2025-04-11,South,Cash on Delivery,Delivered
516356,14859,2025-12-31,West,Credit Card,Delivered
516357,10024,2025-03-28,West,Credit Card,Delivered
516358,14548,2025-01-12,East,Credit Card,Delivered
516359,12214,2025-09-22,South,Cash on Delivery,Delivered
516360,13388,2025-09-30,South,UPI,Delivered
516361,14302,2025-12-27,West,Credit Card,Delivered
516362,12953,2025-03-01,North,UPI,Delivered
516363,10496,2025-09-17,South,Credit Card,Delivered
516364,10682,2025-05-17,North,Credit Card,Shipped
516365,13996,2025-09-24,West,UPI,Delivered
516366,11131,2025-08-23,East,Net Banking,Delivered
516367,12928,2025-09-12,North,UPI,Shipped
516368,12190,2025-11-13,East,UPI,Shipped
516369,11525,2025-12-15,South,UPI,Delivered
516370,13986,2025-08-14,South,Net Banking,Delivered
516371,13725,2025-04-08,South,UPI,Delivered
516372,13289,2025-10-04,Central,UPI,Delivered
516373,11899,2025-01-25,North,Debit Card,Delivered
516374,11113,2025-03-03,East,Net Banking,Delivered
516375,12635,2025-03-25,South,Debit Card,Returned
516376,14133,2025-01-24,West,Credit Card,Delivered
516377,12969,2025-07-16,North,Debit Card,Delivered
516378,14864,2025-03-07,West,Credit Card,Shipped
516379,10074,2025-09-07,West,Credit Card,Delivered
516380,14994,2025-09-22,South,Debit Card,Delivered
516381,13525,2025-08-23,North,Debit Card,Delivered
516382,14205,2025-05-16,East,Debit Card,Delivered
516383,11696,2025-05-06,South,Debit Card,Delivered
516384,12601,2025-04-06,West,UPI,Delivered
516385,14041,2025-11-10,North,Cash on Delivery,Delivered
516386,13865,2025-11-23,North,Cash on Delivery,Delivered
516387,11691,2025-02-07,South,Credit Card,Delivered
516388,11643,2025-05-28,South,UPI,Returned
516389,13382,2025-02-16,East,UPI,Delivered
516390,14681,2025-03-20,Central,Debit Card,Delivered
516391,12246,2025-01-28,West,UPI,Delivered
516392,11802,2025-10-05,South,Debit Card,Delivered
516393,14516,2025-08-20,North,UPI,Returned
516394,13488,2025-04-23,West,Cash on Delivery,Delivered
516395,11977,2025-06-28,East,Net Banking,Delivered
516396,10284,2025-10-07,South,Net Banking,Delivered
516397,13674,2025-08-14,Central,Net Banking,Delivered
516398,11802,2025-03-14,South,UPI,Delivered
516399,10341,2025-03-02,North,UPI,Delivered
516400,13142,2025-01-02,West,Credit Card,Delivered
516401,11637,2025-12-31,South,Debit Card,Delivered
516402,11725,2025-03-30,East,Debit Card,Delivered
516403,12455,2025-01-04,Central,Credit Card,Delivered
516404,13658,2025-08-20,West,Credit Card,Delivered
516405,11396,2025-02-27,West,UPI,Delivered
516406,10404,2025-05-07,North,Cash on Delivery,Delivered
516407,12168,2025-09-26,East,UPI,Delivered
516408,10269,2025-08-09,South,UPI,Delivered
516409,13549,2025-08-12,Central,Debit Card,Delivered
516410,14808,2025-06-04,North,UPI,Returned
516411,13369,2025-01-30,West,Cash on Delivery,Shipped
516412,11392,2025-04-20,South,Credit Card,Shipped
516413,10886,2025-12-25,West,UPI,Delivered
516414,11158,2025-09-09,South,UPI,Delivered
516415,11086,2025-11-14,West,Credit Card,Delivered
516416,11582,2025-07-12,East,Credit Card,Delivered
516417,10496,2025-01-11,South,UPI,Delivered
516418,14520,2025-12-09,East,UPI,Delivered
516419,14470,2025-01-17,East,UPI,Delivered
516420,13156,2025-06-04,South,Net Banking,Delivered
516421,10300,2025-04-27,East,Net Banking,Returned
516422,14074,2025-08-17,Central,Credit Card,Delivered
516423,10298,2025-10-18,North,Debit Card,Cancelled
516424,10532,2025-07-06,South,Debit Card,Delivered
516425,11650,2025-06-10,East,UPI,Returned
516426,12205,2025-02-24,West,Cash on Delivery,Delivered
516427,11809,2025-07-27,East,Credit Card,Delivered
516428,10800,2025-11-27,West,Debit Card,Delivered
516429,10568,2025-02-21,West,Net Banking,Delivered
516430,14337,2025-01-19,South,Net Banking,Cancelled
516431,11853,2025-08-30,West,Cash on Delivery,Delivered
516432,11077,2025-07-07,South,Debit Card,Delivered
516433,12488,2025-01-10,West,Debit Card,Delivered
516434,10176,2025-11-18,North,UPI,Shipped
516435,13082,2025-01-07,West,UPI,Delivered
516436,11255,2025-03-31,West,Debit Card,Delivered
516437,13072,2025-06-17,West,UPI,Shipped
516438,13152,2025-07-17,Central,Credit Card,Delivered
516439,14094,2025-01-11,West,UPI,Delivered
516440,11135,2025-02-21,North,Debit Card,Delivered
516441,12367,2025-12-22,North,Debit Card,Delivered
516442,14826,2025-05-20,West,Debit Card,Delivered
516443,13700,2025-08-08,South,Credit Card,Cancelled
516444,14882,2025-07-09,East,Debit Card,Delivered
516445,14651,2025-11-25,North,Credit Card,Delivered
516446,13133,2025-05-31,West,Credit Card,Delivered
516447,11341,2025-10-23,East,UPI,Delivered
516448,13846,2025-07-17,East,UPI,Delivered
516449,13553,2025-11-02,West,Debit Card,Delivered
516450,13029,2025-03-05,West,Cash on Delivery,Delivered
516451,13552,2025-05-27,North,Credit Card,Shipped
516452,13149,2025-07-31,West,Net Banking,Delivered
516453,12650,2025-10-01,North,UPI,Delivered
516454,12131,2025-04-07,Central,Debit Card,Delivered
516455,10221,2025-04-03,East,Credit Card,Returned
516456,14379,2025-11-25,East,UPI,Delivered
516457,14379,2025-10-27,East,UPI,Delivered
516458,13056,2025-11-10,North,Debit Card,Delivered
516459,11356,2025-03-03,North,UPI,Delivered
516460,10136,2025-04-01,Central,Credit Card,Cancelled
516461,10010,2025-11-05,South,Debit Card,Delivered
516462,10357,2025-12-25,West,Credit Card,Delivered
516463,11836,2025-03-02,North,Debit Card,Delivered
516464,10921,2025-11-02,South,Debit Card,Delivered
516465,11346,2025-02-23,Central,Cash on Delivery,Delivered
516466,13562,2025-10-25,West,Debit Card,Delivered
516467,14807,2025-07-06,North,UPI,Delivered
516468,11014,2025-09-21,East,UPI,Delivered
516469,12377,2025-08-26,South,Debit Card,Delivered
516470,14962,2025-09-26,West,UPI,Delivered
516471,14672,2025-07-18,East,UPI,Delivered
516472,11799,2025-12-01,Central,UPI,Delivered
516473,11617,2025-12-24,South,Credit Card,Delivered
516474,11217,2025-10-26,West,Net Banking,Delivered
516475,10764,2025-09-05,South,Credit Card,Delivered
516476,12356,2025-09-13,South,UPI,Returned
516477,11737,2025-06-08,East,Net Banking,Delivered
516478,13788,2025-11-29,West,Credit Card,Delivered
516479,11184,2025-10-22,North,Debit Card,Delivered
516480,13747,2025-04-04,North,Cash on Delivery,Delivered
516481,11461,2025-07-02,East,Net Banking,Delivered
516482,13049,2025-01-19,West,Net Banking,Delivered
516483,13255,2025-07-15,South,UPI,Delivered
516484,13426,2025-03-06,Central,Credit Card,Delivered
516485,10852,2025-10-23,North,Cash on Delivery,Delivered
516486,11425,2025-12-18,East,UPI,Delivered
516487,11241,2025-07-23,West,UPI,Delivered
516488,12972,2025-03-17,Central,UPI,Delivered
516489,10372,2025-07-31,West,Cash on Delivery,Delivered
516490,12643,2025-09-02,South,Credit Card,Delivered
516491,10448,2025-04-23,South,UPI,Shipped
516492,11712,2025-01-30,South,Credit Card,Delivered
516493,13504,2025-09-04,South,Debit Card,Delivered
516494,12114,2025-08-24,North,Net Banking,Delivered
516495,11415,2025-06-26,West,Credit Card,Delivered
516496,13160,2025-04-03,West,Net Banking,Delivered
516497,13768,2025-06-18,West,UPI,Delivered
516498,11289,2025-03-27,East,Credit Card,Delivered
516499,11511,2025-04-19,East,Net Banking,Delivered
516500,13266,2025-11-01,West,Credit Card,Delivered
516501,14844,2025-06-06,North,UPI,Delivered
516502,11054,2025-05-09,West,Net Banking,Delivered
516503,13339,2025-10-14,West,Net Banking,Delivered
516504,14566,2025-10-10,North,UPI,Delivered
516505,12362,2025-10-18,South,Debit Card,Delivered
516506,11605,2025-01-08,North,UPI,Delivered
516507,13406,2025-02-09,East,Cash on Delivery,Delivered
516508,10151,2025-07-19,West,UPI,Delivered
516509,11837,2025-05-14,West,Credit Card,Delivered
516510,11308,2025-05-23,North,Debit Card,Delivered
516511,11100,2025-10-04,North,Net Banking,Delivered
516512,10877,2025-07-17,South,Net Banking,Delivered
516513,13750,2025-11-06,North,Debit Card,Delivered
516514,14785,2025-12-11,East,Cash on Delivery,Delivered
516515,11960,2025-08-18,Central,UPI,Delivered
516516,10238,2025-04-01,North,Cash on Delivery,Delivered
516517,13661,2025-04-16,North,Credit Card,Delivered
516518,12762,2025-03-28,North,Debit Card,Shipped
516519,13688,2025-10-02,East,UPI,Delivered
516520,13299,2025-04-02,South,Credit Card,Delivered
516521,14558,2025-09-13,South,Net Banking,Shipped
516522,10682,2025-02-03,North,Credit Card,Delivered
516523,10820,2025-02-27,North,Net Banking,Delivered
516524,11737,2025-07-18,East,Credit Card,Delivered
516525,12514,2025-08-31,East,UPI,Delivered
516526,14639,2025-09-17,South,Credit Card,Delivered
516527,14569,2025-06-27,West,UPI,Delivered
516528,14405,2025-01-21,West,Credit Card,Delivered
516529,11090,2025-03-01,West,Net Banking,Delivered
516530,13719,2025-06-20,North,UPI,Shipped
516531,11952,2025-02-14,East,UPI,Delivered
516532,14671,2025-02-11,West,Credit Card,Delivered
516533,11057,2025-06-26,West,Debit Card,Delivered
516534,10685,2025-07-15,South,Debit Card,Delivered
516535,14255,2025-01-03,North,Net Banking,Delivered
516536,13655,2025-10-22,East,UPI,Delivered
516537,14157,2025-02-17,East,UPI,Delivered
516538,10775,2025-05-29,East,Debit Card,Delivered
516539,14468,2025-08-18,West,UPI,Delivered
516540,13456,2025-01-18,South,Credit Card,Delivered
516541,13321,2025-08-31,South,Credit Card,Delivered
516542,13005,2025-04-16,South,UPI,Delivered
516543,13883,2025-06-12,East,Debit Card,Delivered
516544,12131,2025-02-01,Central,Net Banking,Cancelled
516545,10653,2025-05-02,West,UPI,Shipped
516546,12769,2025-04-13,North,UPI,Delivered
516547,13800,2025-07-05,North,Debit Card,Delivered
516548,10748,2025-08-11,East,UPI,Shipped
516549,11097,2025-12-16,West,Credit Card,Delivered
516550,13546,2025-02-15,West,Debit Card,Returned
516551,11366,2025-05-06,West,Credit Card,Shipped
516552,10822,2025-05-28,North,Net Banking,Delivered
516553,14487,2025-12-26,North,Net Banking,Delivered
516554,10786,2025-01-26,South,Cash on Delivery,Shipped
516555,11745,2025-05-19,West,Credit Card,Delivered
516556,12191,2025-07-13,North,Credit Card,Delivered
516557,12438,2025-12-25,South,Net Banking,Delivered
516558,11843,2025-08-04,West,Net Banking,Delivered
516559,14593,2025-12-16,West,Credit Card,Delivered
516560,13369,2025-02-06,West,UPI,Delivered
516561,11835,2025-08-03,Central,Credit Card,Delivered
516562,11823,2025-06-24,West,UPI,Delivered
516563,12579,2025-04-24,West,UPI,Shipped
516564,10159,2025-10-30,North,UPI,Delivered
516565,14641,2025-06-03,South,Credit Card,Delivered
516566,11092,2025-10-08,West,Cash on Delivery,Delivered
516567,13551,2025-10-04,North,Credit Card,Delivered
516568,13939,2025-10-26,South,Cash on Delivery,Delivered
516569,14186,2025-10-06,West,Debit Card,Delivered
516570,10801,2025-03-06,North,UPI,Delivered
516571,12750,2025-11-13,West,Debit Card,Delivered
516572,10422,2025-11-26,South,Credit Card,Delivered
516573,14075,2025-03-30,Central,Credit Card,Delivered
516574,12484,2025-03-27,East,Credit Card,Delivered
516575,10778,2025-08-27,North,Cash on Delivery,Delivered
516576,13660,2025-07-19,Central,UPI,Delivered
516577,11677,2025-04-15,Central,Credit Card,Delivered
516578,10581,2025-03-05,West,UPI,Delivered
516579,12360,2025-07-23,North,UPI,Delivered
516580,11176,2025-06-25,North,UPI,Delivered
516581,14768,2025-02-08,South,Cash on Delivery,Delivered
516582,11843,2025-05-20,West,UPI,Returned
516583,12948,2025-05-19,North,Net Banking,Returned
516584,14767,2025-02-17,West,Debit Card,Delivered
516585,12014,2025-05-16,South,UPI,Delivered
516586,11824,2025-11-03,South,UPI,Cancelled
516587,10794,2025-04-11,South,Credit Card,Delivered
516588,14698,2025-08-29,East,Credit Card,Delivered
516589,14058,2025-07-27,East,Credit Card,Delivered
516590,11083,2025-07-29,West,Debit Card,Delivered
516591,11685,2025-04-18,South,Credit Card,Delivered
516592,14599,2025-12-07,West,Net Banking,Delivered
516593,12753,2025-03-09,North,Debit Card,Delivered
516594,12870,2025-03-12,North,Debit Card,Shipped
516595,13300,2025-04-08,South,Debit Card,Delivered
516596,13875,2025-04-19,North,Debit Card,Delivered
516597,14705,2025-06-13,East,Debit Card,Delivered
516598,14063,2025-12-23,East,Credit Card,Delivered
516599,14687,2025-10-13,Central,UPI,Shipped
516600,14155,2025-03-31,West,Credit Card,Delivered
516601,10227,2025-03-16,South,Debit Card,Delivered
516602,10596,2025-01-29,East,UPI,Delivered
516603,14469,2025-01-03,West,Debit Card,Delivered
516604,10135,2025-11-14,North,Cash on Delivery,Delivered
516605,14027,2025-01-11,West,Credit Card,Delivered
516606,14297,2025-03-14,North,UPI,Shipped
516607,12129,2025-08-06,South,UPI,Delivered
516608,11814,2025-04-28,South,Net Banking,Delivered
516609,10952,2025-07-06,East,UPI,Delivered
516610,10238,2025-09-13,North,UPI,Delivered
516611,13790,2025-03-13,North,Credit Card,Delivered
516612,10361,2025-08-01,South,Credit Card,Delivered
516613,14739,2025-03-13,East,Cash on Delivery,Delivered
516614,11500,2025-10-25,South,Credit Card,Delivered
516615,14027,2025-11-07,West,Net Banking,Delivered
516616,10295,2025-09-19,South,Cash on Delivery,Shipped
516617,12748,2025-10-04,West,UPI,Delivered
516618,11781,2025-09-05,South,Credit Card,Delivered
516619,10146,2025-03-28,Central,Cash on Delivery,Delivered
516620,13357,2025-07-29,South,Credit Card,Delivered
516621,14734,2025-08-07,East,UPI,Delivered
516622,10055,2025-05-11,North,Credit Card,Returned
516623,11367,2025-09-07,West,Debit Card,Delivered
516624,13583,2025-09-25,North,Debit Card,Delivered
516625,14402,2025-03-25,West,Cash on Delivery,Delivered
516626,10934,2025-01-19,West,Cash on Delivery,Delivered
516627,10343,2025-01-23,North,Debit Card,Delivered
516628,10041,2025-02-20,West,Debit Card,Delivered
516629,11062,2025-09-25,West,UPI,Delivered
516630,10348,2025-04-02,West,Net Banking,Delivered
516631,11834,2025-07-04,Central,Credit Card,Delivered
516632,12255,2025-10-17,Central,Net Banking,Returned
516633,12458,2025-09-07,South,Cash on Delivery,Delivered
516634,10692,2025-03-21,West,Credit Card,Delivered
516635,12370,2025-11-15,South,Cash on Delivery,Delivered
516636,10044,2025-05-12,West,Debit Card,Delivered
516637,11195,2025-08-22,East,Credit Card,Delivered
516638,11876,2025-11-06,West,UPI,Delivered
516639,10599,2025-01-06,West,Debit Card,Delivered
516640,14115,2025-10-17,North,Cash on Delivery,Delivered
516641,10991,2025-03-09,North,Credit Card,Delivered
516642,13836,2025-01-13,South,Credit Card,Delivered
516643,12421,2025-07-20,North,Credit Card,Shipped
516644,12456,2025-10-20,South,Debit Card,Returned
516645,13287,2025-07-25,South,UPI,Shipped
516646,10219,2025-08-17,West,UPI,Delivered
516647,10394,2025-07-30,South,Credit Card,Shipped
516648,11660,2025-11-12,West,UPI,Delivered
516649,12135,2025-09-26,West,Debit Card,Delivered
516650,12198,2025-04-05,North,Credit Card,Delivered
516651,13450,2025-06-21,South,Cash on Delivery,Delivered
516652,10006,2025-10-11,West,Debit Card,Delivered
516653,14807,2025-05-09,North,Debit Card,Returned
516654,10846,2025-01-08,North,Debit Card,Delivered
516655,11257,2025-11-19,West,Credit Card,Delivered
516656,14560,2025-09-07,West,Cash on Delivery,Cancelled
516657,10030,2025-03-08,South,Cash on Delivery,Delivered
516658,14960,2025-10-01,North,Credit Card,Delivered
516659,10169,2025-02-04,South,Net Banking,Delivered
516660,10605,2025-10-27,North,Cash on Delivery,Shipped
516661,11200,2025-04-08,East,UPI,Delivered
516662,12245,2025-05-07,West,Debit Card,Delivered
516663,12643,2025-03-26,South,Credit Card,Delivered
516664,10522,2025-07-30,Central,Credit Card,Delivered
516665,10361,2025-02-12,South,Cash on Delivery,Delivered
516666,10153,2025-08-28,South,UPI,Delivered
516667,11304,2025-10-29,South,Credit Card,Delivered
516668,14626,2025-02-09,West,UPI,Delivered
516669,11988,2025-08-10,West,UPI,Cancelled
516670,13880,2025-11-08,North,Debit Card,Delivered
516671,10932,2025-06-04,North,Net Banking,Delivered
516672,10317,2025-05-28,North,Net Banking,Delivered
516673,12856,2025-07-25,West,UPI,Delivered
516674,14160,2025-11-09,North,UPI,Delivered
516675,14531,2025-01-12,North,Credit Card,Delivered
516676,12812,2025-08-29,West,Credit Card,Delivered
516677,11484,2025-01-23,East,UPI,Delivered
516678,10551,2025-01-12,East,Cash on Delivery,Delivered
516679,13411,2025-04-27,North,Credit Card,Shipped
516680,11415,2025-04-18,West,Debit Card,Shipped
516681,14264,2025-06-21,East,Debit Card,Delivered
516682,13103,2025-02-08,Central,Credit Card,Delivered
516683,14335,2025-02-11,North,Net Banking,Shipped
516684,12918,2025-08-10,Central,Cash on Delivery,Cancelled
516685,13913,2025-02-17,East,Credit Card,Delivered
516686,11487,2025-12-13,West,Debit Card,Shipped
516687,12579,2025-12-10,West,UPI,Shipped
516688,10093,2025-11-19,West,UPI,Delivered
516689,13121,2025-02-04,West,UPI,Delivered
516690,12738,2025-09-13,North,UPI,Delivered
516691,13836,2025-12-19,South,UPI,Delivered
516692,13714,2025-10-20,West,Debit Card,Delivered
516693,13207,2025-09-29,South,Credit Card,Delivered
516694,10280,2025-01-18,South,Credit Card,Delivered
516695,14553,2025-08-12,East,UPI,Delivered
516696,10086,2025-05-07,South,UPI,Delivered
516697,14069,2025-11-28,North,Credit Card,Delivered
516698,12456,2025-10-25,South,UPI,Delivered
516699,14135,2025-01-02,West,Debit Card,Delivered
516700,12375,2025-02-22,South,Credit Card,Delivered
516701,13293,2025-08-06,West,Net Banking,Delivered
516702,11853,2025-03-01,West,Net Banking,Delivered
516703,13786,2025-02-04,South,Credit Card,Delivered
516704,11288,2025-06-10,North,Cash on Delivery,Delivered
516705,13663,2025-10-24,South,Cash on Delivery,Delivered
516706,10946,2025-07-10,South,UPI,Delivered
516707,13681,2025-12-11,North,Cash on Delivery,Delivered
516708,11482,2025-09-17,North,Cash on Delivery,Delivered
516709,11406,2025-10-04,North,UPI,Delivered
516710,14103,2025-04-22,East,UPI,Delivered
516711,14115,2025-05-12,North,UPI,Returned
516712,13525,2025-04-05,North,Credit Card,Returned
516713,14631,2025-11-08,South,Net Banking,Delivered
516714,10765,2025-08-29,North,Credit Card,Delivered
516715,11366,2025-09-17,West,UPI,Delivered
516716,11484,2025-05-12,East,UPI,Delivered
516717,11534,2025-08-24,West,Credit Card,Delivered
516718,11665,2025-09-16,West,UPI,Delivered
516719,13548,2025-09-01,South,UPI,Delivered
516720,11369,2025-02-24,West,Net Banking,Delivered
516721,11441,2025-07-16,South,Debit Card,Delivered
516722,12937,2025-03-24,West,Cash on Delivery,Delivered
516723,10946,2025-12-24,South,Cash on Delivery,Delivered
516724,11863,2025-10-15,West,Net Banking,Delivered
516725,10291,2025-11-10,North,UPI,Delivered
516726,14774,2025-07-10,West,Debit Card,Delivered
516727,11606,2025-08-05,East,Debit Card,Shipped
516728,14297,2025-09-02,North,Cash on Delivery,Delivered
516729,12710,2025-09-23,East,Net Banking,Delivered
516730,11126,2025-02-01,South,Net Banking,Delivered
516731,10946,2025-09-18,South,UPI,Returned
516732,13542,2025-06-06,South,UPI,Cancelled
516733,14844,2025-05-15,North,Credit Card,Returned
516734,10891,2025-09-15,West,UPI,Delivered
516735,10583,2025-09-23,South,Debit Card,Returned
516736,11971,2025-02-22,North,Credit Card,Delivered
516737,12015,2025-11-08,West,UPI,Returned
516738,14078,2025-02-09,North,Debit Card,Delivered
516739,12396,2025-07-05,South,UPI,Returned
516740,10305,2025-09-04,East,Cash on Delivery,Delivered
516741,14622,2025-03-17,East,Credit Card,Delivered
516742,11902,2025-04-02,South,Credit Card,Cancelled
516743,13416,2025-08-09,West,UPI,Returned
516744,13409,2025-07-24,North,Credit Card,Delivered
516745,10277,2025-04-24,North,UPI,Delivered
516746,10019,2025-03-23,South,Credit Card,Delivered
516747,10451,2025-08-15,North,Net Banking,Delivered
516748,14796,2025-01-22,North,UPI,Delivered
516749,14027,2025-07-28,West,Credit Card,Delivered
516750,10651,2025-09-29,South,Debit Card,Delivered
516751,13155,2025-11-21,Central,Debit Card,Delivered
516752,13141,2025-05-08,North,UPI,Returned
516753,10006,2025-12-08,West,Cash on Delivery,Delivered
516754,12192,2025-09-05,East,UPI,Cancelled
516755,13630,2025-09-30,East,UPI,Delivered
516756,10912,2025-07-08,West,Debit Card,Delivered
516757,14301,2025-11-27,West,Net Banking,Delivered
516758,13374,2025-10-27,West,Debit Card,Delivered
516759,10035,2025-08-16,South,Credit Card,Delivered
516760,14320,2025-10-24,South,UPI,Delivered
516761,10093,2025-08-24,West,Net Banking,Delivered
516762,14484,2025-08-22,West,Debit Card,Returned
516763,11690,2025-12-26,South,Cash on Delivery,Cancelled
516764,13557,2025-07-02,West,Credit Card,Delivered
516765,13989,2025-09-16,North,Credit Card,Delivered
516766,11417,2025-04-01,Central,Net Banking,Delivered
516767,11817,2025-04-19,North,Cash on Delivery,Delivered
516768,12613,2025-08-28,Central,Cash on Delivery,Delivered
516769,13006,2025-01-13,North,UPI,Delivered
516770,11473,2025-06-28,North,Cash on Delivery,Returned
516771,14966,2025-07-01,Central,UPI,Delivered
516772,13749,2025-05-26,West,Credit Card,Cancelled
516773,11382,2025-10-23,Central,Net Banking,Shipped
516774,13267,2025-04-07,West,UPI,Delivered
516775,12229,2025-07-28,North,Credit Card,Delivered
516776,14345,2025-02-13,West,Cash on Delivery,Delivered
516777,11666,2025-08-22,North,Credit Card,Delivered
516778,10919,2025-04-03,South,Cash on Delivery,Delivered
516779,10226,2025-05-16,South,UPI,Delivered
516780,14921,2025-06-13,North,Credit Card,Delivered
516781,11834,2025-01-29,Central,Credit Card,Delivered
516782,11083,2025-08-05,West,Credit Card,Delivered
516783,12516,2025-01-30,West,Cash on Delivery,Delivered
516784,11472,2025-09-05,Central,Cash on Delivery,Delivered
516785,11160,2025-08-08,West,Credit Card,Delivered
516786,13161,2025-02-16,East,UPI,Delivered
516787,10366,2025-06-11,South,UPI,Delivered
516788,12609,2025-05-24,South,UPI,Delivered
516789,11974,2025-09-05,North,Debit Card,Delivered
516790,12727,2025-03-15,Central,Debit Card,Delivered
516791,11622,2025-01-29,South,Debit Card,Delivered
516792,12937,2025-09-07,West,Cash on Delivery,Shipped
516793,10408,2025-05-01,West,Debit Card,Shipped
516794,11917,2025-01-15,East,Net Banking,Cancelled
516795,11189,2025-08-08,North,Credit Card,Delivered
516796,12245,2025-11-03,West,Credit Card,Delivered
516797,12040,2025-11-08,North,Net Banking,Delivered
516798,13223,2025-06-19,South,Debit Card,Delivered
516799,13215,2025-06-24,West,Credit Card,Delivered
516800,12117,2025-11-16,South,UPI,Shipped
516801,10885,2025-04-27,West,Debit Card,Delivered
516802,13003,2025-12-15,South,UPI,Returned
516803,14849,2025-01-02,West,Debit Card,Delivered
516804,10906,2025-02-01,West,Credit Card,Cancelled
516805,10335,2025-11-06,South,UPI,Delivered
516806,11344,2025-10-25,South,Net Banking,Shipped
516807,12115,2025-06-07,West,Credit Card,Delivered
516808,11541,2025-09-22,Central,Cash on Delivery,Cancelled
516809,14215,2025-10-02,South,Cash on Delivery,Delivered
516810,12523,2025-05-14,South,Credit Card,Delivered
516811,11241,2025-12-20,West,Debit Card,Delivered
516812,14768,2025-09-14,South,Cash on Delivery,Delivered
516813,10619,2025-09-19,East,Debit Card,Delivered
516814,10610,2025-04-09,North,UPI,Cancelled
516815,11236,2025-06-06,West,UPI,Delivered
516816,10380,2025-07-13,West,Credit Card,Delivered
516817,13818,2025-03-15,South,UPI,Shipped
516818,11578,2025-10-14,East,Credit Card,Delivered
516819,13719,2025-03-13,North,UPI,Delivered
516820,13876,2025-10-22,Central,Net Banking,Delivered
516821,11189,2025-11-09,North,Net Banking,Returned
516822,12643,2025-05-05,South,UPI,Cancelled
516823,12650,2025-06-05,North,UPI,Delivered
516824,14402,2025-01-31,West,Credit Card,Delivered
516825,10127,2025-01-13,Central,UPI,Delivered
516826,11605,2025-03-12,North,UPI,Delivered
516827,14453,2025-02-20,North,Debit Card,Delivered
516828,11184,2025-03-06,North,UPI,Cancelled
516829,10669,2025-02-14,South,Debit Card,Delivered
516830,12972,2025-04-23,Central,UPI,Cancelled
516831,11537,2025-02-22,Central,UPI,Delivered
516832,12384,2025-10-09,South,Credit Card,Delivered
516833,14153,2025-04-20,West,UPI,Cancelled
516834,12654,2025-05-24,North,UPI,Delivered
516835,12635,2025-09-25,South,Debit Card,Delivered
516836,11403,2025-09-03,East,Debit Card,Delivered
516837,14021,2025-09-29,East,Credit Card,Delivered
516838,13766,2025-12-13,West,UPI,Delivered
516839,11167,2025-02-21,West,Credit Card,Delivered
516840,11620,2025-08-05,East,UPI,Delivered
516841,13993,2025-03-24,West,Cash on Delivery,Delivered
516842,11823,2025-03-17,West,UPI,Shipped
516843,12068,2025-06-01,North,UPI,Cancelled
516844,11858,2025-04-24,East,UPI,Delivered
516845,10789,2025-02-27,East,Debit Card,Delivered
516846,11737,2025-06-16,East,Cash on Delivery,Delivered
516847,14067,2025-09-14,South,Credit Card,Delivered
516848,12513,2025-12-12,West,Credit Card,Cancelled
516849,12340,2025-03-29,Central,Cash on Delivery,Shipped
516850,10765,2025-07-08,North,UPI,Shipped
516851,10862,2025-02-17,North,UPI,Delivered
516852,10213,2025-03-03,North,Credit Card,Delivered
516853,10067,2025-07-28,West,Debit Card,Delivered
516854,12492,2025-07-27,Central,UPI,Shipped
516855,12098,2025-03-10,North,Credit Card,Delivered
516856,11392,2025-03-10,South,Cash on Delivery,Shipped
516857,14957,2025-02-21,South,Net Banking,Delivered
516858,12039,2025-04-17,South,Cash on Delivery,Delivered
516859,13994,2025-02-15,South,UPI,Delivered
516860,11032,2025-05-25,West,Credit Card,Delivered
516861,11246,2025-03-26,East,Debit Card,Delivered
516862,12926,2025-01-30,South,Debit Card,Delivered
516863,10020,2025-06-26,East,Credit Card,Returned
516864,10083,2025-02-02,South,Net Banking,Delivered
516865,10692,2025-12-31,West,UPI,Cancelled
516866,11091,2025-11-10,North,UPI,Returned
516867,12704,2025-12-28,South,UPI,Delivered
516868,13502,2025-12-15,West,Debit Card,Delivered
516869,11572,2025-08-22,Central,Cash on Delivery,Cancelled
516870,11194,2025-06-16,South,Credit Card,Delivered
516871,14168,2025-08-18,West,Debit Card,Delivered
516872,10795,2025-09-06,South,Debit Card,Shipped
516873,13460,2025-07-18,East,Cash on Delivery,Delivered
516874,14671,2025-02-06,West,Cash on Delivery,Delivered
516875,11153,2025-01-15,West,Net Banking,Delivered
516876,10445,2025-04-03,Central,UPI,Delivered
516877,14901,2025-09-23,West,Credit Card,Delivered
516878,11369,2025-10-03,West,Credit Card,Delivered
516879,11392,2025-05-02,South,UPI,Cancelled
516880,12477,2025-08-25,North,UPI,Delivered
516881,11146,2025-05-17,South,Debit Card,Delivered
516882,14971,2025-07-17,South,Credit Card,Delivered
516883,10213,2025-10-03,North,Cash on Delivery,Delivered
516884,12302,2025-03-05,West,UPI,Delivered
516885,12821,2025-12-07,East,Credit Card,Delivered
516886,12383,2025-04-30,East,Debit Card,Delivered
516887,12654,2025-05-15,North,UPI,Delivered
516888,14944,2025-04-12,South,Credit Card,Delivered
516889,14421,2025-03-05,South,UPI,Shipped
516890,11557,2025-10-31,West,UPI,Delivered
516891,12841,2025-08-14,West,Cash on Delivery,Returned
516892,10004,2025-10-30,North,Debit Card,Delivered
516893,12098,2025-07-11,North,Debit Card,Shipped
516894,10797,2025-11-19,South,UPI,Delivered
516895,13629,2025-06-22,South,UPI,Delivered
516896,11083,2025-09-30,West,UPI,Delivered
516897,13804,2025-07-13,South,UPI,Delivered
516898,11580,2025-12-28,North,UPI,Returned
516899,14640,2025-05-06,Central,Credit Card,Delivered
516900,12282,2025-07-23,East,Debit Card,Delivered
516901,14245,2025-08-18,North,Credit Card,Delivered
516902,13208,2025-11-28,East,UPI,Delivered
516903,14892,2025-01-27,Central,Debit Card,Delivered
516904,13782,2025-03-31,South,Credit Card,Delivered
516905,13703,2025-02-16,South,Debit Card,Delivered
516906,11346,2025-04-25,Central,UPI,Shipped
516907,12586,2025-02-09,North,Cash on Delivery,Delivered
516908,11466,2025-03-10,West,UPI,Cancelled
516909,10093,2025-06-09,West,Credit Card,Delivered
516910,13627,2025-04-10,North,Credit Card,Delivered
516911,11178,2025-10-28,East,UPI,Delivered
516912,12035,2025-12-24,East,UPI,Shipped
516913,11434,2025-09-01,North,Net Banking,Delivered
516914,10981,2025-12-02,North,Net Banking,Delivered
516915,10324,2025-11-26,North,UPI,Shipped
516916,11719,2025-02-06,South,Credit Card,Returned
516917,10408,2025-05-23,West,UPI,Delivered
516918,12775,2025-11-27,South,UPI,Delivered
516919,10094,2025-09-22,North,Net Banking,Delivered
516920,14715,2025-03-23,South,Credit Card,Delivered
516921,14848,2025-08-13,East,Cash on Delivery,Delivered
516922,11532,2025-11-07,Central,Credit Card,Delivered
516923,11319,2025-05-17,North,Net Banking,Delivered
516924,10521,2025-11-16,West,Debit Card,Delivered
516925,14558,2025-02-10,South,Credit Card,Returned
516926,13021,2025-09-28,North,Credit Card,Delivered
516927,13128,2025-02-05,North,Cash on Delivery,Delivered
516928,14520,2025-03-06,East,UPI,Delivered
516929,14585,2025-02-02,West,Credit Card,Returned
516930,14189,2025-03-06,North,UPI,Delivered
516931,13920,2025-05-03,North,Credit Card,Returned
516932,14423,2025-11-27,Central,Debit Card,Delivered
516933,14419,2025-06-25,East,Net Banking,Delivered
516934,11874,2025-12-13,Central,Net Banking,Shipped
516935,14878,2025-03-15,South,UPI,Delivered
516936,13619,2025-06-05,West,UPI,Delivered
516937,11885,2025-01-16,East,Debit Card,Delivered
516938,12268,2025-12-29,North,UPI,Delivered
516939,13505,2025-01-26,North,Credit Card,Delivered
516940,11843,2025-06-27,West,UPI,Delivered
516941,14179,2025-02-23,East,Net Banking,Delivered
516942,10722,2025-12-14,West,Debit Card,Delivered
516943,14570,2025-07-25,East,Credit Card,Delivered
516944,11519,2025-05-21,West,UPI,Shipped
516945,10742,2025-07-12,South,Debit Card,Delivered
516946,14330,2025-10-18,East,Credit Card,Delivered
516947,11195,2025-07-26,East,Credit Card,Delivered
516948,14258,2025-01-29,South,Debit Card,Delivered
516949,11500,2025-06-08,South,UPI,Delivered
516950,14683,2025-09-25,East,UPI,Shipped
516951,11079,2025-03-10,West,Credit Card,Delivered
516952,10337,2025-08-26,North,UPI,Delivered
516953,14695,2025-02-01,Central,UPI,Delivered
516954,10801,2025-09-23,North,UPI,Delivered
516955,14736,2025-05-13,South,Debit Card,Delivered
516956,14171,2025-10-10,East,Cash on Delivery,Delivered
516957,10409,2025-06-16,West,Cash on Delivery,Delivered
516958,12281,2025-10-04,Central,Cash on Delivery,Delivered
516959,10359,2025-01-16,East,Debit Card,Delivered
516960,11669,2025-10-12,Central,Cash on Delivery,Shipped
516961,11797,2025-09-07,Central,UPI,Delivered
516962,13078,2025-04-12,Central,Debit Card,Delivered
516963,14886,2025-05-05,West,Debit Card,Delivered
516964,10822,2025-03-12,North,Cash on Delivery,Delivered
516965,11666,2025-07-29,North,UPI,Shipped
516966,13021,2025-03-24,North,Credit Card,Delivered
516967,10826,2025-07-28,North,Credit Card,Delivered
516968,13627,2025-01-14,North,Credit Card,Delivered
516969,12068,2025-10-24,North,Credit Card,Cancelled
516970,14768,2025-03-15,South,Net Banking,Delivered
516971,13219,2025-06-18,South,Net Banking,Delivered
516972,11852,2025-06-21,South,Credit Card,Delivered
516973,13663,2025-11-25,South,UPI,Delivered
516974,14238,2025-09-29,North,Net Banking,Delivered
516975,14056,2025-05-06,Central,Cash on Delivery,Delivered
516976,11334,2025-01-24,North,UPI,Delivered
516977,12136,2025-10-04,North,Credit Card,Delivered
516978,12307,2025-07-06,South,Net Banking,Delivered
516979,11978,2025-11-23,North,Cash on Delivery,Delivered
516980,11567,2025-05-15,North,Credit Card,Delivered
516981,13821,2025-06-12,Central,Debit Card,Delivered
516982,10062,2025-09-23,Central,Cash on Delivery,Delivered
516983,11482,2025-06-15,North,Credit Card,Delivered
516984,10687,2025-10-15,East,Net Banking,Delivered
516985,10637,2025-11-14,Central,UPI,Delivered
516986,11401,2025-04-08,North,Debit Card,Delivered
516987,13875,2025-09-09,North,Cash on Delivery,Delivered
516988,14859,2025-03-29,West,Debit Card,Delivered
516989,12630,2025-04-30,North,Credit Card,Delivered
516990,11729,2025-02-19,South,UPI,Delivered
516991,14194,2025-02-10,West,UPI,Delivered
516992,10324,2025-02-16,North,Debit Card,Delivered
516993,10475,2025-09-15,North,Cash on Delivery,Returned
516994,11757,2025-06-19,East,Net Banking,Delivered
516995,12296,2025-01-04,South,Net Banking,Delivered
516996,14044,2025-01-01,South,UPI,Delivered
516997,14639,2025-09-24,South,Debit Card,Delivered
516998,12722,2025-04-22,Central,Net Banking,Delivered
516999,12536,2025-01-11,East,UPI,Cancelled
517000,11047,2025-12-31,West,Cash on Delivery,Delivered
517001,12302,2025-01-14,West,UPI,Delivered
517002,14630,2025-04-01,West,Credit Card,Delivered
517003,12009,2025-08-08,North,UPI,Delivered
517004,11033,2025-12-09,South,Cash on Delivery,Delivered
517005,11715,2025-09-06,South,Debit Card,Cancelled
517006,12630,2025-03-14,North,Credit Card,Delivered
517007,13073,2025-11-11,North,Cash on Delivery,Delivered
517008,12210,2025-05-26,South,UPI,Delivered
517009,13851,2025-03-02,Central,UPI,Delivered
517010,13012,2025-10-07,South,Credit Card,Delivered
517011,13393,2025-01-27,South,UPI,Cancelled
517012,14366,2025-10-18,West,Cash on Delivery,Delivered
517013,14379,2025-01-22,East,Credit Card,Delivered
517014,10995,2025-01-11,North,UPI,Delivered
517015,13192,2025-05-04,East,UPI,Delivered
517016,13655,2025-05-04,East,Credit Card,Delivered
517017,10712,2025-12-27,North,Debit Card,Delivered
517018,14257,2025-07-05,West,UPI,Delivered
517019,10880,2025-04-08,Central,UPI,Shipped
517020,14048,2025-03-17,South,Debit Card,Shipped
517021,10789,2025-05-12,East,UPI,Delivered
517022,13777,2025-07-13,North,Debit Card,Delivered
517023,10722,2025-11-17,West,Credit Card,Delivered
517024,11930,2025-05-26,East,Credit Card,Delivered
517025,10699,2025-11-11,West,Credit Card,Shipped
517026,11369,2025-10-06,West,UPI,Delivered
517027,14921,2025-12-20,North,UPI,Delivered
517028,10538,2025-09-17,Central,Credit Card,Shipped
517029,12083,2025-09-01,Central,UPI,Delivered
517030,13450,2025-08-22,South,Credit Card,Returned
517031,10482,2025-12-31,South,Debit Card,Delivered
517032,10547,2025-07-30,Central,Credit Card,Delivered
517033,10699,2025-10-23,West,UPI,Delivered
517034,13287,2025-12-28,South,Cash on Delivery,Delivered
517035,14578,2025-06-17,Central,Net Banking,Delivered
517036,14178,2025-06-28,Central,Cash on Delivery,Delivered
517037,14916,2025-08-21,South,Credit Card,Delivered
517038,12983,2025-05-31,East,UPI,Delivered
517039,14824,2025-05-21,West,Credit Card,Delivered
517040,11532,2025-09-14,Central,Credit Card,Cancelled
517041,12156,2025-11-28,South,Debit Card,Delivered
517042,12027,2025-05-18,North,Debit Card,Delivered
517043,10229,2025-12-26,North,Credit Card,Delivered
517044,14195,2025-08-12,West,Cash on Delivery,Delivered
517045,10123,2025-01-22,North,UPI,Delivered
517046,13719,2025-03-30,North,Cash on Delivery,Delivered
517047,12086,2025-09-24,North,Debit Card,Delivered
517048,10033,2025-03-16,West,Credit Card,Delivered
517049,11466,2025-03-31,West,Debit Card,Delivered
517050,11762,2025-09-29,West,Debit Card,Delivered
517051,14844,2025-06-06,North,UPI,Delivered
517052,13374,2025-06-07,West,Credit Card,Delivered
517053,12791,2025-11-09,Central,Credit Card,Delivered
517054,10628,2025-03-06,North,Credit Card,Delivered
517055,11996,2025-01-06,West,UPI,Delivered
517056,10169,2025-03-18,South,Credit Card,Returned
517057,13870,2025-04-01,Central,Credit Card,Delivered
517058,10795,2025-10-18,South,Debit Card,Delivered
517059,13056,2025-05-08,North,Credit Card,Returned
517060,13562,2025-04-27,West,Debit Card,Delivered
517061,11870,2025-08-13,South,Debit Card,Delivered
517062,13233,2025-11-11,South,Net Banking,Shipped
517063,13882,2025-01-14,North,Credit Card,Returned
517064,10897,2025-06-23,Central,Net Banking,Delivered
517065,13082,2025-05-30,West,UPI,Delivered
517066,13737,2025-07-07,South,Cash on Delivery,Delivered
517067,11819,2025-03-26,West,Cash on Delivery,Cancelled
517068,10794,2025-04-30,South,Credit Card,Cancelled
517069,11443,2025-11-21,South,Cash on Delivery,Shipped
517070,14680,2025-05-23,East,Net Banking,Delivered
517071,11823,2025-11-02,West,UPI,Delivered
517072,10538,2025-08-28,Central,Debit Card,Cancelled
517073,10413,2025-07-31,South,Cash on Delivery,Delivered
517074,10880,2025-07-03,Central,UPI,Delivered
517075,10628,2025-07-10,North,Cash on Delivery,Delivered
517076,12535,2025-12-10,West,UPI,Delivered
517077,11772,2025-01-26,East,Debit Card,Delivered
517078,14250,2025-12-27,North,Credit Card,Cancelled
517079,14445,2025-05-05,East,Credit Card,Cancelled
517080,12418,2025-08-30,North,UPI,Shipped
517081,14486,2025-12-08,North,Credit Card,Delivered
517082,12301,2025-10-10,West,Credit Card,Shipped
517083,13273,2025-10-02,West,Credit Card,Delivered
517084,10794,2025-02-06,South,Cash on Delivery,Delivered
517085,10256,2025-10-19,North,Net Banking,Shipped
517086,10785,2025-08-09,East,UPI,Delivered
517087,11276,2025-11-15,West,Cash on Delivery,Delivered
517088,13815,2025-10-22,South,Credit Card,Returned
517089,10838,2025-09-04,North,Debit Card,Delivered
517090,10643,2025-05-08,West,UPI,Delivered
517091,14652,2025-04-17,South,UPI,Delivered
517092,13513,2025-12-02,East,UPI,Delivered
517093,12418,2025-08-11,North,Net Banking,Delivered
517094,10485,2025-12-01,South,Credit Card,Delivered
517095,14304,2025-06-10,South,UPI,Delivered
517096,10542,2025-10-15,West,Credit Card,Delivered
517097,13134,2025-09-13,South,Credit Card,Delivered
517098,13411,2025-08-30,North,Debit Card,Delivered
517099,12050,2025-04-30,North,UPI,Cancelled
517100,14587,2025-01-06,South,Cash on Delivery,Delivered
517101,10247,2025-12-27,South,Net Banking,Delivered
517102,14135,2025-05-02,West,Credit Card,Delivered
517103,12852,2025-05-25,South,UPI,Delivered
517104,13134,2025-09-15,South,Debit Card,Delivered
517105,14941,2025-03-21,South,UPI,Cancelled
517106,13005,2025-11-07,South,UPI,Delivered
517107,14042,2025-04-21,South,Debit Card,Delivered
517108,10748,2025-09-08,East,UPI,Delivered
517109,14094,2025-09-25,West,Debit Card,Shipped
517110,13866,2025-12-31,East,Credit Card,Cancelled
517111,14858,2025-02-20,South,UPI,Cancelled
517112,14691,2025-02-17,Central,Debit Card,Delivered
517113,11055,2025-06-16,North,Debit Card,Delivered
517114,12375,2025-07-28,South,Credit Card,Shipped
517115,14589,2025-04-15,South,Credit Card,Delivered
517116,13268,2025-03-11,East,Cash on Delivery,Delivered
517117,12368,2025-04-29,East,Debit Card,Delivered
517118,10545,2025-12-27,North,Credit Card,Shipped
517119,11797,2025-12-12,Central,Credit Card,Delivered
517120,13394,2025-01-01,West,Net Banking,Shipped
517121,13938,2025-10-29,South,Cash on Delivery,Shipped
517122,12290,2025-03-04,Central,Credit Card,Delivered
517123,10273,2025-02-28,Central,UPI,Delivered
517124,13235,2025-10-30,East,Credit Card,Delivered
517125,14626,2025-09-29,West,Debit Card,Delivered
517126,12545,2025-02-15,North,Net Banking,Delivered
517127,14656,2025-03-21,West,UPI,Delivered
517128,11810,2025-02-19,West,Debit Card,Delivered
517129,14474,2025-11-01,East,UPI,Delivered
517130,13980,2025-12-29,North,Credit Card,Delivered
517131,14825,2025-10-03,South,UPI,Delivered
517132,14009,2025-08-17,East,UPI,Delivered
517133,11626,2025-11-29,North,Debit Card,Delivered
517134,14542,2025-03-13,West,Credit Card,Delivered
517135,13420,2025-06-18,East,UPI,Delivered
517136,10791,2025-09-24,South,UPI,Delivered
517137,10225,2025-02-24,South,Cash on Delivery,Delivered
517138,11869,2025-08-18,West,UPI,Delivered
517139,13986,2025-02-16,South,Net Banking,Delivered
517140,13168,2025-03-19,Central,Credit Card,Delivered
517141,12699,2025-12-26,East,UPI,Returned
517142,10020,2025-11-02,East,Cash on Delivery,Delivered
517143,12230,2025-12-19,North,Credit Card,Delivered
517144,10774,2025-12-27,West,UPI,Delivered
517145,12319,2025-10-06,West,UPI,Delivered
517146,14964,2025-03-02,West,UPI,Delivered
517147,14435,2025-01-07,East,UPI,Returned
517148,11567,2025-09-28,North,UPI,Cancelled
517149,13053,2025-12-01,South,Credit Card,Cancelled
517150,12575,2025-01-09,South,Credit Card,Delivered
517151,10641,2025-08-01,West,Debit Card,Delivered
517152,14957,2025-06-14,South,UPI,Delivered
517153,12171,2025-08-19,South,UPI,Delivered
517154,12590,2025-11-11,West,UPI,Delivered
517155,13298,2025-06-05,East,Credit Card,Delivered
517156,10935,2025-12-30,South,Net Banking,Delivered
517157,11089,2025-01-15,East,UPI,Delivered
517158,10939,2025-04-28,Central,UPI,Delivered
517159,11960,2025-03-29,Central,Cash on Delivery,Shipped
517160,10981,2025-01-04,North,Debit Card,Delivered
517161,14640,2025-08-27,Central,Cash on Delivery,Shipped
517162,13639,2025-04-24,West,Credit Card,Delivered
517163,14528,2025-08-15,East,Credit Card,Delivered
517164,14288,2025-11-10,North,Cash on Delivery,Delivered
517165,13581,2025-05-23,Central,Debit Card,Delivered
517166,11225,2025-09-01,West,Credit Card,Shipped
517167,13157,2025-01-02,East,UPI,Delivered
517168,10910,2025-12-26,North,Credit Card,Returned
517169,10651,2025-05-04,South,Credit Card,Delivered
517170,13233,2025-11-21,South,Credit Card,Delivered
517171,13198,2025-07-20,West,Credit Card,Delivered
517172,10769,2025-03-12,South,Debit Card,Delivered
517173,11801,2025-03-09,North,UPI,Delivered
517174,10323,2025-05-27,Central,Net Banking,Delivered
517175,13648,2025-09-21,North,Debit Card,Delivered
517176,14944,2025-10-14,South,Net Banking,Delivered
517177,13767,2025-09-27,South,UPI,Delivered
517178,14265,2025-01-29,North,Net Banking,Delivered
517179,12440,2025-05-17,North,Debit Card,Delivered
517180,10487,2025-04-11,South,UPI,Delivered
517181,13697,2025-11-22,North,Credit Card,Delivered
517182,11303,2025-08-22,East,UPI,Delivered
517183,11977,2025-12-14,East,UPI,Delivered
517184,13581,2025-10-28,Central,UPI,Delivered
517185,14558,2025-11-26,South,UPI,Delivered
517186,12484,2025-02-23,East,Debit Card,Shipped
517187,14824,2025-10-28,West,Cash on Delivery,Delivered
517188,12653,2025-09-16,East,Credit Card,Shipped
517189,10609,2025-03-17,East,UPI,Delivered
517190,12643,2025-10-19,South,UPI,Delivered
517191,14345,2025-05-19,West,Credit Card,Delivered
517192,12761,2025-08-26,South,UPI,Delivered
517193,13800,2025-04-27,North,Credit Card,Delivered
517194,12818,2025-02-10,East,Cash on Delivery,Delivered
517195,12810,2025-11-24,East,Credit Card,Delivered
517196,11435,2025-07-24,North,Credit Card,Shipped
517197,10991,2025-04-17,North,UPI,Delivered
517198,11407,2025-12-06,Central,Credit Card,Delivered
517199,12257,2025-04-14,North,UPI,Shipped
517200,14094,2025-05-18,West,Credit Card,Delivered
517201,14193,2025-02-10,South,UPI,Delivered
517202,10797,2025-06-30,South,UPI,Delivered
517203,12848,2025-01-04,Central,Cash on Delivery,Delivered
517204,12133,2025-01-10,West,Net Banking,Delivered
517205,12939,2025-02-18,West,UPI,Delivered
517206,13298,2025-03-15,East,UPI,Delivered
517207,11410,2025-02-17,North,Debit Card,Delivered
517208,14615,2025-05-04,West,Net Banking,Delivered
517209,14690,2025-05-31,Central,Credit Card,Delivered
517210,10525,2025-04-10,East,Cash on Delivery,Delivered
517211,13581,2025-10-02,Central,Credit Card,Delivered
517212,10158,2025-07-19,West,UPI,Delivered
517213,10227,2025-08-06,South,Cash on Delivery,Delivered
517214,14803,2025-05-06,South,Credit Card,Delivered
517215,13542,2025-06-28,South,UPI,Delivered
517216,11644,2025-08-16,West,Debit Card,Delivered
517217,13421,2025-09-24,East,UPI,Cancelled
517218,14277,2025-09-16,Central,UPI,Delivered
517219,14400,2025-09-09,West,Net Banking,Delivered
517220,10096,2025-07-29,South,UPI,Delivered
517221,14136,2025-05-25,East,Credit Card,Delivered
517222,14309,2025-03-14,East,Debit Card,Delivered
517223,13064,2025-01-30,South,Cash on Delivery,Delivered
517224,12458,2025-03-21,South,Credit Card,Delivered
517225,10561,2025-01-08,South,Credit Card,Delivered
517226,11197,2025-06-18,South,UPI,Delivered
517227,12507,2025-01-05,West,Credit Card,Delivered
517228,14374,2025-11-21,West,UPI,Returned
517229,14068,2025-08-26,West,Net Banking,Delivered
517230,12539,2025-06-01,South,UPI,Delivered
517231,13977,2025-11-30,North,UPI,Delivered
517232,13886,2025-03-10,East,Debit Card,Delivered
517233,12990,2025-09-13,South,Debit Card,Returned
517234,11082,2025-11-23,North,Debit Card,Delivered
517235,11776,2025-03-20,West,Credit Card,Shipped
517236,10798,2025-03-11,South,Cash on Delivery,Delivered
517237,10036,2025-10-15,Central,Cash on Delivery,Delivered
517238,10403,2025-03-01,South,Debit Card,Delivered
517239,13861,2025-05-08,North,UPI,Delivered
517240,10159,2025-06-19,North,UPI,Delivered
517241,12048,2025-02-09,North,Credit Card,Delivered
517242,14935,2025-01-27,West,UPI,Delivered
517243,14033,2025-04-14,North,Net Banking,Delivered
517244,13814,2025-01-05,South,Credit Card,Delivered
517245,11384,2025-05-07,South,Debit Card,Delivered
517246,13271,2025-11-04,South,UPI,Delivered
517247,12560,2025-03-16,North,Credit Card,Delivered
517248,13196,2025-08-19,South,UPI,Delivered
517249,12231,2025-12-11,West,Credit Card,Delivered
517250,12720,2025-09-10,Central,UPI,Delivered
517251,14948,2025-11-18,Central,UPI,Delivered
517252,11667,2025-05-15,South,Credit Card,Delivered
517253,11069,2025-06-28,West,Debit Card,Delivered
517254,12296,2025-04-24,South,UPI,Delivered
517255,12681,2025-09-14,South,Credit Card,Delivered
517256,10432,2025-11-28,West,Credit Card,Delivered
517257,14077,2025-09-02,North,Debit Card,Delivered
517258,12160,2025-06-26,West,Credit Card,Delivered
517259,12117,2025-01-20,South,Debit Card,Delivered
517260,13370,2025-12-21,Central,Cash on Delivery,Delivered
517261,13919,2025-02-11,East,Credit Card,Delivered
517262,14936,2025-05-24,North,UPI,Delivered
517263,10838,2025-08-30,North,UPI,Delivered
517264,11757,2025-02-02,East,UPI,Delivered
517265,10815,2025-03-30,South,Credit Card,Delivered
517266,14443,2025-03-24,Central,Debit Card,Delivered
517267,12821,2025-09-29,East,Net Banking,Delivered
517268,14307,2025-06-25,South,Debit Card,Delivered
517269,14931,2025-03-30,East,Credit Card,Delivered
517270,12832,2025-11-07,North,Net Banking,Cancelled
517271,10598,2025-08-24,South,UPI,Cancelled
517272,11843,2025-06-05,West,UPI,Delivered
517273,10171,2025-07-20,East,UPI,Delivered
517274,14292,2025-07-29,East,Cash on Delivery,Delivered
517275,10086,2025-05-31,South,UPI,Delivered
517276,13048,2025-10-13,Central,Cash on Delivery,Delivered
517277,10532,2025-04-06,South,Debit Card,Delivered
517278,10039,2025-12-10,West,Credit Card,Delivered
517279,11297,2025-07-22,West,UPI,Delivered
517280,12843,2025-09-01,North,Credit Card,Delivered
517281,10369,2025-05-05,West,Debit Card,Cancelled
517282,13155,2025-01-26,Central,Credit Card,Delivered
517283,13428,2025-10-03,East,Cash on Delivery,Delivered
517284,14860,2025-10-27,East,UPI,Delivered
517285,14535,2025-10-01,West,UPI,Delivered
517286,12918,2025-06-11,Central,Net Banking,Delivered
517287,14024,2025-04-10,South,Credit Card,Shipped
517288,11855,2025-01-04,West,Credit Card,Delivered
517289,13018,2025-08-01,Central,Net Banking,Cancelled
517290,12068,2025-03-31,North,Cash on Delivery,Delivered
517291,11712,2025-05-22,South,Credit Card,Delivered
517292,13703,2025-12-12,South,Credit Card,Delivered
517293,11500,2025-03-31,South,UPI,Delivered
517294,11937,2025-02-10,North,Credit Card,Delivered
517295,11872,2025-04-01,South,UPI,Shipped
517296,14397,2025-01-22,South,Credit Card,Delivered
517297,10825,2025-05-18,West,Cash on Delivery,Delivered
517298,11940,2025-02-19,South,Debit Card,Delivered
517299,14484,2025-04-10,West,Debit Card,Delivered
517300,10073,2025-09-29,North,Net Banking,Delivered
517301,14763,2025-12-25,South,Net Banking,Delivered
517302,14533,2025-11-19,South,UPI,Delivered
517303,12140,2025-10-03,West,Net Banking,Cancelled
517304,13331,2025-07-12,North,Net Banking,Delivered
517305,14960,2025-10-16,North,Debit Card,Delivered
517306,12862,2025-05-18,West,Credit Card,Shipped
517307,10495,2025-11-07,Central,UPI,Delivered
517308,14311,2025-02-14,West,UPI,Delivered
517309,10658,2025-07-06,West,Credit Card,Cancelled
517310,11305,2025-12-24,South,Net Banking,Delivered
517311,14412,2025-10-14,South,UPI,Delivered
517312,11294,2025-05-03,South,Debit Card,Delivered
517313,13788,2025-03-29,West,UPI,Delivered
517314,12292,2025-05-18,Central,UPI,Delivered
517315,13862,2025-09-19,West,UPI,Returned
517316,11154,2025-08-08,North,Debit Card,Delivered
517317,12147,2025-05-09,East,Net Banking,Delivered
517318,11610,2025-09-07,Central,UPI,Returned
517319,11258,2025-12-30,West,UPI,Delivered
517320,11585,2025-11-26,North,Debit Card,Delivered
517321,11637,2025-12-27,South,Credit Card,Delivered
517322,14786,2025-04-27,West,Debit Card,Delivered
517323,12735,2025-12-01,Central,UPI,Delivered
517324,12362,2025-12-10,South,Credit Card,Cancelled
517325,12582,2025-03-04,Central,Credit Card,Delivered
517326,14981,2025-03-15,North,Credit Card,Delivered
517327,13333,2025-01-20,West,UPI,Shipped
517328,13582,2025-01-29,South,UPI,Delivered
517329,11581,2025-06-11,South,Debit Card,Delivered
517330,12408,2025-07-13,South,Debit Card,Delivered
517331,10897,2025-07-13,Central,UPI,Delivered
517332,13497,2025-05-10,South,Credit Card,Delivered
517333,11750,2025-11-06,East,Cash on Delivery,Shipped
517334,13801,2025-12-11,West,Credit Card,Delivered
517335,11049,2025-10-01,South,UPI,Delivered
517336,12068,2025-08-25,North,UPI,Delivered
517337,12406,2025-07-28,East,Net Banking,Delivered
517338,10803,2025-10-13,South,Credit Card,Delivered
517339,10337,2025-09-21,North,UPI,Delivered
517340,11606,2025-06-19,East,Debit Card,Delivered
517341,12801,2025-08-26,East,Net Banking,Delivered
517342,13328,2025-06-06,North,Debit Card,Delivered
517343,12172,2025-02-20,East,UPI,Delivered
517344,12564,2025-12-05,North,Credit Card,Delivered
517345,12788,2025-04-30,West,Net Banking,Delivered
517346,12624,2025-12-23,South,Credit Card,Delivered
517347,10462,2025-05-18,East,Cash on Delivery,Shipped
517348,12076,2025-05-24,North,Credit Card,Delivered
517349,11002,2025-05-01,East,Cash on Delivery,Delivered
517350,12738,2025-02-19,North,Credit Card,Shipped
517351,13848,2025-02-10,North,Cash on Delivery,Delivered
517352,12993,2025-08-22,South,Credit Card,Delivered
517353,11087,2025-02-23,South,Credit Card,Delivered
517354,11019,2025-10-27,North,Credit Card,Delivered
517355,10177,2025-11-12,North,UPI,Returned
517356,12180,2025-11-21,West,UPI,Delivered
517357,12210,2025-12-01,South,Net Banking,Delivered
517358,11183,2025-01-23,West,UPI,Returned
517359,13882,2025-08-11,North,Debit Card,Delivered
517360,11967,2025-04-04,Central,UPI,Delivered
517361,13420,2025-11-23,East,Credit Card,Delivered
517362,13261,2025-10-03,South,Debit Card,Delivered
517363,13101,2025-02-08,Central,UPI,Shipped
517364,14572,2025-09-16,East,Debit Card,Delivered
517365,10077,2025-09-16,West,Credit Card,Shipped
517366,10329,2025-09-20,Central,Debit Card,Returned
517367,13681,2025-07-03,North,UPI,Cancelled
517368,11807,2025-07-12,East,Debit Card,Delivered
517369,14940,2025-03-11,East,UPI,Delivered
517370,11069,2025-06-16,West,Credit Card,Delivered
517371,10893,2025-04-18,East,UPI,Cancelled
517372,13026,2025-09-16,South,UPI,Returned
517373,11409,2025-07-06,North,Net Banking,Shipped
517374,11733,2025-09-15,East,Cash on Delivery,Delivered
517375,14624,2025-09-09,West,Credit Card,Delivered
517376,10128,2025-12-18,West,Debit Card,Cancelled
517377,12722,2025-10-03,Central,Net Banking,Delivered
517378,11696,2025-10-10,South,UPI,Delivered
517379,11761,2025-03-25,North,Cash on Delivery,Delivered
517380,11251,2025-10-02,West,Net Banking,Delivered
517381,10661,2025-07-02,West,Net Banking,Delivered
517382,10165,2025-11-15,West,Cash on Delivery,Delivered
517383,14945,2025-08-01,South,Credit Card,Delivered
517384,13374,2025-02-12,West,Net Banking,Delivered
517385,13938,2025-05-13,South,Cash on Delivery,Delivered
517386,10321,2025-07-23,West,UPI,Delivered
517387,10071,2025-04-22,West,UPI,Delivered
517388,13082,2025-07-08,West,UPI,Cancelled
517389,13689,2025-07-09,West,Credit Card,Delivered
517390,12023,2025-03-15,North,Net Banking,Returned
517391,11974,2025-07-10,North,Debit Card,Delivered
517392,11960,2025-05-30,Central,UPI,Delivered
517393,10742,2025-10-21,South,Credit Card,Delivered
517394,13832,2025-04-02,West,Credit Card,Delivered
517395,11062,2025-05-20,West,Net Banking,Delivered
517396,11643,2025-04-13,South,Net Banking,Delivered
517397,13425,2025-07-21,Central,Net Banking,Delivered
517398,10002,2025-08-28,North,Credit Card,Delivered
517399,13888,2025-03-02,South,Net Banking,Delivered
517400,14535,2025-04-09,West,Debit Card,Delivered
517401,10251,2025-10-31,West,Credit Card,Delivered
517402,13046,2025-08-24,West,Net Banking,Delivered
517403,12093,2025-08-20,West,Credit Card,Delivered
517404,10392,2025-08-17,West,Net Banking,Shipped
517405,13481,2025-09-01,North,Debit Card,Shipped
517406,13142,2025-08-07,West,Net Banking,Delivered
517407,13274,2025-11-04,North,Cash on Delivery,Shipped
517408,14113,2025-02-15,South,Credit Card,Delivered
517409,11449,2025-02-25,East,UPI,Delivered
517410,13450,2025-10-12,South,UPI,Delivered
517411,13785,2025-08-06,West,UPI,Delivered
517412,10818,2025-11-25,South,UPI,Delivered
517413,14799,2025-06-28,South,Cash on Delivery,Delivered
517414,11731,2025-05-07,North,UPI,Delivered
517415,13635,2025-08-23,East,Net Banking,Delivered
517416,13832,2025-08-13,West,Credit Card,Delivered
517417,12584,2025-08-12,East,Cash on Delivery,Delivered
517418,10637,2025-11-27,Central,Cash on Delivery,Shipped
517419,11392,2025-01-29,South,Net Banking,Delivered
517420,11167,2025-07-06,West,Credit Card,Returned
517421,12645,2025-09-21,West,Credit Card,Delivered
517422,11327,2025-10-08,East,Cash on Delivery,Delivered
517423,12816,2025-07-31,Central,UPI,Delivered
517424,11461,2025-05-29,East,Credit Card,Delivered
517425,10008,2025-01-04,North,UPI,Shipped
517426,11853,2025-10-19,West,Credit Card,Returned
517427,13114,2025-06-20,South,Debit Card,Delivered
517428,13921,2025-08-09,East,Debit Card,Delivered
517429,10138,2025-03-24,South,UPI,Delivered
517430,11311,2025-06-03,Central,Credit Card,Delivered
517431,14934,2025-10-19,West,Cash on Delivery,Delivered
517432,11328,2025-06-18,South,UPI,Delivered
517433,13938,2025-11-27,South,Credit Card,Delivered
517434,12612,2025-12-15,North,UPI,Delivered
517435,10607,2025-11-02,East,UPI,Delivered
517436,13280,2025-09-22,West,Credit Card,Delivered
517437,14848,2025-08-04,East,Cash on Delivery,Delivered
517438,14481,2025-06-24,West,Net Banking,Delivered
517439,13520,2025-04-23,East,UPI,Cancelled
517440,12624,2025-06-18,South,UPI,Delivered
517441,11614,2025-09-26,South,Debit Card,Delivered
517442,11819,2025-07-05,West,Net Banking,Delivered
517443,11762,2025-12-03,West,UPI,Delivered
517444,14626,2025-08-30,West,UPI,Delivered
517445,11036,2025-07-05,Central,Debit Card,Delivered
517446,11927,2025-08-07,South,UPI,Delivered
517447,12207,2025-12-24,West,UPI,Delivered
517448,12097,2025-11-18,South,UPI,Delivered
517449,10020,2025-09-11,East,UPI,Delivered
517450,11369,2025-06-10,West,UPI,Delivered
517451,12559,2025-11-30,North,Net Banking,Delivered
517452,13864,2025-01-27,West,Debit Card,Delivered
517453,12931,2025-11-02,West,UPI,Delivered
517454,11960,2025-02-28,Central,Credit Card,Delivered
517455,13393,2025-12-22,South,UPI,Delivered
517456,13397,2025-03-19,North,Credit Card,Delivered
517457,11251,2025-06-04,West,UPI,Delivered
517458,10521,2025-07-06,West,Cash on Delivery,Delivered
517459,14068,2025-07-03,West,UPI,Cancelled
517460,12707,2025-11-24,East,Debit Card,Delivered
517461,10858,2025-06-11,South,Credit Card,Delivered
517462,11331,2025-11-01,South,Cash on Delivery,Delivered
517463,13889,2025-08-08,North,UPI,Delivered
517464,13332,2025-08-04,North,UPI,Delivered
517465,14746,2025-05-25,West,UPI,Delivered
517466,12375,2025-09-06,South,UPI,Delivered
517467,10255,2025-09-13,South,UPI,Delivered
517468,13566,2025-11-22,West,Debit Card,Delivered
517469,11290,2025-01-01,South,Credit Card,Delivered
517470,11642,2025-06-15,North,UPI,Delivered
517471,10964,2025-01-26,North,Cash on Delivery,Delivered
517472,11561,2025-07-16,North,UPI,Cancelled
517473,14194,2025-07-15,West,Debit Card,Delivered
517474,12976,2025-10-08,North,Net Banking,Delivered
517475,10547,2025-12-31,Central,Cash on Delivery,Cancelled
517476,13020,2025-04-26,South,Credit Card,Delivered
517477,13237,2025-02-27,South,Credit Card,Delivered
517478,14468,2025-01-22,West,UPI,Delivered
517479,14337,2025-09-26,South,UPI,Shipped
517480,10307,2025-04-07,West,Credit Card,Delivered
517481,14383,2025-01-10,West,Debit Card,Delivered
517482,10248,2025-10-01,East,UPI,Delivered
517483,10755,2025-02-24,West,UPI,Delivered
517484,10563,2025-11-08,East,UPI,Delivered
517485,10886,2025-02-25,West,Credit Card,Delivered
517486,14068,2025-02-18,West,Debit Card,Delivered
517487,13501,2025-04-26,North,Debit Card,Delivered
517488,13505,2025-09-15,North,UPI,Delivered
517489,14626,2025-11-26,West,Net Banking,Delivered
517490,12003,2025-03-25,South,Credit Card,Cancelled
517491,10019,2025-10-21,South,Credit Card,Cancelled
517492,13260,2025-05-11,East,UPI,Delivered
517493,14389,2025-04-18,North,Credit Card,Returned
517494,14886,2025-02-22,West,UPI,Delivered
517495,11855,2025-10-06,West,Credit Card,Shipped
517496,14161,2025-01-28,South,Debit Card,Delivered
517497,14292,2025-12-13,East,Credit Card,Delivered
517498,10706,2025-06-09,South,UPI,Delivered
517499,13227,2025-08-18,South,Net Banking,Returned
517500,10836,2025-07-23,East,UPI,Delivered
517501,12287,2025-01-20,North,UPI,Delivered
517502,14433,2025-09-16,South,UPI,Delivered
517503,13996,2025-01-03,West,Credit Card,Delivered
517504,12937,2025-10-06,West,UPI,Delivered
517505,14090,2025-11-25,East,Debit Card,Delivered
517506,10742,2025-02-02,South,UPI,Delivered
517507,10956,2025-11-16,North,UPI,Shipped
517508,11025,2025-07-09,North,Credit Card,Returned
517509,13934,2025-10-09,North,Debit Card,Delivered
517510,14493,2025-10-20,West,Credit Card,Delivered
517511,12899,2025-06-25,East,UPI,Delivered
517512,14804,2025-03-15,South,Credit Card,Shipped
517513,13705,2025-02-13,West,UPI,Shipped
517514,12900,2025-05-19,South,UPI,Delivered
517515,13136,2025-10-07,North,Credit Card,Delivered
517516,14293,2025-08-15,North,Debit Card,Delivered
517517,10460,2025-04-02,South,Credit Card,Delivered
517518,10814,2025-12-16,Central,UPI,Shipped
517519,11349,2025-01-19,South,UPI,Delivered
517520,14517,2025-07-17,East,UPI,Delivered
517521,14745,2025-11-08,South,Credit Card,Delivered
517522,11817,2025-11-01,North,Net Banking,Delivered
517523,14630,2025-04-29,West,Credit Card,Delivered
517524,12816,2025-04-19,Central,Cash on Delivery,Delivered
517525,12418,2025-07-30,North,Debit Card,Delivered
517526,14205,2025-02-26,East,Credit Card,Shipped
517527,12812,2025-04-05,West,Cash on Delivery,Delivered
517528,12319,2025-05-02,West,Debit Card,Delivered
517529,10078,2025-09-24,North,Cash on Delivery,Delivered
517530,10064,2025-09-11,West,UPI,Delivered
517531,13207,2025-12-03,South,Credit Card,Cancelled
517532,10359,2025-05-25,East,Cash on Delivery,Shipped
517533,13749,2025-09-28,West,Debit Card,Returned
517534,13189,2025-06-09,North,Cash on Delivery,Delivered
517535,12339,2025-06-17,West,Cash on Delivery,Delivered
517536,13625,2025-05-19,South,Net Banking,Delivered
517537,14972,2025-09-26,West,UPI,Cancelled
517538,11241,2025-12-03,West,Net Banking,Delivered
517539,12873,2025-01-28,West,Debit Card,Shipped
517540,14257,2025-08-29,West,UPI,Delivered
517541,10081,2025-06-05,West,Credit Card,Delivered
517542,10995,2025-01-16,North,Net Banking,Delivered
517543,12655,2025-10-19,West,Debit Card,Delivered
517544,12844,2025-08-29,Central,Credit Card,Shipped
517545,10436,2025-06-17,East,Debit Card,Delivered
517546,12090,2025-08-19,Central,Cash on Delivery,Delivered
517547,12652,2025-04-01,West,Debit Card,Delivered
517548,12162,2025-08-20,West,UPI,Delivered
517549,13568,2025-12-19,South,Debit Card,Delivered
517550,13912,2025-01-02,East,UPI,Delivered
517551,12358,2025-07-24,West,Debit Card,Delivered
517552,12176,2025-09-15,North,Debit Card,Delivered
517553,13588,2025-09-08,West,Credit Card,Returned
517554,12863,2025-12-23,South,Debit Card,Delivered
517555,14398,2025-11-21,West,UPI,Delivered
517556,12462,2025-03-11,South,UPI,Delivered
517557,12961,2025-02-19,East,Credit Card,Delivered
517558,10637,2025-12-18,Central,Net Banking,Delivered
517559,14225,2025-06-25,West,Credit Card,Delivered
517560,12160,2025-06-01,West,Net Banking,Returned
517561,13661,2025-07-28,North,UPI,Delivered
517562,12195,2025-09-02,North,UPI,Delivered
517563,10008,2025-05-02,North,UPI,Delivered
517564,12054,2025-06-17,South,Net Banking,Delivered
517565,10722,2025-05-10,West,Debit Card,Delivered
517566,12041,2025-03-14,East,UPI,Delivered
517567,11626,2025-05-27,North,Net Banking,Delivered
517568,10992,2025-04-07,North,Credit Card,Delivered
517569,10611,2025-01-19,East,Debit Card,Delivered
517570,13712,2025-06-10,East,Net Banking,Delivered
517571,13836,2025-08-25,South,Credit Card,Delivered
517572,11346,2025-11-13,Central,Debit Card,Delivered
517573,12536,2025-01-30,East,Credit Card,Delivered
517574,12370,2025-04-27,South,Cash on Delivery,Delivered
517575,11814,2025-07-09,South,Credit Card,Delivered
517576,11402,2025-05-21,South,UPI,Cancelled
517577,10909,2025-01-03,North,UPI,Delivered
517578,14411,2025-11-29,East,UPI,Delivered
517579,14208,2025-12-06,East,Credit Card,Shipped
517580,12137,2025-06-09,South,Credit Card,Delivered
517581,13674,2025-11-12,Central,UPI,Delivered
517582,12557,2025-03-02,South,Debit Card,Delivered
517583,10431,2025-09-22,Central,Cash on Delivery,Delivered
517584,14164,2025-03-08,North,Credit Card,Delivered
517585,11080,2025-04-05,East,Cash on Delivery,Delivered
517586,13600,2025-07-26,West,Credit Card,Delivered
517587,12700,2025-03-09,Central,UPI,Delivered
517588,13523,2025-08-29,North,Net Banking,Delivered
517589,12406,2025-01-17,East,Cash on Delivery,Returned
517590,13579,2025-08-25,East,Debit Card,Returned
517591,10156,2025-11-11,North,Cash on Delivery,Delivered
517592,10203,2025-08-09,North,Credit Card,Delivered
517593,14522,2025-07-22,East,UPI,Delivered
517594,13812,2025-07-08,East,Net Banking,Delivered
517595,14192,2025-12-18,Central,UPI,Delivered
517596,12332,2025-02-09,West,Net Banking,Delivered
517597,12351,2025-05-11,North,UPI,Delivered
517598,12738,2025-06-27,North,Debit Card,Returned
517599,11229,2025-05-09,East,Net Banking,Delivered
517600,13736,2025-01-08,West,Net Banking,Delivered
517601,14194,2025-11-14,West,Cash on Delivery,Delivered
517602,14570,2025-07-11,East,UPI,Delivered
517603,12638,2025-09-30,West,Credit Card,Delivered
517604,12123,2025-10-26,North,Cash on Delivery,Delivered
517605,14198,2025-08-13,South,UPI,Delivered
517606,13820,2025-08-06,Central,Debit Card,Delivered
517607,14386,2025-01-02,East,UPI,Delivered
517608,13357,2025-06-24,South,Credit Card,Delivered
517609,14458,2025-11-12,East,UPI,Shipped
517610,10456,2025-06-26,South,UPI,Delivered
517611,13466,2025-04-03,West,Debit Card,Delivered
517612,10453,2025-09-28,East,Net Banking,Delivered
517613,13804,2025-04-04,South,Credit Card,Delivered
517614,13211,2025-08-24,East,Credit Card,Delivered
517615,10078,2025-01-02,North,Credit Card,Delivered
517616,13074,2025-05-04,South,Cash on Delivery,Delivered
517617,10714,2025-08-01,North,UPI,Shipped
517618,10692,2025-06-06,West,Debit Card,Delivered
517619,10736,2025-03-21,Central,UPI,Delivered
517620,12477,2025-04-05,North,Cash on Delivery,Delivered
517621,10584,2025-07-08,North,UPI,Delivered
517622,10621,2025-12-19,South,Credit Card,Cancelled
517623,11297,2025-05-02,West,UPI,Cancelled
517624,10008,2025-11-18,North,Cash on Delivery,Delivered
517625,11393,2025-02-13,West,Net Banking,Delivered
517626,13170,2025-09-17,West,Credit Card,Delivered
517627,13086,2025-10-22,South,UPI,Delivered
517628,14859,2025-07-07,West,Cash on Delivery,Delivered
517629,10603,2025-11-01,Central,Cash on Delivery,Delivered
517630,14379,2025-09-18,East,UPI,Delivered
517631,11996,2025-02-14,West,Debit Card,Delivered
517632,11971,2025-03-01,North,Cash on Delivery,Delivered
517633,11779,2025-09-21,West,Debit Card,Delivered
517634,10617,2025-11-02,North,Credit Card,Delivered
517635,12453,2025-02-05,East,Credit Card,Delivered
517636,13988,2025-11-22,North,Debit Card,Delivered
517637,14419,2025-01-10,East,Cash on Delivery,Delivered
517638,14831,2025-10-19,West,Debit Card,Delivered
517639,13976,2025-11-20,East,Credit Card,Delivered
517640,13191,2025-04-13,Central,UPI,Delivered
517641,12549,2025-11-28,North,Net Banking,Delivered
517642,14417,2025-04-21,West,Credit Card,Returned
517643,13766,2025-09-30,West,Debit Card,Delivered
517644,10788,2025-01-21,East,Credit Card,Delivered
517645,13484,2025-07-24,North,UPI,Delivered
517646,12202,2025-04-07,North,Debit Card,Delivered
517647,13064,2025-11-06,South,Credit Card,Delivered
517648,14531,2025-10-28,North,UPI,Delivered
517649,13327,2025-05-17,North,Net Banking,Delivered
517650,14701,2025-02-24,West,UPI,Delivered
517651,14381,2025-02-19,North,Credit Card,Delivered
517652,10638,2025-01-20,South,Credit Card,Delivered
517653,10059,2025-12-30,West,UPI,Delivered
517654,11960,2025-09-14,Central,Credit Card,Delivered
517655,14376,2025-07-24,South,UPI,Delivered
517656,11137,2025-12-08,West,UPI,Delivered
517657,13525,2025-07-11,North,UPI,Delivered
517658,12438,2025-10-18,South,Credit Card,Returned
517659,13793,2025-05-04,East,UPI,Delivered
517660,10799,2025-05-06,East,Credit Card,Delivered
517661,11194,2025-07-12,South,Debit Card,Delivered
517662,11220,2025-08-26,East,Credit Card,Delivered
517663,12821,2025-09-05,East,UPI,Delivered
517664,11465,2025-11-05,North,Debit Card,Delivered
517665,14106,2025-08-13,South,Net Banking,Returned
517666,11765,2025-07-08,West,UPI,Delivered
517667,13374,2025-09-18,West,UPI,Delivered
517668,14767,2025-08-10,West,UPI,Delivered
517669,13115,2025-04-17,West,UPI,Delivered
517670,11217,2025-03-30,West,UPI,Shipped
517671,14197,2025-03-31,East,Credit Card,Delivered
517672,10064,2025-02-26,West,Debit Card,Shipped
517673,11303,2025-01-08,East,Credit Card,Cancelled
517674,11974,2025-12-27,North,Credit Card,Delivered
517675,10963,2025-06-07,West,Debit Card,Shipped
517676,13098,2025-05-07,East,Debit Card,Shipped
517677,12876,2025-01-05,South,Credit Card,Delivered
517678,12083,2025-08-25,Central,UPI,Delivered
517679,11487,2025-11-29,West,Credit Card,Delivered
517680,12218,2025-11-08,North,Credit Card,Delivered
517681,11471,2025-02-05,South,UPI,Delivered
517682,11083,2025-04-23,West,UPI,Delivered
517683,11794,2025-06-04,North,Debit Card,Delivered
517684,13087,2025-02-01,West,Cash on Delivery,Delivered
517685,13301,2025-04-28,West,UPI,Delivered
517686,11505,2025-11-18,West,UPI,Delivered
517687,14758,2025-01-04,West,UPI,Delivered
517688,11330,2025-09-24,South,UPI,Delivered
517689,13631,2025-12-28,East,Net Banking,Delivered
517690,10407,2025-10-31,South,Net Banking,Delivered
517691,13392,2025-08-18,West,Cash on Delivery,Delivered
517692,12355,2025-07-20,South,Net Banking,Delivered
517693,12928,2025-10-25,North,Credit Card,Delivered
517694,10897,2025-11-18,Central,Credit Card,Delivered
517695,12216,2025-10-30,Central,Debit Card,Returned
517696,13888,2025-11-28,South,UPI,Shipped
517697,13892,2025-01-12,North,Credit Card,Delivered
517698,11189,2025-01-26,North,Credit Card,Delivered
517699,11801,2025-07-26,North,Debit Card,Delivered
517700,10020,2025-04-19,East,UPI,Delivered
517701,10460,2025-06-12,South,Cash on Delivery,Delivered
517702,10625,2025-01-13,South,Credit Card,Delivered
517703,11482,2025-05-07,North,Credit Card,Returned
517704,13857,2025-09-03,North,UPI,Delivered
517705,12616,2025-11-08,Central,UPI,Delivered
517706,14020,2025-09-13,West,UPI,Cancelled
517707,13836,2025-06-20,South,Cash on Delivery,Delivered
517708,13021,2025-07-28,North,Credit Card,Delivered
517709,12563,2025-09-07,West,UPI,Shipped
517710,14671,2025-12-05,West,Credit Card,Delivered
517711,12929,2025-12-06,East,UPI,Delivered
517712,12470,2025-02-28,South,Debit Card,Delivered
517713,14393,2025-09-25,North,UPI,Delivered
517714,10349,2025-06-06,South,Credit Card,Delivered
517715,13357,2025-01-05,South,Debit Card,Delivered
517716,10573,2025-02-12,South,UPI,Delivered
517717,14153,2025-03-07,West,UPI,Delivered
517718,14020,2025-05-14,West,Net Banking,Delivered
517719,12583,2025-08-01,West,Credit Card,Delivered
517720,13374,2025-04-09,West,UPI,Delivered
517721,13918,2025-09-28,South,Net Banking,Delivered
517722,12472,2025-05-26,Central,Debit Card,Delivered
517723,14561,2025-02-18,North,UPI,Delivered
517724,12239,2025-06-24,West,Credit Card,Delivered
517725,14499,2025-01-02,West,Credit Card,Delivered
517726,13006,2025-10-20,North,UPI,Cancelled
517727,12179,2025-01-06,North,Credit Card,Delivered
517728,10020,2025-08-31,East,Credit Card,Delivered
517729,11495,2025-02-11,East,Cash on Delivery,Delivered
517730,14388,2025-11-03,West,UPI,Delivered
517731,12191,2025-01-16,North,Credit Card,Delivered
517732,12156,2025-07-23,South,UPI,Delivered
517733,12503,2025-08-04,North,UPI,Delivered
517734,11445,2025-03-14,South,UPI,Delivered
517735,12516,2025-03-08,West,Net Banking,Shipped
517736,11913,2025-03-22,North,Credit Card,Delivered
517737,14579,2025-01-30,Central,UPI,Delivered
517738,12900,2025-01-27,South,UPI,Cancelled
517739,14212,2025-03-29,South,Credit Card,Shipped
517740,13505,2025-03-05,North,Credit Card,Delivered
517741,11045,2025-10-22,South,UPI,Delivered
517742,14388,2025-11-25,West,Credit Card,Delivered
517743,10448,2025-05-24,South,UPI,Delivered
517744,12297,2025-02-25,North,Debit Card,Delivered
517745,11195,2025-09-24,East,Credit Card,Delivered
517746,12755,2025-09-14,East,Credit Card,Delivered
517747,11514,2025-10-27,South,Cash on Delivery,Delivered
517748,13686,2025-02-04,South,Cash on Delivery,Delivered
517749,14695,2025-03-25,Central,Debit Card,Delivered
517750,13619,2025-06-28,West,Credit Card,Delivered
517751,11814,2025-09-21,South,Credit Card,Shipped
517752,13080,2025-03-12,South,Cash on Delivery,Delivered
517753,14486,2025-02-06,North,Cash on Delivery,Shipped
517754,11366,2025-04-11,West,UPI,Delivered
517755,10598,2025-05-13,South,UPI,Shipped
517756,10645,2025-07-23,West,Credit Card,Delivered
517757,12534,2025-10-04,West,Credit Card,Delivered
517758,13733,2025-01-05,South,Credit Card,Delivered
517759,13365,2025-01-23,West,UPI,Delivered
517760,12314,2025-07-04,West,UPI,Delivered
517761,13715,2025-11-23,West,Credit Card,Delivered
517762,13238,2025-03-06,South,Cash on Delivery,Delivered
517763,13208,2025-05-27,East,Debit Card,Shipped
517764,10992,2025-09-15,North,Credit Card,Delivered
517765,11576,2025-01-25,North,UPI,Delivered
517766,11749,2025-12-04,North,UPI,Delivered
517767,14087,2025-05-06,North,Debit Card,Delivered
517768,13928,2025-06-08,South,UPI,Delivered
517769,11280,2025-11-13,South,Credit Card,Delivered
517770,10270,2025-02-13,Central,Credit Card,Delivered
517771,13893,2025-09-22,East,UPI,Delivered
517772,12099,2025-05-29,East,Credit Card,Delivered
517773,11081,2025-07-01,West,Net Banking,Delivered
517774,10591,2025-12-25,West,UPI,Shipped
517775,10064,2025-07-18,West,Cash on Delivery,Delivered
517776,12190,2025-05-21,East,UPI,Delivered
517777,11731,2025-07-31,North,Credit Card,Delivered
517778,13546,2025-05-21,West,Debit Card,Delivered
517779,14887,2025-11-04,South,Net Banking,Delivered
517780,11015,2025-10-11,East,UPI,Delivered
517781,11225,2025-12-23,West,UPI,Delivered
517782,11715,2025-03-30,South,Debit Card,Delivered
517783,12379,2025-06-23,West,UPI,Delivered
517784,13551,2025-06-25,North,Credit Card,Delivered
517785,11798,2025-12-31,North,UPI,Delivered
517786,10521,2025-08-24,West,Credit Card,Delivered
517787,13721,2025-08-13,South,Debit Card,Delivered
517788,14031,2025-12-26,East,UPI,Delivered
517789,11251,2025-02-23,West,Credit Card,Delivered
517790,10669,2025-06-04,South,Credit Card,Delivered
517791,12704,2025-12-01,South,UPI,Delivered
517792,11023,2025-04-03,East,Cash on Delivery,Delivered
517793,11905,2025-04-05,South,Cash on Delivery,Delivered
517794,13938,2025-11-11,South,Credit Card,Delivered
517795,11081,2025-01-18,West,UPI,Delivered
517796,14079,2025-06-01,South,Credit Card,Delivered
517797,13435,2025-11-13,East,Net Banking,Delivered
517798,11081,2025-05-05,West,Credit Card,Delivered
517799,12693,2025-10-27,East,Credit Card,Delivered
517800,13151,2025-06-24,Central,Net Banking,Delivered
517801,10984,2025-08-09,Central,Debit Card,Delivered
517802,10708,2025-02-06,South,Credit Card,Delivered
517803,12722,2025-11-25,Central,Credit Card,Delivered
517804,13537,2025-06-07,North,Debit Card,Cancelled
517805,12375,2025-05-23,South,UPI,Delivered
517806,10339,2025-08-20,East,Credit Card,Cancelled
517807,14637,2025-10-30,West,Credit Card,Returned
517808,13542,2025-02-16,South,Cash on Delivery,Delivered
517809,13183,2025-07-24,East,UPI,Delivered
517810,13281,2025-09-28,West,UPI,Delivered
517811,12041,2025-07-01,East,Debit Card,Delivered
517812,14921,2025-07-16,North,UPI,Delivered
517813,10651,2025-10-25,South,UPI,Delivered
517814,13762,2025-04-29,South,Cash on Delivery,Delivered
517815,12153,2025-03-03,West,UPI,Shipped
517816,14445,2025-10-08,East,Cash on Delivery,Delivered
517817,13657,2025-01-12,South,Net Banking,Delivered
517818,12896,2025-09-22,Central,Debit Card,Shipped
517819,14696,2025-05-05,East,Net Banking,Delivered
517820,14591,2025-12-12,West,UPI,Delivered
517821,10255,2025-10-20,South,UPI,Delivered
517822,10939,2025-05-17,Central,Credit Card,Delivered
517823,13446,2025-07-16,South,Cash on Delivery,Delivered
517824,14626,2025-07-02,West,UPI,Delivered
517825,12200,2025-10-29,East,UPI,Delivered
517826,10179,2025-04-05,West,Debit Card,Delivered
517827,13280,2025-08-24,West,UPI,Delivered
517828,10955,2025-04-11,Central,Credit Card,Delivered
517829,12846,2025-01-07,North,Debit Card,Delivered
517830,11960,2025-05-05,Central,Net Banking,Delivered
517831,12876,2025-07-28,South,Credit Card,Delivered
517832,14678,2025-07-22,West,UPI,Delivered
517833,12483,2025-06-14,West,Debit Card,Cancelled
517834,10165,2025-11-12,West,Credit Card,Delivered
517835,13001,2025-10-19,Central,Debit Card,Delivered
517836,11654,2025-01-01,South,UPI,Delivered
517837,13942,2025-05-09,East,UPI,Delivered
517838,12399,2025-07-25,East,Cash on Delivery,Delivered
517839,13774,2025-10-24,West,Credit Card,Delivered
517840,14574,2025-02-10,North,UPI,Shipped
517841,11847,2025-12-29,West,Debit Card,Delivered
517842,14955,2025-12-12,North,Debit Card,Delivered
517843,10734,2025-04-03,West,Cash on Delivery,Delivered
517844,13282,2025-04-14,North,Debit Card,Delivered
517845,10166,2025-12-31,West,Net Banking,Delivered
517846,11048,2025-08-29,West,Net Banking,Delivered
517847,13237,2025-09-17,South,UPI,Delivered
517848,10226,2025-06-19,South,Credit Card,Delivered
517849,10514,2025-09-15,East,UPI,Delivered
517850,11469,2025-09-07,South,UPI,Delivered
517851,12969,2025-10-30,North,Net Banking,Delivered
517852,10078,2025-01-30,North,UPI,Delivered
517853,12466,2025-03-23,West,Credit Card,Delivered
517854,13201,2025-10-13,Central,Cash on Delivery,Returned
517855,12061,2025-12-21,West,UPI,Delivered
517856,10327,2025-09-14,Central,Credit Card,Delivered
517857,13134,2025-11-10,South,Debit Card,Shipped
517858,13107,2025-11-19,South,Credit Card,Returned
517859,12593,2025-01-23,Central,Credit Card,Delivered
517860,13529,2025-08-20,South,Net Banking,Delivered
517861,11019,2025-11-01,North,Credit Card,Delivered
517862,13463,2025-09-10,West,Credit Card,Delivered
517863,10788,2025-03-04,East,UPI,Delivered
517864,12006,2025-10-31,Central,Net Banking,Shipped
517865,10326,2025-02-13,West,Cash on Delivery,Delivered
517866,14146,2025-02-20,North,Debit Card,Delivered
517867,12762,2025-07-09,North,Cash on Delivery,Returned
517868,14869,2025-08-28,South,Credit Card,Delivered
517869,14726,2025-07-26,South,Credit Card,Delivered
517870,14994,2025-02-10,South,Net Banking,Delivered
517871,10512,2025-06-04,North,Credit Card,Delivered
517872,13114,2025-04-08,South,UPI,Delivered
517873,12090,2025-02-26,Central,Debit Card,Shipped
517874,12729,2025-06-19,South,UPI,Delivered
517875,11560,2025-09-25,West,Credit Card,Delivered
517876,10233,2025-12-04,West,Net Banking,Delivered
517877,13612,2025-03-01,West,UPI,Delivered
517878,14847,2025-03-05,West,Cash on Delivery,Delivered
517879,12726,2025-09-17,North,Net Banking,Delivered
517880,11668,2025-12-29,Central,Cash on Delivery,Cancelled
517881,14698,2025-07-09,East,UPI,Delivered
517882,11860,2025-03-02,North,UPI,Delivered
517883,14599,2025-09-01,West,Net Banking,Shipped
517884,14323,2025-06-26,West,Debit Card,Delivered
517885,12706,2025-06-08,North,Debit Card,Delivered
517886,13450,2025-02-11,South,Net Banking,Delivered
517887,13566,2025-01-20,West,UPI,Delivered
517888,13268,2025-04-22,East,Cash on Delivery,Shipped
517889,10785,2025-07-31,East,Debit Card,Delivered
517890,13529,2025-04-06,South,Cash on Delivery,Delivered
517891,10019,2025-01-20,South,UPI,Delivered
517892,13625,2025-01-16,South,Credit Card,Returned
517893,12860,2025-02-26,North,Net Banking,Delivered
517894,11318,2025-10-02,West,UPI,Shipped
517895,14072,2025-08-11,East,Credit Card,Delivered
517896,12077,2025-01-13,West,Net Banking,Delivered
517897,12482,2025-09-04,East,UPI,Delivered
517898,10135,2025-01-20,North,Debit Card,Delivered
517899,12058,2025-12-29,North,Cash on Delivery,Delivered
517900,10810,2025-11-28,West,UPI,Delivered
517901,11394,2025-08-27,West,Cash on Delivery,Delivered
517902,11277,2025-02-04,Central,Credit Card,Shipped
517903,10225,2025-06-18,South,UPI,Delivered
517904,12358,2025-11-28,West,Credit Card,Delivered
517905,12666,2025-10-07,West,UPI,Delivered
517906,12939,2025-07-20,West,UPI,Delivered
517907,12362,2025-11-21,South,Net Banking,Cancelled
517908,14396,2025-06-08,East,Credit Card,Delivered
517909,10179,2025-11-10,West,UPI,Returned
517910,13150,2025-04-08,South,UPI,Delivered
517911,14380,2025-11-12,West,Cash on Delivery,Delivered
517912,10204,2025-12-31,West,Debit Card,Delivered
517913,12543,2025-01-11,South,UPI,Delivered
517914,13030,2025-03-14,North,Net Banking,Shipped
517915,10935,2025-08-02,South,Debit Card,Delivered
517916,11278,2025-02-09,North,UPI,Delivered
517917,13977,2025-07-27,North,UPI,Delivered
517918,12924,2025-03-15,East,Credit Card,Delivered
517919,11598,2025-02-03,West,UPI,Delivered
517920,13883,2025-03-03,East,Debit Card,Delivered
517921,13798,2025-03-20,North,UPI,Delivered
517922,11757,2025-06-22,East,Credit Card,Delivered
517923,12498,2025-04-05,East,Debit Card,Delivered
517924,13391,2025-01-05,West,Debit Card,Delivered
517925,11744,2025-11-03,North,Debit Card,Delivered
517926,13217,2025-12-19,East,Credit Card,Delivered
517927,11273,2025-02-27,Central,UPI,Delivered
517928,11473,2025-05-03,North,UPI,Delivered
517929,11567,2025-04-03,North,Credit Card,Delivered
517930,14692,2025-01-03,West,Debit Card,Delivered
517931,14211,2025-01-23,North,Debit Card,Delivered
517932,12910,2025-09-23,West,Credit Card,Delivered
517933,12900,2025-10-30,South,Credit Card,Delivered
517934,10275,2025-10-15,West,UPI,Returned
517935,13306,2025-02-17,Central,Debit Card,Delivered
517936,11665,2025-09-10,West,Net Banking,Delivered
517937,13142,2025-02-05,West,Net Banking,Delivered
517938,14248,2025-03-29,North,UPI,Returned
517939,10222,2025-11-06,West,Net Banking,Delivered
517940,13116,2025-01-20,South,Net Banking,Delivered
517941,12902,2025-05-11,West,Debit Card,Delivered
517942,11014,2025-07-16,East,UPI,Delivered
517943,13291,2025-09-08,West,Cash on Delivery,Delivered
517944,12860,2025-11-12,North,Credit Card,Delivered
517945,13892,2025-07-17,North,Credit Card,Delivered
517946,10559,2025-01-23,South,Credit Card,Delivered
517947,12274,2025-07-07,West,Net Banking,Delivered
517948,14992,2025-10-13,North,UPI,Cancelled
517949,13515,2025-06-16,North,UPI,Delivered
517950,13494,2025-06-17,Central,Credit Card,Delivered
517951,11610,2025-02-17,Central,Net Banking,Delivered
517952,10479,2025-08-01,West,UPI,Delivered
517953,14768,2025-10-28,South,UPI,Delivered
517954,10526,2025-02-06,West,Net Banking,Delivered
517955,14969,2025-02-21,North,Credit Card,Delivered
517956,10621,2025-09-15,South,Debit Card,Shipped
517957,10826,2025-01-14,North,Net Banking,Shipped
517958,11556,2025-01-18,North,UPI,Delivered
517959,12624,2025-04-24,South,Credit Card,Delivered
517960,14002,2025-06-27,South,Credit Card,Returned
517961,14869,2025-09-28,South,Credit Card,Delivered
517962,11830,2025-10-20,East,Cash on Delivery,Delivered
517963,10095,2025-04-29,West,Cash on Delivery,Delivered
517964,13161,2025-12-29,East,Net Banking,Delivered
517965,13627,2025-12-06,North,UPI,Delivered
517966,12035,2025-11-26,East,UPI,Delivered
517967,10893,2025-03-10,East,UPI,Delivered
517968,11537,2025-02-01,Central,Credit Card,Delivered
517969,13357,2025-08-24,South,UPI,Delivered
517970,12530,2025-08-29,West,Credit Card,Delivered
517971,13786,2025-11-09,South,Debit Card,Delivered
517972,11076,2025-09-03,North,UPI,Delivered
517973,14253,2025-11-13,West,Credit Card,Cancelled
517974,10765,2025-09-18,North,UPI,Delivered
517975,11669,2025-12-07,Central,UPI,Shipped
517976,13045,2025-05-26,South,Credit Card,Delivered
517977,13749,2025-10-31,West,UPI,Delivered
517978,11348,2025-10-23,North,Debit Card,Delivered
517979,14765,2025-03-09,West,UPI,Delivered
517980,13592,2025-12-18,South,Cash on Delivery,Delivered
517981,11074,2025-02-25,West,Net Banking,Delivered
517982,13695,2025-05-25,West,UPI,Delivered
517983,13546,2025-02-21,West,UPI,Delivered
517984,13820,2025-05-05,Central,UPI,Delivered
517985,14604,2025-10-01,West,Cash on Delivery,Delivered
517986,13630,2025-05-08,East,UPI,Delivered
517987,11798,2025-01-25,North,Credit Card,Delivered
517988,14004,2025-03-02,North,Net Banking,Delivered
517989,13544,2025-12-02,West,UPI,Delivered
517990,12961,2025-05-08,East,Net Banking,Delivered
517991,11808,2025-06-08,South,UPI,Delivered
517992,14624,2025-09-08,West,UPI,Delivered
517993,12625,2025-10-15,North,UPI,Delivered
517994,13208,2025-06-01,East,UPI,Delivered
517995,12129,2025-11-11,South,UPI,Delivered
517996,13952,2025-04-02,South,Debit Card,Delivered
517997,11737,2025-07-22,East,UPI,Delivered
517998,14099,2025-07-19,West,Cash on Delivery,Delivered
517999,10541,2025-07-12,North,UPI,Delivered
518000,13618,2025-05-04,North,UPI,Cancelled
518001,12442,2025-04-26,North,Credit Card,Delivered
518002,13557,2025-06-19,West,UPI,Delivered
518003,12722,2025-05-07,Central,UPI,Delivered
518004,10658,2025-12-26,West,Debit Card,Delivered
518005,12443,2025-02-22,South,Net Banking,Delivered
518006,14843,2025-06-19,South,UPI,Delivered
518007,13836,2025-09-01,South,Credit Card,Delivered
518008,11515,2025-10-11,South,Debit Card,Delivered
518009,14736,2025-03-02,South,Cash on Delivery,Delivered
518010,13946,2025-02-28,North,Debit Card,Delivered
518011,11859,2025-03-16,South,UPI,Delivered
518012,13097,2025-08-01,South,Debit Card,Delivered
518013,12181,2025-05-06,East,UPI,Delivered
518014,10493,2025-06-01,North,UPI,Returned
518015,14077,2025-03-06,North,Debit Card,Delivered
518016,10935,2025-07-27,South,Credit Card,Delivered
518017,12339,2025-04-26,West,Cash on Delivery,Cancelled
518018,13579,2025-03-29,East,UPI,Delivered
518019,14677,2025-01-10,West,Credit Card,Delivered
518020,10305,2025-12-14,East,UPI,Delivered
518021,12012,2025-02-19,East,Credit Card,Shipped
518022,13155,2025-04-07,Central,UPI,Delivered
518023,13946,2025-09-09,North,UPI,Delivered
518024,14624,2025-03-04,West,Credit Card,Delivered
518025,10005,2025-03-27,West,Credit Card,Delivered
518026,13207,2025-07-12,South,UPI,Delivered
518027,10035,2025-12-21,South,Debit Card,Delivered
518028,13987,2025-02-27,West,Credit Card,Delivered
518029,10734,2025-07-23,West,Cash on Delivery,Delivered
518030,14516,2025-10-29,North,Net Banking,Delivered
518031,10760,2025-12-11,Central,Debit Card,Delivered
518032,13882,2025-10-11,North,Credit Card,Delivered
518033,11464,2025-04-30,South,Credit Card,Delivered
518034,12874,2025-07-27,South,Cash on Delivery,Shipped
518035,13123,2025-08-12,West,Debit Card,Cancelled
518036,11014,2025-11-11,East,UPI,Delivered
518037,11510,2025-09-17,Central,Credit Card,Delivered
518038,10538,2025-04-21,Central,Credit Card,Delivered
518039,10029,2025-05-04,South,UPI,Delivered
518040,11195,2025-06-18,East,Net Banking,Delivered
518041,12636,2025-04-23,North,UPI,Delivered
518042,13634,2025-03-01,South,Credit Card,Cancelled
518043,14026,2025-11-14,South,Cash on Delivery,Delivered
518044,10339,2025-01-11,East,Debit Card,Delivered
518045,11370,2025-01-20,South,Net Banking,Delivered
518046,13906,2025-08-06,North,UPI,Shipped
518047,12460,2025-05-15,North,Credit Card,Delivered
518048,10886,2025-12-17,West,Debit Card,Delivered
518049,12005,2025-03-03,South,Net Banking,Delivered
518050,11366,2025-04-29,West,Net Banking,Delivered
518051,10247,2025-11-16,South,UPI,Delivered
518052,13878,2025-07-05,South,Debit Card,Delivered
518053,11472,2025-05-12,Central,UPI,Returned
518054,14746,2025-07-19,West,Credit Card,Shipped
518055,14484,2025-08-31,West,Credit Card,Delivered
518056,13652,2025-05-22,North,UPI,Delivered
518057,11659,2025-09-06,West,Net Banking,Delivered
518058,11411,2025-12-08,North,Credit Card,Delivered
518059,12431,2025-05-31,Central,UPI,Delivered
518060,11813,2025-12-11,North,Credit Card,Delivered
518061,14545,2025-10-19,South,UPI,Delivered
518062,10611,2025-03-31,East,Credit Card,Delivered
518063,13691,2025-10-07,West,Credit Card,Delivered
518064,13134,2025-03-23,South,UPI,Delivered
518065,14079,2025-01-21,South,Net Banking,Delivered
518066,12786,2025-03-04,South,Net Banking,Delivered
518067,13218,2025-10-30,South,Debit Card,Delivered
518068,14831,2025-11-21,West,Cash on Delivery,Delivered
518069,10470,2025-09-28,Central,Debit Card,Delivered
518070,10522,2025-08-06,Central,Debit Card,Delivered
518071,12014,2025-09-17,South,UPI,Shipped
518072,12417,2025-05-12,West,UPI,Delivered
518073,10982,2025-06-21,Central,UPI,Delivered
518074,10412,2025-04-24,North,Net Banking,Cancelled
518075,10107,2025-07-10,South,Cash on Delivery,Delivered
518076,13882,2025-03-24,North,UPI,Returned
518077,12479,2025-06-03,East,UPI,Shipped
518078,14258,2025-07-04,South,Net Banking,Delivered
518079,11840,2025-08-27,South,Credit Card,Delivered
518080,13581,2025-11-14,Central,Cash on Delivery,Delivered
518081,12498,2025-04-12,East,Cash on Delivery,Delivered
518082,13141,2025-12-10,North,UPI,Shipped
518083,11885,2025-06-11,East,Credit Card,Delivered
518084,10405,2025-05-06,South,Debit Card,Returned
518085,14758,2025-10-17,West,Debit Card,Returned
518086,14225,2025-05-10,West,Cash on Delivery,Delivered
518087,11572,2025-10-26,Central,Credit Card,Delivered
518088,14807,2025-11-24,North,Debit Card,Delivered
518089,11517,2025-01-21,North,Credit Card,Delivered
518090,12272,2025-05-20,East,Credit Card,Delivered
518091,13836,2025-02-05,South,UPI,Delivered
518092,11561,2025-09-14,North,Debit Card,Returned
518093,11644,2025-12-25,West,Credit Card,Shipped
518094,12100,2025-05-24,Central,UPI,Delivered
518095,12392,2025-02-18,South,UPI,Delivered
518096,10611,2025-01-06,East,UPI,Delivered
518097,10083,2025-05-04,South,Debit Card,Delivered
518098,14615,2025-08-13,West,Debit Card,Delivered
518099,11805,2025-09-26,Central,UPI,Delivered
518100,10514,2025-06-22,East,UPI,Delivered
518101,13860,2025-01-09,North,Cash on Delivery,Delivered
518102,11492,2025-08-15,South,Credit Card,Delivered
518103,10886,2025-06-05,West,Cash on Delivery,Delivered
518104,14831,2025-07-11,West,Credit Card,Returned
518105,14622,2025-06-09,East,Credit Card,Delivered
518106,10528,2025-04-29,South,Net Banking,Delivered
518107,14535,2025-12-25,West,Cash on Delivery,Shipped
518108,14492,2025-03-30,North,UPI,Cancelled
518109,13239,2025-06-29,South,Debit Card,Delivered
518110,12707,2025-11-26,East,Credit Card,Delivered
518111,11073,2025-05-12,North,Credit Card,Delivered
518112,10605,2025-01-25,North,UPI,Delivered
518113,13112,2025-03-21,West,Cash on Delivery,Delivered
518114,14158,2025-03-04,North,UPI,Delivered
518115,13513,2025-10-23,East,UPI,Delivered
518116,10883,2025-04-18,West,Debit Card,Delivered
518117,11466,2025-11-21,West,Cash on Delivery,Delivered
518118,12813,2025-07-03,Central,UPI,Delivered
518119,13200,2025-05-31,South,Credit Card,Delivered
518120,10353,2025-03-25,West,UPI,Delivered
518121,13151,2025-11-17,Central,UPI,Delivered
518122,13747,2025-11-03,North,Net Banking,Delivered
518123,10885,2025-09-05,West,Net Banking,Delivered
518124,11241,2025-10-08,West,UPI,Delivered
518125,11313,2025-07-27,Central,Credit Card,Delivered
518126,14714,2025-10-24,West,Net Banking,Delivered
518127,12086,2025-01-05,North,UPI,Shipped
518128,12718,2025-08-16,North,UPI,Cancelled
518129,13691,2025-07-11,West,UPI,Delivered
518130,11890,2025-05-14,North,UPI,Delivered
518131,10526,2025-03-17,West,UPI,Delivered
518132,13339,2025-10-29,West,UPI,Delivered
518133,13408,2025-04-20,South,Credit Card,Delivered
518134,11324,2025-06-15,North,Credit Card,Delivered
518135,10167,2025-03-02,South,UPI,Delivered
518136,13394,2025-05-10,West,UPI,Delivered
518137,13581,2025-01-03,Central,Credit Card,Delivered
518138,10128,2025-05-15,West,Net Banking,Delivered
518139,13529,2025-12-12,South,Cash on Delivery,Delivered
518140,14703,2025-07-12,South,Net Banking,Delivered
518141,10872,2025-12-19,South,Credit Card,Delivered
518142,12657,2025-03-03,South,Net Banking,Delivered
518143,13546,2025-11-06,West,Net Banking,Delivered
518144,11136,2025-09-02,East,Cash on Delivery,Delivered
518145,13818,2025-02-22,South,UPI,Delivered
518146,14389,2025-01-09,North,Credit Card,Delivered
518147,14120,2025-05-09,Central,UPI,Returned
518148,11313,2025-12-11,Central,UPI,Delivered
518149,14074,2025-04-18,Central,UPI,Delivered
518150,12117,2025-10-19,South,Cash on Delivery,Delivered
518151,11349,2025-02-19,South,Cash on Delivery,Delivered
518152,10813,2025-07-31,South,Debit Card,Delivered
518153,14576,2025-03-10,West,UPI,Delivered
518154,12186,2025-04-08,East,UPI,Delivered
518155,14379,2025-04-13,East,Debit Card,Delivered
518156,10783,2025-12-24,West,Credit Card,Returned
518157,13891,2025-01-16,West,UPI,Delivered
518158,10554,2025-03-20,Central,UPI,Shipped
518159,10084,2025-08-21,East,Credit Card,Delivered
518160,14977,2025-08-19,North,UPI,Delivered
518161,10359,2025-10-25,East,Credit Card,Returned
518162,12361,2025-06-07,North,Cash on Delivery,Shipped
518163,14428,2025-09-15,West,Net Banking,Delivered
518164,14149,2025-07-30,Central,Cash on Delivery,Delivered
518165,12406,2025-07-03,East,UPI,Shipped
518166,13134,2025-07-14,South,Cash on Delivery,Delivered
518167,13219,2025-02-09,South,Credit Card,Cancelled
518168,10554,2025-07-10,Central,Debit Card,Delivered
518169,11435,2025-11-11,North,UPI,Delivered
518170,11518,2025-03-02,Central,Cash on Delivery,Delivered
518171,11928,2025-06-29,North,Credit Card,Delivered
518172,11378,2025-11-28,Central,UPI,Delivered
518173,11275,2025-08-23,South,Credit Card,Delivered
518174,11814,2025-02-05,South,UPI,Delivered
518175,11933,2025-08-16,East,Credit Card,Cancelled
518176,12489,2025-01-31,West,UPI,Delivered
518177,10838,2025-08-13,North,Credit Card,Delivered
518178,13993,2025-05-03,West,UPI,Delivered
518179,14345,2025-09-20,West,UPI,Delivered
518180,11253,2025-05-03,South,UPI,Delivered
518181,10610,2025-08-06,North,Cash on Delivery,Delivered
518182,13682,2025-12-12,East,Debit Card,Delivered
518183,14632,2025-10-03,West,UPI,Shipped
518184,10167,2025-04-08,South,Cash on Delivery,Delivered
518185,10069,2025-01-06,Central,Debit Card,Delivered
518186,10893,2025-05-03,East,UPI,Delivered
518187,13495,2025-03-27,Central,Credit Card,Delivered
518188,14844,2025-08-18,North,UPI,Delivered
518189,13814,2025-03-22,South,Cash on Delivery,Delivered
518190,12950,2025-12-28,West,Net Banking,Delivered
518191,13567,2025-07-10,South,UPI,Delivered
518192,11142,2025-09-12,North,Debit Card,Delivered
518193,13513,2025-02-10,East,Credit Card,Delivered
518194,11626,2025-08-06,North,Net Banking,Delivered
518195,11090,2025-12-14,West,Debit Card,Delivered
518196,11183,2025-04-24,West,Credit Card,Cancelled
518197,13411,2025-12-31,North,Credit Card,Shipped
518198,13892,2025-07-19,North,Debit Card,Delivered
518199,13002,2025-05-15,West,Debit Card,Delivered
518200,10314,2025-07-18,North,Credit Card,Delivered
518201,10179,2025-06-06,West,Net Banking,Delivered
518202,11072,2025-11-19,Central,Net Banking,Delivered
518203,11446,2025-11-29,East,UPI,Delivered
518204,12075,2025-11-02,Central,Net Banking,Delivered
518205,10375,2025-12-04,West,UPI,Delivered
518206,13693,2025-02-13,South,Cash on Delivery,Delivered
518207,13629,2025-07-24,South,Net Banking,Delivered
518208,11765,2025-10-14,West,Cash on Delivery,Delivered
518209,12900,2025-11-19,South,Debit Card,Delivered
518210,10510,2025-08-10,Central,Debit Card,Delivered
518211,12129,2025-09-16,South,UPI,Delivered
518212,14327,2025-03-31,West,Debit Card,Delivered
518213,13374,2025-04-13,West,Credit Card,Shipped
518214,10521,2025-12-24,West,UPI,Delivered
518215,14284,2025-07-24,North,Credit Card,Delivered
518216,13471,2025-11-27,West,Debit Card,Delivered
518217,12310,2025-12-23,South,Net Banking,Delivered
518218,13527,2025-09-20,North,Credit Card,Delivered
518219,10836,2025-01-27,East,UPI,Delivered
518220,12833,2025-01-07,North,UPI,Delivered
518221,13166,2025-09-21,West,Credit Card,Delivered
518222,14654,2025-12-22,West,UPI,Delivered
518223,10324,2025-02-11,North,Credit Card,Delivered
518224,11906,2025-08-09,Central,UPI,Delivered
518225,14695,2025-12-07,Central,Debit Card,Delivered
518226,11073,2025-06-03,North,UPI,Delivered
518227,14109,2025-03-02,North,Debit Card,Delivered
518228,10010,2025-10-03,South,UPI,Delivered
518229,10128,2025-08-09,West,Credit Card,Shipped
518230,11661,2025-03-20,North,UPI,Cancelled
518231,13897,2025-03-28,North,Cash on Delivery,Delivered
518232,10521,2025-03-20,West,UPI,Delivered
518233,11948,2025-02-20,Central,UPI,Delivered
518234,10649,2025-11-26,North,UPI,Delivered
518235,11096,2025-08-28,North,Credit Card,Delivered
518236,12579,2025-05-08,West,Credit Card,Returned
518237,11614,2025-10-13,South,UPI,Delivered
518238,11041,2025-08-17,East,Debit Card,Delivered
518239,12013,2025-12-13,West,Credit Card,Delivered
518240,13572,2025-07-14,West,Net Banking,Shipped
518241,10603,2025-04-11,Central,Cash on Delivery,Delivered
518242,12456,2025-11-01,South,Debit Card,Delivered
518243,11384,2025-01-04,South,Debit Card,Delivered
518244,11928,2025-10-12,North,Debit Card,Delivered
518245,14157,2025-07-19,East,UPI,Delivered
518246,14664,2025-06-11,West,Net Banking,Delivered
518247,11225,2025-08-28,West,Credit Card,Delivered
518248,13219,2025-07-05,South,Debit Card,Delivered
518249,13448,2025-03-22,South,Credit Card,Shipped
518250,14255,2025-03-15,North,Cash on Delivery,Cancelled
518251,14535,2025-07-03,West,Credit Card,Delivered
518252,12388,2025-08-25,South,Credit Card,Delivered
518253,14910,2025-08-02,East,UPI,Cancelled
518254,14869,2025-03-22,South,Credit Card,Returned
518255,12594,2025-08-11,South,UPI,Delivered
518256,12785,2025-12-30,North,Net Banking,Delivered
518257,13411,2025-07-08,North,Credit Card,Delivered
518258,11903,2025-07-20,West,Credit Card,Delivered
518259,13376,2025-07-10,South,Debit Card,Delivered
518260,12629,2025-06-19,North,UPI,Delivered
518261,10167,2025-08-10,South,UPI,Delivered
518262,14307,2025-01-17,South,Cash on Delivery,Delivered
518263,14716,2025-07-18,West,Net Banking,Delivered
518264,10128,2025-08-26,West,UPI,Delivered
518265,13996,2025-08-25,West,Credit Card,Delivered
518266,11964,2025-12-12,North,Credit Card,Delivered
518267,13017,2025-09-02,East,UPI,Delivered
518268,12563,2025-10-31,West,Credit Card,Delivered
518269,12840,2025-08-09,North,Cash on Delivery,Delivered
518270,12536,2025-04-23,East,UPI,Delivered
518271,14310,2025-10-21,West,Cash on Delivery,Delivered
518272,13488,2025-09-14,West,Credit Card,Delivered
518273,12115,2025-02-24,West,UPI,Delivered
518274,13513,2025-05-18,East,UPI,Delivered
518275,14844,2025-11-07,North,UPI,Returned
518276,10403,2025-04-05,South,UPI,Delivered
518277,11977,2025-05-05,East,UPI,Delivered
518278,14398,2025-01-24,West,Net Banking,Delivered
518279,13761,2025-10-11,East,UPI,Returned
518280,14688,2025-04-02,East,Net Banking,Delivered
518281,10195,2025-12-30,East,Cash on Delivery,Delivered
518282,14366,2025-02-20,West,UPI,Delivered
518283,14014,2025-07-19,West,Credit Card,Delivered
518284,14121,2025-06-06,North,Credit Card,Delivered
518285,13069,2025-05-27,East,Net Banking,Delivered
518286,10253,2025-04-03,West,UPI,Cancelled
518287,12768,2025-07-26,West,Debit Card,Cancelled
518288,12091,2025-01-05,North,Credit Card,Delivered
518289,12698,2025-04-02,Central,Debit Card,Delivered
518290,13768,2025-11-07,West,Credit Card,Delivered
518291,13064,2025-02-15,South,UPI,Delivered
518292,11476,2025-05-23,North,Credit Card,Cancelled
518293,13075,2025-09-07,East,Net Banking,Delivered
518294,10415,2025-08-12,South,UPI,Delivered
518295,10030,2025-06-16,South,Credit Card,Delivered
518296,12058,2025-11-14,North,UPI,Delivered
518297,13848,2025-07-16,North,UPI,Delivered
518298,14167,2025-11-26,South,UPI,Delivered
518299,12831,2025-06-08,North,Debit Card,Delivered
518300,14388,2025-05-31,West,Credit Card,Delivered
518301,10622,2025-08-12,South,Debit Card,Delivered
518302,14841,2025-08-04,West,Cash on Delivery,Returned
518303,14626,2025-10-26,West,Debit Card,Delivered
518304,13074,2025-02-07,South,Credit Card,Delivered
518305,10291,2025-05-23,North,Credit Card,Delivered
518306,12317,2025-01-11,South,UPI,Delivered
518307,10874,2025-10-08,South,UPI,Delivered
518308,13211,2025-02-08,East,Debit Card,Delivered
518309,10931,2025-02-25,Central,Debit Card,Delivered
518310,12464,2025-12-23,North,Net Banking,Delivered
518311,11009,2025-12-22,North,UPI,Delivered
518312,10886,2025-04-22,West,Net Banking,Delivered
518313,11251,2025-12-30,West,Net Banking,Delivered
518314,10141,2025-05-28,North,UPI,Cancelled
518315,13651,2025-11-04,East,Cash on Delivery,Delivered
518316,11546,2025-02-03,North,UPI,Delivered
518317,13553,2025-10-28,West,Net Banking,Delivered
518318,13332,2025-11-28,North,Credit Card,Delivered
518319,10323,2025-04-10,Central,Net Banking,Delivered
518320,11572,2025-09-17,Central,Debit Card,Delivered
518321,12918,2025-09-26,Central,UPI,Delivered
518322,14614,2025-02-28,East,UPI,Delivered
518323,12058,2025-11-19,North,Cash on Delivery,Delivered
518324,12586,2025-02-14,North,UPI,Delivered
518325,13813,2025-10-30,North,UPI,Returned
518326,14071,2025-07-25,Central,UPI,Cancelled
518327,14629,2025-12-18,South,Debit Card,Delivered
518328,12547,2025-04-22,West,UPI,Returned
518329,10949,2025-08-29,North,Credit Card,Delivered
518330,13882,2025-05-04,North,UPI,Delivered
518331,10621,2025-06-08,South,Debit Card,Delivered
518332,12143,2025-11-12,West,UPI,Shipped
518333,13208,2025-01-01,East,Debit Card,Delivered
518334,13527,2025-06-23,North,UPI,Shipped
518335,13735,2025-10-17,West,Credit Card,Delivered
518336,10948,2025-08-06,North,Cash on Delivery,Delivered
518337,14907,2025-07-01,South,Credit Card,Delivered
518338,10871,2025-07-06,North,UPI,Delivered
518339,10490,2025-04-04,West,Credit Card,Delivered
518340,13388,2025-02-10,South,Credit Card,Delivered
518341,14579,2025-02-20,Central,Credit Card,Delivered
518342,12882,2025-01-05,North,Debit Card,Delivered
518343,13063,2025-12-10,West,UPI,Shipped
518344,12763,2025-06-15,North,Credit Card,Returned
518345,10213,2025-07-13,North,UPI,Delivered
518346,13475,2025-05-27,East,Credit Card,Delivered
518347,11824,2025-06-15,South,UPI,Delivered
518348,14690,2025-08-22,Central,UPI,Shipped
518349,10912,2025-02-19,West,Credit Card,Delivered
518350,11523,2025-11-30,South,UPI,Delivered
518351,12586,2025-12-14,North,UPI,Shipped
518352,12445,2025-06-11,East,Debit Card,Returned
518353,12051,2025-03-02,South,Net Banking,Delivered
518354,11585,2025-12-11,North,Net Banking,Cancelled
518355,10722,2025-09-04,West,Net Banking,Delivered
518356,14155,2025-09-04,West,UPI,Delivered
518357,12297,2025-08-08,North,Debit Card,Delivered
518358,12950,2025-12-24,West,Cash on Delivery,Delivered
518359,12814,2025-06-29,South,Debit Card,Delivered
518360,12969,2025-12-04,North,UPI,Delivered
518361,13587,2025-12-08,West,Credit Card,Returned
518362,13218,2025-03-09,South,Credit Card,Delivered
518363,11377,2025-06-10,South,Credit Card,Delivered
518364,12852,2025-04-10,South,Debit Card,Delivered
518365,11233,2025-11-11,West,UPI,Cancelled
518366,13029,2025-09-26,West,UPI,Delivered
518367,12207,2025-03-20,West,Credit Card,Cancelled
518368,10185,2025-07-08,East,Cash on Delivery,Returned
518369,13737,2025-04-07,South,UPI,Returned
518370,11384,2025-10-31,South,Credit Card,Cancelled
518371,14621,2025-12-20,East,Credit Card,Shipped
518372,11415,2025-06-15,West,UPI,Delivered
518373,14981,2025-02-23,North,UPI,Returned
518374,12364,2025-06-08,East,UPI,Delivered
518375,10128,2025-02-18,West,Debit Card,Delivered
518376,10377,2025-05-30,South,Credit Card,Shipped
518377,10410,2025-08-12,West,Debit Card,Delivered
518378,10275,2025-07-12,West,Debit Card,Delivered
518379,11356,2025-02-17,North,Credit Card,Delivered
518380,11644,2025-04-02,West,UPI,Delivered
518381,10563,2025-04-15,East,UPI,Returned
518382,12245,2025-10-08,West,Credit Card,Delivered
518383,11869,2025-01-21,West,UPI,Delivered
518384,13247,2025-10-09,North,Cash on Delivery,Delivered
518385,10963,2025-12-26,West,Credit Card,Delivered
518386,14598,2025-05-09,West,Credit Card,Delivered
518387,12636,2025-03-14,North,UPI,Delivered
518388,13195,2025-06-23,West,UPI,Delivered
518389,10187,2025-08-29,North,Credit Card,Delivered
518390,12880,2025-09-18,West,Net Banking,Delivered
518391,11873,2025-06-17,West,Net Banking,Delivered
518392,14632,2025-05-25,West,Debit Card,Returned
518393,14473,2025-02-22,Central,Cash on Delivery,Delivered
518394,13253,2025-08-09,North,UPI,Cancelled
518395,13893,2025-04-18,East,UPI,Delivered
518396,13285,2025-12-05,North,UPI,Delivered
518397,10081,2025-12-26,West,Debit Card,Delivered
518398,13581,2025-10-12,Central,Net Banking,Delivered
518399,10860,2025-03-17,Central,UPI,Delivered
518400,13484,2025-05-16,North,Net Banking,Delivered
518401,10054,2025-04-17,East,Debit Card,Delivered
518402,11568,2025-02-12,West,Credit Card,Delivered
518403,12638,2025-08-11,West,Credit Card,Delivered
518404,11685,2025-05-23,South,Debit Card,Returned
518405,13538,2025-06-11,South,Cash on Delivery,Delivered
518406,12666,2025-03-31,West,UPI,Delivered
518407,14809,2025-12-19,West,UPI,Shipped
518408,11824,2025-08-16,South,Debit Card,Delivered
518409,13678,2025-10-04,South,UPI,Delivered
518410,14222,2025-05-27,North,Cash on Delivery,Returned
518411,11284,2025-04-06,North,Cash on Delivery,Delivered
518412,13833,2025-01-01,West,Debit Card,Delivered
518413,12013,2025-06-28,West,Credit Card,Delivered
518414,10637,2025-06-10,Central,UPI,Delivered
518415,10019,2025-01-26,South,UPI,Delivered
518416,13786,2025-11-06,South,UPI,Delivered
518417,10910,2025-02-14,North,Credit Card,Delivered
518418,10250,2025-06-04,East,Debit Card,Delivered
518419,12547,2025-11-03,West,Credit Card,Delivered
518420,11765,2025-01-28,West,Credit Card,Delivered
518421,13527,2025-07-31,North,Debit Card,Delivered
518422,10537,2025-01-08,South,Credit Card,Delivered
518423,10651,2025-12-12,South,Net Banking,Delivered
518424,12071,2025-01-05,South,Debit Card,Cancelled
518425,12654,2025-01-11,North,Debit Card,Delivered
518426,14173,2025-12-07,East,Debit Card,Delivered
518427,13017,2025-07-19,East,UPI,Delivered
518428,14550,2025-06-03,South,Debit Card,Delivered
518429,11074,2025-05-02,West,Debit Card,Delivered
518430,13064,2025-07-07,South,Credit Card,Delivered
518431,13353,2025-10-29,Central,Debit Card,Delivered
518432,13695,2025-05-20,West,Cash on Delivery,Delivered
518433,14950,2025-08-23,North,Credit Card,Shipped
518434,12388,2025-01-13,South,UPI,Delivered
518435,11876,2025-07-21,West,Credit Card,Delivered
518436,14307,2025-12-15,South,UPI,Delivered
518437,10860,2025-09-21,Central,Net Banking,Delivered
518438,10177,2025-04-12,North,UPI,Returned
518439,12274,2025-07-12,West,Cash on Delivery,Delivered
518440,11246,2025-05-12,East,UPI,Delivered
518441,12030,2025-12-19,West,Credit Card,Delivered
518442,14937,2025-11-07,North,UPI,Delivered
518443,11778,2025-12-28,South,Credit Card,Delivered
518444,13615,2025-08-01,East,Credit Card,Delivered
518445,11270,2025-11-23,North,Debit Card,Delivered
518446,11524,2025-02-24,North,UPI,Delivered
518447,11227,2025-04-06,West,UPI,Cancelled
518448,12947,2025-11-09,South,UPI,Delivered
518449,11110,2025-07-04,East,Debit Card,Delivered
518450,13660,2025-06-05,Central,UPI,Delivered
518451,13467,2025-06-03,Central,Credit Card,Delivered
518452,12155,2025-04-11,West,Credit Card,Delivered
518453,10127,2025-12-20,Central,Net Banking,Delivered
518454,10111,2025-03-14,North,Net Banking,Delivered
518455,12730,2025-11-22,West,Cash on Delivery,Delivered
518456,14241,2025-01-22,North,Net Banking,Cancelled
518457,13073,2025-07-20,North,Net Banking,Delivered
518458,12230,2025-06-22,North,Cash on Delivery,Delivered
518459,14452,2025-05-23,North,Net Banking,Cancelled
518460,10964,2025-12-18,North,UPI,Delivered
518461,11835,2025-05-26,Central,Net Banking,Delivered
518462,12910,2025-09-24,West,Debit Card,Delivered
518463,11472,2025-12-19,Central,Credit Card,Delivered
518464,14989,2025-02-03,West,UPI,Delivered
518465,12307,2025-10-31,South,UPI,Shipped
518466,10251,2025-03-24,West,UPI,Delivered
518467,10857,2025-02-17,South,Net Banking,Delivered
518468,12727,2025-11-28,Central,UPI,Delivered
518469,12831,2025-10-23,North,Credit Card,Delivered
518470,14921,2025-07-06,North,Cash on Delivery,Delivered
518471,13078,2025-10-24,Central,Credit Card,Delivered
518472,13405,2025-11-16,East,Debit Card,Delivered
518473,11052,2025-07-23,South,Net Banking,Delivered
518474,10535,2025-02-18,South,Net Banking,Delivered
518475,13087,2025-04-28,West,UPI,Delivered
518476,14374,2025-07-02,West,UPI,Delivered
518477,13022,2025-04-02,West,Net Banking,Delivered
518478,12271,2025-09-28,West,Debit Card,Delivered
518479,12984,2025-05-12,East,Debit Card,Delivered
518480,12394,2025-05-16,West,Credit Card,Delivered
518481,10689,2025-11-12,Central,UPI,Delivered
518482,13770,2025-05-07,North,UPI,Delivered
518483,12733,2025-12-12,North,Debit Card,Delivered
518484,12043,2025-08-19,West,UPI,Delivered
518485,12882,2025-12-01,North,Debit Card,Cancelled
518486,11209,2025-07-31,East,UPI,Delivered
518487,12190,2025-08-12,East,UPI,Delivered
518488,13189,2025-01-10,North,Cash on Delivery,Returned
518489,11110,2025-03-21,East,Cash on Delivery,Shipped
518490,13806,2025-04-22,Central,UPI,Delivered
518491,12655,2025-10-09,West,Net Banking,Delivered
518492,14353,2025-10-05,South,UPI,Shipped
518493,14282,2025-02-27,West,Credit Card,Delivered
518494,12533,2025-09-09,South,Credit Card,Delivered
518495,10960,2025-11-12,East,Credit Card,Delivered
518496,13748,2025-11-28,North,Credit Card,Cancelled
518497,12145,2025-06-16,North,Debit Card,Delivered
518498,13056,2025-06-30,North,Debit Card,Delivered
518499,10537,2025-01-02,South,Cash on Delivery,Delivered
518500,13227,2025-07-15,South,UPI,Delivered
518501,11903,2025-02-28,West,Cash on Delivery,Delivered
518502,11692,2025-02-26,Central,Net Banking,Delivered
518503,14901,2025-07-19,West,UPI,Delivered
518504,12210,2025-04-18,South,UPI,Shipped
518505,13460,2025-05-20,East,UPI,Shipped
518506,13207,2025-07-20,South,Credit Card,Cancelled
518507,10521,2025-03-16,West,Credit Card,Cancelled
518508,13800,2025-08-25,North,Credit Card,Returned
518509,11639,2025-01-01,East,Credit Card,Delivered
518510,14046,2025-12-21,West,Debit Card,Delivered
518511,13120,2025-02-23,East,Debit Card,Delivered
518512,11606,2025-09-05,East,Credit Card,Delivered
518513,11817,2025-10-26,North,Credit Card,Delivered
518514,13726,2025-01-07,Central,UPI,Delivered
518515,12831,2025-08-28,North,Credit Card,Delivered
518516,13415,2025-09-19,East,UPI,Delivered
518517,10778,2025-10-03,North,Credit Card,Cancelled
518518,13986,2025-12-10,South,Debit Card,Delivered
518519,11622,2025-02-07,South,Cash on Delivery,Delivered
518520,13179,2025-07-09,North,Credit Card,Delivered
518521,10582,2025-11-28,East,Credit Card,Delivered
518522,11626,2025-09-16,North,Credit Card,Delivered
518523,13303,2025-06-05,South,UPI,Delivered
518524,11382,2025-01-12,Central,UPI,Delivered
518525,14438,2025-09-04,North,Debit Card,Delivered
518526,13375,2025-12-02,North,UPI,Delivered
518527,14397,2025-06-21,South,Credit Card,Delivered
518528,12025,2025-01-15,South,UPI,Delivered
518529,10161,2025-11-07,East,Cash on Delivery,Delivered
518530,12972,2025-04-05,Central,Debit Card,Cancelled
518531,11729,2025-09-02,South,UPI,Returned
518532,12295,2025-12-04,West,UPI,Delivered
518533,13475,2025-09-19,East,UPI,Returned
518534,13569,2025-03-05,North,Credit Card,Delivered
518535,10135,2025-07-28,North,Debit Card,Delivered
518536,13903,2025-08-03,Central,UPI,Delivered
518537,12526,2025-02-04,West,Debit Card,Delivered
518538,12872,2025-01-11,East,UPI,Delivered
518539,11506,2025-10-06,Central,Cash on Delivery,Returned
518540,12153,2025-11-09,West,Credit Card,Delivered
518541,13626,2025-03-22,West,Cash on Delivery,Delivered
518542,13938,2025-03-11,South,Debit Card,Delivered
518543,11971,2025-06-14,North,Credit Card,Delivered
518544,13525,2025-03-04,North,Net Banking,Delivered
518545,11308,2025-03-21,North,UPI,Delivered
518546,14203,2025-01-29,West,Credit Card,Delivered
518547,13128,2025-06-19,North,UPI,Delivered
518548,13928,2025-06-05,South,Net Banking,Delivered
518549,12444,2025-04-16,South,Cash on Delivery,Cancelled
518550,11131,2025-10-01,East,Credit Card,Delivered
518551,12192,2025-08-29,East,UPI,Delivered
518552,11940,2025-11-26,South,Credit Card,Delivered
518553,11685,2025-08-17,South,Debit Card,Delivered
518554,11043,2025-06-02,East,Credit Card,Delivered
518555,13860,2025-12-22,North,Net Banking,Delivered
518556,10437,2025-10-31,West,Credit Card,Delivered
518557,14484,2025-12-09,West,Credit Card,Delivered
518558,10849,2025-06-27,North,UPI,Delivered
518559,14901,2025-01-19,West,Debit Card,Delivered
518560,14948,2025-11-27,Central,Net Banking,Delivered
518561,12041,2025-02-10,East,Credit Card,Shipped
518562,14945,2025-09-18,South,Cash on Delivery,Delivered
518563,14393,2025-09-19,North,UPI,Delivered
518564,10411,2025-10-28,East,UPI,Delivered
518565,14758,2025-08-18,West,Credit Card,Delivered
518566,10212,2025-03-16,North,Credit Card,Delivered
518567,10886,2025-07-08,West,Net Banking,Delivered
518568,13013,2025-04-22,North,Net Banking,Cancelled
518569,10404,2025-12-29,North,UPI,Delivered
518570,10790,2025-08-22,West,Debit Card,Shipped
518571,14779,2025-06-25,East,Credit Card,Delivered
518572,14975,2025-02-17,South,UPI,Delivered
518573,14044,2025-06-26,South,UPI,Delivered
518574,12633,2025-08-04,East,UPI,Delivered
518575,14541,2025-08-20,East,UPI,Returned
518576,10566,2025-02-18,East,UPI,Delivered
518577,14732,2025-04-08,West,Cash on Delivery,Delivered
518578,11797,2025-10-27,Central,Cash on Delivery,Delivered
518579,14351,2025-10-12,South,Debit Card,Delivered
518580,13415,2025-10-09,East,Cash on Delivery,Delivered
518581,14817,2025-07-30,North,Credit Card,Delivered
518582,14374,2025-05-07,West,UPI,Delivered
518583,14484,2025-11-13,West,Net Banking,Delivered
518584,13228,2025-10-23,South,UPI,Delivered
518585,14208,2025-04-12,East,UPI,Delivered
518586,13848,2025-01-19,North,Debit Card,Delivered
518587,10789,2025-07-29,East,UPI,Delivered
518588,13301,2025-05-22,West,Debit Card,Cancelled
518589,10722,2025-10-18,West,UPI,Delivered
518590,14396,2025-12-04,East,Debit Card,Shipped
518591,10323,2025-12-14,Central,Net Banking,Delivered
518592,14944,2025-05-27,South,Credit Card,Delivered
518593,12054,2025-03-30,South,UPI,Delivered
518594,10825,2025-12-01,West,UPI,Delivered
518595,14690,2025-08-28,Central,Credit Card,Delivered
518596,10222,2025-12-09,West,Net Banking,Delivered
518597,12400,2025-08-25,North,Credit Card,Returned
518598,13906,2025-05-20,North,Debit Card,Returned
518599,11605,2025-04-06,North,Debit Card,Delivered
518600,12706,2025-07-01,North,Credit Card,Cancelled
518601,13566,2025-12-14,West,Credit Card,Shipped
518602,14772,2025-08-14,East,Credit Card,Delivered
518603,10518,2025-07-12,East,Debit Card,Delivered
518604,10771,2025-05-18,West,Credit Card,Delivered
518605,12609,2025-10-10,South,UPI,Delivered
518606,12143,2025-03-17,West,Credit Card,Delivered
518607,12104,2025-12-22,South,Debit Card,Shipped
518608,11503,2025-09-02,South,Credit Card,Delivered
518609,12891,2025-12-19,North,UPI,Delivered
518610,14458,2025-11-20,East,Cash on Delivery,Delivered
518611,10786,2025-05-28,South,Debit Card,Delivered
518612,11062,2025-05-25,West,UPI,Delivered
518613,13424,2025-04-26,North,Debit Card,Returned
518614,10275,2025-10-29,West,Debit Card,Delivered
518615,13435,2025-11-30,East,Debit Card,Returned
518616,11585,2025-01-10,North,Debit Card,Delivered
518617,11824,2025-05-01,South,UPI,Delivered
518618,12079,2025-05-28,West,Credit Card,Delivered
518619,11783,2025-08-15,North,Credit Card,Delivered
518620,14250,2025-08-07,North,UPI,Delivered
518621,14754,2025-11-14,West,Cash on Delivery,Delivered
518622,12819,2025-03-20,Central,UPI,Delivered
518623,13002,2025-12-12,West,Credit Card,Delivered
518624,10340,2025-05-20,West,Cash on Delivery,Delivered
518625,13634,2025-01-24,South,UPI,Delivered
518626,13011,2025-11-05,South,Debit Card,Delivered
518627,10244,2025-08-16,North,Credit Card,Delivered
518628,10976,2025-10-16,South,Debit Card,Delivered
518629,10991,2025-11-21,North,Debit Card,Delivered
518630,10826,2025-11-25,North,Debit Card,Returned
518631,13369,2025-12-26,West,Net Banking,Delivered
518632,14656,2025-04-10,West,UPI,Returned
518633,13876,2025-03-30,Central,UPI,Delivered
518634,12445,2025-01-07,East,Net Banking,Shipped
518635,12070,2025-12-20,East,Debit Card,Delivered
518636,11966,2025-06-20,Central,Cash on Delivery,Returned
518637,13084,2025-09-20,West,Credit Card,Delivered
518638,11834,2025-12-17,Central,Credit Card,Delivered
518639,11110,2025-11-13,East,Debit Card,Delivered
518640,13088,2025-02-01,North,UPI,Delivered
518641,11994,2025-08-01,West,UPI,Delivered
518642,10068,2025-02-28,West,UPI,Delivered
518643,10108,2025-12-01,West,Credit Card,Delivered
518644,11382,2025-01-30,Central,Credit Card,Shipped
518645,12624,2025-09-17,South,Credit Card,Delivered
518646,11811,2025-02-03,East,Net Banking,Shipped
518647,10119,2025-05-17,Central,UPI,Delivered
518648,11091,2025-11-12,North,Credit Card,Delivered
518649,10493,2025-08-10,North,Cash on Delivery,Shipped
518650,14767,2025-04-25,West,Net Banking,Returned
518651,11578,2025-07-02,East,Credit Card,Delivered
518652,10071,2025-09-04,West,Credit Card,Shipped
518653,13374,2025-01-29,West,Credit Card,Delivered
518654,11154,2025-11-06,North,Credit Card,Delivered
518655,12918,2025-06-28,Central,UPI,Delivered
518656,10738,2025-10-05,Central,UPI,Delivered
518657,14920,2025-10-03,Central,UPI,Returned
518658,14864,2025-10-20,West,Credit Card,Delivered
518659,13357,2025-05-08,South,UPI,Shipped
518660,13605,2025-08-21,South,Credit Card,Delivered
518661,12177,2025-11-03,South,Debit Card,Delivered
518662,14827,2025-03-14,North,UPI,Delivered
518663,12167,2025-08-02,Central,Debit Card,Delivered
518664,11195,2025-07-27,East,Credit Card,Delivered
518665,10583,2025-11-18,South,Credit Card,Delivered
518666,11021,2025-03-03,North,Cash on Delivery,Cancelled
518667,12947,2025-09-09,South,UPI,Delivered
518668,11235,2025-02-13,South,Credit Card,Delivered
518669,13339,2025-10-06,West,Credit Card,Delivered
518670,11942,2025-12-15,South,Debit Card,Delivered
518671,14481,2025-01-11,West,Debit Card,Delivered
518672,12877,2025-07-01,East,UPI,Delivered
518673,13189,2025-07-02,North,Debit Card,Delivered
518674,12872,2025-03-02,East,UPI,Delivered
518675,14473,2025-06-29,Central,Cash on Delivery,Delivered
518676,10312,2025-05-03,North,UPI,Delivered
518677,10325,2025-01-22,North,Cash on Delivery,Delivered
518678,13574,2025-01-03,West,Cash on Delivery,Delivered
518679,13893,2025-08-27,East,Net Banking,Cancelled
518680,12216,2025-07-23,Central,UPI,Returned
518681,11799,2025-11-17,Central,UPI,Delivered
518682,11403,2025-09-03,East,Credit Card,Delivered
518683,11167,2025-07-05,West,Debit Card,Delivered
518684,14589,2025-06-20,South,Debit Card,Delivered
518685,11493,2025-12-12,South,UPI,Delivered
518686,13299,2025-03-02,South,Debit Card,Delivered
518687,13987,2025-12-15,West,Credit Card,Delivered
518688,10105,2025-02-22,North,UPI,Shipped
518689,10160,2025-06-10,North,Debit Card,Delivered
518690,11685,2025-08-12,South,UPI,Shipped
518691,13545,2025-01-25,West,Debit Card,Delivered
518692,11326,2025-11-02,North,Debit Card,Delivered
518693,10010,2025-10-30,South,Debit Card,Delivered
518694,11461,2025-05-02,East,Credit Card,Delivered
518695,10460,2025-07-05,South,UPI,Delivered
518696,11080,2025-12-22,East,UPI,Delivered
518697,11685,2025-03-07,South,Credit Card,Delivered
518698,10631,2025-07-26,Central,Cash on Delivery,Delivered
518699,13594,2025-09-26,West,Net Banking,Delivered
518700,11294,2025-01-15,South,Credit Card,Cancelled
518701,13374,2025-01-06,West,Debit Card,Delivered
518702,13073,2025-09-10,North,UPI,Shipped
518703,14529,2025-03-26,South,UPI,Delivered
518704,10451,2025-02-11,North,Credit Card,Returned
518705,11058,2025-08-06,West,UPI,Returned
518706,14375,2025-06-12,East,Credit Card,Delivered
518707,14161,2025-08-25,South,UPI,Delivered
518708,10938,2025-03-23,South,Net Banking,Shipped
518709,10538,2025-09-19,Central,Credit Card,Delivered
518710,14323,2025-03-19,West,UPI,Delivered
518711,10866,2025-10-26,South,Cash on Delivery,Delivered
518712,14402,2025-05-28,West,Credit Card,Delivered
518713,14823,2025-04-19,South,Cash on Delivery,Delivered
518714,11083,2025-02-17,West,UPI,Delivered
518715,14249,2025-06-04,North,UPI,Delivered
518716,12167,2025-03-17,Central,Credit Card,Delivered
518717,13994,2025-05-09,South,UPI,Delivered
518718,12088,2025-04-29,North,Credit Card,Delivered
518719,10340,2025-09-27,West,UPI,Delivered
518720,13633,2025-11-19,South,UPI,Cancelled
518721,10738,2025-01-10,Central,UPI,Delivered
518722,14645,2025-08-11,North,UPI,Shipped
518723,12139,2025-11-26,West,Cash on Delivery,Returned
518724,10409,2025-03-06,West,UPI,Delivered
518725,11128,2025-06-27,West,Net Banking,Shipped
518726,14364,2025-06-26,South,Credit Card,Delivered
518727,11626,2025-02-01,North,UPI,Shipped
518728,14324,2025-12-05,East,Net Banking,Cancelled
518729,10833,2025-03-06,North,Debit Card,Returned
518730,12390,2025-01-26,South,Debit Card,Delivered
518731,14428,2025-07-16,West,UPI,Delivered
518732,10236,2025-08-18,North,Debit Card,Delivered
518733,11529,2025-03-06,West,UPI,Delivered
518734,14579,2025-08-29,Central,UPI,Shipped
518735,13065,2025-10-19,South,Net Banking,Delivered
518736,13652,2025-06-01,North,UPI,Cancelled
518737,14253,2025-11-07,West,Debit Card,Delivered
518738,12674,2025-07-02,North,Credit Card,Delivered
518739,14273,2025-03-30,North,Credit Card,Delivered
518740,13257,2025-09-21,South,Debit Card,Cancelled
518741,13499,2025-07-08,West,UPI,Delivered
518742,10744,2025-01-27,Central,Credit Card,Delivered
518743,14703,2025-09-08,South,Credit Card,Shipped
518744,14037,2025-07-10,West,Debit Card,Returned
518745,11288,2025-05-08,North,Credit Card,Delivered
518746,12997,2025-11-12,Central,Cash on Delivery,Delivered
518747,11918,2025-05-24,South,Cash on Delivery,Delivered
518748,13374,2025-11-08,West,Net Banking,Delivered
518749,14973,2025-06-07,West,Net Banking,Delivered
518750,10224,2025-08-17,West,Debit Card,Delivered
518751,14774,2025-02-01,West,Credit Card,Delivered
518752,10353,2025-03-20,West,Net Banking,Delivered
518753,12360,2025-10-04,North,Debit Card,Delivered
518754,12465,2025-02-25,West,Cash on Delivery,Delivered
518755,11362,2025-12-15,West,Net Banking,Delivered
518756,12918,2025-02-23,Central,Credit Card,Delivered
518757,14211,2025-01-20,North,Credit Card,Delivered
518758,11484,2025-07-21,East,UPI,Delivered
518759,10340,2025-08-11,West,UPI,Delivered
518760,13232,2025-05-09,Central,UPI,Delivered
518761,13819,2025-11-26,North,Cash on Delivery,Delivered
518762,14784,2025-05-26,North,Cash on Delivery,Delivered
518763,10783,2025-08-16,West,UPI,Shipped
518764,14546,2025-11-11,North,Debit Card,Delivered
518765,12465,2025-05-08,West,UPI,Delivered
518766,11177,2025-05-21,North,Credit Card,Delivered
518767,14831,2025-10-15,West,UPI,Delivered
518768,11194,2025-03-11,South,Cash on Delivery,Delivered
518769,13736,2025-06-10,West,UPI,Delivered
518770,13975,2025-01-03,South,UPI,Delivered
518771,12201,2025-01-12,West,Net Banking,Cancelled
518772,13518,2025-10-16,South,UPI,Cancelled
518773,12948,2025-01-27,North,UPI,Delivered
518774,10937,2025-01-13,South,UPI,Delivered
518775,13862,2025-05-03,West,UPI,Delivered
518776,14655,2025-07-22,Central,Cash on Delivery,Delivered
518777,12498,2025-09-11,East,Credit Card,Shipped
518778,14974,2025-07-22,East,UPI,Delivered
518779,12190,2025-06-13,East,UPI,Delivered
518780,12456,2025-12-27,South,UPI,Delivered
518781,13435,2025-07-05,East,Debit Card,Delivered
518782,10907,2025-11-16,South,UPI,Delivered
518783,14548,2025-05-02,East,Credit Card,Returned
518784,14059,2025-06-28,South,Credit Card,Delivered
518785,14407,2025-05-12,Central,Credit Card,Delivered
518786,13127,2025-10-27,South,Debit Card,Delivered
518787,14461,2025-01-18,West,UPI,Delivered
518788,13466,2025-01-18,West,Credit Card,Delivered
518789,12623,2025-01-06,North,Credit Card,Delivered
518790,14674,2025-07-06,South,UPI,Delivered
518791,12253,2025-07-10,South,UPI,Delivered
518792,12567,2025-02-12,South,Credit Card,Delivered
518793,10822,2025-09-07,North,UPI,Cancelled
518794,14760,2025-07-16,West,Cash on Delivery,Delivered
518795,11083,2025-07-22,West,Debit Card,Shipped
518796,10991,2025-09-22,North,UPI,Delivered
518797,10512,2025-09-24,North,Debit Card,Delivered
518798,12313,2025-07-08,South,Net Banking,Delivered
518799,11376,2025-12-01,Central,Cash on Delivery,Delivered
518800,13768,2025-09-30,West,UPI,Delivered
518801,11550,2025-06-27,South,Credit Card,Delivered
518802,13670,2025-03-31,North,Debit Card,Delivered
518803,10963,2025-09-27,West,Cash on Delivery,Delivered
518804,11135,2025-02-08,North,Debit Card,Delivered
518805,14078,2025-04-30,North,Credit Card,Cancelled
518806,11890,2025-02-24,North,UPI,Delivered
518807,10565,2025-08-28,North,UPI,Returned
518808,14824,2025-09-22,West,Credit Card,Delivered
518809,10861,2025-07-10,North,UPI,Returned
518810,10736,2025-10-10,Central,Credit Card,Delivered
518811,11825,2025-06-12,North,Credit Card,Shipped
518812,10487,2025-12-13,South,Credit Card,Shipped
518813,10765,2025-09-02,North,UPI,Delivered
518814,14280,2025-11-12,East,Credit Card,Delivered
518815,10828,2025-08-02,East,Credit Card,Delivered
518816,10563,2025-10-13,East,Debit Card,Delivered
518817,14436,2025-03-31,South,Credit Card,Delivered
518818,12274,2025-12-25,West,Debit Card,Delivered
518819,10771,2025-06-16,West,Credit Card,Delivered
518820,13001,2025-06-29,Central,Net Banking,Delivered
518821,10205,2025-04-14,North,Cash on Delivery,Delivered
518822,12190,2025-02-27,East,Debit Card,Delivered
518823,13038,2025-11-17,South,Net Banking,Shipped
518824,14799,2025-07-23,South,Net Banking,Delivered
518825,11658,2025-05-06,East,UPI,Delivered
518826,13884,2025-12-11,North,Credit Card,Delivered
518827,10651,2025-06-06,South,Debit Card,Delivered
518828,12216,2025-09-12,Central,Cash on Delivery,Delivered
518829,11091,2025-01-28,North,Net Banking,Delivered
518830,12519,2025-07-30,East,Credit Card,Delivered
518831,12137,2025-09-23,South,UPI,Delivered
518832,14901,2025-09-24,West,UPI,Delivered
518833,14611,2025-09-11,North,UPI,Returned
518834,13003,2025-07-07,South,UPI,Delivered
518835,10858,2025-01-30,South,Debit Card,Delivered
518836,12873,2025-11-01,West,UPI,Delivered
518837,14015,2025-07-07,West,Debit Card,Returned
518838,10179,2025-10-11,West,UPI,Delivered
518839,12219,2025-10-03,North,Debit Card,Shipped
518840,10213,2025-07-06,North,Debit Card,Delivered
518841,11231,2025-05-13,Central,Debit Card,Returned
518842,10470,2025-01-30,Central,UPI,Delivered
518843,14817,2025-06-10,North,UPI,Delivered
518844,10818,2025-05-18,South,Net Banking,Delivered
518845,10736,2025-12-13,Central,UPI,Delivered
518846,14874,2025-11-28,West,UPI,Delivered
518847,12635,2025-03-07,South,UPI,Delivered
518848,13848,2025-08-10,North,UPI,Delivered
518849,11660,2025-07-07,West,Debit Card,Delivered
518850,12731,2025-02-06,East,Debit Card,Delivered
518851,10035,2025-07-25,South,UPI,Cancelled
518852,12097,2025-02-26,South,Debit Card,Delivered
518853,12862,2025-03-08,West,Net Banking,Delivered
518854,12629,2025-01-28,North,Credit Card,Cancelled
518855,12080,2025-05-22,West,Net Banking,Delivered
518856,13992,2025-05-19,West,Credit Card,Delivered
518857,12572,2025-08-20,North,Net Banking,Delivered
518858,13247,2025-04-17,North,Credit Card,Delivered
518859,10898,2025-05-17,West,UPI,Delivered
518860,14351,2025-06-13,South,UPI,Delivered
518861,11852,2025-05-27,South,UPI,Delivered
518862,12465,2025-09-30,West,Credit Card,Delivered
518863,11798,2025-10-31,North,Credit Card,Delivered
518864,14499,2025-06-28,West,Cash on Delivery,Delivered
518865,14544,2025-03-28,South,Credit Card,Delivered
518866,11099,2025-03-17,South,Credit Card,Delivered
518867,13820,2025-12-11,Central,Credit Card,Shipped
518868,10519,2025-03-19,South,Net Banking,Delivered
518869,10145,2025-02-27,North,Credit Card,Delivered
518870,14227,2025-08-11,North,Net Banking,Delivered
518871,10648,2025-07-22,South,UPI,Delivered
518872,10759,2025-12-29,East,Credit Card,Shipped
518873,13114,2025-03-03,South,Credit Card,Delivered
518874,14129,2025-05-23,North,Credit Card,Delivered
518875,10930,2025-03-08,South,Credit Card,Delivered
518876,10579,2025-05-06,West,Debit Card,Delivered
518877,10384,2025-11-05,South,Credit Card,Delivered
518878,10125,2025-05-25,South,UPI,Delivered
518879,10586,2025-07-22,East,Credit Card,Delivered
518880,14728,2025-09-10,West,UPI,Delivered
518881,10485,2025-04-20,South,UPI,Shipped
518882,13069,2025-05-28,East,UPI,Delivered
518883,14624,2025-05-07,West,Cash on Delivery,Delivered
518884,13207,2025-12-18,South,UPI,Shipped
518885,10155,2025-05-01,South,UPI,Shipped
518886,13064,2025-12-07,South,Debit Card,Shipped
518887,14553,2025-01-31,East,Debit Card,Delivered
518888,11635,2025-09-30,South,Credit Card,Returned
518889,11581,2025-12-11,South,Debit Card,Delivered
518890,11258,2025-02-10,West,Credit Card,Delivered
518891,12589,2025-07-23,West,Debit Card,Delivered
518892,11190,2025-02-18,West,Credit Card,Delivered
518893,13688,2025-03-31,East,Debit Card,Shipped
518894,13286,2025-08-16,North,Net Banking,Delivered
518895,12056,2025-11-07,West,UPI,Returned
518896,13683,2025-02-01,West,Credit Card,Delivered
518897,10501,2025-06-28,West,Credit Card,Delivered
518898,13811,2025-12-12,West,UPI,Delivered
518899,13090,2025-07-16,North,Cash on Delivery,Delivered
518900,13222,2025-08-23,North,Cash on Delivery,Shipped
518901,10317,2025-10-21,North,Net Banking,Delivered
518902,13166,2025-03-18,West,UPI,Returned
518903,12529,2025-10-02,West,Credit Card,Delivered
518904,12483,2025-09-19,West,Cash on Delivery,Delivered
518905,11626,2025-05-02,North,Debit Card,Delivered
518906,10039,2025-05-04,West,Credit Card,Delivered
518907,12160,2025-02-14,West,UPI,Delivered
518908,12057,2025-01-16,South,UPI,Delivered
518909,12161,2025-12-15,North,Debit Card,Shipped
518910,13141,2025-07-29,North,UPI,Delivered
518911,11514,2025-06-09,South,Credit Card,Cancelled
518912,11366,2025-10-12,West,Debit Card,Delivered
518913,12552,2025-02-21,West,UPI,Delivered
518914,13048,2025-03-22,Central,UPI,Delivered
518915,12924,2025-12-28,East,Credit Card,Delivered
518916,14450,2025-11-21,East,UPI,Delivered
518917,13902,2025-12-18,North,Credit Card,Delivered
518918,10255,2025-10-12,South,Credit Card,Delivered
518919,12900,2025-12-15,South,UPI,Delivered
518920,12139,2025-03-09,West,Net Banking,Delivered
518921,11843,2025-02-13,West,UPI,Delivered
518922,14803,2025-10-08,South,Credit Card,Delivered
518923,12334,2025-05-30,North,UPI,Delivered
518924,13663,2025-06-19,South,Debit Card,Cancelled
518925,14853,2025-03-16,North,Net Banking,Returned
518926,10739,2025-01-08,Central,Credit Card,Delivered
518927,10266,2025-06-21,North,UPI,Cancelled
518928,11581,2025-05-05,South,Debit Card,Delivered
518929,10220,2025-08-02,North,Net Banking,Delivered
518930,10589,2025-10-10,North,Net Banking,Delivered
518931,14963,2025-05-19,East,Credit Card,Delivered
518932,14815,2025-06-04,South,Debit Card,Delivered
518933,13525,2025-05-15,North,Debit Card,Delivered
518934,13824,2025-12-13,West,Credit Card,Cancelled
518935,10682,2025-07-04,North,Credit Card,Delivered
518936,13059,2025-08-05,East,UPI,Delivered
518937,10756,2025-06-16,East,Cash on Delivery,Delivered
518938,11928,2025-11-03,North,UPI,Shipped
518939,11757,2025-10-04,East,Credit Card,Delivered
518940,13150,2025-03-31,South,Net Banking,Delivered
518941,10401,2025-08-07,North,Credit Card,Delivered
518942,10521,2025-06-28,West,UPI,Shipped
518943,13128,2025-04-19,North,Credit Card,Delivered
518944,13247,2025-04-27,North,Cash on Delivery,Delivered
518945,11731,2025-09-30,North,Debit Card,Delivered
518946,10721,2025-04-16,North,Net Banking,Delivered
518947,14474,2025-10-11,East,Credit Card,Cancelled
518948,10256,2025-08-19,North,UPI,Delivered
518949,13658,2025-05-27,West,UPI,Delivered
518950,10680,2025-11-08,North,Net Banking,Delivered
518951,13249,2025-01-21,North,Debit Card,Delivered
518952,13386,2025-10-03,North,UPI,Delivered
518953,14074,2025-12-13,Central,Credit Card,Delivered
518954,12025,2025-06-21,South,Debit Card,Delivered
518955,10103,2025-01-31,West,Credit Card,Delivered
518956,14103,2025-01-09,East,Cash on Delivery,Delivered
518957,12275,2025-11-02,Central,UPI,Delivered
518958,14282,2025-12-03,West,Debit Card,Shipped
518959,13934,2025-02-01,North,Debit Card,Delivered
518960,12556,2025-07-21,West,Cash on Delivery,Delivered
518961,14997,2025-06-29,North,Net Banking,Delivered
518962,12362,2025-07-16,South,Debit Card,Cancelled
518963,13546,2025-07-24,West,Credit Card,Delivered
518964,13421,2025-01-27,East,UPI,Delivered
518965,12642,2025-01-02,West,Net Banking,Delivered
518966,13016,2025-09-14,South,Net Banking,Delivered
518967,14044,2025-09-21,South,Credit Card,Delivered
518968,12940,2025-03-10,South,UPI,Delivered
518969,12301,2025-07-13,West,Cash on Delivery,Delivered
518970,13376,2025-09-03,South,Credit Card,Delivered
518971,10167,2025-10-31,South,Debit Card,Delivered
518972,10547,2025-04-26,Central,Debit Card,Delivered
518973,10621,2025-04-27,South,Debit Card,Delivered
518974,12176,2025-12-03,North,UPI,Cancelled
518975,14404,2025-05-05,South,Debit Card,Delivered
518976,13280,2025-02-02,West,Credit Card,Cancelled
518977,14878,2025-04-02,South,Debit Card,Delivered
518978,10195,2025-09-08,East,Cash on Delivery,Delivered
518979,13681,2025-07-11,North,Net Banking,Delivered
518980,11585,2025-12-04,North,Credit Card,Shipped
518981,10113,2025-01-23,Central,Debit Card,Delivered
518982,14178,2025-03-23,Central,UPI,Delivered
518983,10795,2025-07-22,South,UPI,Delivered
518984,11055,2025-02-12,North,UPI,Delivered
518985,11733,2025-04-17,East,UPI,Delivered
518986,13993,2025-03-15,West,Debit Card,Delivered
518987,13198,2025-12-22,West,UPI,Delivered
518988,11346,2025-07-20,Central,UPI,Delivered
518989,10816,2025-12-28,South,UPI,Delivered
518990,10551,2025-03-18,East,Cash on Delivery,Cancelled
518991,10734,2025-01-19,West,UPI,Delivered
518992,14389,2025-11-28,North,Debit Card,Cancelled
518993,14626,2025-05-13,West,Net Banking,Delivered
518994,14856,2025-07-02,South,Net Banking,Delivered
518995,14215,2025-03-03,South,Cash on Delivery,Delivered
518996,14483,2025-05-13,North,Credit Card,Delivered
518997,14128,2025-05-01,South,Credit Card,Delivered
518998,14804,2025-05-15,South,UPI,Delivered
518999,14274,2025-09-12,East,UPI,Cancelled
519000,12362,2025-12-30,South,Cash on Delivery,Delivered
519001,11639,2025-11-30,East,Net Banking,Shipped
519002,13011,2025-02-02,South,UPI,Delivered
519003,13122,2025-01-06,West,Net Banking,Cancelled
519004,12967,2025-03-23,South,Net Banking,Delivered
519005,13598,2025-05-14,South,UPI,Delivered
519006,13561,2025-02-20,West,Cash on Delivery,Delivered
519007,10448,2025-08-10,South,UPI,Delivered
519008,11438,2025-09-25,South,Credit Card,Delivered
519009,14489,2025-07-22,North,Net Banking,Delivered
519010,13035,2025-05-02,East,Debit Card,Delivered
519011,11666,2025-05-12,North,UPI,Delivered
519012,14298,2025-09-14,West,Cash on Delivery,Delivered
519013,11258,2025-02-21,West,UPI,Cancelled
519014,12098,2025-09-12,North,Credit Card,Delivered
519015,11396,2025-08-18,West,UPI,Delivered
519016,14402,2025-11-05,West,Debit Card,Delivered
519017,13706,2025-12-15,Central,UPI,Returned
519018,12358,2025-09-27,West,UPI,Delivered
519019,14677,2025-04-15,West,Credit Card,Delivered
519020,14651,2025-06-08,North,Debit Card,Delivered
519021,13630,2025-06-18,East,Credit Card,Delivered
519022,14499,2025-05-15,West,Cash on Delivery,Shipped
519023,13663,2025-03-02,South,Cash on Delivery,Delivered
519024,13208,2025-09-28,East,Credit Card,Shipped
519025,12153,2025-04-16,West,Debit Card,Delivered
519026,11375,2025-09-22,West,Cash on Delivery,Delivered
519027,10295,2025-11-12,South,Net Banking,Cancelled
519028,14059,2025-11-08,South,UPI,Delivered
519029,10607,2025-12-07,East,UPI,Cancelled
519030,12101,2025-04-15,West,Credit Card,Shipped
519031,11169,2025-03-29,South,Net Banking,Returned
519032,12320,2025-01-07,North,Debit Card,Delivered
519033,11591,2025-01-24,West,Debit Card,Delivered
519034,14195,2025-02-26,West,Net Banking,Delivered
519035,14895,2025-08-03,Central,UPI,Delivered
519036,14722,2025-11-16,East,Credit Card,Delivered
519037,13189,2025-01-25,North,Net Banking,Delivered
519038,14897,2025-02-23,South,UPI,Delivered
519039,12056,2025-03-27,West,Credit Card,Delivered
519040,12665,2025-10-17,West,Credit Card,Delivered
519041,11304,2025-09-14,South,UPI,Delivered
519042,14529,2025-09-08,South,UPI,Delivered
519043,10877,2025-12-30,South,Credit Card,Delivered
519044,13131,2025-02-06,Central,Cash on Delivery,Delivered
519045,14049,2025-10-13,South,UPI,Delivered
519046,13061,2025-04-24,South,UPI,Delivered
519047,10394,2025-08-31,South,UPI,Delivered
519048,13136,2025-07-07,North,Credit Card,Delivered
519049,13892,2025-05-10,North,Credit Card,Shipped
519050,10919,2025-10-31,South,Cash on Delivery,Delivered
519051,13749,2025-08-03,West,Net Banking,Cancelled
519052,14430,2025-12-24,Central,Credit Card,Delivered
519053,14940,2025-01-24,East,Credit Card,Delivered
519054,12100,2025-09-06,Central,Credit Card,Delivered
519055,10126,2025-08-15,West,Debit Card,Delivered
519056,12146,2025-07-19,South,Net Banking,Delivered
519057,13374,2025-05-26,West,UPI,Delivered
519058,14496,2025-10-03,South,UPI,Delivered
519059,14697,2025-11-20,South,Cash on Delivery,Delivered
519060,14579,2025-01-08,Central,Credit Card,Delivered
519061,13368,2025-12-12,West,Debit Card,Delivered
519062,13484,2025-02-25,North,Net Banking,Delivered
519063,10011,2025-03-02,West,Credit Card,Delivered
519064,11855,2025-02-08,West,UPI,Delivered
519065,14569,2025-10-01,West,Debit Card,Delivered
519066,13517,2025-04-07,East,Credit Card,Delivered
519067,12388,2025-11-11,South,Net Banking,Delivered
519068,10521,2025-05-26,West,Net Banking,Delivered
519069,11241,2025-04-08,West,Credit Card,Delivered
519070,12860,2025-09-12,North,UPI,Delivered
519071,14526,2025-07-30,West,Credit Card,Returned
519072,10489,2025-02-11,South,Cash on Delivery,Shipped
519073,10751,2025-02-22,South,UPI,Delivered
519074,13351,2025-02-02,North,Credit Card,Cancelled
519075,11486,2025-10-04,West,UPI,Delivered
519076,10822,2025-05-22,North,Cash on Delivery,Delivered
519077,10871,2025-10-16,North,Net Banking,Delivered
519078,12520,2025-05-10,West,Credit Card,Delivered
519079,13008,2025-10-23,Central,Debit Card,Delivered
519080,14557,2025-02-19,South,Debit Card,Delivered
519081,12707,2025-03-04,East,Cash on Delivery,Delivered
519082,13525,2025-04-20,North,Cash on Delivery,Delivered
519083,10882,2025-12-16,East,Debit Card,Returned
519084,13634,2025-11-16,South,UPI,Delivered
519085,13301,2025-06-27,West,Debit Card,Delivered
519086,11069,2025-09-01,West,Credit Card,Shipped
519087,13420,2025-03-26,East,Net Banking,Delivered
519088,11039,2025-04-24,East,Net Banking,Delivered
519089,13053,2025-04-26,South,Debit Card,Delivered
519090,13416,2025-05-31,West,Credit Card,Shipped
519091,13530,2025-02-06,North,Net Banking,Delivered
519092,14578,2025-03-13,Central,Credit Card,Delivered
519093,14763,2025-05-18,South,Credit Card,Delivered
519094,14098,2025-10-16,South,UPI,Shipped
519095,14430,2025-01-17,Central,UPI,Delivered
519096,10093,2025-10-07,West,Credit Card,Delivered
519097,11852,2025-06-26,South,UPI,Delivered
519098,10193,2025-08-22,North,UPI,Delivered
519099,11102,2025-08-30,South,Debit Card,Delivered
519100,11940,2025-01-30,South,Debit Card,Delivered
519101,14387,2025-03-06,North,Credit Card,Delivered
519102,12623,2025-03-22,North,Net Banking,Delivered
519103,13303,2025-10-11,South,Credit Card,Delivered
519104,11852,2025-01-13,South,Debit Card,Delivered
519105,13091,2025-07-04,Central,Debit Card,Shipped
519106,14124,2025-05-18,West,Debit Card,Delivered
519107,11520,2025-07-12,Central,Debit Card,Delivered
519108,14677,2025-12-06,West,Net Banking,Delivered
519109,11049,2025-11-15,South,Debit Card,Delivered
519110,14615,2025-01-26,West,Net Banking,Delivered
519111,10136,2025-08-25,Central,Credit Card,Returned
519112,12786,2025-04-27,South,Cash on Delivery,Delivered
519113,14931,2025-02-07,East,UPI,Delivered
519114,13128,2025-11-06,North,UPI,Delivered
519115,12860,2025-02-14,North,UPI,Delivered
519116,13483,2025-07-05,South,Credit Card,Delivered
519117,11464,2025-06-18,South,Credit Card,Shipped
519118,10265,2025-06-22,East,Credit Card,Delivered
519119,11273,2025-08-07,Central,UPI,Returned
519120,10857,2025-03-17,South,UPI,Delivered
519121,14630,2025-07-23,West,Net Banking,Delivered
519122,14307,2025-11-10,South,UPI,Delivered
519123,11608,2025-03-20,South,Cash on Delivery,Delivered
519124,14225,2025-07-31,West,Debit Card,Shipped
519125,11041,2025-05-18,East,Cash on Delivery,Delivered
519126,10980,2025-09-06,North,UPI,Delivered
519127,13892,2025-08-26,North,Credit Card,Delivered
519128,11660,2025-03-31,West,Credit Card,Delivered
519129,10321,2025-07-21,West,Debit Card,Delivered
519130,13664,2025-11-13,West,Net Banking,Delivered
519131,14956,2025-04-30,South,Debit Card,Delivered
519132,12914,2025-01-11,South,Credit Card,Shipped
519133,11338,2025-07-22,North,Net Banking,Delivered
519134,11899,2025-01-15,North,UPI,Delivered
519135,13301,2025-01-04,West,UPI,Delivered
519136,13573,2025-12-11,South,Credit Card,Delivered
519137,14474,2025-08-16,East,Net Banking,Shipped
519138,14575,2025-06-30,West,Credit Card,Cancelled
519139,14350,2025-08-11,Central,Net Banking,Delivered
519140,13301,2025-02-15,West,UPI,Cancelled
519141,12301,2025-01-31,West,Cash on Delivery,Delivered
519142,13466,2025-11-25,West,UPI,Shipped
519143,13403,2025-02-17,North,UPI,Shipped
519144,11076,2025-07-03,North,UPI,Delivered
519145,12597,2025-05-11,West,UPI,Delivered
519146,11022,2025-09-17,West,Cash on Delivery,Delivered
519147,14535,2025-10-02,West,UPI,Delivered
519148,11639,2025-05-30,East,UPI,Delivered
519149,14076,2025-01-25,West,UPI,Delivered
519150,11923,2025-11-05,West,Net Banking,Cancelled
519151,13880,2025-06-28,North,UPI,Delivered
519152,11083,2025-07-25,West,Debit Card,Delivered
519153,13880,2025-01-05,North,Net Banking,Delivered
519154,10876,2025-11-02,South,UPI,Cancelled
519155,12509,2025-06-27,East,UPI,Delivered
519156,10574,2025-11-11,North,UPI,Delivered
519157,12704,2025-12-15,South,Credit Card,Delivered
519158,14155,2025-12-01,West,Debit Card,Delivered
519159,13839,2025-05-31,North,Net Banking,Delivered
519160,10247,2025-03-22,South,Credit Card,Delivered
519161,12519,2025-05-11,East,Net Banking,Delivered
519162,14307,2025-08-13,South,Credit Card,Returned
519163,13310,2025-11-02,West,Debit Card,Delivered
519164,10294,2025-11-06,Central,Credit Card,Delivered
519165,11654,2025-04-01,South,UPI,Delivered
519166,12872,2025-09-19,East,Net Banking,Delivered
519167,10836,2025-10-24,East,Net Banking,Delivered
519168,13478,2025-01-10,South,Net Banking,Delivered
519169,13243,2025-04-28,West,UPI,Delivered
519170,10992,2025-06-06,North,Debit Card,Delivered
519171,12832,2025-03-22,North,Credit Card,Delivered
519172,14106,2025-12-25,South,UPI,Delivered
519173,11906,2025-06-23,Central,UPI,Delivered
519174,11246,2025-08-18,East,Debit Card,Delivered
519175,13573,2025-06-06,South,Credit Card,Shipped
519176,10344,2025-11-30,West,Credit Card,Delivered
519177,14205,2025-07-19,East,UPI,Delivered
519178,14736,2025-11-01,South,Debit Card,Delivered
519179,14844,2025-08-20,North,UPI,Delivered
519180,12210,2025-06-17,South,UPI,Delivered
519181,13192,2025-10-26,East,UPI,Delivered
519182,14327,2025-04-13,West,Credit Card,Shipped
519183,11093,2025-12-09,South,Debit Card,Delivered
519184,10135,2025-01-07,North,Debit Card,Delivered
519185,11960,2025-05-20,Central,UPI,Delivered
519186,14467,2025-07-27,East,UPI,Delivered
519187,12589,2025-01-13,West,Credit Card,Returned
519188,12712,2025-07-08,South,Cash on Delivery,Shipped
519189,13526,2025-06-24,North,Credit Card,Delivered
519190,12964,2025-05-11,West,UPI,Delivered
519191,10265,2025-12-29,East,Cash on Delivery,Delivered
519192,12892,2025-04-30,North,UPI,Shipped
519193,13299,2025-06-17,South,Net Banking,Delivered
519194,13270,2025-09-25,South,UPI,Delivered
519195,13707,2025-06-08,South,Net Banking,Delivered
519196,12653,2025-06-12,East,UPI,Delivered
519197,14538,2025-12-06,East,UPI,Shipped
519198,12372,2025-11-18,North,Debit Card,Delivered
519199,12643,2025-01-27,South,Credit Card,Delivered
519200,13951,2025-09-16,Central,Credit Card,Delivered
519201,14208,2025-10-31,East,UPI,Delivered
519202,13301,2025-02-21,West,Credit Card,Delivered
519203,10624,2025-05-15,South,Debit Card,Shipped
519204,11681,2025-11-03,West,Net Banking,Delivered
519205,10095,2025-10-28,West,Cash on Delivery,Delivered
519206,11495,2025-10-29,East,Credit Card,Delivered
519207,12937,2025-10-16,West,Debit Card,Shipped
519208,14076,2025-10-19,West,Credit Card,Delivered
519209,13017,2025-01-17,East,Debit Card,Delivered
519210,10195,2025-04-26,East,Debit Card,Delivered
519211,11314,2025-10-21,West,Debit Card,Delivered
519212,12983,2025-02-18,East,Credit Card,Delivered
519213,13619,2025-03-02,West,UPI,Delivered
519214,14381,2025-11-10,North,Credit Card,Delivered
519215,14855,2025-03-17,East,Net Banking,Delivered
519216,14497,2025-09-25,North,Credit Card,Returned
519217,12384,2025-05-26,South,Net Banking,Delivered
519218,13800,2025-07-09,North,UPI,Delivered
519219,11203,2025-01-06,South,Credit Card,Delivered
519220,10314,2025-07-24,North,UPI,Delivered
519221,10270,2025-12-17,Central,Credit Card,Delivered
519222,11209,2025-09-07,East,Cash on Delivery,Returned
519223,10179,2025-12-11,West,Debit Card,Delivered
519224,14297,2025-12-10,North,UPI,Delivered
519225,12503,2025-04-16,North,Net Banking,Delivered
519226,14100,2025-09-24,Central,Credit Card,Delivered
519227,14714,2025-01-21,West,Debit Card,Delivered
519228,14974,2025-02-24,East,Debit Card,Delivered
519229,14695,2025-06-26,Central,UPI,Delivered
519230,13655,2025-08-24,East,Credit Card,Delivered
519231,12268,2025-01-09,North,UPI,Delivered
519232,13070,2025-12-17,North,UPI,Delivered
519233,14129,2025-04-28,North,Credit Card,Cancelled
519234,14526,2025-10-21,West,UPI,Delivered
519235,14795,2025-04-11,North,UPI,Delivered
519236,13721,2025-07-21,South,Debit Card,Delivered
519237,12773,2025-12-18,West,Credit Card,Delivered
519238,14858,2025-12-23,South,UPI,Delivered
519239,14807,2025-05-25,North,Credit Card,Delivered
519240,12446,2025-06-30,South,Credit Card,Delivered
519241,13301,2025-02-05,West,Debit Card,Delivered
519242,14094,2025-02-05,West,Cash on Delivery,Shipped
519243,12212,2025-01-20,South,Cash on Delivery,Delivered
519244,14194,2025-11-03,West,UPI,Delivered
519245,10563,2025-08-18,East,Credit Card,Delivered
519246,12462,2025-07-30,South,Credit Card,Delivered
519247,12466,2025-09-29,West,Debit Card,Delivered
519248,13495,2025-01-06,Central,UPI,Delivered
519249,10586,2025-06-08,East,UPI,Delivered
519250,10521,2025-05-26,West,UPI,Cancelled
519251,14542,2025-12-18,West,Debit Card,Cancelled
519252,11527,2025-06-18,East,UPI,Delivered
519253,11660,2025-12-28,West,Credit Card,Delivered
519254,13938,2025-02-16,South,UPI,Delivered
519255,12128,2025-01-24,North,Cash on Delivery,Delivered
519256,14207,2025-04-20,East,Debit Card,Delivered
519257,12058,2025-04-03,North,UPI,Delivered
519258,13865,2025-08-05,North,UPI,Delivered
519259,12686,2025-04-14,South,Credit Card,Delivered
519260,14692,2025-08-05,West,UPI,Delivered
519261,11661,2025-06-17,North,UPI,Delivered
519262,11852,2025-02-14,South,UPI,Delivered
519263,14863,2025-12-05,West,Cash on Delivery,Delivered
519264,13752,2025-07-21,West,Credit Card,Delivered
519265,13918,2025-09-14,South,UPI,Shipped
519266,11498,2025-10-10,South,UPI,Delivered
519267,12726,2025-01-22,North,Credit Card,Delivered
519268,11581,2025-01-28,South,UPI,Cancelled
519269,11318,2025-09-11,West,UPI,Delivered
519270,12747,2025-02-04,North,UPI,Delivered
519271,14945,2025-01-03,South,UPI,Delivered
519272,11058,2025-08-06,West,Cash on Delivery,Delivered
519273,11219,2025-10-27,West,UPI,Delivered
519274,11227,2025-09-11,West,UPI,Shipped
519275,14011,2025-08-28,South,Debit Card,Delivered
519276,12616,2025-08-29,Central,UPI,Delivered
519277,11960,2025-07-21,Central,Cash on Delivery,Returned
519278,14262,2025-05-15,Central,Cash on Delivery,Delivered
519279,11506,2025-12-20,Central,Debit Card,Delivered
519280,12005,2025-02-26,South,Cash on Delivery,Delivered
519281,10360,2025-03-26,North,UPI,Delivered
519282,10601,2025-06-06,North,UPI,Delivered
519283,10669,2025-12-03,South,Net Banking,Delivered
519284,11767,2025-07-10,West,Debit Card,Delivered
519285,12679,2025-01-21,East,Debit Card,Delivered
519286,10006,2025-04-08,West,UPI,Delivered
519287,10931,2025-06-30,Central,Credit Card,Delivered
519288,10857,2025-05-24,South,UPI,Delivered
519289,11283,2025-06-23,West,UPI,Delivered
519290,10802,2025-05-17,North,Credit Card,Delivered
519291,10957,2025-08-24,South,UPI,Delivered
519292,14919,2025-01-03,West,Credit Card,Delivered
519293,13057,2025-01-23,Central,UPI,Shipped
519294,13876,2025-05-21,Central,Net Banking,Delivered
519295,14149,2025-02-07,Central,Cash on Delivery,Delivered
519296,13411,2025-06-11,North,Debit Card,Delivered
519297,13585,2025-08-10,South,UPI,Delivered
519298,13232,2025-08-19,Central,Debit Card,Delivered
519299,13306,2025-01-20,Central,Net Banking,Delivered
519300,14656,2025-02-15,West,Credit Card,Delivered
519301,10907,2025-04-12,South,Credit Card,Shipped
519302,11384,2025-11-07,South,UPI,Delivered
519303,10476,2025-11-03,South,Credit Card,Delivered
519304,14232,2025-02-26,South,UPI,Returned
519305,12297,2025-12-02,North,Credit Card,Delivered
519306,14570,2025-06-15,East,UPI,Delivered
519307,12110,2025-11-20,Central,UPI,Delivered
519308,12271,2025-05-20,West,Net Banking,Delivered
519309,12296,2025-04-27,South,Debit Card,Delivered
519310,13142,2025-05-18,West,Debit Card,Delivered
519311,13888,2025-11-17,South,Credit Card,Shipped
519312,11794,2025-09-25,North,Debit Card,Returned
519313,13222,2025-09-11,North,Credit Card,Delivered
519314,10999,2025-02-20,East,Credit Card,Delivered
519315,12854,2025-11-16,South,UPI,Delivered
519316,12814,2025-07-04,South,UPI,Delivered
519317,14486,2025-04-03,North,UPI,Delivered
519318,14520,2025-01-19,East,Credit Card,Delivered
519319,12489,2025-06-07,West,Cash on Delivery,Delivered
519320,10120,2025-08-08,South,Net Banking,Delivered
519321,14270,2025-08-01,West,Credit Card,Shipped
519322,10006,2025-12-04,West,UPI,Delivered
519323,12449,2025-08-21,East,UPI,Delivered
519324,10095,2025-01-24,West,Credit Card,Delivered
519325,11801,2025-10-09,North,UPI,Delivered
519326,13249,2025-02-05,North,UPI,Delivered
519327,11890,2025-12-29,North,Credit Card,Delivered
519328,14643,2025-11-08,East,Net Banking,Delivered
519329,13268,2025-07-27,East,UPI,Delivered
519330,13291,2025-11-10,West,Credit Card,Delivered
519331,11905,2025-02-01,South,UPI,Delivered
519332,10181,2025-09-15,East,Debit Card,Delivered
519333,13755,2025-12-04,North,Credit Card,Delivered
519334,13652,2025-06-26,North,Credit Card,Delivered
519335,12710,2025-03-24,East,Credit Card,Delivered
519336,12134,2025-11-07,West,Debit Card,Delivered
519337,12762,2025-08-18,North,UPI,Delivered
519338,13799,2025-09-25,South,UPI,Delivered
519339,13633,2025-07-24,South,Debit Card,Delivered
519340,13368,2025-06-12,West,UPI,Cancelled
519341,14555,2025-08-28,South,Debit Card,Delivered
519342,13128,2025-04-27,North,UPI,Delivered
519343,10069,2025-03-15,Central,Cash on Delivery,Delivered
519344,13166,2025-09-23,West,UPI,Delivered
519345,13142,2025-11-02,West,Net Banking,Delivered
519346,10337,2025-05-24,North,UPI,Delivered
519347,12190,2025-10-19,East,UPI,Shipped
519348,13318,2025-03-02,South,Cash on Delivery,Delivered
519349,13587,2025-03-16,West,UPI,Delivered
519350,14506,2025-01-17,West,Credit Card,Returned
519351,14250,2025-12-11,North,UPI,Delivered
519352,10588,2025-01-12,North,UPI,Delivered
519353,13124,2025-01-03,South,UPI,Delivered
519354,13064,2025-03-14,South,Debit Card,Returned
519355,11527,2025-03-24,East,UPI,Returned
519356,10897,2025-05-27,Central,UPI,Delivered
519357,10980,2025-04-24,North,Credit Card,Shipped
519358,10862,2025-03-25,North,UPI,Cancelled
519359,14079,2025-03-16,South,Debit Card,Delivered
519360,10726,2025-10-05,East,Cash on Delivery,Delivered
519361,11343,2025-01-01,South,Cash on Delivery,Delivered
519362,11074,2025-02-22,West,Cash on Delivery,Delivered
519363,13633,2025-06-21,South,Credit Card,Delivered
519364,10778,2025-09-23,North,UPI,Cancelled
519365,10119,2025-01-08,Central,Debit Card,Delivered
519366,11905,2025-05-25,South,UPI,Cancelled
519367,11532,2025-07-17,Central,Credit Card,Cancelled
519368,12036,2025-09-08,North,Net Banking,Delivered
519369,13831,2025-05-15,North,Net Banking,Shipped
519370,10062,2025-05-05,Central,UPI,Delivered
519371,10179,2025-11-15,West,UPI,Delivered
519372,11292,2025-12-17,Central,Debit Card,Delivered
519373,14487,2025-03-09,North,UPI,Delivered
519374,10820,2025-03-05,North,Cash on Delivery,Delivered
519375,14984,2025-09-11,North,UPI,Delivered
519376,14077,2025-09-20,North,Debit Card,Delivered
519377,12330,2025-12-22,South,Debit Card,Delivered
519378,13800,2025-08-15,North,UPI,Cancelled
519379,12646,2025-09-27,North,Credit Card,Delivered
519380,12914,2025-09-07,South,Net Banking,Delivered
519381,13001,2025-06-13,Central,UPI,Delivered
519382,13301,2025-11-25,West,UPI,Shipped
519383,10297,2025-09-24,North,UPI,Delivered
519384,13161,2025-09-22,East,Debit Card,Delivered
519385,13655,2025-01-25,East,UPI,Delivered
519386,11567,2025-04-14,North,Credit Card,Delivered
519387,14895,2025-09-28,Central,Credit Card,Shipped
519388,10706,2025-09-10,South,Net Banking,Delivered
519389,14583,2025-02-27,North,Credit Card,Delivered
519390,13447,2025-01-24,West,UPI,Delivered
519391,13390,2025-03-13,Central,Net Banking,Delivered
519392,14419,2025-04-03,East,UPI,Delivered
519393,14202,2025-05-07,North,Net Banking,Delivered
519394,11757,2025-06-23,East,UPI,Delivered
519395,13589,2025-01-18,West,UPI,Delivered
519396,10247,2025-03-04,South,Debit Card,Delivered
519397,12370,2025-04-21,South,Credit Card,Delivered
519398,14696,2025-06-01,East,UPI,Delivered
519399,11382,2025-12-06,Central,Cash on Delivery,Delivered
519400,10240,2025-06-08,West,Debit Card,Delivered
519401,13006,2025-08-27,North,UPI,Delivered
519402,11814,2025-08-26,South,Credit Card,Delivered
519403,11934,2025-10-26,South,Cash on Delivery,Delivered
519404,13005,2025-01-08,South,UPI,Delivered
519405,13185,2025-08-12,North,Cash on Delivery,Delivered
519406,12243,2025-07-19,West,UPI,Delivered
519407,12597,2025-05-13,West,UPI,Delivered
519408,14972,2025-12-02,West,UPI,Shipped
519409,14800,2025-01-27,South,UPI,Delivered
519410,13605,2025-07-10,South,UPI,Delivered
519411,10789,2025-08-19,East,UPI,Delivered
519412,11836,2025-07-12,North,Credit Card,Delivered
519413,14455,2025-03-04,Central,UPI,Shipped
519414,12167,2025-11-19,Central,Debit Card,Delivered
519415,14786,2025-02-21,West,Cash on Delivery,Delivered
519416,12496,2025-12-03,South,UPI,Delivered
519417,14355,2025-03-24,East,Credit Card,Delivered
519418,10167,2025-11-29,South,UPI,Delivered
519419,12219,2025-08-30,North,Credit Card,Delivered
519420,13566,2025-06-20,West,Debit Card,Delivered
519421,14371,2025-07-02,West,Net Banking,Delivered
519422,13127,2025-10-24,South,Net Banking,Delivered
519423,10837,2025-06-08,East,UPI,Delivered
519424,14473,2025-10-18,Central,Credit Card,Delivered
519425,12967,2025-07-27,South,UPI,Delivered
519426,10541,2025-11-09,North,Credit Card,Delivered
519427,12369,2025-11-05,Central,Cash on Delivery,Delivered
519428,13560,2025-10-13,South,UPI,Returned
519429,12302,2025-09-09,West,Debit Card,Delivered
519430,14400,2025-07-28,West,Credit Card,Delivered
519431,12167,2025-07-24,Central,Net Banking,Delivered
519432,13007,2025-12-24,East,UPI,Delivered
519433,11035,2025-09-06,North,UPI,Delivered
519434,12625,2025-05-29,North,UPI,Delivered
519435,11091,2025-06-07,North,Credit Card,Delivered
519436,11104,2025-04-11,North,Debit Card,Delivered
519437,11411,2025-10-05,North,UPI,Delivered
519438,10218,2025-11-14,West,Debit Card,Delivered
519439,10796,2025-10-14,West,Debit Card,Delivered
519440,12168,2025-09-23,East,UPI,Delivered
519441,10647,2025-10-13,East,Debit Card,Delivered
519442,10657,2025-08-10,Central,Cash on Delivery,Delivered
519443,14856,2025-05-23,South,UPI,Delivered
519444,12187,2025-03-15,North,UPI,Delivered
519445,12070,2025-06-16,East,UPI,Delivered
519446,11355,2025-12-13,South,UPI,Delivered
519447,12624,2025-09-16,South,Net Banking,Delivered
519448,13064,2025-04-09,South,UPI,Delivered
519449,12141,2025-02-21,East,UPI,Delivered
519450,12014,2025-07-29,South,Credit Card,Delivered
519451,13566,2025-12-10,West,Net Banking,Delivered
519452,14768,2025-09-26,South,Debit Card,Returned
519453,14425,2025-02-13,West,Credit Card,Delivered
519454,10600,2025-09-07,West,Credit Card,Cancelled
519455,13324,2025-01-17,East,Debit Card,Delivered
519456,10035,2025-11-27,South,Credit Card,Returned
519457,13235,2025-05-25,East,Net Banking,Delivered
519458,12372,2025-11-04,North,Net Banking,Delivered
519459,12513,2025-06-26,West,UPI,Shipped
519460,13025,2025-12-05,North,UPI,Delivered
519461,13781,2025-03-12,North,Credit Card,Delivered
519462,13717,2025-10-17,East,Net Banking,Delivered
519463,10220,2025-08-09,North,Cash on Delivery,Delivered
519464,13747,2025-06-07,North,UPI,Delivered
519465,14195,2025-04-16,West,UPI,Delivered
519466,10330,2025-01-29,South,Debit Card,Delivered
519467,11637,2025-06-25,South,Cash on Delivery,Delivered
519468,14015,2025-03-09,West,UPI,Delivered
519469,12523,2025-04-02,South,Credit Card,Delivered
519470,13542,2025-11-04,South,Credit Card,Delivered
519471,12575,2025-03-16,South,UPI,Delivered
519472,14895,2025-12-04,Central,Net Banking,Delivered
519473,14693,2025-03-26,West,UPI,Delivered
519474,11417,2025-02-27,Central,Net Banking,Delivered
519475,11964,2025-03-02,North,UPI,Delivered
519476,12203,2025-04-06,West,Cash on Delivery,Delivered
519477,10521,2025-09-30,West,Credit Card,Delivered
519478,12070,2025-08-14,East,UPI,Delivered
519479,13928,2025-12-03,South,Debit Card,Delivered
519480,14281,2025-01-15,East,UPI,Delivered
519481,14474,2025-07-31,East,UPI,Delivered
519482,10069,2025-12-25,Central,UPI,Delivered
519483,13994,2025-12-05,South,Net Banking,Shipped
519484,12578,2025-12-18,North,UPI,Delivered
519485,11012,2025-11-22,East,Credit Card,Delivered
519486,12560,2025-12-04,North,Credit Card,Delivered
519487,14266,2025-06-25,East,Net Banking,Delivered
519488,12220,2025-09-26,Central,UPI,Cancelled
519489,14959,2025-04-29,North,Net Banking,Delivered
519490,13161,2025-06-03,East,Debit Card,Returned
519491,12503,2025-01-08,North,Credit Card,Delivered
519492,11489,2025-10-09,North,Cash on Delivery,Delivered
519493,10056,2025-09-03,South,UPI,Delivered
519494,13132,2025-05-14,West,Debit Card,Delivered
519495,12980,2025-05-24,North,Debit Card,Delivered
519496,12638,2025-08-15,West,Cash on Delivery,Delivered
519497,12759,2025-02-03,South,Net Banking,Delivered
519498,14259,2025-10-23,East,Credit Card,Delivered
519499,11605,2025-05-20,North,UPI,Delivered
519500,12832,2025-10-12,North,Credit Card,Delivered
519501,13466,2025-07-28,West,UPI,Delivered
519502,11029,2025-03-23,East,Credit Card,Delivered
519503,14635,2025-09-05,North,UPI,Shipped
519504,13750,2025-12-21,North,Cash on Delivery,Delivered
519505,10261,2025-05-17,North,Credit Card,Returned
519506,14375,2025-12-30,East,UPI,Delivered
519507,14664,2025-10-22,West,UPI,Delivered
519508,14027,2025-01-06,West,UPI,Shipped
519509,12179,2025-12-12,North,UPI,Cancelled
519510,14974,2025-03-22,East,Credit Card,Delivered
519511,10616,2025-12-10,South,UPI,Delivered
519512,12750,2025-03-15,West,Net Banking,Delivered
519513,10825,2025-11-11,West,Credit Card,Delivered
519514,12251,2025-01-03,South,Net Banking,Delivered
519515,14651,2025-08-15,North,Credit Card,Delivered
519516,14027,2025-06-04,West,Debit Card,Shipped
519517,13962,2025-10-08,West,Credit Card,Delivered
519518,11809,2025-08-01,East,Debit Card,Returned
519519,14686,2025-07-13,Central,Debit Card,Returned
519520,11873,2025-12-06,West,Debit Card,Delivered
519521,10195,2025-03-04,East,UPI,Delivered
519522,13253,2025-08-13,North,Credit Card,Delivered
519523,11852,2025-11-02,South,Net Banking,Delivered
519524,10751,2025-04-11,South,Cash on Delivery,Delivered
519525,14688,2025-09-05,East,Debit Card,Delivered
519526,13249,2025-10-25,North,Cash on Delivery,Shipped
519527,14717,2025-11-15,South,UPI,Shipped
519528,13006,2025-04-15,North,UPI,Returned
519529,10315,2025-02-28,West,UPI,Delivered
519530,10146,2025-07-29,Central,Debit Card,Delivered
519531,14542,2025-04-05,West,Credit Card,Delivered
519532,10182,2025-03-31,South,Debit Card,Delivered
519533,13156,2025-12-10,South,Debit Card,Delivered
519534,11506,2025-02-20,Central,Debit Card,Delivered
519535,13506,2025-07-22,North,Net Banking,Returned
519536,11434,2025-02-21,North,UPI,Delivered
519537,10178,2025-07-12,South,UPI,Delivered
519538,13723,2025-05-20,East,UPI,Delivered
519539,11568,2025-04-12,West,Cash on Delivery,Shipped
519540,12834,2025-04-30,South,Debit Card,Delivered
519541,13921,2025-11-04,East,UPI,Delivered
519542,13580,2025-12-30,North,Credit Card,Delivered
519543,11778,2025-03-17,South,UPI,Delivered
519544,13800,2025-05-11,North,Debit Card,Delivered
519545,14639,2025-06-01,South,Cash on Delivery,Delivered
519546,13128,2025-08-06,North,Debit Card,Delivered
519547,13582,2025-03-20,South,Debit Card,Delivered
519548,14379,2025-12-17,East,Cash on Delivery,Delivered
519549,14260,2025-09-09,West,Credit Card,Delivered
519550,11797,2025-08-01,Central,Debit Card,Delivered
519551,14963,2025-12-07,East,Cash on Delivery,Delivered
519552,10139,2025-04-29,South,Debit Card,Delivered
519553,14940,2025-06-02,East,Credit Card,Shipped
519554,11241,2025-01-12,West,Credit Card,Delivered
519555,12255,2025-10-31,Central,Debit Card,Delivered
519556,14460,2025-04-11,Central,UPI,Delivered
519557,11233,2025-07-29,West,UPI,Delivered
519558,11102,2025-03-15,South,UPI,Shipped
519559,13279,2025-07-17,South,Net Banking,Delivered
519560,13589,2025-07-04,West,Cash on Delivery,Delivered
519561,10039,2025-10-12,West,Credit Card,Returned
519562,12301,2025-06-06,West,UPI,Delivered
519563,12501,2025-08-09,South,UPI,Delivered
519564,11369,2025-06-23,West,UPI,Delivered
519565,12812,2025-08-26,West,Credit Card,Delivered
519566,10756,2025-01-09,East,UPI,Delivered
519567,11640,2025-09-09,East,Cash on Delivery,Delivered
519568,13634,2025-02-01,South,Net Banking,Delivered
519569,14412,2025-05-21,South,Credit Card,Cancelled
519570,13032,2025-06-30,South,UPI,Delivered
519571,10366,2025-11-27,South,Credit Card,Delivered
519572,13464,2025-04-08,West,UPI,Delivered
519573,14526,2025-11-06,West,Debit Card,Delivered
519574,12585,2025-06-28,North,Net Banking,Delivered
519575,12527,2025-06-26,North,Credit Card,Delivered
519576,14961,2025-12-17,West,Credit Card,Delivered
519577,13247,2025-08-06,North,Cash on Delivery,Delivered
519578,14077,2025-09-25,North,UPI,Delivered
519579,13291,2025-10-18,West,UPI,Delivered
519580,11083,2025-09-17,West,UPI,Delivered
519581,11429,2025-02-14,South,Debit Card,Delivered
519582,13395,2025-11-01,North,UPI,Delivered
519583,12329,2025-09-01,West,Cash on Delivery,Delivered
519584,12072,2025-05-07,West,Cash on Delivery,Cancelled
519585,10109,2025-05-26,Central,Net Banking,Shipped
519586,14467,2025-10-29,East,Credit Card,Delivered
519587,14467,2025-04-22,East,Credit Card,Delivered
519588,12360,2025-09-28,North,Cash on Delivery,Delivered
519589,13569,2025-11-10,North,UPI,Returned
519590,10863,2025-05-31,West,Credit Card,Delivered
519591,12584,2025-12-07,East,Credit Card,Delivered
519592,12246,2025-08-25,West,Credit Card,Delivered
519593,13358,2025-06-11,North,Cash on Delivery,Delivered
519594,12399,2025-10-24,East,Debit Card,Cancelled
519595,12558,2025-11-09,North,Cash on Delivery,Delivered
519596,11496,2025-10-08,West,UPI,Delivered
519597,10236,2025-02-13,North,Net Banking,Delivered
519598,14609,2025-08-08,North,UPI,Delivered
519599,10062,2025-05-21,Central,Debit Card,Delivered
519600,11417,2025-02-23,Central,Debit Card,Shipped
519601,12290,2025-01-27,Central,UPI,Delivered
519602,11614,2025-01-08,South,Debit Card,Delivered
519603,12843,2025-06-20,North,Credit Card,Delivered
519604,12362,2025-07-17,South,UPI,Delivered
519605,11292,2025-03-18,Central,Credit Card,Delivered
519606,10451,2025-12-06,North,Net Banking,Delivered
519607,10673,2025-07-02,North,Credit Card,Shipped
519608,12484,2025-07-11,East,Credit Card,Delivered
519609,14278,2025-01-05,West,UPI,Shipped
519610,10510,2025-02-28,Central,UPI,Shipped
519611,13450,2025-08-25,South,Cash on Delivery,Delivered
519612,14015,2025-06-04,West,Cash on Delivery,Delivered
519613,11400,2025-01-19,Central,Net Banking,Delivered
519614,13415,2025-03-06,East,Credit Card,Cancelled
519615,13504,2025-11-20,South,UPI,Delivered
519616,13613,2025-11-18,West,Cash on Delivery,Shipped
519617,14492,2025-08-24,North,Credit Card,Delivered
519618,12041,2025-06-03,East,Net Banking,Delivered
519619,11229,2025-10-16,East,Credit Card,Delivered
519620,12795,2025-08-24,West,Cash on Delivery,Delivered
519621,10305,2025-08-25,East,UPI,Delivered
519622,11691,2025-08-09,South,Net Banking,Shipped
519623,14457,2025-09-01,West,Net Banking,Delivered
519624,12726,2025-01-05,North,UPI,Returned
519625,12236,2025-05-17,North,Debit Card,Delivered
519626,11347,2025-08-26,West,UPI,Delivered
519627,11269,2025-02-17,South,UPI,Delivered
519628,11184,2025-02-15,North,Credit Card,Delivered
519629,14194,2025-03-05,West,UPI,Delivered
519630,14927,2025-07-11,North,Credit Card,Delivered
519631,12744,2025-01-29,West,Debit Card,Delivered
519632,10402,2025-01-18,North,Debit Card,Delivered
519633,13815,2025-06-07,South,Credit Card,Delivered
519634,14422,2025-07-21,South,UPI,Delivered
519635,14671,2025-01-19,West,UPI,Delivered
519636,13215,2025-06-25,West,Net Banking,Delivered
519637,12595,2025-09-22,East,Credit Card,Delivered
519638,13181,2025-08-01,South,Debit Card,Delivered
519639,10065,2025-01-01,West,UPI,Delivered
519640,13356,2025-08-21,West,Credit Card,Delivered
519641,13621,2025-09-05,East,Cash on Delivery,Delivered
519642,13681,2025-08-06,North,Debit Card,Delivered
519643,12900,2025-02-08,South,Debit Card,Delivered
519644,13565,2025-08-09,South,Credit Card,Delivered
519645,13257,2025-02-24,South,Debit Card,Delivered
519646,10584,2025-09-05,North,Debit Card,Delivered
519647,14531,2025-11-04,North,UPI,Delivered
519648,13190,2025-11-16,East,UPI,Delivered
519649,13703,2025-01-24,South,UPI,Delivered
519650,11741,2025-10-10,North,UPI,Delivered
519651,14615,2025-08-22,West,Credit Card,Delivered
519652,12578,2025-03-07,North,Cash on Delivery,Delivered
519653,13466,2025-07-13,West,Net Banking,Delivered
519654,14772,2025-04-29,East,Debit Card,Delivered
519655,14604,2025-09-06,West,Net Banking,Delivered
519656,13285,2025-03-03,North,Cash on Delivery,Delivered
519657,10801,2025-05-20,North,UPI,Delivered
519658,14770,2025-02-09,East,UPI,Delivered
519659,14921,2025-08-06,North,Debit Card,Delivered
519660,10521,2025-01-10,West,Credit Card,Returned
519661,12301,2025-02-24,West,Cash on Delivery,Shipped
519662,12821,2025-12-01,East,Cash on Delivery,Delivered
519663,10470,2025-03-30,Central,Cash on Delivery,Delivered
519664,10930,2025-01-04,South,Net Banking,Shipped
519665,12759,2025-09-10,South,Debit Card,Delivered
519666,14833,2025-01-23,Central,Debit Card,Delivered
519667,10135,2025-04-11,North,UPI,Delivered
519668,14591,2025-02-18,West,UPI,Delivered
519669,14532,2025-12-28,East,Credit Card,Delivered
519670,14326,2025-09-17,South,Debit Card,Delivered
519671,11926,2025-06-16,South,Net Banking,Delivered
519672,12509,2025-08-28,East,UPI,Delivered
519673,12068,2025-11-09,North,UPI,Delivered
519674,14759,2025-11-11,Central,Cash on Delivery,Delivered
519675,12657,2025-04-22,South,UPI,Delivered
519676,10403,2025-07-26,South,Debit Card,Delivered
519677,11380,2025-09-04,East,UPI,Delivered
519678,12362,2025-08-23,South,Cash on Delivery,Delivered
519679,14780,2025-10-01,Central,Debit Card,Cancelled
519680,12928,2025-05-29,North,UPI,Returned
519681,13545,2025-02-25,West,UPI,Delivered
519682,10453,2025-06-29,East,Cash on Delivery,Returned
519683,14423,2025-10-08,Central,Net Banking,Returned
519684,12768,2025-06-09,West,UPI,Delivered
519685,14624,2025-03-11,West,UPI,Delivered
519686,12282,2025-10-23,East,UPI,Delivered
519687,13488,2025-12-06,West,Credit Card,Delivered
519688,12403,2025-08-29,North,UPI,Shipped
519689,10694,2025-07-16,South,Net Banking,Delivered
519690,11369,2025-06-12,West,Credit Card,Delivered
519691,10324,2025-03-24,North,UPI,Delivered
519692,12255,2025-04-13,Central,Credit Card,Delivered
519693,13305,2025-06-10,South,Debit Card,Delivered
519694,11229,2025-12-21,East,Debit Card,Delivered
519695,12506,2025-12-28,North,UPI,Delivered
519696,12347,2025-04-12,Central,Credit Card,Delivered
519697,12735,2025-08-28,Central,Credit Card,Delivered
519698,10898,2025-07-19,West,UPI,Delivered
519699,12738,2025-06-08,North,UPI,Delivered
519700,11856,2025-07-22,East,Cash on Delivery,Delivered
519701,11441,2025-11-20,South,Credit Card,Delivered
519702,13019,2025-07-16,South,Debit Card,Delivered
519703,10722,2025-02-11,West,UPI,Delivered
519704,14543,2025-08-02,East,Cash on Delivery,Delivered
519705,14688,2025-06-21,East,Cash on Delivery,Delivered
519706,13374,2025-09-10,West,Net Banking,Delivered
519707,11523,2025-01-17,South,Credit Card,Delivered
519708,13201,2025-05-28,Central,Credit Card,Delivered
519709,13086,2025-04-26,South,Net Banking,Delivered
519710,11996,2025-07-23,West,Net Banking,Delivered
519711,11452,2025-06-30,West,Cash on Delivery,Delivered
519712,10815,2025-10-27,South,UPI,Returned
519713,11073,2025-10-10,North,Debit Card,Delivered
519714,13331,2025-05-31,North,Debit Card,Delivered
519715,14474,2025-09-03,East,Credit Card,Delivered
519716,11960,2025-02-27,Central,UPI,Delivered
519717,10607,2025-07-16,East,UPI,Delivered
519718,10064,2025-08-29,West,Net Banking,Delivered
519719,12081,2025-07-03,South,Credit Card,Delivered
519720,11156,2025-04-02,South,Cash on Delivery,Delivered
519721,11635,2025-04-11,South,UPI,Delivered
519722,11213,2025-04-04,South,UPI,Delivered
519723,13388,2025-02-15,South,Credit Card,Shipped
519724,13255,2025-06-04,South,Debit Card,Delivered
519725,14591,2025-03-11,West,Debit Card,Delivered
519726,13562,2025-10-09,West,UPI,Delivered
519727,10799,2025-01-30,East,Cash on Delivery,Delivered
519728,13818,2025-07-28,South,Cash on Delivery,Delivered
519729,10884,2025-09-19,West,UPI,Delivered
519730,12877,2025-11-19,East,Credit Card,Delivered
519731,10383,2025-03-24,Central,UPI,Delivered
519732,10229,2025-08-04,North,Cash on Delivery,Shipped
519733,12371,2025-08-08,Central,Credit Card,Returned
519734,10523,2025-10-18,North,Cash on Delivery,Delivered
519735,11545,2025-02-04,West,Credit Card,Delivered
519736,11727,2025-01-05,West,Debit Card,Delivered
519737,13905,2025-12-24,West,Cash on Delivery,Shipped
519738,11685,2025-01-06,South,Debit Card,Returned
519739,12531,2025-09-04,South,UPI,Delivered
519740,13918,2025-04-03,South,Net Banking,Returned
519741,11005,2025-10-06,North,Cash on Delivery,Delivered
519742,14076,2025-11-11,West,UPI,Delivered
519743,14203,2025-07-09,West,Credit Card,Delivered
519744,14951,2025-12-23,North,Cash on Delivery,Delivered
519745,12275,2025-02-01,Central,Debit Card,Delivered
519746,11886,2025-09-14,West,UPI,Delivered
519747,13575,2025-08-14,North,Net Banking,Delivered
519748,10291,2025-08-24,North,Credit Card,Delivered
519749,10193,2025-01-28,North,Net Banking,Delivered
519750,11696,2025-07-18,South,Debit Card,Delivered
519751,13718,2025-01-29,South,Debit Card,Delivered
519752,10586,2025-05-27,East,UPI,Delivered
519753,13245,2025-04-22,Central,Credit Card,Delivered
519754,11366,2025-04-18,West,Net Banking,Delivered
519755,13322,2025-01-19,South,Net Banking,Returned
519756,12336,2025-09-28,West,UPI,Delivered
519757,10583,2025-12-27,South,Credit Card,Delivered
519758,11246,2025-07-08,East,Credit Card,Delivered
519759,11081,2025-02-22,West,Credit Card,Cancelled
519760,10798,2025-07-19,South,Credit Card,Delivered
519761,12391,2025-04-25,East,UPI,Cancelled
519762,14785,2025-07-06,East,Cash on Delivery,Delivered
519763,13368,2025-01-07,West,Net Banking,Delivered
519764,14225,2025-12-14,West,Credit Card,Delivered
519765,14903,2025-03-17,North,Cash on Delivery,Cancelled
519766,12778,2025-12-12,West,Credit Card,Delivered
519767,11192,2025-04-09,West,UPI,Delivered
519768,14654,2025-03-09,West,Credit Card,Returned
519769,13561,2025-02-03,West,UPI,Delivered
519770,14807,2025-01-07,North,Cash on Delivery,Cancelled
519771,13316,2025-08-07,West,UPI,Delivered
519772,13928,2025-12-19,South,UPI,Delivered
519773,14492,2025-05-20,North,Debit Card,Delivered
519774,13860,2025-11-10,North,UPI,Delivered
519775,12897,2025-11-04,North,UPI,Delivered
519776,12412,2025-05-02,West,Credit Card,Delivered
519777,14169,2025-07-28,South,Cash on Delivery,Delivered
519778,13916,2025-11-08,East,Credit Card,Delivered
519779,11870,2025-03-23,South,Debit Card,Shipped
519780,12557,2025-09-16,South,UPI,Delivered
519781,13243,2025-04-06,West,Cash on Delivery,Delivered
519782,10138,2025-11-15,South,Credit Card,Delivered
519783,11249,2025-06-02,South,Credit Card,Delivered
519784,11267,2025-03-27,South,Debit Card,Cancelled
519785,14457,2025-03-13,West,Credit Card,Delivered
519786,11679,2025-02-21,North,UPI,Delivered
519787,12804,2025-04-06,East,Debit Card,Delivered
519788,14201,2025-09-18,South,UPI,Delivered
519789,11317,2025-12-22,South,Debit Card,Delivered
519790,10611,2025-11-11,East,Credit Card,Returned
519791,14767,2025-10-08,West,Credit Card,Delivered
519792,13587,2025-12-02,West,Credit Card,Cancelled
519793,10860,2025-12-10,Central,UPI,Returned
519794,14151,2025-01-14,West,Debit Card,Delivered
519795,13987,2025-07-24,West,Net Banking,Delivered
519796,14233,2025-02-21,South,Credit Card,Delivered
519797,11396,2025-10-08,West,UPI,Delivered
519798,12297,2025-08-07,North,UPI,Delivered
519799,13535,2025-03-13,South,Credit Card,Delivered
519800,11994,2025-02-25,West,UPI,Delivered
519801,10339,2025-07-29,East,Credit Card,Cancelled
519802,10669,2025-10-20,South,Credit Card,Delivered
519803,13068,2025-07-17,South,Debit Card,Shipped
519804,11911,2025-10-06,North,Credit Card,Delivered
519805,10030,2025-02-26,South,Debit Card,Delivered
519806,13890,2025-06-30,East,Cash on Delivery,Delivered
519807,12135,2025-04-28,West,UPI,Delivered
519808,11581,2025-12-03,South,Debit Card,Delivered
519809,13634,2025-08-12,South,UPI,Cancelled
519810,12320,2025-11-13,North,UPI,Delivered
519811,13542,2025-11-07,South,UPI,Delivered
519812,10065,2025-12-02,West,Debit Card,Delivered
519813,10048,2025-10-03,East,UPI,Delivered
519814,12884,2025-09-16,North,Cash on Delivery,Shipped
519815,14909,2025-11-17,North,Credit Card,Delivered
519816,11370,2025-10-20,South,UPI,Delivered
519817,13487,2025-06-12,West,Debit Card,Delivered
519818,10832,2025-05-04,Central,UPI,Delivered
519819,11572,2025-01-16,Central,UPI,Delivered
519820,10390,2025-01-04,South,Credit Card,Delivered
519821,14443,2025-09-16,Central,UPI,Delivered
519822,11566,2025-04-18,Central,UPI,Delivered
519823,11142,2025-09-30,North,Debit Card,Delivered
519824,13721,2025-06-21,South,Credit Card,Delivered
519825,10980,2025-07-10,North,Credit Card,Delivered
519826,11201,2025-04-08,West,Debit Card,Delivered
519827,10521,2025-06-19,West,Debit Card,Delivered
519828,14831,2025-04-08,West,Net Banking,Delivered
519829,11251,2025-05-25,West,UPI,Delivered
519830,14981,2025-01-24,North,UPI,Delivered
519831,10857,2025-06-14,South,Credit Card,Shipped
519832,10096,2025-09-15,South,Cash on Delivery,Delivered
519833,14520,2025-04-30,East,Debit Card,Delivered
519834,12997,2025-09-27,Central,Debit Card,Delivered
519835,11795,2025-09-28,North,Credit Card,Delivered
519836,12626,2025-02-06,West,Credit Card,Shipped
519837,11325,2025-11-10,West,Debit Card,Cancelled
519838,13241,2025-06-30,North,Credit Card,Delivered
519839,13161,2025-03-23,East,UPI,Shipped
519840,10402,2025-09-11,North,Debit Card,Delivered
519841,14584,2025-11-08,North,Credit Card,Delivered
519842,12359,2025-08-25,South,UPI,Returned
519843,10957,2025-01-13,South,Credit Card,Delivered
519844,11549,2025-06-12,East,Credit Card,Delivered
519845,14380,2025-06-13,West,UPI,Returned
519846,11948,2025-11-26,Central,Credit Card,Delivered
519847,12896,2025-12-15,Central,Cash on Delivery,Delivered
519848,14760,2025-01-24,West,UPI,Shipped
519849,13322,2025-06-30,South,Credit Card,Delivered
519850,13443,2025-01-27,North,Net Banking,Delivered
519851,11257,2025-03-15,West,Cash on Delivery,Shipped
519852,13415,2025-05-20,East,UPI,Delivered
519853,12014,2025-05-23,South,Debit Card,Delivered
519854,14587,2025-01-03,South,UPI,Delivered
519855,10639,2025-10-11,North,UPI,Delivered
519856,11439,2025-09-22,South,Debit Card,Delivered
519857,10323,2025-01-30,Central,Credit Card,Delivered
519858,11937,2025-02-26,North,UPI,Shipped
519859,10726,2025-10-06,East,Debit Card,Delivered
519860,14271,2025-11-16,South,UPI,Shipped
519861,14637,2025-04-30,West,Debit Card,Delivered
519862,13420,2025-10-13,East,UPI,Delivered
519863,10521,2025-02-15,West,UPI,Delivered
519864,11737,2025-12-23,East,UPI,Shipped
519865,14843,2025-03-21,South,UPI,Shipped
519866,10668,2025-09-13,West,Cash on Delivery,Delivered
519867,12872,2025-12-14,East,Credit Card,Delivered
519868,11802,2025-04-19,South,Net Banking,Delivered
519869,14997,2025-02-25,North,Debit Card,Delivered
519870,11438,2025-08-09,South,Debit Card,Delivered
519871,10231,2025-08-26,South,Debit Card,Shipped
519872,13575,2025-10-20,North,UPI,Shipped
519873,11660,2025-07-28,West,UPI,Delivered
519874,13367,2025-07-09,North,Net Banking,Delivered
519875,10521,2025-06-06,West,Debit Card,Cancelled
519876,12671,2025-05-06,East,Net Banking,Shipped
519877,11911,2025-05-06,North,Debit Card,Delivered
519878,12750,2025-05-08,West,Net Banking,Delivered
519879,14310,2025-04-03,West,Credit Card,Delivered
519880,14878,2025-03-24,South,Net Banking,Shipped
519881,13826,2025-02-12,East,UPI,Delivered
519882,13890,2025-07-21,East,UPI,Delivered
519883,12706,2025-10-19,North,UPI,Delivered
519884,10497,2025-05-25,South,UPI,Delivered
519885,13407,2025-07-01,East,Credit Card,Delivered
519886,10722,2025-05-25,West,Cash on Delivery,Returned
519887,11240,2025-06-09,North,UPI,Shipped
519888,13609,2025-11-03,West,Credit Card,Delivered
519889,13363,2025-09-12,Central,Net Banking,Delivered
519890,11585,2025-10-06,North,Net Banking,Delivered
519891,13916,2025-05-24,East,UPI,Delivered
519892,14706,2025-02-01,East,Credit Card,Delivered
519893,12804,2025-03-07,East,UPI,Delivered
519894,13456,2025-12-26,South,Credit Card,Delivered
519895,11369,2025-11-22,West,Credit Card,Delivered
519896,14869,2025-07-21,South,UPI,Delivered
519897,11376,2025-07-09,Central,UPI,Shipped
519898,14483,2025-04-25,North,Debit Card,Delivered
519899,14654,2025-09-19,West,UPI,Shipped
519900,13664,2025-10-28,West,UPI,Delivered
519901,14104,2025-10-16,South,Credit Card,Delivered
519902,12339,2025-01-05,West,UPI,Shipped
519903,14617,2025-11-08,North,Debit Card,Delivered
519904,13781,2025-01-28,North,Debit Card,Cancelled
519905,11660,2025-08-26,West,Cash on Delivery,Delivered
519906,10166,2025-02-28,West,Credit Card,Delivered
519907,12779,2025-11-14,North,UPI,Delivered
519908,14249,2025-10-26,North,Net Banking,Delivered
519909,14345,2025-02-19,West,UPI,Delivered
519910,14217,2025-08-30,South,UPI,Cancelled
519911,11059,2025-04-30,North,Debit Card,Delivered
519912,12179,2025-12-24,North,Credit Card,Delivered
519913,13150,2025-02-07,South,Debit Card,Delivered
519914,13409,2025-08-19,North,UPI,Returned
519915,11694,2025-07-30,North,Credit Card,Delivered
519916,13529,2025-10-10,South,Credit Card,Delivered
519917,13042,2025-06-14,East,Credit Card,Delivered
519918,12918,2025-09-20,Central,Net Banking,Returned
519919,13383,2025-10-21,South,Credit Card,Cancelled
519920,13095,2025-07-28,North,Debit Card,Shipped
519921,10809,2025-06-06,West,Debit Card,Delivered
519922,14415,2025-11-03,South,Debit Card,Delivered
519923,11203,2025-12-30,South,Credit Card,Delivered
519924,13788,2025-04-13,West,UPI,Delivered
519925,10858,2025-05-24,South,UPI,Delivered
519926,13374,2025-04-07,West,Credit Card,Cancelled
519927,14520,2025-09-24,East,UPI,Delivered
519928,10049,2025-12-18,South,UPI,Delivered
519929,14900,2025-08-25,South,UPI,Delivered
519930,10143,2025-04-02,North,UPI,Delivered
519931,10058,2025-05-28,South,Cash on Delivery,Shipped
519932,14327,2025-01-29,West,UPI,Delivered
519933,13618,2025-01-16,North,UPI,Delivered
519934,10529,2025-12-16,South,Debit Card,Delivered
519935,14696,2025-07-25,East,Debit Card,Delivered
519936,13426,2025-08-04,Central,Net Banking,Cancelled
519937,10561,2025-10-20,South,Debit Card,Shipped
519938,14345,2025-11-29,West,UPI,Delivered
519939,12460,2025-01-18,North,UPI,Delivered
519940,11403,2025-11-23,East,Net Banking,Delivered
519941,14175,2025-06-26,West,UPI,Delivered
519942,13758,2025-05-19,North,Credit Card,Delivered
519943,13191,2025-07-28,Central,Credit Card,Delivered
519944,14532,2025-01-19,East,Debit Card,Delivered
519945,14350,2025-03-11,Central,Cash on Delivery,Delivered
519946,11117,2025-04-26,Central,Credit Card,Delivered
519947,14430,2025-11-05,Central,Net Banking,Delivered
519948,11905,2025-01-10,South,Net Banking,Delivered
519949,12206,2025-09-14,East,UPI,Delivered
519950,14875,2025-09-14,West,Debit Card,Delivered
519951,13862,2025-02-16,West,Net Banking,Delivered
519952,11626,2025-08-18,North,Debit Card,Delivered
519953,13299,2025-06-04,South,Net Banking,Shipped
519954,12770,2025-06-02,West,Net Banking,Delivered
519955,10588,2025-08-06,North,UPI,Delivered
519956,14484,2025-04-13,West,Cash on Delivery,Delivered
519957,14158,2025-06-13,North,Cash on Delivery,Delivered
519958,13939,2025-02-22,South,Debit Card,Delivered
519959,12881,2025-12-28,West,Credit Card,Delivered
519960,11083,2025-01-04,West,Credit Card,Delivered
519961,14463,2025-02-18,West,Credit Card,Delivered
519962,11802,2025-04-22,South,UPI,Delivered
519963,10095,2025-07-16,West,Credit Card,Shipped
519964,14907,2025-06-19,South,Debit Card,Delivered
519965,14349,2025-04-28,South,Debit Card,Delivered
519966,13190,2025-03-16,East,UPI,Delivered
519967,10062,2025-11-17,Central,UPI,Shipped
519968,11125,2025-07-24,Central,Cash on Delivery,Delivered
519969,12306,2025-03-25,South,Debit Card,Delivered
519970,13208,2025-02-03,East,Credit Card,Delivered
519971,13615,2025-12-19,East,UPI,Shipped
519972,13993,2025-01-14,West,Debit Card,Delivered
519973,12863,2025-11-28,South,UPI,Delivered
519974,13357,2025-07-22,South,UPI,Delivered
519975,14103,2025-09-14,East,Debit Card,Delivered
519976,13664,2025-08-26,West,Cash on Delivery,Shipped
519977,14785,2025-09-21,East,Debit Card,Delivered
519978,14416,2025-05-08,West,UPI,Delivered
519979,10820,2025-08-11,North,Credit Card,Shipped
519980,14758,2025-03-08,West,UPI,Delivered
519981,11001,2025-05-30,West,Credit Card,Returned
519982,14960,2025-05-14,North,Credit Card,Delivered
519983,13573,2025-12-10,South,Debit Card,Delivered
519984,13207,2025-08-01,South,UPI,Delivered
519985,11642,2025-02-06,North,Debit Card,Shipped
519986,10655,2025-05-01,West,Debit Card,Shipped
519987,10623,2025-08-14,East,Cash on Delivery,Delivered
519988,14382,2025-10-18,West,Credit Card,Delivered
519989,12210,2025-02-05,South,UPI,Delivered
519990,12883,2025-07-08,East,Net Banking,Delivered
519991,14674,2025-09-04,South,UPI,Cancelled
519992,11291,2025-08-06,Central,Credit Card,Delivered
519993,13880,2025-09-14,North,Debit Card,Delivered
519994,12401,2025-06-25,East,UPI,Delivered
519995,11045,2025-07-30,South,UPI,Delivered
519996,14307,2025-08-06,South,Credit Card,Shipped
519997,13466,2025-12-09,West,Credit Card,Delivered
519998,10485,2025-12-13,South,Debit Card,Cancelled
519999,12785,2025-11-19,North,Credit Card,Shipped
520000,14304,2025-03-18,South,UPI,Delivered
